Estradiol,Progesterone,II,V,VII,VIII,IX,X,XI,XII,AT,PC,TFPI Total,TFPI Free,vWF,C1estInh,Fbgn,Plgn,PAI1,PAI2,α2-AP,TAFI,FXIII,γ',γ':γA,γ':γA Fold,TAFIa/ai,F-mono,tPA PAI1,CD138,TM,NE-α1PI,TNFα,sIL-6R,TNFα R1,TNFα R2,TF Initiator Lagtime (min),TF Initiator Peak (nM),TF Initiator T.Peak (min),TF Initiator Max Rate (nM/min),TF Initiator ETP (nM·min),TF + TM  Initiator Lagtime (min),TF + TM  Initiator Peak (nM),TF + TM  Initiator Peak as % of TF Run,TF + TM  Initiator T.Peak (min),TF + TM  Initiator Max Rate (nM/min),TF + TM  Initiator ETP (nM·min),TF + TM  Initiator ETP as % of TF Run,No TF Lagtime (min),No TF Fold Ext. wrt TF,No TF Peak (nM),No TF Peak as % of TF Run,No TF T.Peak (min),No TF Max Rate (nM/min),No TF ETP (nM·min),No TF + anti-FXIa Lagtime (min),No TF + anti-FXIa Peak (nM),No TF + anti-FXIa Peak as % of No TF Run,No TF + anti-FXIa T.Peak (min),No TF + anti-FXIa Max Rate (nM/min),No TF + anti-FXIa ETP (nM·min),TF Only CT (min),TF Only MCF (mm),TF Only alpha (deg),TF Only AUC (mm·s),TF + tPA CT (min),TF + tPA MCF (mm),TF + tPA alpha (deg),TF + tPA LOT (min),TF + tPA ML (%),TF + tPA LT (min),TF + tPA AUC (mm·s),SyntheticID,Visit
-121.37713505698068,0.16394986000696762,99.09478527854908,96.07674459545652,132.41212524941818,73.94078339303721,106.52126529077208,87.40768132361714,126.7714880614323,124.36179727213427,90.82876279065358,132.51333750205418,46.35078833338686,11.525532566745825,2.1382847319995006,198.74348539981418,261.6984867939541,162.37774853957524,1.2866388587040634,0.4908713036969683,43.45626489252343,115.34220879845425,58.83092774105027,41.96250126311939,0.16366450070305558,1.0,11.24657915764471,-1.109123160584625,0.5273282358702038,28.88835844628832,2809.4264435674886,24.637757800042248,0.8840797157408142,38.46960441718851,479.71845045974555,1.9444296323448833,2.7576735217251,260.9534956579374,6.13060671576245,77.46189888392894,1632.2768599861358,2.497033027266567,153.41228150048482,0.591173928402153,5.107160268167351,56.9819849223047,768.2208449901901,0.48383543409643515,21.66641625282186,7.571536602798669,27.229488511228645,0.11737701891630015,30.430807560060735,3.330464941001429,459.6567803321428,23.853250459941858,8.567609147933494,0.36420524343047717,32.83927904854625,1.0564197400296784,133.70664688236923,4.444518420608185,19.48244532699963,53.28499312095376,2003.78790854682,4.259334935716946,19.38952794980599,50.73272019120427,37.945046028467395,99.28106024486148,56.88487422493678,1918.771545372347,1,1
1584.70229221758,75.84032215353139,100.70894946154128,81.177955681222,123.87055911174696,126.12272151521078,123.97659092720538,92.91661317283595,112.96126941678045,172.17832596940409,83.03860411007089,116.6972533139266,39.756436623344,7.069735491257654,9.53410883928503,210.46947768685357,325.84228032289013,217.03707314389877,0.6670449560634572,37.01068806614259,63.04002201848527,123.89565166714723,61.827249607519306,62.021233543739946,0.18839494623674388,1.1884517507464956,13.7664377058594,9.554704078998016,0.2352678331731326,36.655466465614985,2648.7822493666768,36.143914567553594,0.7227212524376635,38.48078089808511,467.6314140779997,2.23708629628751,2.5382152579346178,420.8990657873917,5.140086507325323,161.3736065278025,2417.421955780138,2.6738749447239583,324.33229841731554,0.7853351373352156,4.947468227987785,141.58226821567965,1742.5028598230415,0.7345974162560155,18.7864316150188,7.356168537246883,58.72970450619114,0.13913793665995783,29.396468203912242,6.1866241463680804,1056.096606701588,19.25550343863647,14.464299447835183,0.30260017094645897,28.97020805626568,0.45894576190470326,322.09977601734363,4.507186237469247,24.424605287259027,59.40483597812854,2467.1974104375995,4.489482516619304,22.715216952803715,59.60990877584732,51.35628655862504,99.89903008463833,71.10195915175021,2277.3062319392707,1,2
10276.984790849312,148.12717784065975,110.68855898419956,89.51999148432824,201.87793513634472,151.41936386165045,136.68702450158585,99.87897148377245,103.53764881669181,185.82332378852826,84.13004765055668,86.80690922800025,43.02391655627652,6.690296878734477,13.923481761942329,159.12794093832593,435.80556111033167,243.38324998192624,5.524752755978336,579.6174147467435,44.568659562757716,167.6175562815654,50.57719065034238,86.03326740124113,0.19431406295842935,1.2361150953878555,46.96462847880374,11.846440576675214,0.6279400792844374,251.28368743698465,3558.839397803673,53.10444952392403,0.7113778246913642,38.90939896891204,582.9293060038015,2.9607785685947223,2.64186478104537,397.85460384731863,5.3811026148839005,149.41660264213664,2412.7092655038905,2.4097584929507265,333.7585097546436,0.8372921278828698,4.935858929399321,134.0456118895103,1804.32194495622,0.7495931119915129,19.28456982531801,7.255662699893352,73.73761001589311,0.18629847104860556,29.297024036642934,11.388676457241132,1004.722379050166,19.486140580895377,38.27693843290647,0.35490159605244054,31.056557235844558,6.084253269406631,521.1098666629767,3.4988851934881517,28.90086595916431,64.94988788214638,2877.769949931689,3.4243506124288974,30.433735908279566,66.02698734947839,110.32671822859338,98.87888706502342,150.35051449940897,3074.679037425455,1,3
555.3096602794001,0.19922572226352003,80.06130149633682,82.72334451212389,76.11811563573008,83.43421322780127,77.08065503037979,101.37772000364211,82.35621272450827,90.20056096788879,83.6675294239615,113.28186218803917,58.32480800771127,13.717819543935727,9.688281722817832,159.79142167268273,245.05843359444788,179.15641760419862,0.21533694603203624,-4.127258601425989,49.80902184454956,41.444275546277375,81.31883054270342,28.156653187837893,0.10954566489860741,1.0,5.603743408497761,-6.603482786574393,0.7288340208870202,29.439317724270392,2624.089134299471,29.14034222328257,0.516263137802335,34.076403541967665,648.2643094413836,1.554891259050206,2.5815477857101365,223.14902188560208,5.896983745351334,64.5343865316456,1255.5895402293415,2.451723549550185,117.44476358468077,0.5283358568861573,4.9749863234179115,48.854678459721775,593.7352625562164,0.4429023419999828,24.77632210207571,9.881335190208027,11.910125810004196,0.06700102837718917,36.06651121846392,-0.22340680775283328,315.3976592853551,23.163293564455437,8.53719157087573,0.4877401260642694,33.75224769654411,0.6295433405519708,148.3613035226134,5.154202546648205,23.95879547040412,48.87703818452254,2376.828969596033,5.468624675153015,18.696399889122908,55.59194026741801,7.06515092786281,100.16089119773063,8.933139807806008,1869.6786290263528,2,1
1709.8514534636358,67.68007686741234,95.36296594965454,98.57503126894684,115.94691257087983,131.95271559452533,132.44114456519407,124.73285463948937,103.13980068310605,129.5496032315031,94.35391296440106,120.03776603160486,50.606850205363465,12.788980274056751,17.202573808805084,165.3481032802307,426.66918729500026,204.0384450664996,0.8606301338512989,110.2029891009832,83.1214089754587,43.818662514028176,77.36605934295919,54.57492050197424,0.12102664323328564,1.0713481792667108,7.4735773381791955,20.356583793656,0.5178711456676142,42.978869161956744,2774.9166632290185,42.977225351788825,0.5645112216996244,33.83392849927633,599.4311415930691,1.8932812906051648,2.9998651328623764,290.6387902723057,6.220121003039172,95.9973160440324,1780.4211991268462,2.874784615684204,204.95382966770194,0.6958951211970997,5.4631159711675155,79.81192441611188,1054.5784079397279,0.5741735103460648,18.54401865348408,6.095307429514225,-19.56469686650903,-0.02108727478002248,31.841503164468044,-17.99620059942756,699.2433095213148,18.47486588176114,-1.551621421976975,0.42779716238342347,30.43242303109215,-0.6751666258831261,25.607620637823402,5.137504867066719,32.87678716598094,58.3703025543609,3332.4557134615625,5.209806918196264,28.96147962480638,56.432254104218806,23.69623196744861,100.12484480384312,37.27338362391636,3019.928802039171,2,2
9779.662006643253,194.58665686341487,98.66335719702369,102.79663794310754,163.1615006418482,188.76509703839142,157.56908504494928,138.85971429904203,80.89298969476414,220.68596260524183,84.7766146308959,127.63030753534684,54.44475008871459,12.776999893379614,28.145376141095994,168.67360937444755,374.01691410430425,246.24554801390764,1.0447974313037425,937.5695250235308,75.99934341196081,50.525756660016356,80.94359358083608,53.42282329163133,0.14658585159895757,1.2399178090563272,21.885211904014263,4.585096047131332,0.5227181525164243,976.1847238146997,2645.110521329574,31.205562913088897,0.43033756731676676,35.06518944505462,718.5343315504136,2.1955467964167656,2.2601829675006475,333.3361738401593,5.2617323226858685,108.98485677497987,1827.8613544605414,2.3217862568932683,165.7655664431408,0.5356049226800113,4.674769539699232,66.6783673044523,737.765372739938,0.44861834421403746,15.445962470369498,6.806840349343416,63.789457464404165,0.1873941403590222,26.85715445852699,6.560113811719473,980.157335991335,14.587011973284643,53.23338535128319,0.5913834705782148,24.558619803394336,6.53014657734265,780.3771385629705,4.0757126647224835,30.835557996846205,62.0543886930928,3075.2609451482735,4.111684376410608,30.255540267278985,64.54604448186276,26.236113010069282,100.3218332188306,35.329920465148255,3059.9226842901558,2,3
219.75981692791018,0.5644937576748645,90.51148857521518,72.62228382196685,116.30955005551594,98.12315422368758,118.24351446791896,103.05231956156726,118.69762436599343,116.136302272585,87.30618833551824,154.410560762823,27.871890934903238,13.703141842986124,8.801225504980113,252.24858345858453,312.3792108813473,174.78830762033712,4.002004677119965,2.8691176002403753,45.57157009477847,101.21374196207596,73.62530203773186,35.273945916868904,0.10715048339165137,1.0,9.011226296134208,5.359466784750454,0.5772927470083582,46.38831325116456,2486.5969219384633,32.30347703792075,0.6539617195657687,37.39760770001071,706.5017809162463,2.3854902154993756,3.040083505694891,317.6212181215771,5.745080828015198,113.71951817229262,1906.6904452358635,2.5990074387711073,131.23759090391118,0.40707651380735577,4.903455238928784,58.600520478781824,586.2106044167116,0.3238535366712149,25.622350399233582,9.328528180228092,50.63959253435639,0.16768159903103025,33.81993813951077,6.781068518365169,611.8957715170085,27.970610722083023,21.810514099238357,0.39311327416540953,36.036776248962816,2.712370166263509,318.28598669571977,5.125220387022952,24.916768673636483,59.30278811263134,2521.4109750691214,5.071069736629585,23.293118499801942,58.82672369653568,51.77096831117082,99.83831127374701,75.09636294001989,2345.3401472147984,3,1
1911.6101444760197,-34.45213736917454,106.90767084231726,66.74862642545764,127.51388267139895,149.22656267303282,158.72093204066806,102.0480136589378,131.55686954790124,146.08889566001426,93.1578145920537,173.41850672273262,30.494073463346183,8.521681002968535,12.522600623921587,188.726488086433,464.35372051433285,215.53431067206802,0.8456840496902444,19.495063156410044,73.5310999348167,108.2976154117713,71.26757622049203,62.18241218420505,0.12287971409927484,1.1751518846969966,12.465256497444827,6.206446366097487,0.21584394169494298,35.69327627094153,2335.1744035904785,66.97517684795984,0.6534852251092016,35.68189927108393,546.9578048590658,2.2472331407667387,2.9783161260293047,421.54042900347235,5.807997547650642,166.86268389960662,2575.3157721531993,2.7273942961008446,194.3806805610604,0.3950055427784774,4.93459403453256,100.17282356830458,938.5165631201078,0.335154040994028,27.525327926801843,9.797695273338782,-1.175897822826613,-0.01727980770982343,36.91015255370304,-4.447505364575761,219.69975401212423,28.54747143030743,-7.710702956572451,0.27382319362363805,38.29987826345123,-1.6722521571625761,-72.6809607084407,5.436348912323087,33.06360079474231,60.75307369009411,3326.2980097305353,5.327016932208991,28.286652073736736,61.095765603728566,47.88533452770735,100.25505372443047,67.61458902054005,2895.3269533626044,3,2
12107.106585681073,110.92004590575232,96.79097388830066,74.25582971037231,206.54641154198842,244.43245617668038,151.81798739881359,108.13234735829086,112.08662831828892,158.37398482633498,98.50230501911896,125.5980210801212,25.801590888063537,4.049721702528789,21.1155160280812,159.2717319628037,525.860053114628,242.17295909096862,4.381498126593864,491.75408599627565,66.31145144110205,156.74515567833774,41.049666613662225,61.6745686085894,0.11200649358231535,1.0892329365282927,42.97718764529352,8.928797118990985,0.27001099796477157,450.66556977638953,3048.5774363448336,58.58746001261307,0.7243254734466192,34.292450417080296,683.3042217455338,3.4967061207846335,2.8962655683433756,445.0363909239479,4.861984290069966,202.20780082483574,2189.218691604993,2.804600698172295,339.76817514973555,0.760189637106873,4.929706704683666,155.55382416482752,1560.1493666368776,0.6955324406930028,23.262454611607048,8.440895636204985,51.05091617355733,0.12094083248130948,31.03773053824192,6.321683967883633,753.3979895476077,28.247875153715547,38.99165444772525,0.5017603910852272,33.89682427096826,6.071432075206088,464.61233628630464,4.093713561820041,32.689889429044236,69.31489994656226,3266.7507045559037,3.9638826661191415,32.62728799873071,69.32430666091797,49.61230794770594,100.22006760048961,77.63439761968215,3249.6887176378905,3,3
84.87032102125518,-0.31653980214239713,98.01396610199444,121.66498999056687,127.79468846901497,111.91274648480463,115.83136682463191,92.83277874096943,158.78610283861272,63.95717298328546,98.8247610142971,143.8339065561686,35.459576969822834,15.558759467972052,9.983169228273443,231.77248861626686,228.4780624148104,252.7752356435702,3.443152416058141,0.5568859184442729,65.7884538434752,78.19911744646461,64.79435886066999,29.015624579957567,0.12788131294699764,1.0,11.1277456178471,4.013327570645041,0.5000776247466936,25.145884286924396,2415.748532950115,29.724703736985063,0.8439419841267549,36.900354991690065,466.45032561562084,1.4431167060243335,2.6389164549033954,213.40172977981544,6.201766239416353,60.530543377340265,1373.0724713705204,2.0072542388900754,91.37415453458138,0.4227449147664716,4.649685071674994,32.13257730198849,464.5685585513788,0.3444723134319181,23.790364186022305,8.55162395375593,1.052665363685378,0.03919437927090301,34.620885745829725,-0.7621643425734934,202.1143597228933,22.63085728276566,-0.8293036623591963,0.3665349539771599,32.30229212476009,-0.13694887116176058,31.043401144635965,4.371720030555616,18.77625842903127,48.57890012127305,1908.7161260506005,4.226354447144218,18.670635742385485,48.74038775268367,59.54163306982116,99.6371778665138,83.96867281611226,1893.6666228629445,4,1
-2109.75278886327,16.90291377700305,89.81480843568069,99.79091419925419,63.0967198289163,101.49560035854003,109.41255251197143,87.94503742421334,124.4109555040447,87.11464324145898,78.17899778367189,96.11993356317049,37.83751407092301,9.327155083662305,9.019454855724259,199.5050921205052,271.05795472939315,223.68083815030644,0.9849247306241257,57.91228861656083,93.19425686710373,61.932960689934326,78.1396342446895,32.82611598960196,0.12979114216253318,1.0413245256282653,9.150878669494338,9.85452580381924,0.26075971106970414,22.495793811765424,2448.6577759987254,35.64725222747465,0.6106940470437418,34.871317596860465,437.4699799546556,1.6240254366997782,2.253899249818563,360.2212165080861,5.087277704992231,118.66775262460317,1944.544297860411,2.2936393383820546,302.6351779887435,0.8286848078759516,4.756766144918284,119.52997471401308,1626.4687094447677,0.7916169005034721,15.700687710327774,7.41611193260829,57.04100007816299,0.1628248788197247,27.137167088250226,6.31166184987402,1009.6496391573028,16.39750444171787,5.183431942371108,0.2169962697366617,28.026622066337787,-1.3384863836769303,226.06254308912602,3.746942944785948,24.626898128424596,62.89978942731257,2497.450204690629,3.7616901540824967,22.67684928492469,61.60666898253507,49.9755138590436,99.55204800760096,69.61360395876378,2300.516344124633,4,2
8199.829556277135,137.07701365596807,101.28788434674667,93.07394621354628,118.36528016519651,181.28540417900086,129.95748021175942,86.01856629239876,107.67603085303469,123.90610819990756,79.97171156803871,90.51861324214782,43.27529350571034,7.427499741537052,20.034746561657442,148.0370469295044,325.6161625489419,233.18622275530862,3.3409291430517705,938.5298014227021,65.788011006625,66.42460020722218,39.97774507007306,39.61896596676738,0.12805197476129318,1.0455657686200945,33.55003248337859,14.109192031913953,0.2765771447784308,409.15254836454073,3011.916737406934,51.077558662031315,0.8772886124405435,35.001801785176916,575.2846109880296,2.1614870885693236,2.597740556929839,296.42050895320966,5.6266810496278605,94.0093111670248,1838.306915401012,2.3191025556516998,204.94619269600622,0.6906987309685366,4.939872334419497,71.14285265700983,975.6978817631073,0.5521723391944956,18.83652455470226,7.325040910515587,82.74508508651009,0.24756262594375794,25.61335298131155,14.723927437714963,930.2813948321252,17.18840669563486,76.48056792262634,0.8143576553529852,23.276985114640716,13.49539526356417,868.0377264121157,3.9643418624837343,24.938720199675757,63.7559218295919,2530.669726784998,3.906937742411341,25.175539826411768,63.8564138081259,78.98947101344011,99.34071869497659,110.61035805222815,2555.049380578317,4,3
172.21615303235507,0.1422625145176369,84.08341386803234,96.28858419633056,127.35990500296907,93.22144300996315,105.20407621856586,87.2455716471611,102.91050507054355,38.73434740544316,87.30848874201406,144.66530570814663,60.389698508703624,12.933462080854119,6.61960230668787,194.94197775241722,205.45517514214723,200.82690661553727,2.2255973816428027,3.31894043398535,58.317358744014555,101.18131517404888,84.58555885820772,44.528095925577105,0.204669810362901,1.0,9.6248925626365,3.054404216386442,0.6678824181562554,-1.0070965725995364,2688.961718113947,27.120620121000524,0.6391977189148327,44.80100025569881,470.94987102761826,1.9819223820445033,2.4867077666138298,256.50050862588887,5.309980038652469,89.1110766872955,1261.0161929732906,2.1088988717072064,162.46504210790508,0.6434418302458086,4.527011420376229,65.15356272794247,751.1503259898261,0.5836441009391226,16.4882734122829,6.652977577636287,27.323884122403925,0.10818336513774887,28.36863173554263,2.1586303234695006,495.7484019402799,12.610482920206683,12.52613861068651,0.4761656625368574,24.195110029396048,1.256663653170645,226.35947267653256,3.2541626085005606,18.39843002016763,55.46241840068015,1913.2869632952397,2.9481192633979187,17.936433626662012,52.72932304833258,27.772953961123363,98.70948656100474,43.105751313308375,1737.5358761111397,5,1
2156.692935926272,134.34666309967915,98.30216518263475,98.38404570306086,121.19476917894943,217.28590244540862,139.95513393480473,91.06050744168516,109.84720539785269,87.79051354757888,80.16196896439195,118.99119827923782,51.831727220760115,9.482188048439708,18.631590449421957,218.7673927301403,369.91753779614976,246.2095961914043,0.7379857046527171,20.672208850840363,89.44325997219451,114.110755381129,86.38406165896242,83.59972482661699,0.22959314506366285,1.1604767576947745,13.803256768447975,2.169490649162652,0.4598217362661495,25.838300860728214,2649.3049289063424,51.25188840323827,0.7481709004840948,37.69011788433357,524.6855996385082,2.2287248684568954,2.3231137122059273,389.110021920242,4.577765819116916,155.91034565269902,1798.8872479093984,2.316355762869975,232.94052244930486,0.5948462760733587,4.273632710263781,115.57785991905963,1045.075563872393,0.5799941807900995,18.485382998380903,7.8573325694443,81.76012689500986,0.23408032761743808,27.926505014020865,11.672823850503883,1188.0907184822763,19.660906386081898,25.421973575264033,0.33432965642487383,29.038390845594773,2.651464149745181,422.1600886326604,3.904118530272076,26.70192707709181,62.622024367053605,2775.7225600564357,3.9648116924121486,26.247056128529124,61.48066583819428,46.99199409362433,99.77261546581238,67.54336296895067,2618.2174322071473,5,2
13734.087017995324,287.4904638246568,106.34530182782272,121.73065554883988,165.9888712671898,298.99222815996734,167.8168093447407,110.95579701492774,110.00238599127447,117.73193487720206,84.65430743689379,89.3179698877712,72.80329052202761,9.65425007266118,41.24427316663268,153.70920833444103,503.57839138760363,297.20940187431665,7.106197021811525,790.1350222421186,64.79679448434361,151.28752699327188,63.498060285746696,108.60405300456111,0.2194491125560456,1.0724004378548448,31.991216794605297,18.813696869402108,0.904993398502568,206.93460142329297,3644.270098559635,61.895940146017566,1.3010096509580986,42.67668000987644,692.246860134367,2.536702977655505,3.0029883786756373,318.0097906908197,6.093953720686365,106.4429314680589,1916.85674982652,2.736559569160044,177.2649440082655,0.5893590013591126,5.110466101555833,81.56723814221434,692.1135013631359,0.41794544030443315,21.435825561159785,6.496796429961845,59.06320432222857,0.18238078593599422,31.64396956098574,9.570180115199799,463.3207355205383,16.45702977268338,61.768809079610655,0.7260203744274478,29.331619989056556,10.435976502051275,664.5033823226659,4.323753802672888,33.001910070630565,62.52245784265254,3284.659425520856,4.152091685114119,35.348461646688136,66.59364692544175,162.45262901057777,98.88075195425981,215.73396982658033,3585.134840576566,5,3
27.338501282320493,0.2899705794360521,103.81287616323851,91.6065321063756,82.90164576576274,76.4232496273671,126.35661007517362,111.59168344886945,118.27887443368756,139.09368774243808,100.07520647366968,125.08215870024378,62.58643950409984,13.320480488694487,2.802029282468867,181.321439549007,277.49218258698454,172.01829088012414,2.9647572690113435,1.4003885834390841,86.2769590114869,97.81492880610702,96.678670914637,37.60175213499034,0.13595158911670316,1.0,10.137025831037706,-3.236500152343803,1.004348695684726,65.36069639736226,2496.018554256243,29.153026801680433,0.3587219006153205,31.199920816862058,577.3357305921063,1.348404541024779,3.043498177610731,264.3566466382873,6.349449501293897,80.46068012728531,1616.298379173776,2.794130774350348,135.40617153402087,0.5099794143088385,5.334168902982381,58.1968456108762,639.9587524027571,0.4221817661930783,30.579608051010936,11.875467898666564,82.65879024734662,0.3180583479023286,37.7145108357023,11.28409979604069,957.3250246108096,36.26117709621315,30.48001053149745,0.16979944162665564,44.554916010081094,4.065870712889973,421.0898310876431,4.486538668475676,22.885414512017086,58.88815528945566,2251.015818538897,4.727645134835321,19.688716108004826,56.478255406901326,38.42071942889639,100.07759376961167,56.083684514014,1979.5990470659415,6,1
2709.261296191855,90.65618669457396,111.35317248989989,86.80733745080006,102.19602898413343,100.73752378149646,155.5938053087912,122.00637842881602,140.71702474246283,199.67811154565976,106.54194780824659,140.33120811283183,51.052348725983286,9.790108384631683,8.14397582855048,162.10776145443506,389.67248993669807,194.76841331445598,0.8669369237892747,60.127044261134046,115.20590665977507,106.95582767007495,70.88211327584793,61.28138271658993,0.16149362917921098,1.1867629977698269,10.885651960889449,31.04433600563564,0.6470875896561961,69.62725927899805,2432.6682946729734,93.454281762994,0.18373261737303415,31.492471880477808,507.7193469576973,1.3062015886246998,3.1222825203589863,318.7499619260296,6.231399039988364,121.10861808524453,2054.2350103848557,2.6925496790865457,177.81850581748762,0.5323215120157184,5.194166550366802,78.02140300380213,879.5380830801699,0.45168843769611877,18.905190886412267,6.266102422613772,9.146823581936346,0.024338586566309106,29.67979739582599,-7.977015822133769,672.2853675474727,17.172439417358365,21.717115176991395,0.6049673351525022,25.87133892477888,3.3613989311988703,282.5915014242863,4.9502319999435205,27.889132846808753,61.38595931698241,2794.14766147905,4.749319735576862,26.403167480354387,60.955242519937954,46.908149148802536,100.18849781145836,63.20426310394675,2740.665893068426,6,2
14844.931639512843,131.68165532264968,132.70273789345168,100.82933099911673,207.57286605280925,161.890316961937,202.4081154138142,140.09712436491498,134.01802439402968,228.87641912492256,114.53833090461471,128.29137843321735,53.860129236756045,6.3430133185220265,4.359485453270029,157.96297633824372,479.7214643896568,292.61852223915054,1.151692775392994,580.7626308419359,106.87491508941423,163.40158304450372,56.50457011567044,75.64817756913314,0.1644221980549606,1.1486544128148533,44.29018392430953,12.645553976806768,0.3451236490973906,810.0562871886909,2838.291321406523,37.29411480991095,-0.07074339904676641,34.696534062225275,646.7729939790192,2.152571958870289,2.8506302869575038,379.33870583087736,5.492579175398692,144.6335104699739,2040.2751658795473,2.8420180556923866,250.6158704617905,0.6570498689642462,5.082936404450219,113.47600114902923,1189.5313783059942,0.5949590490282638,18.91453342304099,7.1828732128995085,55.77692651301693,0.1389649539693179,30.98656473405207,8.106676747382338,806.6368446596059,21.329640175817936,32.44301021606276,0.48585236390294123,30.426742725705648,4.520802597850853,489.49446882357086,3.38820166989366,30.614732462920884,65.99778845263384,3073.217591698342,3.271234089368022,31.089446883906245,68.41006210317947,28.88371477696552,99.07587512147113,42.57441617034225,3087.2259669293258,6,3
80.90571881908703,0.8343518929192184,95.74015556707401,106.69330590280813,110.79890007849568,74.6284592878382,107.93450122563294,82.73837091975847,106.77131242850226,77.81699093943044,108.37856062090424,127.66667495843652,55.47663715654151,13.597144460678567,4.173369736545752,180.10992451344737,235.73646367645756,200.40865693937175,-0.36176004608132284,7.924031611779309,78.72424086892451,140.35870671254423,69.03585824476873,53.09574529458007,0.22588549496467447,1.0,10.532977436181351,8.044772556045384,0.3963481379731899,-2.777796549212759,2168.6151261790988,40.213981645273776,0.5462287933630207,38.63461458751951,243.4328203548722,1.4151540342050575,2.6369783378669944,240.7697469214766,5.474850734869006,87.910180232083,1083.207258520166,2.458034307946802,152.21726113343001,0.6019646516626244,4.742455734716128,65.87671693645552,591.7327769885951,0.511262588639817,30.415338721734514,10.760518894756025,36.72419029647254,0.1402349626575757,38.718613710458314,4.5875826757717055,323.43534221859375,34.600050736243745,11.480314946087235,0.23865003866230933,43.236483175346464,1.2915183257752494,102.58849901361607,5.822736640767634,18.222104815112047,47.559268638846525,1851.2892151980238,5.642077662833369,14.388263673834743,41.322005593801954,17.22456819535522,99.12678299261523,37.53025522102604,1463.3553060148688,7,1
4169.552678692234,69.81486397429072,101.43131030286938,83.72382333532691,103.64151444436102,112.51482211990161,110.1641428800123,98.11094253797772,95.67402865521404,126.68135996394192,91.96162989407748,98.74478025685511,39.88104461293401,8.08279152604143,10.986593513585722,121.66416538466996,247.13251728807347,214.74684543340254,0.605589421426655,34.937100580889634,91.20413382039251,126.05338050413533,53.76632779999045,60.7250345777379,0.2253974969220018,1.0173024487635782,14.141012757112149,27.479618502598612,0.2356852873344033,30.18303537205518,2560.3021906014633,23.999860292421285,0.41880961341797546,30.72070954384001,280.1069112322125,1.7485357495869407,2.3028509276777163,346.1398131198375,4.819508806991727,124.2369960221522,1899.005829557264,2.431815305922085,206.79351218165297,0.6204600944302661,4.549750513709922,94.86797277601569,1037.40241176529,0.5470976007757917,17.5740588993006,7.516638947741055,33.36219113490551,0.08936751561151285,25.651171126351176,-0.20418464728652275,785.9525412093467,17.679387517519977,22.2409060116992,0.5697612843584533,24.904414362176375,2.545624020330421,329.0208180574344,5.5852200228638065,19.656894667991942,49.08123654902586,2004.7608611092091,5.610824712842402,18.23006685912778,47.292224949298394,51.593288389152434,99.827940845948,70.6682088383428,1865.584130687127,7,2
15266.6764511595,158.8664594339335,107.70051797449652,92.5436694725174,152.47045672313092,147.73830551853473,153.42481558690187,110.2753087629228,80.74499322904204,126.10339610351875,93.32631298816513,105.5396448724355,55.50151400624289,9.313484489701958,23.034122778363656,118.38974567816217,344.88586540560243,295.6502395238276,6.071005495496625,295.97221503581966,95.9429105035003,146.12581435750448,47.31165456989437,88.39542700069185,0.238412596069988,1.1059080339631908,31.141116307761646,14.538325310690896,0.7636232070196556,262.43298042560195,2460.5096270383615,56.29940127520503,1.0119051833456825,36.81902665741926,480.26847241569504,2.418192960230059,2.551811825906539,335.6875245387012,5.111154379712811,133.76961692796112,1969.51867476785,2.396453485664806,245.9556356183597,0.7412320407180144,4.738401985364628,106.30794190075876,1214.0908951676572,0.6304981635358896,12.369193188612522,4.624464585732905,176.7556841808592,0.47660036327392385,17.036551124806728,32.08210592014344,1887.5909044991226,10.985086165798252,129.72570994015697,0.8282592253917371,17.589863085950732,22.24127079385009,1533.7107500992347,4.911972550968078,22.080590080540055,58.96806009397534,2238.8556731762383,4.644915430571222,26.302026401987696,62.328978404823935,100.949646929427,98.81201494786025,140.98686614734493,2652.0434875507653,7,3
195.40873166500367,-0.25918784956581603,88.47965198728744,93.78507620005115,107.81346647640578,106.47229401722585,103.70230128749684,86.35341556947186,106.80079987750301,98.4599746883305,80.75796386021074,148.17603259451317,26.685160726326234,16.51909723707173,13.143277251207202,253.83977552277236,269.7025892945679,177.0621296238607,2.857345710521822,2.876101539106382,58.08134244069059,75.38321587851483,66.9586506573986,31.10093438241505,0.10700745505020652,1.0,8.385515792977175,4.033558187471769,0.10534584126476926,-0.8575219522806528,2465.63536469668,23.274211200896275,0.9481119521760819,32.544265152084506,527.7927355693616,2.602698156645669,2.7112865619217508,311.15758141147006,5.449897459397815,111.93108149014083,1888.062543013784,2.1677479675875606,158.89787545521236,0.5361079968736774,4.689988543377672,63.479964237373025,784.1581131709297,0.45550919463322675,13.994114873436256,5.30538648582406,33.63078300898294,0.12088882885032218,24.163880369919546,4.04015147104685,595.0908258880769,11.30842481162432,16.980768130758133,0.5161796276415069,21.77929688491797,1.9654947850160271,304.950018266016,3.7629206919520994,26.936008549514597,60.42192671584287,2718.136839085295,3.6125581105127185,24.172057203123078,56.79141912665262,59.143882036550664,99.746461657077,85.58546338372328,2375.003362054422,8,1
780.0806501761524,24.490575621932898,99.05600145471284,93.93954630600226,98.47840060696879,168.59937921513173,137.5625762775986,85.06438471517758,115.35651026319515,137.70214440808917,81.02921075328224,137.92671642847907,33.19398854519788,9.697012730835347,15.372750904979798,196.60956290822637,406.22957633347073,192.7836883054495,0.7773889202201009,18.299986347126204,104.89692109132716,69.41012281802628,83.40321587593748,51.66887392066006,0.11536075781548913,1.0571520741538467,11.940647224720868,0.028134026994408146,-0.06366568392887101,21.74455602898235,2308.9194100536474,41.47288967308352,0.7381519553627301,25.968693504984955,459.8988783199484,2.5142991285880703,2.5032324470105016,392.60011456484455,5.387672194088675,136.17809770447604,2423.424087677069,2.208694259328193,228.56450322699283,0.5902921219555626,4.652559299798513,92.8908392387004,1179.5462451580493,0.5176609880475995,21.3340490313365,8.726344162285134,54.92775821501514,0.17189425330396707,31.712178534553765,13.612289626619177,518.4669654353677,22.352864282512538,15.420097689211635,0.29835835540292277,32.867763169788184,1.6880305296997096,303.5340971391556,2.9827605450423436,31.281779236411705,65.16723877468775,3200.9274975674966,3.1428202547164847,28.384098062482447,66.5506663581326,46.141252154920906,100.24741934691446,63.04792928195995,2883.1156608554375,8,2
11732.664972605324,154.777261150792,108.6545804361607,118.78644387789339,178.58341142609748,316.35202895984736,148.7292624358407,100.2872917074069,112.5617599457126,204.50913289193548,92.73867115451432,106.40227437569384,44.531907175805344,7.49720595243493,40.37236255198387,151.18242908595766,517.7395684133571,237.75803190535848,5.115084512440791,713.161507428663,92.62158143996257,141.36897811173452,61.58286067332165,64.2278506223705,0.11074237365822512,1.0222001782207675,34.01493200252373,11.859603225764058,0.0664679383011022,458.8179090220529,3194.754319675481,50.09628386398106,0.8495614203833397,24.243054971235306,567.8555146474649,3.0379213548361137,3.0282289037141257,384.60288928833336,5.661502070386055,151.5444623092803,2143.3462704809126,2.751755725657682,266.66722726213015,0.6660937297035092,5.014502104665347,123.93805203893915,1215.6501577724505,0.5429503783596397,17.80625801478123,5.469358649705917,24.596745229982545,0.07394367315547334,26.068231860714487,-0.3524010484341531,718.5878210777876,16.687899961516173,17.5665007786999,0.7231800371056551,24.423117164613124,1.847585240849706,274.54134016332654,3.4479004279573093,35.43687498262159,69.22744069593801,3528.7186809168456,3.270018191994217,38.82087280289085,71.22915816572493,117.29520309516775,100.32062983385504,161.77369001362564,3893.076603614236,8,3
-24.091362318628313,0.7518484255952953,102.96958935305436,83.43839315099731,137.42396414574486,152.87459644310098,165.52144945995713,112.463398728132,117.0565005557639,100.95187080186783,101.20950496342114,157.35728450953607,52.95063889069332,13.879336868040955,15.47239012907259,205.79699425312577,311.87762507095533,248.81679489037407,5.391306989559408,8.404541275059564,39.98230964893488,98.3121612209004,89.2383386770485,46.965702682515285,0.1760820224912045,1.0,10.180260029027822,41.631631932539555,1.226546829319232,37.837046208870994,2485.532668753256,32.383985291324215,0.5681582641348851,42.93213296854471,604.7019541598995,1.8909828523042063,3.1817097063551185,277.241011212923,6.479710400580273,84.63286848657228,1736.8309992782072,2.669161792349601,62.153684379452024,0.19819063107188462,4.763217467595575,34.411024511948966,239.0142151414105,0.1384702757568268,25.234614765996355,9.023138774810972,52.31155224412546,0.1788897106383227,32.867240332801195,7.1282733306244905,583.5172362081353,34.17420593193302,17.854498196848848,0.2449529239022903,40.91290746616009,2.457329919036428,228.11940194528543,5.48787600391857,21.32991315374674,54.05483808321699,2190.0244125247173,5.495830727231884,20.27541504824762,49.931570731091135,54.56166015815201,98.5796426833411,81.84654988351096,2050.899681700448,9,1
3097.8336508326124,7.403861391969727,117.64965147641807,63.65121849906661,123.49398620948548,166.673975239169,164.31545971697142,103.04883975559983,117.86654861885457,125.89329737828001,87.45952624154798,142.23522805340613,37.74240357360994,6.1500280200566575,23.20632303338094,168.03304788383412,396.27697000679325,285.4420577634583,0.6169274704961318,-18.33389211057922,22.91129968408955,121.76446061224661,78.42207009418166,80.3046461285477,0.21364440634854026,1.375535143372694,10.994520810719006,-4.222662778584462,0.9527046434649042,41.44159574277764,2376.8716620343644,59.33485769051036,0.6142388561813014,41.39822481562748,518.5884473872276,1.524190215342955,2.949698792455899,446.1926180985764,5.084945602644579,203.5906792072609,2485.369388148031,2.67356794245725,231.7939486647787,0.4402161565025954,4.700271618339429,122.07388244044114,1099.679384460601,0.4074841479659561,27.85188170982631,9.985022902494716,62.85692291545089,0.12219004959245933,33.41722581269781,7.439350679506637,1000.6244261008759,32.65601022572861,37.82359377899774,0.42469014421169615,39.00893697948398,6.6240515655383545,434.0090336100148,4.3842333939565385,29.24900059340641,66.25560134951313,2917.8289668640277,4.266616373919982,28.192037627163195,66.70367880924047,53.22881190042831,99.84210426114493,70.05209835943238,2764.558708365007,9,2
12966.127993378896,107.27005396145192,105.49200247367013,65.44139506517634,171.95381655169174,204.03651851766668,166.27806331945413,111.40131032786473,95.34270641231666,81.53201960145647,89.42951341996175,101.65900507842666,48.01860793089632,5.126631020707419,37.671297533974304,149.99532875952303,424.6804458739019,293.9303869938416,6.931004692466027,35.58445124687563,25.59360362227884,125.71729788543358,18.980521715225933,75.93119972908598,0.18587047492265654,1.2195879622943944,33.82909187812562,17.826417121825443,1.3613483141711893,310.45426287730834,3391.9443049543033,55.85746225345812,1.1337607197603434,42.92372944470826,621.1096538663351,2.349185298778637,3.2179945270424217,357.2674979562084,5.922118372147519,140.27490850037245,2058.578279338055,3.2057708939514713,253.7100658993023,0.7142697969299713,5.326013798794469,125.35007481916672,1118.0137187509881,0.5666229240508389,29.34283173523949,9.610604355664357,40.12302334282386,0.11738782873076407,37.76861321850225,8.217972798115104,295.8367805427762,35.75910747950408,32.71928449292867,0.30633004489593113,45.39280111480019,7.262364121778899,263.4234003609166,4.300120372910084,23.94676988201774,64.45480795517645,2410.68964541985,4.132317373386943,26.14353007699774,66.53409191511012,111.77500650677321,99.29110300322665,146.7293276544214,2567.5714046527714,9,3
-164.66790430048954,0.02225557131241246,118.90279442515177,105.55697892958446,107.95471363935869,119.34696133430522,113.08962279165276,107.68420423323191,100.98389562160276,160.45248368213154,102.06243484931997,136.34306285688254,53.927159946480515,15.476023051221151,4.659761308559583,234.75154695581793,277.1075425850571,229.75536558187437,2.597683541445975,-3.8819212711975997,61.63165127366085,125.73017499547095,81.16089148767433,50.91349025132391,0.17725102451754698,1.0,9.329524323532995,36.540572865084044,0.6407610271039275,32.458080618339224,2184.0969078466087,18.038735898596904,1.0496673594436015,45.59792741361408,485.6494151593527,1.648997233374852,3.3031999869679134,287.4171793020109,7.018960370537266,78.48015224697762,1842.8906506737765,3.1607107552029405,132.283936709012,0.45353073323471077,5.7355251183871445,52.749328853711404,618.8899927969962,0.33225017449565375,20.278393546196337,6.11794916444243,52.23330111273929,0.18709979816038502,27.94289698642123,6.81542899361993,604.0572497185441,20.554456233846267,21.65797909005399,0.3951860346268561,29.205802336003455,2.6920385979706243,273.6721687297254,6.144808874204603,21.043859158179878,48.938508326414045,2106.914501178246,6.15637326100242,20.471674097481863,46.733239797572594,56.53255099633827,99.92086286321474,86.16904107578037,2086.2057165607926,10,1
4318.0973736923925,53.38816236993691,111.68418683118001,75.88507988024689,120.28028708946326,141.67681644852416,116.27095811217922,111.86500977667889,88.50361731186317,169.77089063492548,82.54537482355806,126.04190387560632,36.74771308143864,6.115785853264079,7.859566353032882,159.97679506208144,304.5519745802578,238.57986897940916,0.7853299568909571,41.39231235392076,78.88248138651383,130.2643987416924,58.87768445161703,60.56733685392657,0.1969523668381304,1.048856249360267,14.31625774566347,21.972618440867606,0.35499900601768863,38.23602741400944,2237.5966034804783,40.38352442222239,0.7953441065195895,42.60612358338895,418.13214744918344,1.6649896236251371,3.1381191384644422,457.5807470583215,6.00626666652105,168.720689601083,3055.4189605436504,3.0570236221967004,289.1893149870062,0.6090949856744077,5.6110742332259225,121.16100077525545,1683.550160656512,0.5356153640396863,23.914682982704754,7.888924622297846,-27.37541385567888,-0.12044634874793289,35.087807336930126,-13.975675548576131,180.26984776787288,29.422525924627152,-13.446073749921329,0.2527177577888927,38.58127774213932,-2.383388821882012,-212.87777861111607,5.87874879477424,25.313794976834924,51.35600997165848,2466.7214028812828,5.792913733483272,24.26750884131053,52.08610056015186,63.082307646869396,100.01502777861333,79.20420417285023,2454.1052740081545,10,2
17036.158085333704,106.65989347563232,121.18987911999172,87.17042613153656,190.74574955771556,202.1119473928936,144.0154350978551,122.28521017939609,66.69631092014323,238.75110827177429,96.34170111277015,102.76626816760515,43.74731337357274,5.156701237417092,33.36946340299342,142.08589389323924,467.37711402571915,320.44460894372713,6.5445726066697,508.2908777022091,82.4229210979323,155.0585275006288,54.61437243292441,84.12788949798491,0.1817880740056742,0.9058066749510268,42.69378044520605,-0.45242222499200224,1.0907459808070397,158.42601227429196,3313.024085409833,45.76821382984287,1.0322536135168368,51.70480301620201,535.8965634948669,2.63381727731737,3.4268211698190356,445.0397295794997,6.368312789915445,163.07417114596646,2845.7885557659097,3.248464977829528,347.5083965150235,0.7780208224572462,5.874539928664282,136.19189264378642,1964.4152232733181,0.6799280347444826,22.204767781704177,6.493580850519211,88.76182000221468,0.19162855877588067,30.675608878596925,14.625643321141371,1235.24181169872,26.56437128077518,21.61041152096498,0.18338471866686218,37.51455744885781,2.127959455328245,391.7794596915991,4.939430563652999,33.95600269098711,61.34323612312555,3433.5429741841667,4.886389299580028,35.37900314068416,62.55949546243029,118.60673996853365,99.29345523614734,161.35049801863602,3583.804167327393,10,3
405.04124135793035,0.6591045214233788,70.22641843648645,76.86706816857769,69.99323281929517,75.40622936248965,72.38054702664121,74.23147937620759,60.08434759428489,97.69929577435046,78.81268124411243,109.65720063211722,35.472173925627025,13.468311155891831,12.31779304318663,197.88677941583217,303.22120246559825,139.89500769613403,-1.1637797778038392,7.779421595257805,37.63262759905104,105.17877532546038,65.54222486072575,37.77522304119835,0.1182220154184034,1.0,10.863260422062655,3.347112963270713,-0.13157916796782032,19.853732197178804,2801.841005428027,41.60089316639124,0.8593909411945645,25.137013397551478,625.6093136695242,2.458900647876041,2.6659291167822157,312.37571340875604,4.878510076072002,129.28322601599976,1628.981177703332,2.4522952138414156,180.59025277217773,0.5990805096077305,4.728448225818564,80.10415293390028,808.810219642117,0.520432651318432,24.68937667540152,9.01978714583469,40.805184430758715,0.12313564663323315,32.714689041260186,5.286831245864997,460.9038183383477,26.285560109439928,19.072380581040072,0.423505781800386,34.93725026457519,2.068826729695596,246.55391270797313,4.844052320325386,29.48169050607935,60.37279401080576,2952.171142010172,4.970870917850209,23.282393465878485,59.503384436529394,19.186812832635173,100.4080722333289,25.38263506171768,2351.9483346578154,11,1
3985.8317003514426,-1.6628593575114152,92.41136695516924,78.63900232774442,95.8192788992335,97.99886202158281,102.29144386454038,96.29289670409293,71.48909275186433,123.46565368825327,83.6206445534112,120.17794574295799,38.05369933141042,8.616565900414354,12.74386360472127,123.48327059597675,388.2372635312221,207.43125627170812,0.5994549453354114,22.59370739868356,61.32273979526822,111.32750883465486,69.32356981617298,47.96686742558038,0.1169181114272923,1.0184613214830536,16.063889659557464,5.932260324979263,-0.050309170904468736,45.28331391514937,2812.2797618167683,26.372272587065115,0.6821907440327659,24.98129116028778,542.2669354895299,2.5826514689024425,2.6205203239482886,355.71565022408686,5.404583635150439,132.68621619563734,2294.448720152678,2.4767750235712453,234.4415259697596,0.6725759431877675,4.812087014462871,103.73783364945199,1168.0767204672286,0.5324897968181431,19.98672693914269,7.438882669329512,53.79449580821044,0.16350110332717585,28.331002357275878,11.657991706623637,510.38387356439665,21.138064175078608,28.328279668703722,0.5509924372257725,29.633839837694058,3.544942362117577,439.139750857202,4.201011648379473,32.07776052438004,64.32757830707502,3239.0622728943363,4.211126336707575,27.40354675513785,63.48952468534947,30.263701570544956,100.2492814888765,41.338728222080846,2778.996890792762,11,2
12911.683338117386,139.4593041110293,96.02346484433254,89.51967493697386,147.93858780797538,187.2015525054365,99.2113994381042,101.31264894590919,47.78552531541936,142.51716122151802,83.33493195789119,103.62181665092432,45.663797714834644,9.110432010371035,32.02248503974026,130.9230584650824,479.4781705702942,206.19913235770312,7.0788182294017865,428.6172442365844,76.51709821515455,175.2239247248488,59.4335461096035,65.198297860708,0.13159950525943093,1.1218436372465652,45.848682581244105,3.4491500940703874,0.10726553893926183,607.5029719234258,3344.261225413839,53.32133094518818,1.1345753961135303,22.362518337955898,708.6961837168029,3.484391347265161,2.4756423196349697,402.03994085817885,4.59907218525906,177.18743217100285,2161.3248223913065,2.5307287080332,343.69777676662204,0.8647854516868909,4.530579956643082,164.35955675089005,1704.507511151393,0.7718609404893098,17.905861323444803,7.3417369349798385,66.68093873934318,0.177741701650454,24.243414675439663,7.076999330898624,1310.5130727205144,21.79248444127683,35.00369172946303,0.591606009314767,26.726574574565177,4.286735406106667,558.5177425483788,4.264886747121794,35.76166939176693,69.86572274789884,3562.961876430407,4.234676412842308,37.97588591340873,71.73071850574125,53.311433530205456,100.75515444749256,77.31230277902263,3772.7075438407164,11,3
101.3451634844248,0.8033012310432192,95.08203197835383,85.0925085913804,89.79551760608743,49.353983727607684,122.27949624456593,87.03278911417218,115.02752362582062,81.0887697636838,98.80024002933332,108.76839020952512,73.05361671952072,11.801661137407425,1.5043327568704719,164.5860685938952,290.98612841418316,192.86850407399675,2.3464518928093963,9.157044620478944,64.27705048187164,74.47516384302007,63.340386570140396,53.48948019505669,0.1909951411119246,1.0,8.283792139846422,2.3738488068368415,0.6389821798417995,22.081810268499485,2621.6215078338028,28.40013492365836,0.7582533766735661,36.84323786452745,492.1986335052753,1.3433865533244795,2.084860360867739,241.79400142004607,4.789356247296516,94.00736787575292,1058.6128610983105,1.9857105472865766,162.92316300199735,0.6556814732880767,4.244230469528703,71.88951170069211,670.1062990191763,0.549865267718896,23.891845226370062,10.373143094420271,28.172826903793087,0.11105648338879197,34.994345278470426,2.138631310243561,382.7353471973024,22.202141313462423,13.106048204548191,0.45862396617449025,31.663361689655837,1.1284974861559478,154.62956353478856,5.640240612960901,24.98509465806421,51.65924156371103,2499.6616467678705,5.742726915925265,21.66464549431403,51.132083961720085,46.042003992242215,99.63770197559032,71.15071659237933,2168.56563082031,12,1
4802.056448290867,32.45852853175691,113.69639312256234,83.02169664129777,136.58258832718806,91.81901447001849,164.02510120151732,117.39801842190184,120.28450414940451,140.70235135933916,90.84060574688743,120.79699899756181,48.51326446513776,6.014943364599036,9.267810003362749,136.36839784526853,387.4894127648959,286.3170912547388,0.7427847745095552,91.82215763040213,78.85035889993277,85.2239481163057,73.64396342630897,72.54303490065251,0.19215908704761545,0.996265354900252,13.456659771948509,29.26824621069161,0.3261218357743275,38.74419601771592,2694.523202219727,8.706278369241176,0.5138833528497704,37.407319215337154,465.59942503265546,1.5276055660370758,2.074374977883757,388.1509958234116,4.538089137973578,159.71485061033349,2108.276544556977,2.3324036886337445,351.93230720093203,0.9474821644461866,4.470546374034799,159.4934046858764,1778.5809061802752,0.8216645268874595,17.872521225597808,8.369599002097733,73.86929646218724,0.19954027049907716,27.968506109550628,9.662837885126935,1141.088016322863,17.314329020418278,32.52246235516347,0.5069548451885271,26.96901975897784,3.534099290997659,546.006310630458,4.805619629800155,31.252757339187834,60.767154253036736,3137.000061434549,4.912719584934704,27.886119011126492,58.7361900146887,43.70682695633264,100.10678113301823,57.07781129614481,2854.920920697525,12,2
11609.559180039358,103.80697117047694,109.46217867801384,84.27488306617285,127.27356759644745,96.28839150182368,196.3082088961904,122.67825384782313,90.99513202920922,154.64508852102813,81.19208952388549,109.87288865433213,61.470557745340955,10.146509907125072,10.489515067025728,147.70716751808789,399.6598203728429,287.70915155266323,5.799950445341416,537.4371252591468,83.96748571653706,103.50333478169688,72.43994698515704,84.64274174538299,0.2079613417486088,1.1211696029307714,32.666135470862315,6.264021285716492,0.8012882634375587,797.0643473753977,2318.3124298516286,41.58675598299363,1.022673391672613,35.49445466482636,572.2836079215681,1.6839692148923016,2.1713564496079174,321.1388180996132,4.844657318384826,125.47112233964198,1765.2180926035496,2.2343968057139234,211.41056859921184,0.6670648175574807,4.390939639823985,105.05666110099831,983.0360748352218,0.5906284870490133,21.0899708811909,9.158845682698201,67.7343595824503,0.1933286186810002,29.78903639402843,10.32931710051184,981.1364476282861,23.6987023182996,29.67582371089545,0.3045376071271758,32.10858251107878,4.199103196324598,441.6155187943535,4.218421101547699,30.780488543774972,64.2829149073508,3085.941701280289,4.217090885058136,31.464061326683133,65.57563299980666,74.83036351731099,100.06768902930772,100.13129117224045,3167.9712539863554,12,3
31.89649894031038,-0.004415767010529592,93.57730957856604,91.33938432679876,132.45896229697715,104.67340412246156,98.00169469076094,89.35705451908976,97.27764913966985,106.55910587730129,80.4951198727565,135.71982615748237,57.518089055598246,13.81499374805608,7.861075873119113,163.95553885896743,242.02454626258452,181.5089838526984,1.2307546234595839,2.3977801388297255,24.029478511142273,76.84338775577433,73.87382959391827,38.26264978894595,0.16322594631533408,1.0,11.538226001339497,15.144021111000296,0.6417142081530853,5.793652909697826,3015.977504784528,18.930870316846402,0.947285552631991,39.55680284950751,446.66327155883016,1.8779799632461882,2.7958504566635156,258.542970264234,6.46194652957095,68.04378250200392,1698.1288842931503,2.417162269421697,115.44521195724164,0.4548618900880109,5.01152289181672,41.47794119839939,630.9839033807838,0.3803876409322275,12.068565365584131,4.102838634574459,32.54238983757834,0.12945137769035564,21.857297459666363,3.3128699071424874,629.8723166726362,12.803571317520813,13.156604054860878,0.4806407096165133,22.283747341885416,1.5181573121678489,223.41172408653227,3.8131762967330767,19.220384789279695,52.378964676334945,1977.2972032591967,3.6386613975793907,18.80098958868282,52.131589769270775,22.897215319215157,99.14775062159963,32.73149019136024,1850.6578452192841,13,1
1043.1527407004994,92.43930616298366,101.43195646442415,88.42809443576338,122.65111468988502,174.33814432197468,116.4252404813773,92.85428466244218,91.08233939842793,147.54067876044297,72.52413506221474,106.25126908302568,49.16930757009417,8.823357277282163,15.892790372372822,214.3314309311543,333.23009889299504,241.7405191173342,1.0406880085377388,21.045647219854377,27.889984521873203,106.4244007439325,86.53507815802826,67.28811032817781,0.19994529910866338,1.2563986716084776,13.346955778715406,-5.578894509182039,0.5693297376567878,31.97815305066615,2752.3648366233797,35.764365323861874,0.8796491822438549,41.329350978632455,504.9026273839781,2.1989796218360502,2.678618414076924,431.8813572746254,5.2401173620093635,164.63702647307022,2462.4589479119873,2.6981737279720215,348.2791083302576,0.823010371344369,5.027009361511169,147.89132427580358,1873.7454759021355,0.7715935251679924,18.25491518585389,6.580021814458741,109.08961579348093,0.27944706924412294,28.09322927818691,18.326718365044908,1494.5040074109318,20.525152714683774,35.78666843451966,0.2525723179247974,30.610352347155334,4.225679424470799,580.4524077970093,3.3065906614151235,26.306119618327315,65.65070350216158,2657.138042734178,3.349958788133753,25.144595123238084,64.59634678984213,35.350932558977235,99.55039781017177,48.969034926063415,2433.9807004021172,13,2
7002.9426770740465,183.9600501905191,113.88202952178794,101.36300231267617,202.55106877240027,195.50006545708436,125.76913659184477,110.19699109256062,84.1145364593495,166.62556855773855,74.82241213376966,86.37381395821491,62.507717294356944,9.302887021364395,26.91391833832726,167.89179495183083,434.57876380850723,241.8085119070351,6.424470714688111,621.9006230054352,18.75422158455885,152.49381179639576,55.786831231860106,88.09354907020958,0.19929848494017188,1.2723221626994603,37.77284338877573,12.660784124587316,0.9467055899857735,322.6105835819824,4156.813153958457,48.624545705016935,1.2760247922140817,42.58763495128693,609.4990500779031,2.8177336620337363,3.0248405954832975,374.7546105929946,6.19053205276501,122.81878819808807,2483.878585807411,2.804643236344016,289.77421648656235,0.7694065544660271,5.256556945000885,122.44595096833386,1553.4761740280303,0.6231918169738485,23.185554816759474,7.38612549624565,26.672301277890327,0.07526741333017936,34.41835781903016,2.078689594907466,517.4801103055727,22.27568076155119,3.3813162396097596,0.2548454984535837,37.07261320332093,-0.10460685386184565,105.24386163936424,3.997427458662952,29.56433703884077,61.31957386246316,2932.547091478566,3.9738555752851954,30.148426571720805,63.49198573126463,115.65891561992667,98.97499165928022,148.9899134139392,3055.418397238606,13,3
295.8388355324495,0.5748517165769198,80.54091821203954,74.55796766385255,60.253361214534486,80.01992659420775,72.77088575514817,77.55876999253836,34.22850084728263,111.55691317795304,79.74179257709667,91.341617418244,54.0316954769074,12.795606384694723,8.424902208857317,139.96488230103776,256.2456042983427,131.93710478399132,0.35911424159519845,7.909994868518204,37.07183087887796,83.80966359637935,86.3577618401762,39.16465479444776,0.1534900493864049,1.0,11.939802070256075,23.381129609770042,0.3292490821716524,28.470406175946934,2857.0678894885573,33.05968056853219,0.7365422025582461,29.85584117505595,557.5222989466805,1.9966673735860152,2.6149178244943223,279.13381947455895,5.469708607389977,99.35283991809257,1558.3289268568876,2.640973920626089,149.68593078804147,0.5368846511488405,4.925654779152436,66.89831432025488,712.0401688818388,0.46613256754886695,19.276203951475743,7.761629969508194,64.79712033805077,0.2293462275457545,26.739323074949475,8.611777824878146,733.9762022983886,22.117730210768716,28.57242612858205,0.44001845458103556,30.231919859018646,3.502844438440905,361.5869171066166,5.1441575826504895,23.346856884708814,54.61662423923566,2327.3040828465296,5.357348467081653,18.871332671083465,53.47573906851067,30.279598689304585,100.23713092995214,45.75663105132661,1919.9206810823875,14,1
4628.782156420199,64.4210106210569,95.81344346016407,76.23595443794628,90.10096931398402,93.75997912408718,89.37692313878765,96.15763692825881,46.897382255995204,143.42575651579523,79.46883966743168,99.81050346718978,48.51159108408697,7.637408594555659,13.240395855976466,112.12453358006303,324.24184360992336,180.81967096646736,0.7238037746142275,22.420824826599,41.03739006276848,112.37498005380186,75.38631837966892,58.04308242199026,0.17906953646139187,1.1825266159414216,15.255960176183136,6.306010524961605,0.5029047394663968,66.07502803572216,2804.5006399206645,35.61129073753156,0.5574636246336399,32.27408167950435,522.6467047560078,2.116382794221557,2.749423344263621,345.84543034503275,5.499803532425187,132.0001823078353,2325.657909103567,2.525011140683438,250.3599664493423,0.7157819541979515,4.960423699342164,107.00914133070732,1342.8974975015017,0.5916531694042387,20.97061629230903,7.653221226545302,51.98802638922437,0.148302137831888,29.398565120350312,7.915234928919297,659.2218156852766,24.72033747504278,36.05561331142714,0.5699089453588272,32.362087658904464,5.317805183067775,467.852222720066,4.3665752396220245,27.060451480037575,60.62232748559197,2694.3525957865277,4.31283863710989,24.681930029609994,59.299851650253466,33.65904630512699,99.91354663766484,44.275709473172356,2473.2542273323857,14,2
12554.51817119528,150.0748044824117,107.75626940261085,97.85004253603653,144.37116200894005,148.9313079725148,104.19067459369222,114.23598771922947,45.641764646067806,178.8695344828347,86.92234678538136,99.45396892366661,66.1875853947535,9.214905688493413,25.790822735738107,130.54702846841053,445.9252122870596,218.8829982934866,6.552388881020751,243.89240518127218,60.48951871877126,167.74551626550033,65.57882539750078,80.65570988035662,0.18218441437795252,1.193057097835309,40.68499606543148,9.479531393488845,0.7039172402635346,603.5503236464618,3651.8667255453556,42.11268246714289,1.098655161516444,35.072728230737845,690.0542237064739,2.998000979811519,2.941101250259227,358.93280190030725,5.80619814747,130.16948273360097,2367.4614175401866,2.961518709535187,281.30004257861503,0.7795604484625769,5.199293394786831,129.93898431830144,1559.0201765047805,0.6576443644513695,18.78658532790487,6.395498643053602,62.9148117125854,0.1745668010431352,27.56482961189037,7.32031482825277,1120.9187468192947,23.378517948841544,16.969844022387253,0.3373002925719369,32.71531063516122,0.8262164037047128,397.5061719635719,4.44079002625627,32.24408613542643,62.43828885598238,3211.8963234515613,4.405699629494409,34.18260910798948,65.61336019148031,77.42827082209993,100.04973622843387,102.04967408146618,3393.7187663939217,14,3
349.6876869396622,0.7526757076219055,95.23894194440199,59.19458104569313,72.36560651593894,106.87830344931344,116.10570285289292,105.55777580416482,83.49209587869154,182.555422377026,99.88296517751928,95.56873276585479,81.82997238998016,13.975836852159205,8.929678207810369,125.47821039532604,304.4809826953857,134.7057518715792,2.597839417083944,7.886278531484308,46.54548305240994,49.73625533320678,91.93394459655967,35.56558274380193,0.11849458013034098,1.0,10.67997037451332,4.9500581701944295,1.0617121200178645,33.824393607545716,3306.354271742789,27.177394469875594,0.5023387633631673,29.93257058875356,491.4789284255785,1.5628837335691186,2.2211408047939676,272.9914642161524,4.847631782886164,103.26381189353623,1406.0524362491594,2.4492897549058426,135.03014922905646,0.4915902870650318,4.3681754450765515,70.97731627825505,541.1079434252445,0.4083390563338526,20.66539394717821,10.361956898881814,88.45216271433566,0.3289113617793281,26.362427971285886,11.951727211927563,1004.3963271466016,29.093550847982602,36.655623258646045,0.4203927742821584,34.59107509592589,4.7558921903317675,459.9202468365664,6.726458336172997,19.713422744147483,49.325097934622136,1929.994065961346,6.668408090873291,18.867827234442398,51.98081270145232,45.013204968072195,99.61081584435246,73.14366260141469,1890.1699406002074,15,1
4855.1538075293465,-1.3682783084572279,114.06030694002924,65.15484341764108,135.99617571472754,120.42929229220542,156.1400071598886,118.16733035515864,114.21028050277648,263.32303480718474,99.6709535953355,128.73348972326158,60.26428571347695,9.399657570107404,15.587860794511442,134.31759603176062,386.67172914288443,194.39566916280705,1.231355886560369,71.76618869276129,38.17092942165501,86.39266010263329,79.04795630694848,64.89014721657499,0.17321150494579357,1.4541938575023718,14.584887542319118,26.517725351035132,0.913307393507315,64.59010483522394,2937.1272477105285,44.73429477345485,0.14689812002526442,32.43316896413169,377.31498984536233,1.4159664966174312,2.516377026497387,358.4298205814556,5.094509695905759,166.00840997963022,2291.1605627614767,2.192729947392726,248.52321739029776,0.6766055658639454,4.575079067172121,112.32626904306156,1261.9005773270624,0.5624918815812905,15.605689399150888,6.2133425680588985,149.02458614038053,0.40778909438607486,20.000299314826318,28.765447556728414,1670.946047098886,17.311083358549837,88.90378854731814,0.6763464458306062,22.512901647942645,14.92319235966725,1127.1021252953492,5.441568211423339,27.343049205136484,57.09675623753865,2672.50954787876,5.329762008426466,23.87817550126901,54.91846566216188,38.25318816270469,100.0671266281925,50.43438219901671,2461.007054511342,15,2
11463.854278000646,73.77835800293087,118.4986571263523,85.07350714010627,196.23047668449263,130.76975321814479,178.00739527668634,146.96037980750344,105.82779132103764,270.20848222658344,105.00758977870011,133.95968832686611,82.50246849380679,9.228797603899926,1.6194656146182496,160.91972987858185,405.7895701425533,270.9191000881798,2.0796443554487745,143.6553365551939,59.9642611134522,158.0835046511221,72.90848837712929,65.27359041646419,0.1674790007744551,1.4350276356582208,36.29291926631081,14.063869127777792,0.9049182361673533,904.5704771965271,2620.5205867532995,23.250504425509767,0.5043275284531263,34.174763482951896,474.1580642066441,1.8462058058720328,2.2898212008501604,417.0638225133217,4.3763253034922425,188.42463840266245,2125.8629696784233,2.585445181272022,306.7089613315006,0.7289172736514598,4.327680773137168,170.04408732293427,1504.7205155911329,0.7189263123686054,10.739891096681745,5.183536134230961,146.25702290082424,0.37990449083520295,17.503440319366455,22.99978290356981,1947.6412754816283,17.55185632734114,80.84172353046151,0.4100698137615033,22.856930121241955,11.886380619127147,1179.8979237901135,3.750013093088053,25.81397482462626,67.67543630517213,2558.0604936860736,3.6841368224222166,23.3459185189648,67.42342133083311,-16.708499313675006,100.04245590265451,-23.003027263960078,2319.3427803246723,15,3
262.5712012629431,-0.23007548862247057,77.92026636362516,104.05770458520507,92.41710522539785,110.17113510216082,100.80408081923346,91.33668271572398,109.75145984061946,99.1089054298353,91.7501192403335,122.12301844081465,34.633570493775274,12.399101645880327,14.706730830322186,231.1923036999841,260.80905757557514,168.97205976902845,1.8841742401807586,0.4524411615686983,71.75183021389361,92.16473005531793,69.21160638406681,25.1272449958305,0.08831546292832379,1.0,9.515143535023261,-16.59987820373996,0.263615028604569,47.849605204002074,3147.782289810215,32.26661894358772,0.8106304424124156,27.970291187107286,729.6237967298972,2.4555167619768024,2.486980379136088,259.64600341293453,5.11968809776137,99.06518148950317,1527.2071141260867,2.150678191659883,162.97992203876822,0.6348070413519106,4.607610785121094,68.32141811911792,813.471230706853,0.5495534786017047,26.34830471118376,10.725604809070134,7.470988790010882,0.05836799436654798,35.396397884705905,1.2386894829255257,252.3243502417737,26.84434920613185,4.462238577285843,0.3705711073941781,36.50433231310512,0.7098134918195123,129.05257156941298,3.4768086874384743,24.232515940052533,60.919375017419455,2431.669287923095,3.5212690402981237,23.22142963346353,61.54595023228211,58.93696219771776,100.038743042818,77.407058703231,2295.7185665771794,16,1
625.3487960129355,51.50077568640132,89.06393048079197,101.51749333160377,88.39046350391561,117.57171697959905,127.52196288876652,94.45645467265611,111.4008325180034,130.53378947131438,90.53285101625666,121.187501080306,42.669258562038465,9.0269828544655,14.766391199571146,194.64906180456157,389.7136712024525,189.0223122430877,0.20513673052565917,42.33029869481736,122.42853136508717,82.40061961121447,68.03254498716784,45.447679470348355,0.11003531492453983,1.1834112848333718,12.302366642082522,4.302117041089127,0.068292337945557,47.185545412180794,2891.9937122708398,49.51416645566943,0.5247399844698252,24.153047669014253,573.7741955608981,2.2320119889347048,2.3406832729879388,316.796224624839,4.900515871553042,133.84375720330917,1732.153657215939,1.9450654369118934,213.48284522190133,0.675777538741119,4.366018686371403,90.4353120896884,985.983009153028,0.6183365631639641,15.730763864827143,7.040843791715191,85.21662597348984,0.2713346707762089,24.47315371941349,18.847723684572948,858.473443898991,16.171049671629607,36.73375412024553,0.48037394630697705,24.882067963688815,5.093209225971784,583.7461517849277,3.2242579088255683,30.283217411544744,69.17953289673352,3082.6636715819814,3.2088732021842237,27.902844541417895,70.2033261597962,47.40623349353416,100.3876974646642,65.89996601376572,2884.9847259688204,16,2
15647.389704196232,180.98901612331508,110.79214170041239,118.30283677139576,154.76496280685555,259.1650953744844,132.42225573687801,100.82069519102278,108.90174412274521,189.2380017979676,94.82985311449133,86.12254455977653,51.86209769890481,6.694221860890747,35.36513961284865,139.82736537299127,481.85842724115054,234.01303992558763,3.3530968745956153,796.8357038706841,94.45093732235263,135.47117649054286,61.462863828217685,54.469779329477596,0.10184035152570031,1.1026652728942037,46.68850334226014,12.403291549996979,-0.0544639639946255,377.2339753773092,3499.3424482504074,44.30134742689709,0.21094227053684733,22.704447573073146,680.4678466925951,2.3220047482634993,2.2592152067916063,354.31039002321324,4.661755436760675,146.95985401728848,1747.415330721678,2.209499560510305,283.8018268754891,0.7937342167716053,4.366183069656482,134.43227702299694,1247.3168867668103,0.7031702470481448,15.426314709539913,7.0163628049471365,66.24673306493231,0.1938710058552656,23.898776774943414,8.68076595043781,1028.6451209835543,15.711095659242213,60.16866097088099,0.8702567784886466,21.142637621540963,9.136442185711006,847.3314468489007,2.204436668735611,37.438688336299066,79.89519796323799,3735.1831901637024,2.1188072989907454,38.51984099201253,80.11670001083395,72.65040500539523,99.79628436056862,98.99476564028306,3832.2432520249613,16,3
35.73785429622015,0.3001307798844131,89.36902586121144,91.64027416916132,88.65363181816173,104.60425213901189,86.122539066418,73.29701005250226,55.95914178053501,115.83043341775725,80.79316416847564,110.43493224007807,28.676887547072802,13.743876051052021,9.256160200124146,204.86485738528938,240.95340374137317,174.8553475318781,1.043545965720833,1.0273164874231169,41.50950507764904,117.0465324504254,67.27257630146613,41.717142372342536,0.16390345072555992,1.0,8.903438809419026,46.77385124321823,-0.030381789650590574,11.30429018538062,1991.1014726260705,26.178563536956048,0.9731681306812473,34.765677287525364,495.36133566207786,2.3738892748251588,2.9463610601877472,295.7070911834805,6.115420335800609,97.53172809522265,1781.461355659008,2.851428314854502,152.05777239883204,0.5193104004360265,5.262691843564753,63.07584461595164,732.6076273843601,0.4204869508900965,13.038733130758208,3.9651493834243343,50.31667241362653,0.18198315411833405,21.10828022636462,6.838383734806618,602.515443089076,11.206518486478343,25.440918325978178,0.5575024141110826,20.152437867456896,3.0907645652039646,335.78066765647975,4.971672710344264,23.431757293083614,56.70316748339022,2363.8183612394732,5.078890369092995,19.826677589417876,50.71816701901783,48.341405297816515,100.02320757798081,74.8195189438545,2028.7717420417214,17,1
5089.541156976344,44.1931409105162,93.63449796138566,74.5063444939988,99.99716483723655,129.139299148949,92.50553909699896,83.66487983962675,41.41636838709771,127.50511915895034,69.24208008391071,106.5753833655067,24.800606972288524,4.987160040146062,15.659266632742028,111.17453425727385,294.086364104379,191.2545834175533,0.3147956517905387,0.132425103711455,64.0990095405863,118.44071055524292,61.41843995548743,53.046679381245426,0.1746244890388459,1.0368803384025163,13.717881100838921,0.49574865840131466,0.04110363247811072,40.37196162378073,2119.8999090812686,19.832918274914363,0.8947460208670663,29.440522615512467,437.63543301123246,2.3836569559739678,2.7318421024652375,413.17960947343727,5.393142495831419,151.15921600299106,2756.874781186404,2.5470847683412328,265.67301619214703,0.654857241629264,4.985224070997043,112.00389271042398,1530.291873922453,0.5710645419446112,26.937608465376304,10.135173834439822,-37.20379107855812,-0.11728971228525495,38.0419814850126,-11.638119160999533,-123.92472403927741,33.04061935154704,-13.761805542064298,0.34250267425630926,42.387750990702926,-2.6375912279175906,-169.51832229796224,4.050077834654314,25.3668026470054,56.056968019881026,2534.592443033962,4.148318768143154,23.401378787147955,57.58178743810579,48.71949796755677,100.05570852098747,62.414211356226275,2335.3815606929966,17,2
15928.554728718987,124.64090696733551,96.25691637659719,96.3070936481312,139.38055068351818,241.27877487525785,94.82873467548482,93.24464471912344,44.958034595741026,197.99570465699307,81.98207264726742,79.28447713593275,37.679883562538926,6.027412435685716,51.77658222871455,105.67603610553576,459.262837684861,243.73148602159645,9.175667737536951,203.73868345365065,77.41640124807091,146.72366444706415,56.91661202367092,76.82498936477437,0.16334061023333268,0.935873400633344,33.95674870187779,6.344843887977273,0.8267004597074876,128.592446976526,3355.5243022486147,57.49664606654123,1.360581643512186,34.146947933977906,575.275428994724,3.349601538983717,3.294407576478478,382.68119585712344,6.209564759701407,142.27801703605755,2563.791832399763,3.0566294481387684,319.90690464244966,0.8282979596963264,5.548827830436915,133.80249519103518,1773.9267304652758,0.6734285150919468,20.903709364186916,5.945764607018673,44.61278471633739,0.1169054900291316,28.926427705019716,3.4246577937757587,975.0452945487453,25.065881808041546,-8.430659207240943,0.22804218840174673,35.95327673230556,-3.4910049723588106,63.27862926977292,4.292424057861294,34.14364387761178,63.79979421893978,3424.5177784551797,4.073658366995601,39.85550474495628,66.54780164826983,162.6209909467189,99.96543613026763,218.89476001200484,3986.2305365698594,17,3
211.15694929079635,0.46933021267872704,87.72558205185979,86.82782448140023,96.5165993940464,142.101272032467,116.77997329227954,98.44093149113583,104.0740870602249,115.0023641510673,103.71312107006838,139.13301956726204,32.99996834677319,12.814676922981437,16.29075067647897,240.13111260306584,275.6599127125937,191.41092902110947,2.6984353520099744,7.875259564232126,70.77639817404297,122.54558174876337,68.55530383970978,42.58128804033969,0.15940641001686626,1.0,11.123231415973517,5.377621793998523,0.4984921868306355,46.66703636705371,2788.746109960123,34.641729419701186,0.6857919273466397,34.38030982677241,639.3607180337602,2.1713361289613133,2.848573577680225,298.99917407119045,5.200116209680866,117.7631139630578,1624.4639995317618,2.5135859382318966,154.93060689540508,0.51581950756101,4.716151029959131,72.23958261348932,656.8344644338255,0.43875548932406105,35.73700673099075,13.614632406592627,23.00789597465527,0.06567901738882446,42.75493797483062,3.8545969389225467,181.9822146668925,42.71906962840609,6.398344906740393,0.18857142308218436,50.34763999392747,1.0025759648173846,82.0856330242978,5.5660838851746055,21.093184447569392,51.11233526949767,2121.9140773963927,5.498414917469972,19.607153963306146,48.524862932887444,55.81299415982026,99.6417608171103,82.88649613616847,1977.3044778377975,18,1
1541.6141631544592,1.1662087160041423,98.34899047999117,72.39513980151565,82.98787198290093,123.5758820889521,121.21190273194436,96.23971507971588,107.17607211621046,115.59529007043126,99.2973207307819,136.3178422829415,37.31805471074603,7.995763179044424,15.188437271461039,162.30238368924145,353.8374875104109,192.51381745724944,0.385416631845591,10.167507397415115,87.45842592496723,118.91261842167776,50.005147562714484,58.17707952619322,0.16817379530659732,1.098290892667108,14.626211529659445,11.95012324530517,0.2860163064265445,40.54527381952417,2683.1314353137554,57.083871936096976,0.43041533474320454,29.792479150315735,487.01992748228963,1.8479294513379414,2.718232847408969,353.18288693252214,5.274883413570774,149.5532246465694,2044.231029810854,2.3491012709252685,140.5480766555398,0.37724918445820044,4.608612969477289,71.17334909720111,580.8502770882479,0.32075352055115397,22.427448345744544,8.491918167182382,59.31736893095295,0.16496454659132928,27.603478113421545,13.461475280750602,444.72731812629644,25.241739003861785,32.08862263899682,0.46646740327948516,31.242768449229022,5.740628265568986,359.34235018205874,5.42115247820135,26.071803521416626,57.45263423770926,2618.2630248760797,5.290710682410268,23.410697626024458,57.961648721722874,55.25838332950374,100.37148143177713,76.24594281079217,2411.746949514296,18,2
16441.58012514494,140.3743226525594,108.35850388143832,86.72027731833303,172.7433544700982,243.2523258492116,137.96577248442176,107.23224072608438,86.48744911047828,133.90660708386542,107.76176853839841,113.84088412384574,41.72344723167871,3.8811721797675673,32.61986765695151,132.88419481791658,460.2254515210226,256.4098512939059,4.571305815997593,405.6742636092257,86.92352357450288,166.42003584275454,27.357796816218784,67.87380682061298,0.1527882241826616,0.9739422748362145,48.417960270481466,8.303974900446699,0.436532307363029,162.9859043791488,3332.351452295962,48.680249162266705,0.4928522768174959,32.33160371764891,619.3554842048316,2.682995224935444,2.7648633786046,399.9365355613475,4.875677490234195,178.75294675502732,2015.8402528976014,2.716686269334117,322.3331895193171,0.8056487276871985,4.886221343671078,147.5497625935548,1493.1997076113234,0.7281874733312624,19.464279852759113,7.493900994502774,95.75638365986654,0.2409651023077933,25.341682882392544,16.915041775858967,1112.6114596717869,24.128341485432685,83.47073517749823,0.8096438106221027,27.644170870367883,14.441646437725375,967.0639123393009,4.155765005078112,28.905845698495625,67.63236298098039,2909.2673559787513,4.110765146370656,30.332349332929482,69.25586697148279,64.79077660763704,99.55323513495988,96.75726905516396,3001.4186946785703,18,3
108.97472877466097,0.24438824875475532,91.90151636826829,85.95096982150062,120.58619487856123,143.27112755249215,104.59287496146723,103.67144059054586,116.09652933411968,135.0219030410113,96.2714654776258,133.98054163860644,61.22038612721394,14.513854375257877,11.733914219335091,170.29524903373837,227.46475094751185,207.763735967618,1.0657633698699513,-0.8285296000030238,39.30509302745581,102.07109215736588,81.28930250277193,30.495597816815213,0.14028069416834446,1.0,11.330333370408336,12.697253013070565,0.8136208909345566,33.57911746549072,2565.6453140712397,27.99771950136594,0.5329623862948969,31.632721798696057,425.0105311941889,1.3687446097994465,2.892501502368387,271.2848933849746,6.208865897583611,83.04343633757841,1579.1160623743272,2.6363495999916293,124.21159241321892,0.4437261616493464,4.960237935147738,55.47480357799977,567.3248807938592,0.37631348422772737,24.745893536130932,9.299247308089804,51.576175404209216,0.19074908561836104,31.543819163886997,6.7964631995751175,660.1499285730077,30.899523753364342,18.05030577883203,0.2886033838431241,38.34922517281,2.4015883650304195,248.92470955584713,4.644032408409941,15.11183808821164,51.21366650332309,1520.1102014824107,4.444570133500666,15.157326285810772,51.24638219204845,12.802177145652973,99.30235585036351,20.098158094598787,1550.5581780206328,19,1
1379.9256147684496,51.01065875633261,95.6110447895523,76.69924019492238,102.19526525769544,173.02053319062077,114.92803914853047,103.75828537024181,104.06242957244399,174.07255454189058,87.40086969970959,113.81280879611312,52.04052323337465,10.180702122115214,17.424336666708136,173.0666330115891,291.4422845247199,221.46443352128153,1.0335489664533382,28.36260386668196,44.47057884306962,117.1810772206951,71.23239204732518,50.519549482197284,0.17461654489576164,1.27024166215391,11.602773371996056,9.73658967900551,0.6796062941455812,39.473071079936325,2404.605779862634,63.76673059184013,0.5460188446970579,30.472771240612026,409.51521400487604,1.5713083704416686,2.740928634371221,402.8667194263936,5.2070068149142,171.54499193363415,2194.5365683721366,2.527814478029123,278.92872337519077,0.650861549679659,4.813220818373992,125.64780137137475,1426.300529376942,0.6285781223854905,15.641455246925133,5.462279541871082,88.39390909023817,0.21145383081346797,23.205292210228567,9.881510277841507,1467.833644305752,17.24656221152575,42.787334185861575,0.4103188640025415,25.12903102839151,6.641927439681327,565.7706097199439,4.592451124759439,21.84030893926973,60.780412039218525,2182.9540460465696,4.436501139847344,19.99067331966156,58.761899919549066,36.175827755338446,99.55159523969935,51.446871286301885,1982.0816423545866,19,2
11726.788950716944,165.09401979161242,106.93017953874435,80.70452353901285,198.2184040403439,215.36474312575936,128.70600010986666,119.329646036356,89.24625686946338,176.97743851524564,93.41603423021934,108.40568153488002,60.40590248982611,6.711957285157234,23.653027191180055,147.6158006624696,388.1248086197314,270.2210525600924,3.7492251331551483,591.9841933642734,44.64814506190491,148.65302386688023,36.768438682940115,62.797788008915646,0.16554373184689558,1.1919739942196501,36.39633775244756,11.1007551261627,0.8417675627826028,233.24271589871734,3301.1754694028054,54.026763443422155,0.9009801890678588,35.45550700466041,527.0596742029594,2.555606222592275,2.698364991391705,414.8762661196109,5.092060327640519,171.29940574100678,2272.174011629983,2.587327252748852,333.97811487329284,0.820116878834007,4.834665343839968,146.7528961808684,1632.3836578475311,0.7280877400754127,19.416918806069795,7.306267832885852,86.86548996789655,0.21905131288588486,28.207278782958014,13.710581467349353,1065.5473921378723,21.9135844770516,58.31075911117638,0.45768763983279526,31.65900421613626,9.516441280357064,701.4453832919229,4.316723950067654,24.572796405964453,61.72111838766827,2460.5830139425316,4.260311616832032,23.620387075471843,62.86065320738958,33.92799402739198,98.48028253102335,47.872931001526396,2383.202667782639,19,3
419.33102119110106,0.45333610632467713,73.36826410729093,92.09935257856546,123.35501730648994,81.75321974624259,85.59613961998166,90.8595529012627,76.59247905821387,82.91300383017075,81.13017569491826,135.0568910161101,41.36880555155636,12.989000926982001,8.185657332401,155.33487865234554,227.44054898754513,124.08541474879374,0.9257653703530023,5.375915318495901,48.061506259869624,90.74623148916042,95.11600648345423,21.4961674338211,0.10650648198285965,1.0,11.897040641017425,-7.827692992552162,0.5065900810621359,22.703281022474073,3338.8922527270934,37.26164711410281,0.4638846966847585,35.13629703285748,535.0420865072655,2.353400079173836,2.789262038531692,239.15402289808586,5.995079787252507,74.21341253518598,1552.64931990491,2.42256315791648,88.8625081173887,0.38959659986818657,4.778688625308053,37.10827530736328,479.0401406617313,0.34339226131243056,18.066435172828122,6.813746955693635,57.102170189371506,0.24699219037791517,25.687203751544175,7.952511100231662,819.3807578568842,21.783496410885046,25.249616529259256,0.426821464590333,29.857199015237775,3.511726188734735,404.1784696193206,3.1534569731890856,17.401697792504592,61.457079543680784,1782.083876206517,3.003744271021106,16.990166103741405,62.702265407074364,15.003576414814312,99.62814500855535,20.526243622587153,1685.9178371511603,20,1
1147.3419998832817,74.27272172356709,95.72755107386102,94.71788149173791,127.03959817950798,160.0451181629017,120.8579270278872,89.60694049222582,90.67650856593968,146.62758473982674,85.58411093032403,129.13765801523317,46.8605888011055,11.24460191508356,15.167736371725574,192.28971329479904,376.9429063605223,165.88928378902546,0.877341720470815,-4.032883972081365,70.51166314410264,110.70597473517874,89.06084516311375,60.88373198196915,0.16144934947459802,1.4967063572800638,13.421455074999248,-10.290847884742554,0.5108951618591505,50.09620631458604,3079.2900928816784,70.21200627182338,0.5327133362720208,33.31208506498399,489.59453842398864,2.45663097943455,2.674502305439856,325.18841914393397,5.253806042916555,128.94729882144725,1790.987633392077,2.235819602633927,168.06573335075188,0.5118534691535056,4.4387746612328085,81.75267111136307,774.8777668160886,0.4919304233886575,19.112464542825023,7.111158867874957,96.18594989638629,0.2930723242776309,26.674042699468327,18.36039981033104,1155.6225804761707,18.468458374754448,38.02990552056951,0.432954100163499,27.106790338485588,5.013253608065988,595.8030539911181,3.635690673521248,26.54117575382785,65.49953374752157,2708.890642385163,3.531229227116433,23.91750797577926,63.528264913528446,29.271657110900406,99.64583230414895,45.865639263047115,2376.498860451743,20,2
10098.853260972499,207.2497994109059,111.9060969581106,118.75209187592297,230.53933130597107,234.3854000005367,114.24918163429297,113.85465323175778,114.95986310588168,148.58954864174254,93.2355185959221,98.8281389832947,62.383701545960164,8.124146863496176,18.6542263859889,145.65275299871425,473.6153581865685,218.34427013170713,3.40490691251797,387.23141643666327,50.67914268423724,179.47680202270365,60.81236693117458,72.03991798643496,0.15019792822013533,1.4004395061941548,37.836647726384584,26.101067835771527,0.18698537973008267,294.13210960176195,4013.189433907546,54.066778415328685,0.7289708931107731,35.25973422379665,688.3347004051421,3.2358647757232273,2.7033548723977296,373.48163444580314,4.971301878516758,158.50828676788984,1986.3781968989629,2.5920372283977238,306.9318417178767,0.8375628989976074,4.586613910587263,153.4054958568048,1388.9535491449783,0.7170725498441872,14.3534235894266,4.907981751686093,113.20159837898598,0.3289104729701855,22.018608794965015,17.333325307133073,1278.3298026659454,12.362346881496219,94.78928164717527,0.8226242678709574,20.718226732004837,14.974875269404532,1261.442000075675,2.8703516112462735,30.851326734213696,75.03545580126617,3057.149275663516,2.5137851668536193,30.21537078717092,75.48352120575029,40.399639835546765,98.9028551228973,51.541657051118435,3004.8296247997914,20,3
139.18263283478728,0.5941046116896369,81.69750080505376,97.81781834213027,86.25008396091323,116.36543691481066,99.17435507595356,85.42763628343323,95.25478307621508,44.046414982645956,91.51434396672369,132.79068370960883,26.079588476599014,11.782909986308793,7.575492122034092,222.85336452033346,194.38685131958303,236.7560243633345,2.8723599082062514,6.332404894445775,82.10496627318088,137.55913260012636,69.73061107639228,49.65091352967254,0.21794280696828883,1.0,11.006590967316473,33.81984988012458,0.1981866419503121,52.86363112241706,1956.1242494687103,28.130822357071384,0.7117893034112257,39.41064109839314,638.6870751458819,1.5157243574166228,3.1358576250402495,274.322521580913,6.0646982846639395,98.04706374240442,1452.8244926538123,2.6235877184421055,142.61687617032712,0.5079111935799884,5.155950502017768,59.97529118985729,622.5387292352949,0.44082930202983833,29.166863240547016,10.169807758708338,32.762533785530266,0.10375794647167641,39.28701290944048,3.8047960644678662,338.70293100880997,24.301201869359865,17.070259650428074,0.3706393954191932,34.253478123109254,1.9773385394228806,247.53016018953724,3.8688228128819544,19.869507713189098,54.96427350573749,1983.0152953857373,4.053716631643678,17.38913409184634,51.864983615539856,39.221636750024075,100.62036964752332,55.21185702679746,1832.922479161579,21,1
1871.2173824295828,30.956375788342125,91.20861479597716,81.92957207883337,71.2475733882634,121.34752273016497,106.22728733547387,98.48651756224055,78.40052482682455,4.941489312590846,85.36129961562146,130.25292705552323,30.12777561376693,6.142752656287793,8.066127706981177,126.4153959963885,313.7496616599607,239.50287793010006,0.6164290146026966,15.554030318119288,109.73038599978207,135.43012342563037,57.88290726807679,60.29553781118424,0.19188705868332076,0.7155786902698307,14.971383703687039,12.78266674969385,0.11949037900093656,34.61560372888832,2155.2743278831776,68.35600268896079,0.7577926644677142,36.22095753086858,583.9558111585736,1.4825953135170913,2.9385750468750165,355.4105581656486,5.821082969106648,124.74114015928863,1980.1341704340407,2.662663810713089,180.24576294840494,0.46618948403885063,4.918684378609964,89.49861584859126,858.5410069300502,0.4297710484974355,27.601511908010302,9.987033003248417,-56.87486634335125,-0.15866826805478032,39.1538656641661,-16.329662372307038,-482.7294588897191,30.635365883698697,-41.62308817653256,0.18952929539382135,41.91915839945602,-7.526172987991199,-552.43576707892,5.163691212462791,26.646594493764717,57.571568366585225,2682.3321342219783,5.0567748206221195,23.668657061726837,56.14572398517242,43.350870262422156,99.98772751685786,59.74158121113892,2380.117026695381,21,2
15894.839805632597,170.6223727483731,102.5668407475669,89.63727877046094,134.8518505944468,269.81900179789545,131.21819820635392,103.66198607989631,63.074832069273995,60.83616301126797,95.12582527028488,101.58056306849403,26.11689190179854,1.8718559582136365,38.122344048446436,102.5118555714856,503.5543382262689,270.23676747561643,7.722529058897142,732.6066891231785,112.45834811660669,149.10634885591793,27.924489231807154,81.33120321322411,0.1695056941177519,0.45999732558974515,45.53671769187532,-1.2306923112960746,0.4881375203703676,3.3836827579506235,3610.652204759587,66.24546682815185,1.3484754952465456,42.59356907159408,775.4906819155301,2.9583635420957677,3.436715766779037,348.22532205824876,6.059970923462067,136.5948484810299,2000.130289403122,3.174276263175682,277.59471878339593,0.8042387653581317,5.6772611895206415,107.97998560699423,1273.073651697518,0.6396881519365863,33.80717738893462,11.152052551673732,-14.324116691469897,-0.04464435540825906,43.16837717132541,-3.1460852250950246,-144.15973435687317,37.47682033222678,-13.607114825359098,0.419051938863971,46.17156819154925,-3.0245243815480585,-211.30622896426223,5.427114230501692,35.897597280853894,60.01826833470949,3653.9027933829907,5.396817442323315,36.8984429728659,62.57968892803358,99.12356364957142,99.24121506165987,143.75213498057624,3704.340118050693,21,3
309.06909684914024,0.2933786365420701,80.05334968418538,93.1064394713065,103.65681710385068,102.95430841187414,83.99364775290456,83.46845520000271,113.80042810442716,56.40272319115205,90.39193621965119,127.6040267359905,48.6379593097879,14.563248821085248,6.523103923019383,191.35485412010763,186.18182938253784,213.35067183183725,2.4636844140942538,5.106048635849648,60.367075131130846,86.78395329631043,72.56384494000396,32.487959620636374,0.15575628533012564,1.0,11.447276955075482,7.941907218645802,0.26094666738370625,20.056686005201755,2459.7377603625046,27.91187887783595,0.7115994765588626,35.07231405803668,427.5468973890838,1.3630317641265544,2.3103995628694816,256.131524279411,5.079134861536751,97.81070240463139,1225.4289782084707,1.954276450430104,146.52979150114547,0.5585854681984356,4.28857206146994,63.27943387012957,628.5024920465343,0.49885489882328543,19.368397065760504,8.223353497248988,34.6702859457808,0.13306843383776837,29.730195363157613,3.435377582436784,508.8550207463081,14.024577679555966,18.427245614563557,0.5353505021790694,23.528180325994246,2.0539014970051124,280.5780006662221,4.090688277973869,15.917329426726422,52.05134836576598,1593.5981352147346,3.8298671020976283,16.520081428245092,53.6658080180616,37.47905732440247,100.1174376407784,55.03443380907671,1706.7242497014781,22,1
752.2851155611149,9.953101245854022,88.8150321340627,88.58229083461326,88.06604361292618,147.96460492348538,109.04235401869818,92.48444682937514,94.8532019982522,80.93093606997907,77.82792771885435,114.30288670602985,47.66628784691526,9.083125266903018,8.187070722290532,157.3526140935365,287.90356567508576,229.1341902738053,1.263888643858784,48.541528601193534,87.34097997979865,93.03823765920488,83.32946671432732,45.795083601918655,0.15845668889033404,0.9829707616321995,14.130807571034344,11.965268942592237,0.20557392040096353,24.019357230302766,2406.99532601907,42.610794220494526,0.6459652270769767,32.66235664563544,412.1620826764109,1.6420715701021302,2.0770583124665176,385.3201828252735,4.643099793805032,145.87807434274225,1940.6683673179245,2.045125919902679,304.7652603979002,0.7780192371716415,4.228615956056295,137.74750492210524,1535.5736392386482,0.7493351676736645,16.217081261925063,7.732932044427904,81.58534423472243,0.23155388809959138,25.838919267858348,14.422193178053014,959.8568617915749,16.9160281975538,13.033141163058309,0.21983088074254875,27.906224878904386,0.17089354747817476,284.415677764972,4.489128054658224,24.551570414193257,59.84944229751418,2478.255778996871,4.4522644696219364,20.71518764993296,55.87882197736858,35.31890639853426,99.46763883532019,50.965338163516726,2083.9066230096337,22,2
10593.533286875832,173.8263332366053,97.69424974647619,95.20476516123287,135.03379920390958,241.9359896045006,125.143462593796,103.49660083548649,86.97325423913126,118.26887720583377,86.27502236978884,107.38889114034761,59.86999115164966,6.463631434881827,18.543588925321735,126.81088072057354,426.0428200652428,250.89548083189874,5.204440527727489,899.8076065854202,83.25566809245787,125.96720666398981,53.192836598533844,61.55378264916267,0.14450636003682138,0.8434458492648389,33.78213601376534,8.352880563399783,0.3435849498434327,219.73172366968953,3075.6589428425077,61.415307395710826,1.520584398916498,36.423080448490445,589.6072443748808,2.598505505266686,2.6975147191261915,355.43009706315206,5.036917944446713,151.11773961443294,1915.41531190156,2.4686568595384637,274.9096471959319,0.7730033752739474,4.744315787192594,122.00998089691672,1230.67745369721,0.6539529682284025,21.689569633862842,8.031102347393771,76.43300932241533,0.21347119893933786,27.75193292053868,11.759047143624791,917.0033687764449,22.133006826396993,55.37129158745816,0.6492229120433302,28.25544003010059,8.302123725765387,674.2865375572902,5.002023643242798,31.41267918731743,62.71510016724487,3166.5334926396995,4.9442624438974105,28.968835002255226,62.57463495405453,40.6399094938582,99.27299953572735,61.93926496385692,2952.414018114391,22,3
75.61607208506646,0.008308140988924073,107.17615198274741,95.01532395645961,121.1267833363987,70.82773445055435,88.73978349004642,99.41079403091983,94.74674622358289,88.90433912770293,90.00924683944959,145.53249654767822,57.88744646124529,16.086326966799838,2.6573164514366416,232.58977405360403,266.7040101522557,214.7547308065839,4.367776822470573,-0.7170398418329027,39.368795610155395,56.56155470826913,77.77880661924928,36.95923579098412,0.1274413254203688,1.0,6.240545440112753,14.521283280485372,0.5191370208431575,19.2667613084026,2316.0076521429405,20.936287183421783,1.0777829337343443,46.1800136715644,505.42423710677747,1.798868535017518,2.407010571333066,267.1945023865036,5.896673312169946,78.562863977295,1628.375517316442,2.192868205581201,122.1060840628742,0.46085413567262057,4.626708274908416,48.168345356637836,602.3898884427346,0.3523781590686348,16.13616726397926,6.178969241053409,4.915363842406666,0.026488404776954896,27.58834945156165,-0.8763874154655387,214.11138718052132,10.627075428791198,5.709715228067081,0.6007209729049416,21.125993735467695,0.2550825286526619,93.11220155306421,6.109256350921791,22.45805652793974,49.06790201779866,2274.5645006063155,6.0796857308129315,22.66045863950601,52.57357873693979,74.62566968893512,99.9384060121372,109.68591452995864,2284.402547723418,23,1
2922.158137139496,26.087831349801988,112.09358555724158,84.78122580266324,138.37431522222852,141.5197260566764,124.92065106718168,107.16865463693749,82.50175369811278,128.05277454326966,71.86692043825113,135.49183855843484,45.031818138119306,6.399007228192916,6.473276798231164,174.48655870299922,362.78054453190026,257.18786639707906,0.8436247676291262,64.24479176638891,69.40212384105583,65.19497483389266,86.44034075045369,56.01129490890127,0.15038649583356076,1.1244768999651829,9.78390266281944,6.482842688479228,0.1971410125562258,24.41744540801991,2339.066939030972,1.5601707077974396,0.924151898052465,45.117289257909256,426.84727872271907,2.0755313190039963,2.2788268430945795,506.5198012559008,4.745988671531276,196.67781957843465,3010.743537997115,2.579225154398203,436.1494265434401,0.9488292107328793,4.878361087262394,189.1155617246433,2413.816362100065,0.8681335070659333,23.14172811657845,10.02831054734338,13.845935706654906,0.007485055187218426,35.62603443310142,-4.8139342691828055,638.6474534968409,26.56425012372147,-12.115277735114656,0.1372246983595266,38.361582243412215,-3.636530178887577,-64.01352472816927,5.17185663484279,31.259137533358246,58.690734792429964,3103.5973884573614,5.240619078754578,27.89273601465752,57.203201862231616,53.36531328973729,99.65858253175712,69.51553839786867,2832.2208218621736,23,2
11672.546243134486,121.68405553236042,103.56516942254493,86.99986842339963,145.8258751546815,165.8712200545238,130.49545268364744,110.01198279144873,62.23461765906965,197.49461868375494,77.22223997490845,113.89844705841145,58.30970212892915,8.74806443808079,22.440793739388866,157.98781101712217,423.8169212656141,268.92891035369655,4.953527023213999,769.297803046916,60.07025594508082,63.44258821755615,76.16511005512452,66.86451191789119,0.14969291920736963,1.1273275590965297,21.83019354201059,4.127843451953063,0.7461630916120596,331.48567332921664,2731.159771472055,50.08800765361328,1.3534496163010779,47.50602210318913,531.1302785223771,2.584968507205232,2.84449234528689,386.135066504176,5.833537526452395,138.10352157493844,2479.5739537429563,2.5678119215941293,260.3012422390054,0.6489727958666438,5.207172694997135,99.9430845883646,1432.321504537466,0.5526892290926868,21.993018181230305,7.504459417354222,79.72742077296564,0.20851196680638673,29.13240707784652,11.45125695483659,1121.998132998669,24.533378156119102,28.646999187027426,0.2499679344435844,34.00098349695463,3.0889376097194394,477.5116330062442,4.817778969153058,35.29845565066661,62.74187875267045,3538.1692982553122,4.815136012425223,34.263548438384376,62.366203318558895,91.99711054520554,99.94647564242254,121.64237898081052,3479.2017153661936,23,3
79.22378948053945,0.5523733711240288,103.3701282684551,85.96501782712205,152.45081728578486,77.87987990268843,98.24333464425919,88.83166297791101,94.26176626044835,131.5613123613088,85.71474650190495,149.44669502564383,50.96242059927424,13.829229519949333,2.0864104429050494,167.38149753665732,278.29483745345806,147.21199319456764,0.9353935086346233,9.192881834424657,27.311187410138974,75.88306596012139,53.587478294520366,52.452258308786014,0.19773867213533508,1.0,10.723222481477414,10.126662130332795,0.4768870804005304,-24.600448197451787,3367.209183653908,11.435301794109922,1.227908348261293,50.885481483767876,319.41279080401216,2.070573281999633,2.739734454569295,259.21505022914835,6.391992078502318,68.35765633602315,1720.9860428148015,2.4184202087578313,99.55957596441073,0.40219268596609703,4.964796656153284,33.47332095398727,508.2093201963477,0.29630132490913774,9.67465910572764,2.732317502660403,20.544167836578477,0.08131149782002109,19.640148855730736,1.4976661514922434,482.54266208059965,9.94325964403976,10.45717430951509,0.6013301675965534,18.514516046852496,1.0450376219695743,170.0621561207166,5.613332068635962,18.706767416267734,43.9131217869056,1935.8481791980535,5.24445878144816,19.082277848390884,45.26724724296592,26.56407988665347,99.18935492717483,47.402199767183916,1860.4523653117785,24,1
1807.8054278635132,25.109258354742337,119.30590593885081,78.40117386396444,181.45572968451182,168.7927699517076,134.20410295913547,98.34458590701149,95.60329423787381,172.4492963998974,78.34628963026537,133.40857365077227,38.029628613813685,7.844074538902431,9.225018773141503,215.80638248869107,364.2699645310068,243.27900371421185,1.3193132417903324,34.17488802627128,18.219099874963078,106.35854393761474,75.17656647261624,81.97157054812226,0.22781904964000646,1.1973429708690515,17.30377980613031,1.8759435787614738,0.29425282736310254,7.856319886006574,3099.889331830811,0.9417339845491384,0.9805410918090444,52.50907731041338,365.56485199020267,2.42443537956029,2.67083513169863,471.07635882484715,5.454712422508231,164.9336770265438,2903.275220344437,2.9238732248948582,346.3532842197301,0.7745970220615837,5.237596972506137,146.94653282942653,1949.0645517115233,0.6916427311134865,22.938372073287344,8.130105604259223,114.86101767546438,0.29654060332032095,31.76233433580837,25.199283467776965,1210.749460146511,24.557729025784383,23.08849752338051,0.07032700200376008,35.11400741031883,2.057730112127121,433.8972499545205,4.961359849685521,27.166895625596553,53.06121199517379,2702.5295588920067,5.139631633367441,23.59760229904753,51.46281572862621,37.46763066905063,99.7568900880716,51.72550984580141,2284.397035385096,24,2
3275.690215149183,101.21527450714869,122.1278410914284,95.64997987365933,272.40161526713604,149.12873465362355,141.1815571684439,123.33085906386921,83.10315499892658,190.89127374222846,77.89599707540808,110.10576525251092,48.51351797402602,9.055955260255924,10.230492260273795,176.58364542857763,429.02901671686686,243.53800448118133,6.542799019116804,358.7198197726292,21.976271832987713,172.38833602544696,63.72236213334725,101.07182315294273,0.23440796265372738,1.2903035820982591,37.19438083069967,7.480903257586325,0.9696859357446288,215.32001401389232,3954.5714820365224,38.69887181925293,1.4142262335067477,52.75526827363228,462.7582813155296,3.109811454876853,2.965564306247478,445.5192656004557,5.620213403373841,173.48148119366118,2760.215975402638,2.7496065128157383,376.4859843365358,0.8558158777624375,5.092034602637883,166.3668140680815,2084.462039242853,0.7695447019539335,19.883117950666218,6.030964191607882,90.57617219991351,0.21700328680997888,27.525717915599046,13.760088306639535,1265.9265476681903,19.13120737512574,33.31899350397071,0.18955028752622716,32.076650336549434,4.353946713430068,549.5649731071575,4.46970699968182,27.849787820046185,61.0391407737651,2763.006518553298,4.381107071240808,26.862828413341305,61.00481173117476,93.27336738499756,99.34849244764779,122.50974169642404,2760.3066314919383,24,3
363.3180163359365,0.8269347010675562,86.4001960179146,87.12158224674873,86.3524841718652,90.96108520923832,105.41699397126038,95.50876254602908,54.59789894156118,83.54154031340836,96.86842217354776,101.13200509005435,77.6288899161288,14.145948742415088,10.06122630724533,124.5480161932519,258.3922547992645,193.32412271408927,2.873395922549377,8.451353925562323,52.246969869231236,37.82673410314167,92.19747105192496,32.89618838136795,0.12913088182630572,1.0,6.060298242210898,24.30185939119159,0.6699942504795207,19.17915242255198,2759.588838495872,31.61529909252903,0.6353602971306173,34.70597218683637,487.86908091383367,1.5778674486825761,2.0062288054868564,214.77114064468375,5.154609918881349,74.62300698789767,1097.8339277220227,2.069484783278617,83.55014844382384,0.39678215576608067,3.9891732148619647,47.04255614393783,338.24768984463446,0.31755863317669153,16.856702453545424,8.293466091314526,34.118872735321155,0.16306171835783792,26.061509352672555,3.7862440519211775,461.74558946525076,17.301489232607075,20.21770227337256,0.5860284056411057,25.11811543006089,2.4228481402061677,260.56887046873516,5.914192362466606,21.35923769360999,53.41183055715954,2114.1362299415123,6.166977000129326,19.440463812676008,56.87455179313571,52.550552569258684,99.87872892275112,79.3788211580618,1988.6391905854216,25,1
6203.832111780832,21.19608532532448,113.30121495991658,87.29004483393012,149.19538791770836,116.71708902636384,144.3710275593347,117.54596238877085,59.289188225674074,148.0731839977267,81.62704469842834,114.64894219744008,53.105603350593434,6.166228236960663,17.551887599598217,81.68254752219524,361.85897701933243,260.0048909720578,0.499268794101423,58.65052148625958,58.40278897963566,57.139744568331786,90.84498023630218,61.766255373113054,0.17316664805349005,1.3610839183989005,9.937199007948436,6.233231943910978,0.6428845987794988,50.56840540454701,2773.3157943832107,-0.6986989796520078,0.5129721109667279,33.15892885906195,382.3521051011927,1.4805852140899851,1.9919735735345165,387.4293426765369,3.972947018858896,184.89646830172933,2153.616558572271,1.841408780492586,355.8969873866573,0.9555820606833002,4.032978324589122,161.0559870040058,1836.6635073775553,0.8568611069438326,19.626429783589955,9.320358104496862,93.03106462642599,0.25768492153960076,26.98702425166922,15.219180524510717,1284.2578664607395,22.67347774464324,55.04459736531691,0.5889695421383494,30.541371994153916,8.612187762739458,755.7142274108471,3.8684066455779353,30.768993723576234,64.63076254570748,3039.073114256034,3.961632627682369,27.511775802480475,61.76857268009829,33.047566686174896,99.73155068822366,40.70353543862011,2775.586746421139,25,2
14110.242075651868,92.42847757036792,108.10375683037304,96.34507450503368,120.7673884188022,135.8754935522304,146.41831533496648,132.0847289297055,58.58136511727468,179.0150543950819,80.18245936631935,106.5357172494418,83.88460360776747,10.929723734908073,28.884345029830207,117.69590387699758,344.5867748029904,283.32135603810684,4.656613912180187,149.90788131147286,73.47899287836479,50.56928333978787,84.4175852409576,57.79300097667341,0.16406905860947027,1.3113026051617842,11.757749952112228,14.082642458368626,0.9940899114429521,562.5092543465657,2386.416773448883,37.07009207289544,1.2038153117463224,34.998766013230615,481.1184139234661,1.3609589809092624,2.1977266565365934,308.99330271159994,4.765853405513949,129.42702531345486,1719.9993964653634,2.337661193976588,219.22805736163198,0.7231552084816565,4.233978586093465,127.94358874989912,973.8113871032623,0.6174870109151055,17.047074146480707,7.138822048402071,112.92334721655072,0.3396482978133294,22.83961845943398,16.83212284458874,1503.9511707304018,22.106017281915467,53.00874412442363,0.32429320682756413,29.430167807338005,6.895150172677161,886.7627478885802,3.514009980628913,31.544581665165662,73.04122631218576,3160.4268457157045,3.2935014115984145,31.06197681722207,72.51118561063178,38.60386728727482,99.93067610263435,38.76704104362198,3082.556561390794,25,3
146.1857571280771,-0.06306386930769609,102.29019579536708,97.91581786140945,78.1239808687265,93.50994171603423,86.64138205017612,101.58617458528492,67.13612227406213,138.96021294596136,93.88587165796893,118.8720320286421,69.83719411622616,16.523295842788325,8.244900161810845,183.9301752571532,284.84153365691117,178.44697161167815,1.628544275169815,4.268106689283554,58.20373914518091,70.81003569577493,94.88618361109337,37.014478550707025,0.12134047864292857,1.0,11.0508492163083,8.232789527450064,0.5150091565037195,29.917118559483367,3038.838428805628,24.6733980904945,0.9912378451930131,33.406170153206396,502.8616051120214,1.686254942823827,2.7034043020907883,279.12640576566685,5.978808357129537,89.121135243741,1726.5633813093746,2.551143013478055,136.06522652049026,0.48610988561897794,5.01317046515213,57.890274986376404,671.8652764091064,0.3979367492976255,20.574602872565574,7.984687356585596,51.246238246401816,0.1886266133304909,28.305493715432604,6.634103288832833,663.1053095529916,22.83142062497741,21.04666959876103,0.3733745417675898,31.5440283181142,2.6102924515634016,288.12168152715674,5.347976924224547,24.32942841912068,53.19712641179873,2400.7643521423415,5.472396836423101,22.223977751080586,55.1217474540682,50.35290846221487,100.41458596583915,70.67403076181607,2232.5768488454523,26,1
3292.6270219045255,65.98178154952092,109.8257563405117,92.02117951279246,100.90195430329385,107.4821752738757,104.09670321598361,113.25816510874323,77.19539349801482,178.36976621213606,84.04740269780638,113.11520732518751,58.48892175540334,8.79451653549204,6.554367236396466,149.74958406730133,330.65342396975933,217.9030158623987,0.9884471095117482,48.94654184266511,74.8071448074213,91.89438613461266,84.6796132405445,50.29565677413964,0.15448903997793892,1.1900951900042922,14.315207265231034,14.548541325331371,0.4681015384207009,56.027424902018836,2858.167967954216,35.10351945925369,0.5449440901625954,35.664365821143384,446.340946348456,1.7439667006061381,2.6983165039455796,396.435963548837,5.494512998951709,151.80838884414175,2648.042168752384,2.491100739337853,327.6010404819728,0.8360716207274559,5.10832807499628,130.76090620526324,1792.2773440344463,0.7163837471306655,15.65012105665609,5.813402914127963,100.0339140337766,0.269813051831679,24.241957929305052,19.614058291203968,1076.4408383961845,18.11546265545867,50.574867376900066,0.5020983350214338,26.20664212861363,7.5380611980327625,681.3263499112104,4.252852136861153,28.910377312278143,63.87011114819606,2843.999851278197,4.1655830289303974,27.11562563222724,62.2516089901624,42.688518260569715,99.86250276050731,52.411040195210894,2735.9538864797764,26,2
13631.572801174008,125.80399569299966,134.368604254663,108.69583624809545,176.91512304191437,150.99363983511944,131.93429765754993,131.23485382961331,62.25778898721101,231.42229541230245,95.93163028733761,114.12056656046207,78.15302410267408,9.435798660119366,17.812892624636046,152.7973182870607,458.66071439412593,269.87816912876355,3.970716277941009,603.5728275937241,81.83002368024067,154.86448619711948,74.54813297734141,72.33389105140068,0.15507175124383127,1.1747517795427234,41.53402805048273,4.8099383367845645,0.502171712385207,586.2092558258678,3533.21564246158,31.34837118613619,0.8584903160918886,39.44120258841847,569.4955702265748,2.253940953252422,2.926866118953533,402.884615356165,5.767481858289414,147.6536238615111,2525.808198129921,2.9087635951657833,309.7870268790484,0.7568675336108255,5.184490376625069,141.60169118009202,1700.5784664466144,0.6715034727931276,17.47024606975476,6.041021602605988,86.56158743589577,0.21481538971910724,25.447734702730806,12.58570363042793,1424.1591436277163,20.6424175386423,29.045532281409436,0.42084909887389105,28.819358571598418,2.862279299045556,590.014787161496,4.192724101728354,36.17103310194421,66.97887325213333,3620.8433671227813,4.240164894553432,35.11640174014273,68.04454002316018,40.20258102787463,99.69716500904848,49.51823481062827,3516.268545225153,26,3
196.96137447417868,0.1918329979574073,101.470614741545,115.02390942190503,96.7825932939333,82.65050698270971,95.25276657258419,100.79828402914009,75.31735161641421,114.55196857785825,104.04721741641266,117.92229849298239,70.76861699799454,14.358687673649053,7.148987314351536,195.67558193125993,315.08027871148647,194.26638026073334,1.2046888539012441,6.318529807987712,61.76662986413304,90.55219668660918,86.5114393322833,46.60110564661613,0.14357352768254106,1.0,11.658507544502562,0.9660546857970616,0.4965026991938138,27.70130929720027,3707.8725527840643,30.709091307490663,1.2393099152907678,43.87744214637025,586.9611897129922,1.926675374657503,2.5177227598315715,232.86528083434996,5.711776410311652,77.83857691193182,1387.7593776911278,2.417823557949317,116.51318753441741,0.4941467471711981,4.787609131670886,49.34296066925639,543.6768143754152,0.38928757990820695,22.731727225778336,8.379249438015785,13.812137580575271,0.07195746393015941,31.457245972874887,1.384481375989592,230.86685145487775,23.584460614617715,7.044208643280146,0.4305936979805605,32.111396908813134,0.8053229269160123,86.28694190485226,6.045060150445661,23.770352490874977,49.369953467970255,2385.484591746232,6.083103098054462,23.796313685191922,54.67045896591947,59.41710499628793,100.17235896475856,82.20194229453722,2379.181487634284,27,1
4045.1383683037016,42.664728975828375,112.63995514309995,96.40294344780003,131.41733330680108,88.08249395354055,108.44591217550553,114.83547604033689,75.31181739020388,142.80925801058984,81.66627465586653,106.96857494085565,54.93559188154338,6.808044449844602,4.292486315003252,167.64805691212783,340.0899233435792,264.5964753680117,0.717989016516903,60.1576875560104,71.92771866313277,107.3566268243452,77.57122137099078,60.109060544249914,0.18059948946837953,1.2457341885644033,17.970796057060937,13.093163460466833,0.3744067150853586,48.134096475277445,3541.139729541337,3.865732778023961,0.6803697662135149,46.24355917376865,485.8938369476292,1.9255512724782713,2.3953782113501445,399.8641548721167,4.835785994494239,162.67540012411655,2481.531940477187,2.4447833542610575,343.49268845671196,0.8986651322706063,4.878724236202447,144.6233184786554,1832.3563844676314,0.779710379873547,14.953923121804229,6.2314109784990706,134.8208352143902,0.3730348757969268,21.870541077220565,29.855510177279427,1246.6498314741302,18.45530697375138,53.55255938478487,0.4502585224968321,25.87064541982556,7.103363424090746,779.3154210552339,4.947645045484562,30.66422293412387,62.428382332354374,3001.9104839649567,4.873943561396162,28.63301565030306,60.50977249203459,51.94622555500993,99.92753002018777,64.0940978476385,2886.100445095651,27,2
14629.298076173849,123.99488017038917,130.53090498612931,104.88981764869219,161.12931263033735,102.58451090535266,120.7512424167334,122.4499400197242,50.46141375025614,175.85201148885454,83.41600545639878,90.00986756685647,77.6614871234804,10.159730915669702,19.287742175306747,150.37439188141556,434.7509493133133,283.01565120281214,5.949757066040888,529.630208819521,66.82879002393562,149.41825713147728,80.20791310764933,79.03955478544411,0.17585993055423754,1.2257117004412423,49.06730816087568,4.908326461430721,0.690558239324353,391.115854807907,3882.0471052156,31.472963646962285,1.1010056203993996,49.59114561392648,628.272365286625,1.9503114398826487,2.478852215992988,385.16653535056656,5.162287448414082,147.4576318074686,2353.6159131792715,2.6078895557510786,330.10346434903096,0.861850634536923,4.789567091752274,156.235776969547,1785.8747626660384,0.7798638315449816,16.012677290410437,6.462823271924325,163.45515431679672,0.4262529366574652,20.545449865840315,29.01479333112868,2034.1431385561173,18.571801082583484,91.51544375267503,0.5673429948276026,24.272261437956598,14.00742282951742,1355.705333121726,3.974347056854718,38.35948055665905,75.7124506316595,3851.239225780581,4.012886805471512,35.95944040265135,74.32570471776499,57.36692387151004,99.87318725343286,69.21589869078201,3615.2460149756853,27,3
241.11248846122936,0.775823018964601,81.11110526115003,89.41270589135495,97.42526044596076,135.9703460169781,110.3393497440577,91.20215384590351,86.92994184124483,142.90853031653194,95.80044780440545,102.51417337595143,48.518251225417494,10.898036579885554,14.931090684610231,145.15217450864134,264.2894560615894,185.54112344971472,-3.069195416202718,-2.430151545480779,44.1086717793757,134.83557034559348,61.95924757609356,46.49534290888239,0.18608241448688032,1.0,8.668517948619444,23.507975676741566,0.6039995318274857,14.910730158787377,2586.1904668191974,34.62992419008755,0.548478941082072,33.289926665514805,526.538312006291,1.8821602512806996,3.172554719194915,237.64608449939885,6.389310806106462,72.92626539679254,1298.452253580442,3.175598033970238,128.67185626816962,0.5309785367959428,5.514235997239769,57.21328630009745,562.4026709574063,0.4313580573212391,26.693184206699634,8.765468441613432,36.19916263021099,0.14584979699104808,33.68911371569862,4.697160519845832,419.0149000820163,33.81774145290664,14.381372185661984,0.3278541019215878,41.36372468274491,1.7819937047196561,163.35417330208102,5.381139756959827,20.856328797108567,49.54023264904582,2106.6200643731904,5.5094221409562145,15.3945489047663,47.15960394354796,-20.482846237254357,99.09474115582225,-23.93178940772645,1553.2675577600332,28,1
4780.196964331778,67.81854565413667,92.234230479166,77.58646346852491,126.39582753547803,146.65402650479743,122.73420718292078,110.90399363089205,87.51817029216255,164.94666363682865,94.7767311248427,96.03947237919492,32.567911018545345,9.426258997595243,26.83366365374721,134.2727044078248,335.46370867564457,217.17243469641213,0.27557104518429654,45.026529870479706,45.58440358554512,131.3635266543242,40.94063307740876,66.0345054823303,0.20147825323885843,1.1411995387082265,13.217822317460712,18.179706069442233,0.5253849373461253,41.67970339968651,2793.469130340758,38.970666996045,0.6227209169133412,28.253966540104834,504.1964889436809,1.9885229334136365,3.23521421599179,295.6499874608707,5.998168247448404,115.89095621821859,1812.4321291502367,2.9917736235261647,123.09743805303447,0.4686150935247689,5.404131166236561,53.43452783086164,612.3101440645095,0.37730460815335504,20.06241675183273,5.568309930626237,-3.7100593898130043,-0.011173769338723882,28.65139303096761,-12.16765333044923,751.3472714919385,23.13636828175517,21.664848439835904,0.5966984024179655,30.31981489076488,4.119551651614064,252.6095316742295,5.09170278469559,24.206136213225154,52.67793694775999,2446.1949189817897,5.141327930977536,22.51089421280172,53.48940352113021,33.59170915284816,100.34621358799622,47.81565912822399,2280.1680033712883,28,2
14751.936764801374,165.92851726375892,95.53866168558608,85.42432018145526,190.3044251415771,202.43274768467896,137.5037697345835,124.39789769245378,65.6291997839942,191.53269499120793,84.16526577124992,85.17554646282562,36.981726788365634,9.686278524282015,51.879439092592165,130.08359028892698,350.4058760108948,279.790331550305,6.503088593602248,194.10608975375794,56.57384018847951,142.85791192961918,46.9181037096107,76.08415328597358,0.21162524962134746,1.2216276539105322,37.38492811534416,7.101631675427541,1.237054111371502,424.6771259952973,3209.406641436201,43.56030735376277,0.6390724286539686,32.89107929023359,620.8420589623302,2.496096341299305,2.3605736247564897,379.08370881131134,4.955718559974749,148.6767665155483,2063.6597231922083,2.5236575456478785,303.1726401616092,0.8348570415920313,4.663790627300296,137.60111693995077,1492.2184213892274,0.725677271993729,14.308353974518218,5.966422760508556,111.23893109919644,0.2928061970450222,23.91450072555768,17.06163507476192,1444.531015754571,15.849763859270528,74.43094615886835,0.48367646072473086,27.20750432992103,11.611835908361648,973.1454674194671,3.742878085994872,24.09346637322322,64.8905401604509,2412.0796836677014,3.5661811204407847,28.844432903637006,68.37562794880797,102.42490285249093,99.42329877856605,137.27907444158967,2892.2183056272925,28,3
111.49705651708307,0.271744375538558,104.73104264688364,113.50112496854923,138.89053328215726,13.169078793053615,96.19061443320211,97.66555802253392,87.3430859086216,25.864107565604925,93.24599191446748,166.13539989616106,54.82647663753509,15.34550261828737,-0.9926248428639859,208.01681624935978,256.6263971474029,174.87841965533187,3.4330750493797058,5.875976646569274,65.16520805835302,78.7920777500425,103.11638546345085,35.998752848887186,0.1512405428931912,1.0,8.137470279569637,-11.493698855832232,0.7712680324696485,11.408131218414985,2440.3996590698657,41.86274327676267,0.5270620599902593,48.082666521455664,411.56766452989154,1.9562807389494934,2.675130316911575,220.50178135791833,6.346111301880409,53.09720652963258,1466.4336046852804,2.1988071619228386,81.81347004586104,0.39236339262147474,4.7404407419175865,27.18500149728991,453.2336278359109,0.3184429053959357,26.677510625962356,9.151893636674455,15.10789892777645,0.08756361797088547,37.61901968355239,1.3119439403477076,258.51595153918504,29.158680775831595,1.9681763595311583,0.2597588612580288,40.11801237413841,0.14982951851313842,43.357024565619355,5.093497654442708,21.943442663646692,53.524130137441034,2270.997701229018,5.1108953644449215,18.877859705581866,51.60220058508084,50.455421529100974,99.16017481358843,78.01102509985652,1856.2049801166263,29,1
1815.983250001422,135.04212358635755,114.52313975215283,102.63258603834751,120.67572726391603,115.25376241441705,119.54778815210042,97.4464038517324,96.58596820456893,107.16156631218267,84.27206768777572,128.00888939866314,48.97354023751799,9.42121357554212,6.643824403373677,191.40253544994818,357.4488569200117,196.20200894272608,0.5638032903919488,19.033660807336137,97.30374823252903,78.04013802401045,91.80179633178257,67.0158444575865,0.18746301132913878,1.350103580979577,7.208019026195911,0.8027268796128713,0.4496688734032935,43.02199722500355,2729.5017830934007,34.669127328975165,0.5339500654096506,43.93574431179174,422.3626061976099,2.37803087095846,2.4448337086823186,391.89748014670306,4.999655443830285,135.11433725972446,2232.8236467486195,2.633734507276221,265.51761149547207,0.6910320102197886,4.751090783318926,119.8811125587277,1385.2832584375253,0.6274267579740695,22.943048636142727,9.718166167599666,0.9574040887205513,0.006146017670044052,34.599102861037316,-10.608940760768842,714.6312279404317,21.830555149302228,-0.88327070403097,0.44093157348402345,31.782788915735765,-2.082187114335087,89.79687169505985,4.797464210150176,27.82281614865185,60.211137403143375,2858.6588450271984,4.789990915352416,27.094951317103853,58.704278884174435,56.13649378422278,99.4922457772893,78.55831155345624,2757.3646974775784,29,2
11681.370802675481,209.09270356648855,117.1957059456388,113.56432517852805,170.98565819879758,115.11282262913159,148.49961934328306,108.2406485662268,101.01623383243849,119.1498290493914,88.33077763402547,116.83154746465539,67.19831324267248,11.866920331934171,11.048034884822604,164.7316814574947,397.53694638060375,255.46417074448158,2.638572154802366,498.1209091352688,64.71029683969013,86.3308754604547,68.18698993402373,87.10175329988374,0.20730653577878416,1.5080654206235384,18.389462728949265,27.67807745372313,0.37934774705254987,484.63957320975,2883.0767394751033,54.22061083713469,0.6626632307025443,46.62621993999689,638.5350228559229,2.8285265370975035,2.93197158425915,286.44065457164766,6.322387617322798,75.40720670808017,2066.1483332289945,2.558125379459165,129.15465886420526,0.506417343992944,5.251099152988623,40.82761700482688,686.0991151631176,0.36178897959904344,14.65499864022031,4.218679078009123,141.13657293715977,0.41649956815157674,22.088687023201494,25.39352906849637,1329.0175637283182,9.804718258316319,120.94837605373849,0.8768526833819972,19.308974847444546,20.829913990991315,1459.456563397717,4.091290275074249,27.0970283999325,61.931498233290455,2705.2597123509413,3.778549380855306,30.09322761903569,65.50216218734052,114.25101944353979,98.91918943541678,148.49491863612113,3000.6822781533674,29,3
402.3447715461631,0.26152871239223363,80.70151685805392,67.51256198942266,72.22534875275176,72.63689159688094,67.32464308442493,79.86141603800554,22.388196838944026,51.274137818366405,77.64816159389444,148.24924165975432,36.56011382184763,15.487276331143264,11.51344148854913,187.0505636416513,199.6021551576389,100.61180727577602,4.844385635261643,21.85266209862761,80.32463001270112,12.495642962982856,77.45844121251164,33.94378138215815,0.16245717005658028,1.0,7.187530589859573,-6.553504770448235,0.1009071986460271,2.6449486124240735,2717.2496234015857,16.70621258188777,0.7080986875852363,31.710629734856887,434.8893649399202,2.3207923266475214,2.059112863410425,313.8910897689436,4.469238888718113,118.35822395459515,1815.260224363213,1.5766033248327016,159.10821169953107,0.534596251737485,3.9274278543600802,68.3425804353209,814.0132757929413,0.4868077524514779,23.171956432723356,11.190394314913052,8.619662665524636,0.012977672407971236,34.2069798935051,0.9016710506752439,227.71678674671318,23.476811954351117,5.337764879019051,0.38916131217071215,34.65116375448214,0.5325778218904409,148.94934572349055,4.408396348287081,23.932541611413846,52.617315052058814,2369.4415964383834,4.549012825043004,19.430966683343595,49.343025758203254,76.60607569414174,100.35158552547382,117.86294383837622,1893.2830094150806,30,1
123.7275908005513,77.89454397806082,112.2893084585229,94.94338005493631,85.30952670676653,131.59263665577018,116.66239188369644,88.03548925022059,62.818936637465534,84.66465935145752,94.28013520650549,154.25736829715433,51.16114583094408,9.251984869489819,11.017862203512967,137.38024723381244,398.418837098718,121.81125788544236,0.5600456989892657,-0.6942812306075652,114.75601500919247,28.174132470968416,86.73526931588941,68.49838293943057,0.16958088406844837,1.010646762808391,9.795815588157128,-5.608667007776116,0.11536058648364539,35.633579115810306,2547.939805823094,33.71879265772952,0.3992425372770354,27.526946457743463,389.5393455094331,2.1733509105160502,2.2268903508691476,351.98934476402957,5.019938606032152,125.13534597988131,2166.482982332732,1.7866610155983356,215.6196683394609,0.6190998573078372,4.161807779718336,89.05879499704709,1024.0256286027418,0.5174770856174106,26.799149961049547,11.760986982254279,84.41273772844227,0.28129748548140865,34.58347125568393,26.980532513140144,223.38065322870284,26.36240168538319,38.18762060262328,0.4067185338585747,35.518251186271655,6.768526442428734,475.78136524103246,3.2989017092795154,29.991210012251184,62.188275954347574,3072.616262549851,3.5117274239884892,26.47259596008393,61.05732833762322,33.94006764717616,100.19853872337772,48.89352451941752,2701.110355575257,30,2
9808.428810354946,164.3696655255878,136.3494318369785,143.2702218553279,197.15274403215193,263.4038157143848,159.830440684731,129.3318761426288,84.28564376620662,175.86460585417072,115.24789632075355,161.27671351674746,72.16407571647677,7.739775208438427,19.62939781896836,139.53839854432195,508.50398428444083,197.81686303394122,1.3062044136252378,497.4791627956615,125.08284151286827,117.57616147045016,65.70599704288007,87.72006103980235,0.17678746662005318,1.021204190226639,16.401524135414956,13.459911057338054,-0.17772576271391805,405.8600304630091,3116.291968860241,30.192072720629604,0.4564837255843617,26.210973098047873,491.33722052046784,2.6719770750552114,3.337556067139701,324.7676046227343,6.223590323954506,118.77862629474325,1998.9996155841259,2.884091486872844,175.28755377298333,0.5191820606970273,5.245026959474763,85.88718728968607,798.2159900037668,0.4039447102913954,20.898913426064638,5.864611574235016,-25.547489385070534,-0.04573415435012976,30.33146933096081,-9.506409558442785,114.31746213086501,20.68828017977974,-15.780644761825513,0.7011311769827306,29.00757001519635,-4.474194266975159,-64.67217889726544,4.014324369792895,33.033593252736416,57.90319449545903,3276.1153783955037,3.9317751616086665,35.37362000982058,63.07617277699413,67.16034091328416,99.7473866676056,90.57530077721013,3487.39099191383,30,3
127.36128811606216,0.28667332723843997,95.32701006146328,104.5271391597612,107.4655197763694,112.62421074780708,125.10307659976272,98.92079565048498,146.08315810115099,122.03268610754918,99.0107583368256,123.80704028444737,52.896581371894285,14.955808094480325,10.33283840957661,194.94053109938298,293.5233351997788,239.60370920949381,0.03827532237365827,-1.5897946485902201,56.75472788557329,100.52389708417539,62.55052758859471,39.35185646554806,0.132030876169577,1.0,9.526198861641273,10.578743370784228,0.5354988072165969,20.27051659824684,2396.6189814753247,30.834010153946117,0.7822038900848148,31.348536930582767,486.2075490083352,1.362240390388794,2.946648043179118,243.1260875282598,6.2843120804887835,77.48929603249978,1383.0265428863602,2.5700450721331984,117.18604160977132,0.47088846569913967,5.0750335871032455,49.0990079328817,503.46435378691285,0.3710964124067667,23.509338608689667,7.955775474286848,39.1262177292291,0.15749223708788063,32.46838044932396,4.212550257963246,561.3914468527018,24.705033959201952,16.370708116999527,0.38592232768507895,33.07925180405665,1.8259006279983852,221.7819853672021,4.896916287113717,24.421475169675126,53.45565891013387,2435.6786149277623,4.930271117705742,20.749536409973995,53.69615802689823,13.895600877992944,99.76909891781693,18.889292300826817,2108.8265601050343,31,1
2245.337900347182,-1.6152187466617676,99.82092261850588,88.87169385240225,110.43859245957121,118.10460532736465,142.5845081401869,115.63773844989399,132.75020761692565,158.13028740905986,88.87846482101928,109.60568134989482,37.37262361953159,9.679987107850593,13.659840962731003,157.4147341609305,346.83549019734073,272.95971025704443,1.0257181699145932,79.25342179549818,74.45162045757222,92.11908640526077,69.14337507350261,44.50958701309788,0.1306218763919254,0.9983308577851489,11.944305490747892,25.29997215246028,0.2949190168309809,28.58315147268666,2490.9663259153704,36.672232129693384,0.6239416864723648,30.28776030239799,457.7673379831969,1.5427250644081747,2.754259353938284,358.5673599148634,5.711595770413519,128.2159550700739,2135.447118428533,2.7112518111988297,275.40485521205426,0.7674041821341251,5.2034641645627175,112.11622262949736,1464.50229250155,0.6702184305777031,15.06996249223234,5.285245621313903,43.37309802617804,0.11085308392056345,26.05654891428484,0.35503729859125066,1092.4997373763597,14.950536577232029,18.658266140339016,0.42482880243470306,25.50869310578098,1.7357823645843318,358.1730589901079,4.2438521957772055,28.9159981593708,62.06428100002017,2898.2153106500414,4.27363406269174,25.737300282113107,60.9446356836344,35.68820191269751,99.99198611538165,47.41089041997589,2611.1386171567046,31,2
10620.391800219866,97.4350550717578,103.7707883945826,78.9802783719645,160.31175755722188,167.8915258098624,160.69423151572767,116.1634161902417,94.73266644316378,176.95404842184902,80.6579393323134,99.50957661404234,38.840488378485745,9.094289277935719,26.212756806365892,148.1728634407343,361.6495767929611,280.80868696700645,4.876327799352883,704.287742031138,74.67398682336261,110.0849072015514,51.261908265936306,48.998760479825116,0.14114724006933002,1.0827897688510448,38.22154539186939,3.612332245014425,0.587857649570399,713.2448004624046,2677.069938708495,46.07568820722896,0.9208968104150395,29.948525561515968,566.6945209352095,2.1166275525285627,2.294165207833437,376.7876972704925,4.753631131129558,151.49432826680712,1949.9338344275604,2.362085180679394,293.17062615589913,0.7905934683989116,4.507968986224167,132.3128615503225,1372.3870688909863,0.6997246573672542,18.45861261510583,8.025958440015403,79.63805794884638,0.20978681727952503,26.559594316332557,11.814535150717992,1224.7054766210154,19.91616957155553,47.28552028023197,0.48997955896226547,27.433707002586683,7.366821505915693,624.0746150766513,3.9845537841074194,27.954562424800375,67.35901524939752,2823.0578320574627,3.926618645649856,28.585815692978542,67.55041583352954,44.16369280472826,99.87379751267324,62.9149737599808,2895.0693587269593,31,3
127.05283949040202,0.6974355532894787,97.56031865706174,90.10674832646578,82.75131102314947,74.66132107153248,82.44559707507824,87.67323117162293,45.365368332720294,111.21778208950343,89.57905829535433,127.23314467767653,35.60998184767523,14.980991858342028,8.331936281259104,203.33942197673227,310.0829956695827,166.45159778473356,1.9867772821518666,12.773564479105913,45.973819439523496,92.24205451299753,75.71348984771068,43.693893313427125,0.1407894433760502,1.0,11.368025226840748,27.71839892387002,0.09561210005985143,37.891016700329864,2642.968667625358,34.23936281717114,1.067480638062941,34.81499821482899,559.9739769568687,2.0549730143097262,2.9921919146217095,294.44380461521774,6.218332097542318,96.91054917798135,1924.928689520225,2.6859674241332643,102.31999605920723,0.3179724988885291,5.0598930909794,44.97734128133453,497.51229220421124,0.22808897371269576,27.575993277393984,9.221307283449345,34.2249416356736,0.10449399610904433,34.599039306818305,5.071630919204926,310.5868891938684,32.34357777815484,13.812366055628853,0.3170260118469075,39.722502105114174,1.7148649841595185,145.41807179874678,6.429477072567378,26.95921863404947,52.516196286023664,2686.3697947788937,6.763697590946653,22.417746346730155,51.701085517857834,59.530249281220655,100.84430551227818,86.26741671591968,2318.9526097180346,32,1
3671.022049122227,-15.872093155384178,110.97022696075067,71.2995528384723,94.2331993887297,43.237246527142176,81.74811558412321,101.25702741451629,41.41308278984526,112.11030226490183,80.27535487228063,125.73815961167965,35.02314096938981,5.142166083095774,3.0785727425963856,94.9051807810091,319.2044793036567,209.59251524952478,0.605553384519293,3.453522330034694,46.19319464511557,106.33098074077289,67.99154159369098,46.609915511183644,0.14848517434197567,1.0632380607590992,14.282213690266651,2.1757769001694864,0.15297931924293834,51.87162483070082,2701.112211733507,13.809940331122746,0.6958922913243623,38.82669517999693,449.249873552696,2.033680590369868,2.845821556207537,422.34759958204,5.682549459865293,153.0109242851909,2999.517852113011,2.7475563678623134,316.40115018298496,0.7554629137004952,5.255122699388882,132.79806137468205,1788.6057839526504,0.6136160106949706,27.117174139023884,9.910305561042033,17.024784926360333,0.02522631565424055,35.658450713970204,4.508458184588756,33.11091154401947,30.988631111641084,8.309691932875033,0.40677718852644257,39.512572643331836,0.6822586634616217,103.30063118040562,4.958966424105208,29.811800554792793,60.41294919456363,2913.12265090149,4.882367439164474,25.93259900973663,59.29251789155819,42.94415960659091,99.90241754618654,52.84823735779824,2586.1386520363394,32,2
11855.930886908436,40.48439254856055,117.65815954731589,77.04592564308416,159.72443330113555,81.92994192513986,84.62838884348568,105.67687191153607,20.319636473160145,133.1985992285515,89.03535688741454,116.48694862691087,41.713317327995114,6.152039090474839,16.335569696452367,124.50301462263592,423.3076158690515,208.72410588239282,6.166237153293995,133.5177911578424,70.5596967842883,143.95275703753902,45.75217381270304,63.79317973388735,0.15333164190603546,1.0963421568810405,41.70126213724866,1.3306820771957124,0.3381562017132026,366.9745545281247,3503.668635557484,43.742725975816384,1.1536598933965294,39.05096184599295,602.1926333127082,3.2690579538190394,3.1257679434516414,402.9280168785977,5.68418392140042,159.66408748107315,2621.9981768657867,3.024368398658166,363.83475752712485,0.8995075468249235,5.3959189886185905,155.05497517215846,2078.9764838050446,0.7994426244149466,23.972025278294396,8.18439887221844,66.39752343126324,0.16214473123380424,29.22632320197514,9.553011578644126,1233.7116413420247,32.06961927735672,8.450708922150998,0.2560017919339643,37.584511058729,0.06773137757530634,299.57143777401046,4.862412181456237,32.76321412480375,64.49457569319445,3302.9524684018543,4.859753191033881,33.70701163974082,65.30897294531276,44.55610995374015,100.17851379477032,61.06382472027968,3321.882249184391,32,3
381.39187130198854,0.5878476762371128,63.326727667194206,73.05465527657503,99.42406373363538,121.25565629227694,87.58671555151123,90.75713866027056,102.40901980881205,122.11843579170915,92.95395404239181,103.577736792072,38.18462434113459,7.321603334894336,9.590923524999088,154.91148422265644,183.50819445801793,112.69850841709994,2.1049044071158836,2.8047901772548154,59.941656992051804,105.54581050779788,67.5963014278675,19.68309134043395,0.1144952334387882,1.0,11.765802352426629,-17.611247625292453,0.5647746569612443,82.68632234341413,3516.7490249863795,30.130126372674972,0.36488720691583715,28.146654946955124,721.3171102969917,2.029468174891948,2.2497441805351492,240.1611777203395,4.771302189921064,94.71735929468078,1276.8522128104355,2.2542479042496564,155.379100971919,0.630442586647646,4.398680946950524,72.48039272908314,731.2462140058298,0.5614901215532552,30.02230700704909,13.649093703535886,29.491267813828088,0.1512089229818644,36.47514085731579,4.9342741876293,423.29880217761263,34.146403149675436,14.338208216570118,0.387055389467059,40.86999516453615,2.3510373679012155,245.06006720320875,3.598417921664645,10.551231807938242,56.33779423741245,1055.1237678360483,3.455904740237826,14.437493308720956,60.220877913280226,39.3997092478561,100.02458207775213,54.5022281055484,1471.3673908716746,33,1
538.7533723859017,31.961808208366957,82.0436601286872,76.63395368318541,114.42214448106131,130.83445366092053,125.9207529396736,93.49791239207062,98.94148424085792,153.49073366765796,99.06780030426214,133.9962070085769,47.86544406835186,8.26241850023553,15.067684770859252,180.48600729613014,348.9010260028999,146.25552834308814,0.3840131356050451,35.73037372890706,87.55555099324935,121.05684283563643,52.642157851647156,55.222622259498365,0.16115885986842368,1.3943209101556682,14.505363719579202,4.63537510500884,0.4182279130853263,59.62983400172901,3003.2209619768882,77.168630163986,0.3361700443726224,27.663960237471112,534.2514113033335,1.8502748184143067,2.291491419678398,304.76600384910114,4.520386479559822,159.352784482661,1354.3221395932242,1.7715796401578578,183.78592245082027,0.5625849801045347,3.8971090043569574,98.42899818293522,750.159550433303,0.5833242460210892,17.397761721918513,7.584516122808504,105.08562192256841,0.3132816832937336,23.208727105832264,21.26695497821677,1083.506293846999,17.515085033602812,40.46024453379361,0.40225846931550974,24.900200877658648,6.1916866901378675,575.0378331192344,4.936902477775437,22.558246533636954,60.52131344464983,2266.559911414562,4.703957856738946,18.564428883298383,58.883886998825474,36.274018832241175,100.07347772932775,57.751937958827774,1928.8279809508635,33,2
13891.28685983728,179.7959363292897,101.10834968569297,96.41868903243517,207.83503902628516,242.18815386285388,115.29080939869529,111.36927294688923,120.03906489950121,178.49245078402043,105.67750307237523,96.64634528385193,51.09852038820713,1.8429483122990984,10.968731530014118,123.61016230831541,462.168950067578,212.05939194228324,1.7276229994289891,547.2084910678383,67.31385665386176,175.76198133280195,45.33580563339241,59.59210593445427,0.13190426117793072,1.1232950579884315,51.08077650815727,16.029617729273333,0.19631725464157557,-37.26681865413951,3713.927518021582,51.190353362443496,0.0996104296437118,29.929060542852028,659.9102601456946,2.606519205763219,2.0030188068222996,404.79684689285517,3.5611339783320832,204.03107496867537,1706.227063351409,1.9962838365925233,387.6546415561768,0.9938172884439226,3.961147167926239,186.4882005987412,1732.086397147341,0.9602876461266892,16.791191622671196,8.443360390188221,99.00386673502217,0.2670553743167509,25.32219282546101,15.138006757295733,1095.7024609246673,20.95983054616612,82.35510327738389,0.6525241750347717,26.56473974812925,12.4324589566975,1118.1554430696597,2.245410965138964,31.221241463281395,78.34176614556901,3106.2072431813513,2.1167042705922907,27.351569738246358,76.13491736044112,-8.615796686968451,98.48525931087428,-5.075821484906129,2715.9503692389135,33,3
321.82542747231616,0.3206486983081915,83.75020195558947,82.82602023337998,100.03994407907001,105.45445386273796,91.98458560798858,103.79954094884724,86.10657065338084,126.19083792354058,88.13019976344587,123.50136139888797,56.49134955623319,12.552326439826404,10.324702117090014,159.70075902932558,252.07651733088133,162.8046365512448,1.009347669580372,0.6724073699166504,51.1389778263074,58.61147338690969,71.46131737630063,29.98373120440054,0.11458162202434402,1.0,6.84701625204756,-3.693159125159413,0.6200442205769947,38.436380580016305,3064.136008594032,20.26964012410496,0.7242081928816532,33.28459094531235,620.2414904737325,1.7853077616681905,2.6243934952476407,245.7571078617405,5.988259094980504,72.9435476665503,1529.3862237194737,2.4309630346123243,116.0392426687492,0.48289992573588825,4.875091423100771,49.431706363151875,599.2852905883377,0.39050828355316103,22.898958921422746,9.321518755797719,14.744550778095135,0.08028143408389588,32.20958429351231,1.218973762273606,376.09293585691717,23.851997247435925,9.412584943230375,0.46872470628649043,32.838674296031606,1.105974278827126,179.71219658138855,4.5159061876809306,21.4858600889109,53.515282176448686,2129.6497426547094,4.703657582750612,19.773887126393873,58.768807626055825,22.24527722871518,100.15517912187097,29.311888455406656,1974.86654546679,34,1
1953.0049037126964,48.052687158899005,105.25320316914754,91.8370467576615,145.71630100508838,146.53364902035617,144.79477448052398,121.6804873141513,98.15525555663973,162.00069798318364,94.68219085225515,138.55273729616326,48.716246762409085,9.722356553492432,15.648573011996213,169.43176364004583,419.66658507585794,224.67746532431502,0.6604458258326809,70.87730858770374,75.7961788963444,72.56033967820443,71.83080542028766,61.1043960119692,0.14371371604581376,1.1941315236873087,10.553658911569322,9.095308036693826,0.4110652957919855,40.40991684609449,2854.877266975786,40.831911156775675,0.6433103413858149,34.00191327344343,527.9681637123325,1.834576255283086,2.8010218133742075,360.9371894939067,5.53732407149173,150.87750102243484,2093.6959979526014,2.523127974850447,275.47042327351124,0.75201836960021,4.987700090578782,117.60342223065885,1406.4325986371286,0.671725318521208,19.38514382914433,6.777091224924202,58.1568071071806,0.16906190796245438,29.519937370318267,6.834730143175193,996.0840263202302,19.44227315406076,25.446727475970306,0.3675998715769123,29.84775921919888,3.929470683944677,387.9972350521762,4.294605023459045,31.519459505526747,63.35501377507001,3154.500724956625,4.330857218987128,27.55763758055853,61.992807595768845,25.878347366485517,100.14673144650635,37.4137387044506,2804.7313207777925,34,2
10675.647902044533,139.4940744779589,117.1771325243226,102.38307930289193,221.02359246157764,201.96429435158225,151.83539068806414,139.77929380507067,86.70252950605305,224.33436982669107,91.44697224017726,118.9385876112407,53.29670914467621,8.320868322390426,23.73314896666484,155.1701676219563,430.3186920838046,254.18066473275965,2.0563078039916856,690.280576982552,72.2215599852195,105.93931762011863,69.58148836581884,62.64760409882603,0.14773317557435656,1.1966491807937834,31.656416934046767,3.8141997179911185,0.49588156670491035,487.70629953825875,3247.999114061978,33.57969602659037,0.4423991630455482,34.11688289499802,590.7359364743222,2.1712302885441757,2.319340666679688,402.67033533422057,4.724272744781951,166.28078670995833,2034.5773187128384,2.3306237177895888,312.43510976424363,0.7877020399994513,4.454466162988489,146.53287290136447,1475.318211557779,0.7256962225054725,19.940934070203937,8.387975601998875,39.62895489114661,0.10177732167562398,30.922792685537384,2.38323424569253,819.5551311616289,22.054551019560922,14.204997897797764,0.32585788312148867,32.66797681611957,0.0159886597846004,382.5743505201922,3.0820286225447298,33.98649312760622,70.98567821010391,3386.3442913391,3.0637966222682236,31.96696751004319,70.95741071170406,14.029296500770712,99.47506214626358,15.467836300002674,3209.072711845883,34,3
362.77003802971694,0.36052787148619375,95.66743960851055,108.4177666564277,108.93736936043943,89.8135857307497,103.74533451660001,124.50228051665448,77.94464187911386,65.69294657543102,98.04959944768137,156.17054413486568,78.47007293681138,17.78543150737268,6.524977648875703,152.63532352048475,233.20344650605202,220.12688960590629,4.189801634197863,8.529462816982122,88.93760782626279,36.22490292675504,121.24460518145605,24.46063643321886,0.10295847065975663,1.0,7.79120069972439,1.0545231250143718,0.8668145826359811,38.871565392130655,2924.825049178591,24.730778778167537,0.5328314752848036,38.40139948174653,483.53247185910936,1.0820306816720129,2.7738511906920555,220.77627037748312,6.663912927726973,55.130969351718164,1493.618278366599,2.1910903491458447,32.15514126113003,0.1949923580613271,4.587787261648088,17.349976580786354,186.49601484419338,0.14817983404544596,21.60420259503618,8.812727572166384,51.75799733578353,0.22835714403139762,31.1429681341085,6.105169292816381,778.0571131315567,20.882452021223504,25.371102390059562,0.4014964089455087,29.97512266763033,3.319168162890835,417.9752194605019,3.6984426860912496,20.25508177615579,60.08807056532426,1966.7771621270713,3.9633720336963867,19.71727230082331,66.86948437187965,35.9663668693614,100.76514905156293,45.75459885536196,2014.7386676315868,35,1
1884.5877610551083,60.740708947851985,125.03317633013238,113.27657852233489,144.4112728676573,153.01974531492291,154.83974312977955,136.10392098373043,97.42714012576194,120.27049525148274,94.11018360184521,157.63352488004847,65.02389623710943,10.892026709515074,5.797507832721331,139.2443385390449,407.11744541704326,268.93703769795775,1.264650711191189,45.51191730787674,115.33889640461705,59.90347322176745,114.0385514915051,59.570989625994606,0.14749452010212818,1.3026363615475356,9.204162027463127,5.475024826248451,0.719528768740956,46.779884873573785,2779.449929375589,68.11155650924407,0.4540194823139448,39.21364603622818,421.8446489562873,1.0340670063204092,2.6856178015730237,377.6187615647913,5.299803223218626,157.17062916976482,2093.0684887230254,2.1615594493608254,300.4991828115382,0.7627038238849734,4.534297095138093,133.80682121568321,1491.0596216267509,0.7145344938707997,18.361786787272152,7.039923599690027,96.94629232680158,0.27703114339319246,27.711204838791353,17.216590860504034,1182.3007548420808,16.290700215842424,38.23957069241,0.39741550955622723,27.129375212203033,5.610500604729973,549.6182556152402,3.5210933568675706,33.423146263756564,72.28885941244087,3315.207277692223,3.400937504430437,30.155558339552126,67.07622187873909,21.68477943882617,99.40884303141985,27.487068217113446,3009.2418016327147,35,2
12002.952557430564,133.72502800263354,148.87850971027723,123.70724971081437,226.1628433333716,200.3509447640056,177.40681250096878,162.66381124096037,99.89891914133133,156.58426387904836,104.42532031416701,145.24921759680066,84.5732506535598,8.421149599372479,8.05141628396882,143.91657082486097,464.0134437941099,311.90432788967325,0.20767976641350927,737.7759761578478,110.55554096486597,93.79471972551342,76.08960566555777,60.13807694206682,0.13121584160821062,1.1132011078998127,19.564146449539233,12.028913072531356,0.17503580286280312,485.95694174597725,3176.806620668867,37.13160817138346,0.8802293546356438,43.58045267199374,562.8324239118356,1.5172751675389717,2.9127504109227753,362.6557589292023,5.310403809721343,150.9394619264062,1818.0162469740915,2.8407474089924585,252.22749439758235,0.7100187836027665,4.757356634648051,137.3585602413558,987.4329689876389,0.6016743121206928,24.509312058354265,8.467078611129176,54.443112174551224,0.16111927573835214,32.95156564377412,7.526144513929614,713.4851949275651,25.164350237642402,28.352579824727364,0.5106241039717853,33.491171249805674,2.770460606041706,560.6628406331687,3.653124722459947,37.990027999596506,74.55956211621422,3829.442448430828,3.4482751529109086,32.11385886130039,73.30239629561143,-52.869393152691586,98.68444722885297,-81.73172571483845,3203.953211681656,35,3
138.78747197157386,-0.07602125707150664,99.35195722030898,96.05801557280145,130.08733081889815,111.30586571867704,113.6379686403211,98.04720015371426,133.06867326981376,151.3702648248629,91.74413404647096,144.79143510803763,51.69620272473846,16.119892242382736,12.248944257018339,210.55973728189002,328.17884025671816,180.01633760004293,-0.24597100344944622,2.413271031296336,34.15293888882172,88.84898631202208,63.485982445808595,39.46421694175528,0.12129385975990789,1.0,12.466001116662603,-9.607614363048508,0.5615205544327376,-5.416800426073916,3342.747458764809,26.755720957816646,1.0466926189789163,35.30460513387841,444.5691197892666,2.1301480701384787,2.9182310247660808,282.38923652305186,6.048067365357219,90.51873617874013,1781.4746692685071,2.4648684212786662,133.22729015732213,0.4797608403830021,5.025465742159129,51.193664235525155,645.4196124673832,0.3877746154207431,19.03891263941313,6.185516590171877,34.26538352665526,0.1214615966879756,27.302071425063616,3.97800873210553,591.6117531444012,24.61410277254657,10.43658458780515,0.3522276556210383,32.94451091204674,1.1875950757244436,167.06272934433602,4.963394377106978,24.610210388440162,50.85460871275304,2505.021971853948,4.625486525749905,22.609288756175914,51.125981175328405,19.604959940894354,99.0826725589653,28.50459441178878,2200.152652697782,36,1
324.5824767846527,21.7958188123596,104.68079025938373,87.48822636238582,118.70488360502854,152.6120088107111,130.93950658828186,99.06415864466813,138.60482183787028,203.58173556079043,86.40637856525764,114.91430732455193,45.03710413387837,11.625030446633753,14.076504218319492,235.41164269892596,374.1065246148073,232.27757183201868,1.2843590026008112,44.37480021930769,41.7282248313207,99.31947263845817,77.40372299597313,54.995899475733566,0.1461002518160277,1.2236243252498966,15.422598430689757,10.443973193216829,0.34739227822175167,23.434626420173693,3056.9709121364044,33.55996954436124,0.6801343186096359,35.907682067345654,448.2318209902027,2.347790088296068,2.777120883047017,397.1552125862974,5.729348864949851,138.44784179875717,2481.823836674128,2.784267221938199,271.65901032695933,0.6935573144365702,5.283046402362868,106.86800240532926,1447.2771773126772,0.5929908180866053,13.178611822070685,4.2442016007753445,150.49524929706135,0.4094676483622971,20.75717799249447,30.88215808606454,1708.1056437635627,13.244008530296828,60.174478079337575,0.38632021804925065,21.757293834663535,8.366881611694609,913.3586921944395,3.9943633115967296,28.51539107732849,63.092504227945334,2877.430791096156,4.030242583359058,26.122061854730404,62.8725156236131,40.77571474584691,99.99893595086988,56.00581370692572,2606.288577593228,36,2
6650.988691954689,134.85480229779805,117.2369978468756,94.82888098287202,226.03426032860114,180.14867514550332,144.83908194041823,112.65105530646467,105.93692948922107,202.92777167006986,84.10947852857704,102.90761674375683,53.505554264772755,10.741351186942804,19.15387634605362,189.67608846688384,422.49514459212827,243.30922655943817,4.6674586830280695,653.1577359532635,33.47948126554455,179.824714719318,53.621665126626226,69.1499254951656,0.1609946096999712,1.3900477654739922,48.75838649968157,10.267180279952523,0.5002281003080126,660.565946374922,3700.628713087721,38.306183764782794,0.8211590349709526,33.485737768034845,550.9674119522223,2.823493711296675,2.5391432490694843,432.4145147566402,5.071740232392161,168.50671412623015,2434.6216873571125,2.527527139562018,342.619543833939,0.7914575460389313,4.685440739901037,156.58786056330754,1761.383082056229,0.7168765172773407,13.334983212172979,5.2074347186124825,108.37312722148035,0.2722295543239649,20.764568259633815,17.092452146118863,1562.071828124355,11.959830386604523,76.92355130999292,0.6826912031586004,20.03696998842075,12.957407587867113,973.5966603432905,3.796511884559159,27.04607432378972,66.78288110704186,2679.9106556850707,3.8005017519271904,27.437982426267013,67.64960726991912,64.88706826446159,99.86383955480252,89.12680380132664,2783.3382895894374,36,3
164.58667424595666,-0.5060501947582072,93.70925703786095,91.1364404208211,50.59368682270805,147.93564658070449,78.6123077003945,105.94018682280486,67.84111933341693,209.5627989750354,99.54644680328646,65.21995724499452,77.44201014271913,11.823843305793519,12.614160724213269,164.67752832100658,242.29242061188555,166.68458223176353,0.8994382705705399,-12.330356533058191,48.586416222633346,81.45987244246757,89.6993921071522,24.64527687319033,0.08532326227609084,1.0,9.258558488583406,10.571711823878562,0.7916939640518716,77.73162959678982,3293.653075414674,19.850565270535938,0.8879179959954313,27.876679682880926,734.4106765515558,1.741656797158183,2.355012575958212,248.20471651020563,5.564210259717437,79.66682945961041,1446.180227078138,2.8995869568723354,182.21516059761575,0.716740772935912,5.21142656246561,82.20202165842822,910.1188823368616,0.5961936795815896,21.475669190652006,10.023279058790294,37.60270790557234,0.17804361955177758,27.426708533706275,5.4888092392901395,513.486721458308,23.891962182432305,17.973820397079358,0.46818304126813204,31.62933176518932,2.535621672396681,238.5151414374523,5.74640079142884,17.683872543089898,49.45584405572351,1714.9222916531075,5.940455801755815,19.621476532332217,55.54535025261045,61.477885679889475,100.32550720374824,84.01861061371977,1983.685949274053,37,1
4616.484633667513,97.29799108766576,87.17339574703954,84.69073017218273,97.5081695194687,113.29125837905312,94.78724128514605,116.5425759074662,62.90794942450721,239.7349016625106,85.76621317825985,84.93368179483718,62.57135800439134,7.486389254001413,16.445715870763216,154.44172619488197,293.93927571736685,174.61989637539236,0.27293882650724477,98.08550764141341,76.39468913209963,98.11322314719743,55.860440191479384,41.2712268180508,0.14772343877850216,1.3774006865657105,13.225375055517489,23.01465322911458,0.6831491162521977,81.00782651194791,2914.026877131557,39.29689598491527,0.46481831123398987,28.85216897523331,543.8955389521338,1.5831331939406625,2.628927347034459,349.50617194897904,5.059260469445888,171.84709517052332,2251.2161965165974,2.2436731411172204,316.87991518532715,0.8843542358711508,5.00781786555591,125.3805998608861,1742.4884399348412,0.802465435193493,11.052269748356132,4.296073402160606,75.59811915577953,0.20382800348749222,19.525826011174182,7.806351983430481,1244.7211230610756,17.81338113890579,55.854975779034454,0.5866887758311271,23.97363376263002,9.587842652413677,679.755804616927,5.016494667038777,24.32002666355623,58.77809231738213,2343.175551938057,4.828988773105346,23.70348128630325,59.41835914297034,52.927261356685875,100.24365235904268,67.12814009008171,2490.5370091155837,37,2
20595.89201959614,163.59220962601216,114.64352229016404,104.03036008509366,138.21077037507374,191.2473393444193,108.56894867858443,130.13735624620142,59.25839996883036,354.6027966620578,96.19087792922542,78.1248699455406,82.35214989881204,7.604389346698845,36.45131065777897,139.04978574649192,420.04542643924844,281.85565339974113,2.888782885598271,702.4799553589902,70.72277771040238,128.4203802869295,86.79358246913927,55.75492291980966,0.1280571154979319,1.196211429387717,48.05129930823456,1.9328143997983043,1.0397187980670615,399.9768276060124,3494.5844907179458,22.514917995964506,0.14795466555214842,37.43163882233297,596.460373502902,1.5210076039732245,2.2178217580574966,415.0835738391949,5.059794000395853,155.50197882987413,2459.7523357956766,2.426785316129686,341.3095575806269,0.8305576016398587,4.780759522994119,150.3608720381223,1912.7886543071909,0.7939673341817577,10.726820451677385,5.625706638009222,127.60309019292117,0.3163160195510744,20.922550188010174,18.607689265712974,1893.5254387142845,17.460758821848977,50.09297180630966,0.2902592448192564,26.678590601976296,4.8833857230524345,969.7266965467202,2.7558187741543074,38.09779391649456,74.4653223349134,3800.5893036381212,2.903660022162617,36.33854133177363,73.79533849333802,53.247526174400534,99.51802061688085,65.22923293690238,3650.960390343448,37,3
278.72984966773686,0.6505209739591162,81.95962147136848,86.04853354395294,79.96819980185734,131.70776481682202,86.72798644501567,76.47089030099079,75.93822001513975,104.91034659797926,90.66957706651642,112.60678801908139,45.954448293745585,15.083882149087087,13.227203836791968,159.8241359843418,229.77574004808758,198.1858779242343,-0.9890440596388708,11.059640526435963,52.117146142221515,110.38143682456041,63.69868944144625,48.97333948892077,0.20610569185532365,1.0,13.506953664777019,31.095759857983488,0.09730678027681805,-4.586082593744063,2528.024348503937,28.449474580164132,0.8509377355722703,30.848367313106955,338.68219659661327,1.4819929060226698,2.8439986645994906,286.8067266188809,5.566741852724621,108.06312239434627,1441.4658735625878,2.5540849671793575,149.25127367208876,0.5081216598259076,4.885131389589323,66.45358692731908,613.8967090086588,0.4446285376699295,21.279400393462495,7.539072949352524,54.96971585619302,0.17109584991232063,29.08235371114881,6.8224429091092755,608.6115682208128,23.320559646711118,23.575081274654057,0.3960522899977621,31.210958177638837,2.7280451412281863,292.5613367711477,5.113055270481962,20.09778013110576,47.61095089612717,1995.5402478164415,5.00516300432039,15.755789572408611,44.47655902755753,6.1060161665515125,100.0081956253317,14.748583136460624,1631.3224524590985,38,1
2638.074853899504,7.324646508789254,92.23443814697671,76.60011096307511,73.95711935154426,127.38886965032373,85.06874691128654,93.67020506599171,68.06398566001633,103.93379005496621,81.89571417758859,93.11140314395388,40.61827106203252,9.10849048148398,13.473901206860333,110.4232126286683,252.4091088499032,218.34944152464232,1.2052136574230246,20.623864435689622,45.73404903457663,121.78461172343603,65.07822161957083,51.300263256401415,0.1948723071014904,0.8686278787744297,17.8395613999932,15.969939470672472,0.29502265236386804,28.270358304983986,2595.4222469355923,32.71435183805512,0.6294855148409007,29.38005168840703,383.98356447515357,1.6747613364494387,2.7153626431463973,347.2986538832411,5.642720340069951,115.11881352559523,2172.543989988168,2.5411180541590936,219.3179080603611,0.6235424714753618,4.97368217177329,89.69202944270472,1156.8770667581398,0.5225498033076622,18.084224407490485,6.310717592038394,84.46360473504888,0.2331522663946045,25.093069846621145,18.410997967705157,767.5733758538521,21.020332461611044,36.19105079833269,0.41706360241891804,29.183053766735704,5.351536394186819,474.073193190264,4.520165720495706,22.495831778621337,55.115601964588166,2245.456337968152,4.544244732532882,19.480398538525343,52.5109488661428,28.24982007520387,99.79034655197434,37.90864354229427,1905.7025018551271,38,2
10347.974196082496,131.99368566298412,107.65974149189067,89.935782891542,158.546269625796,209.71744239132383,114.64312958432726,113.39116011680396,45.42249019281446,125.96342995694192,88.57643014504312,107.63397265826099,52.871977134349045,7.856289049041266,32.02225034456202,118.32008418032297,397.5896656192197,247.36412152837053,7.7610107430878195,414.0846579968544,77.96114139427236,180.44579046330819,38.72749291040715,75.91382447598856,0.19502788915339062,0.8551820971865566,41.563168205622695,1.7249329038912524,0.7233939636185096,343.03245734758366,3512.6243148813837,48.4648045135646,1.6031660326962864,33.773204817122014,551.4702136712073,2.8467699708088374,3.044786547051411,383.7376617372719,5.520745890831006,155.88464173369704,2291.8000269166873,2.977553763556463,325.11526424296846,0.8550270296134361,5.146728590826268,148.24860203389022,1658.0549385437366,0.7214328566814253,20.78199670101694,6.85890490782805,69.21789401504458,0.1718996019160761,26.8478289054627,10.140700077728372,1115.4228587891225,23.388368622150274,32.49918678082392,0.5196745816506814,30.811779131086023,4.550963318318658,429.27902414000187,5.664045499249294,26.510720072822135,55.94830819748808,2678.0714615836932,5.654878472089625,28.017784559664978,58.94859267497384,63.07164784235243,99.63935337071803,91.20727042069589,2828.6856856965096,38,3
312.06485430286125,0.4534785941851548,84.12803396124343,77.56737368940786,71.56558199640136,97.16284541816337,81.59673913767028,93.69199913489837,60.77883704939159,116.65890757262476,96.71339487889232,112.20684830490173,52.63810630120372,10.23647546039112,10.370986473035757,212.0624685679135,288.119716362759,142.97711409312979,1.5236412032960034,6.768233744211232,55.26237921082516,110.31275611835474,75.32691384648062,48.260352744924745,0.16787617418246348,1.0,11.513541265202946,-7.86073748970351,0.5384998586610338,59.16148257078437,3515.9061211994026,33.58774196385677,0.8913241043272427,38.98828427196252,780.9711092062037,2.307611487186868,2.4721717448787506,289.5313983620051,4.6820945455321805,116.73828007000748,1474.572538769995,2.520739814568157,193.2558057531581,0.6897514925788429,4.757569569105713,86.18293765855027,876.1005072993485,0.5963537091043073,34.9661407135583,14.02830680553868,6.816959756652693,0.005933109877809484,43.06711662890462,1.0432122449836956,11.241421121799135,39.096667351955055,1.3753551661407002,0.28626396024202605,47.839728649715056,0.09535188398963279,-1.171507007671039,6.172434664358209,22.492026347024993,47.91552639420203,2266.3746038641493,6.233920604578907,21.375382533509413,50.65015455793863,56.21148389441169,99.99516026685174,80.4084244067097,2126.682175522533,39,1
3293.831174469928,54.95982614274973,98.66215186687748,74.41567843159505,101.45660863690185,100.16427599941898,103.12031916066351,105.12918920530439,77.9855191722377,118.99895839840141,95.44290835162849,126.30419471456811,52.21517770178426,7.177687006095633,10.564338744546674,176.025314338112,383.5076781370436,194.96947719904628,0.2772857465293055,43.17171632220273,71.49227926387312,127.95213465627602,51.163387018221954,70.47962314930703,0.19019359626130083,1.14573306727802,17.780877476675137,14.467716788815965,0.36004796495446445,58.69234162385071,3318.355576181207,36.97553949179955,0.5313718047401809,39.95278777740914,624.8373186103687,2.2055180097191838,2.6787522204677505,358.7984463278951,5.173274859434707,157.00077048438806,2144.8571922808196,2.5793657979387303,206.4986746011045,0.5636485880857367,4.849497821318661,99.80825955360685,948.681295545674,0.45932557242096916,20.566240624368902,7.7070499398275585,74.5129229055391,0.21365058519828822,26.438401083478617,15.575347761904109,587.9169768527281,24.590638984263638,37.40813146783061,0.49589700766632383,30.461426973649328,5.914222817640098,441.3938387307576,6.363366670443485,29.15807134025909,56.38440778520324,2903.1751261045615,6.193251179111437,26.508007053619494,56.0956110400245,55.347363360635214,100.4526760170196,75.64027401206813,2747.7091125531465,39,2
17076.11624677267,189.98817318588684,111.31138268756888,93.09521900774514,160.83746566076908,169.66123963776437,119.98055351564909,116.08074059731547,53.068735745587944,161.85040846785338,99.20015314552712,106.7819569656485,61.61406198965176,6.8620551997753045,25.14812598966197,151.45439087724606,500.4159394155572,245.39750987085702,5.270133189546404,545.5767249937634,68.4053313213096,181.10061758125715,57.55914373797534,91.1488751664835,0.18683100044185386,1.1060945473437211,57.0699112593306,2.6547510831386543,0.6350705368189818,301.85805120402074,3906.9335001778263,38.34732695699978,0.5415055578682886,43.292320997094464,769.0967196474842,2.72978759090732,2.5595920100229255,403.435614313198,5.028640280691294,163.6965235497667,2278.4547761092067,2.6461433719866445,318.8280358872944,0.7905242536713231,4.947465520136264,140.44844359777898,1674.244326602327,0.7359075868613585,18.606017301257406,7.716953717898747,113.42677445443593,0.280229000198702,25.97007411639824,19.56514685501704,1365.3980626023308,23.608899258531626,81.13970284694629,0.6384196266906049,29.16318061375768,12.651941752879473,1079.2821560736202,4.4007870538053,36.178900656980716,67.65980738036326,3609.4357230656224,4.581080525308056,35.55696203178182,69.43507252514729,71.50309096035791,99.95952434383314,100.55627683263083,3543.078702904717,39,3
167.2950482318477,0.46205336065027824,92.08832011250155,95.17770323358754,138.16051805255557,93.35081308038748,101.60682240755304,92.52169051185382,60.78484318445986,61.046551197149014,84.33766395923007,156.6834439486166,53.29243722452111,16.19762711442374,11.834692128334586,155.65672875045686,231.76321943550045,189.68012523890891,1.6528575661847156,7.884211077668677,41.92941180765298,50.164627241343055,81.20834316151429,34.49069442903793,0.16146348152144163,1.0,5.125656085735092,22.504430678355487,0.5347017842373398,-23.018642551145664,2253.0000756096465,25.766283412605283,0.6528809050008362,39.387096432282114,303.71301151950854,1.9845497864374664,2.7273429899893147,242.41185725714124,6.540624428479179,58.17729954027081,1623.4186605116222,2.2397294462871473,63.81170545475719,0.2880129848081417,4.614539538249954,24.90364563429723,368.63408968046485,0.22147344667142382,15.684519456103057,5.348826943960064,11.642561921117117,0.06370064321275626,26.179432874307548,0.6467866777752631,334.2316027417857,18.46761670408881,5.512446229426558,0.44024427635252705,28.45575070059672,0.5273990305748633,114.99517284062229,4.54954313651242,21.941319653715457,53.44557384287743,2238.4945114439724,4.643175417075292,17.373291138229234,50.48537289344874,21.462592166399794,98.99834379859405,37.82037081575464,1716.5121189661618,40,1
2748.2983345023,94.37439208310377,114.96687399604905,96.42169956967814,144.53563096487596,181.81911620826293,132.12656430447026,100.37722157738227,66.07757783873586,120.73333367980695,79.19292978833259,124.19927180901996,41.612315619968015,8.927748211900349,22.351834384193655,141.84054219315405,359.6595286834277,231.12768048558536,0.46213123310020954,-0.8227469571248847,52.893966061797805,57.98597038929586,89.92429549550398,69.70227033265297,0.1935060457359679,1.2790530463268392,6.0996854892421695,-13.341395098844714,0.47339040379800673,21.45129840383374,2416.82899810223,12.249335641465198,0.785384132628255,33.317887206186526,347.7039738186182,2.1862657934497496,2.535539591966963,417.74937318056595,4.867885842847894,161.65283364006586,2371.9005980926904,2.4270848236145883,301.2809698579992,0.7507527066945158,4.645454734178293,129.45817850679003,1596.332863932053,0.6843217307904889,24.978638362824363,9.735628276553008,42.66438281782441,0.10951649397113228,34.82955383793046,2.85476481323826,988.554546241766,26.12625155341776,25.366832295448695,0.4048091248535342,35.98434620658587,3.951195040175995,379.88335040323085,2.828668377947542,28.257370032826827,64.26226420169249,2888.0420862490028,3.0859860611109884,26.5982603675589,63.36201826900145,29.533924298717288,99.61026652299725,40.877561423290416,2603.860106133253,40,2
9331.29015886537,157.9677472613371,114.85142387500183,112.72368903635008,199.7466142268412,209.38479916464036,143.7958958930621,123.54245947660398,70.6783410462754,149.76708576776392,79.88868742168953,114.44995420518228,62.899353418807905,11.668546692511974,42.398889997361934,140.3982935688401,357.0452209545458,259.559394649412,4.604449209374334,225.49554401355755,55.57475732076697,62.74094444724054,60.82714159203137,77.64368124869932,0.2045391231893683,1.3857377678435934,2.666564616719789,19.061859358925695,0.8679397942451814,303.0583068910955,2925.349487171552,47.656521679910256,1.113444353264665,34.25626605955074,440.31103986007855,2.4395536567325333,2.9640650875298844,317.08421101769926,6.1355762266993,103.58488457464705,2077.8728048832013,2.645788339149901,193.55380841539466,0.6270119139505206,4.991488286510365,90.35781662304225,909.965185778932,0.4554325797090567,19.898078020450953,5.705543295382456,41.71702063198201,0.14862878158149942,29.158813830635307,3.671857154050991,658.05953233935,17.77056318666262,23.23094950538492,0.4212281812693849,31.722704067444628,3.233040695535312,358.00341649332864,3.7207248716284065,25.478607495172405,61.44920046045856,2533.239530045066,3.3874529803116187,29.919360022697596,65.3559920272687,115.70481783062891,98.9951665785017,142.92691897996343,2979.523579824006,40,3
171.46890182508935,0.42329057449093765,98.48436823909859,91.9189674673477,124.59034891715834,104.17100385008231,128.16487684787882,106.5477768858242,142.66740807895792,92.03937336986539,101.78893415742267,143.63098402321702,72.01011996915035,15.224282623388438,7.2073392872619495,220.34911766399875,292.620179358081,252.62146913616255,1.9720283282753162,-2.140169588432963,50.10358419575186,103.18288792557428,79.26662426279123,46.486780776697955,0.16171540078370455,1.0,7.80795597136011,6.29234284157029,0.8868071931092063,9.59933956731175,2318.4497699493795,32.540418783899725,0.6645231422551795,42.72967645935827,486.4594660094661,1.5001383150570793,2.626642084829373,268.0580865559957,5.432969585993118,96.77624180157791,1235.448161813796,2.377776756212292,149.92050689096774,0.5591284263284206,4.612735964782477,66.92509992564243,580.3086925253726,0.46707876130655357,22.32191005657299,8.356583502306126,37.85447596334779,0.1319526857842384,32.807242225864066,3.3002871206238202,501.4364658635194,20.940046250079934,16.01046582547257,0.45055714212431036,30.55569153431101,1.50220486514885,208.15465880732447,5.587157880989726,22.363102181644766,51.7121859230589,2274.1610437896875,5.335286337599597,20.959211284222402,52.55281818160375,24.581274776273297,98.91301472080458,39.210459154262516,2093.3540048837203,41,1
3954.768176781242,25.099823423134197,107.86234731184547,82.11582424141642,141.89775528012825,191.42172097068217,166.09993111334433,117.52645010594722,143.0762755929444,147.58457518185355,87.81551242399682,132.2899763918025,48.0629952527691,9.611995913065629,16.399794028852867,189.25473949523317,399.69447527335643,304.3379765519403,1.0652679829849516,73.97373382146839,72.3232094643036,105.09183572476236,79.52932609252798,68.94413816717034,0.17532028221102217,1.1071103291308448,12.632736403718114,24.629091773855084,0.46023482637311997,20.142288810862667,2429.1049027830013,36.78583591082373,0.6902754685559856,37.57881789219149,460.52702971946815,1.7546171716178618,2.47878020303907,434.4784853743883,4.886844829342269,179.075023670006,2257.4602939649435,2.667512775221775,286.6647886583312,0.6591758166216941,4.718022398011602,138.39648883908086,1398.0395946272129,0.5941746428903556,16.72774585044011,6.666771213251291,54.09040787034927,0.12465603695606434,26.31833465047163,-0.08900144259216525,1291.3321157250155,17.775867824154343,20.75155695182083,0.3839593316272043,27.11540684212794,2.1368127977473916,343.1574389750659,5.532548385266196,30.259843671204322,58.62388698242818,3059.2218261823386,5.529506204918009,27.56213314081584,56.86797617693942,49.10105245486578,99.89552129127148,66.7738176569012,2812.6546877350756,41,2
14147.67796331644,177.05408107154585,94.77881415857192,77.92613911262127,153.07821820644705,223.40132598033452,186.35890180674542,121.48694040787058,101.63195526543828,155.4762270871043,82.08964979254198,110.29908881519461,59.742862406703196,10.246849318190602,31.909291972765896,164.67543090845044,428.53560110363674,332.9612199375033,6.073444669229072,776.9186972293712,64.02415752716797,112.64050248488817,61.58876607573386,75.87386438319828,0.1752842127023642,1.1235971468888315,30.68486626555415,7.8048683643028145,1.0439824868875416,568.6776938542748,2428.8122319100507,58.163649255550304,1.3267200426180987,40.88866118304229,596.387359504718,2.1821773039088432,2.43813127976525,386.4345074998964,4.910088710931827,158.91188690012268,1964.2016759308153,2.4584736881719365,238.66633592368535,0.6230956531617844,4.610692863772063,112.95143946566118,994.9686685174158,0.5322170275591569,18.945795135960726,7.440333709333364,120.71434476598841,0.3177585713059532,26.03081416055092,20.690851321813085,1304.3192302447467,19.186657281575975,91.54390681923977,0.5897397375843061,27.198144197246325,15.429267701199134,1032.9754591689748,5.007498617997408,30.027549179350483,63.9372651765953,3013.6794321514826,4.933889128063307,30.0422655445883,64.98749242569397,84.63956676654354,99.7922380038808,117.21967402489389,3069.2578736221203,41,3
-185.78460432545668,0.17054327525304216,91.98800352250551,78.92750248313145,113.71096954824968,102.11612262549886,82.78052849782144,77.81661498923124,90.83111215452459,145.6156455063238,86.56057351963166,138.54980974395588,31.16929254989866,11.719572450295713,11.294083852824315,205.97456686483142,254.36601606120945,129.03474458944635,-0.6573319259074994,6.427943286857056,34.75859696922885,123.93347547861293,40.017621583547985,42.660116593623904,0.17669390186289258,1.0,11.503279071820378,-2.2136038028750082,0.1279190608180315,29.617436474573367,2558.7150707000906,25.004298533905963,0.9042424141810913,25.57818265301656,430.2441075401441,2.174453801610185,2.9148139016292,329.2229422099567,5.851101215316508,108.81916416044874,2048.046413017708,2.564034254872506,202.01453639218562,0.647950455203948,5.186696970766158,78.77069828549017,1024.1963880472285,0.548709241346679,34.03124558944319,11.90890658229112,2.5082574819030725,-0.0216823180333566,40.85473537481015,1.1000566706447534,63.500257094549454,44.02716818952261,-8.110944204183594,0.08513614040457607,52.805394839115905,-0.9894106471285826,-112.81574204589506,4.704371768339603,22.06342725115478,51.0573619147835,2243.3156415591516,4.660441228991014,18.101797028608377,43.69386289071785,25.968557157984442,99.41518131293876,40.717381102237944,1791.08706690226,42,1
423.2482957457926,87.85760430349885,94.83309829555137,70.32057523558643,76.96866374470754,108.08553602353004,80.28586928517088,83.7246106014913,78.94002510993779,162.6679215895731,89.92553669260484,112.45211736435012,38.54918521277621,7.151342911743879,13.338364479212347,175.64430753488304,279.19811069750773,164.30201541905603,0.16092275621910312,-7.891269719286804,46.798880005209554,126.34323666512125,39.02836448727594,51.43367586902588,0.1793985076413758,1.0183763156906096,12.29247255799223,1.8789152646455243,0.013709943411644276,37.227402852745506,2432.7988395852362,32.18463802562117,0.6655785982080634,25.34714432340217,430.9723486613169,2.441402452175409,2.7180357702763325,420.6500682795189,5.346228361117918,161.51955490427156,2569.3123646325903,2.7238214265286658,307.72898019753086,0.7321151887269266,5.1063843056613525,127.42667834116533,1635.2204053374764,0.6508679395854189,20.628561216615118,7.38678150049443,61.24244522557062,0.13569276411482625,28.951719993705222,11.025596518175172,776.687275690755,21.235189640230278,32.51790575755284,0.44477348655809246,28.710103139440168,4.929116005527396,446.3146304086349,4.068617026875925,21.179269233800742,59.913377103650795,2161.973574477741,4.078680640100951,19.531953831910894,61.4817183144287,44.80185726522066,100.16037002723631,63.09246508968512,1942.333914537839,42,2
10775.793566876971,143.999669638234,115.86682855382678,83.98685340437453,215.48488283982127,155.96134780297993,101.03592077971737,94.47904463261827,59.70618043828809,175.5358946991518,95.14770154536411,105.73120831959106,34.75398246617293,5.443020735562379,23.214704009365846,146.7838793796878,418.12740728823707,192.8588496381276,4.951166827506223,439.6093202814204,51.33155740237281,188.97057124941804,21.41576567022888,85.8839074035019,0.204916988487906,1.200479813373588,48.074102637173674,4.347579967523984,0.3578536026741095,60.22152898975429,3705.9287135014656,51.15212865278167,0.3383159377053584,23.600342913513323,498.60983609016665,3.5187061893235194,2.8012426527879595,430.44293521622143,5.470535352485797,164.56482151847462,2678.7506698252473,2.420363729320008,387.04516818851124,0.8978877807192491,5.095702002678928,145.5563410388723,2196.90239342526,0.8195761901031868,21.10615747003825,7.878578901261992,10.146741968781072,-0.003045322234649789,32.211005879851434,-1.3803804248004514,604.7341014011442,23.74757419398653,-7.071202337550957,0.3305642222708123,35.51724875830966,-1.1251796439810091,-73.65920823853708,3.832423782496639,24.67361590249733,56.13395138102451,2442.1783829837664,3.9306397824152035,29.623934592712185,60.75876548032355,104.50702949153279,98.58918175028118,146.97397603155582,2937.050901528921,42,3
261.9198886889932,1.0275531193541414,77.58407258487759,87.52553831821683,108.08493688353123,142.15615979664526,127.1844785563252,81.52143171743485,118.55915258570147,111.69808275683884,101.76300889569887,109.14822873735395,23.874759345552015,10.168769389337015,15.875877926293148,178.3779564203463,267.06132374832765,191.44652302964928,1.4524328044329213,10.520062742240423,52.13737192974296,112.32996640968327,41.48075593638201,41.5912494722971,0.1660292697951966,1.0,11.75685753931001,22.405454645528877,0.3217070624278512,34.527655576112195,2962.7568781527375,34.784998876457735,0.7613451747156109,32.70348711464354,580.8596592893412,1.9795015439182693,2.593331518232246,232.72593101016702,5.303997060514249,91.52361152117878,1256.74464506854,2.3549278172999566,100.03571708547533,0.4158986003548775,4.437285751027579,50.19653477082374,379.7716456869321,0.3293032012389679,28.077801942429144,10.79718409100171,15.537624334024397,0.07535288547902765,35.227487206352556,2.5553890031673943,166.34465280595316,33.91187101005704,8.006413455702042,0.39754480464059705,39.51132988342201,1.2275266539531278,87.62343489418366,5.713762313314006,17.995529534043218,48.17674832228424,1820.566462077713,5.660526148716526,17.1674784727349,47.22180898869546,43.4285094922914,99.60741643108545,66.77434410447557,1779.0683163667632,43,1
1905.9173737210476,-75.77572878058972,92.03454908889545,65.75144036168649,105.9516390829559,82.15799759499754,125.63983552063668,89.59404781260042,94.83879474915504,111.4423207835006,89.60694961018706,110.17288847217617,22.714716758134493,5.616633888313995,17.75168937527778,125.4698373628647,309.24816638011595,219.54035158127448,0.43902054865014933,27.713119969998534,43.81749425031771,109.75324038698604,45.10335451975014,51.800894608773135,0.17114240976194606,1.1269375344777264,15.350703153615866,7.942517524951967,0.2597897760990917,31.61982326507895,2866.429913585691,19.971188463751112,0.542661414493731,31.313323573803213,437.85663951583814,1.6976738558965834,2.36830273202504,330.07354848092797,4.807093245236743,142.1865013423503,1827.444064438911,2.154503745688073,201.1779087808705,0.6067435753510562,4.391693911887669,94.6057835132201,986.0271357753247,0.5473142258623546,22.408447763784146,9.22023726061755,80.22982523176927,0.22496028505643792,27.659687117099413,18.660996032276415,742.0057356768828,25.594836423678395,31.09247532278985,0.3867026145661812,32.95197438335933,4.622272985216358,455.3535464929014,4.764207492927084,24.435721881449922,56.64859455554312,2422.795761246972,4.777489718164338,20.055582247663985,56.180810575975904,40.896219438411286,100.1588662127652,57.37040634610175,2017.0372916368806,43,2
10401.507477881663,49.725340650067054,89.01288037853894,65.62455030057583,148.3293553139844,163.40024937814218,114.65066854500908,92.3163428978115,78.77968402083192,101.92393693956978,83.83116809001866,85.07734289445035,25.111838152403692,3.935099638028756,27.578374161478813,109.46443203220282,327.5955387535418,216.74401027655108,6.402773616572997,73.62872579943519,54.02599822843301,126.8675441232411,24.120327948647525,47.00584193616017,0.1550968439797103,1.0446293065262722,44.16881500748177,9.825940635814401,0.6855775556915036,176.93578757646134,3174.1495161607145,48.18937583914406,0.9140165610011388,29.61700649610288,548.4260279695666,2.411112674752076,2.1551815649676276,358.89889092223297,4.02317916743899,173.83628797116813,1723.9149022454922,2.256937959593608,357.0361158699459,0.9988558821250079,4.217568837990019,172.3105592475921,1672.1174481626763,0.9124823572297357,19.245914502790047,8.77137470673677,109.06414261507973,0.30117496880843814,23.337905698428074,18.738585183910377,1343.473954050679,25.739644104785768,77.69743308986065,0.5557475765515806,28.928392709979423,13.277729633408967,969.049704582364,3.504302109851674,22.596627964667487,71.92608851532219,2288.3853631589554,3.3540581139711234,23.41399231148629,70.45190244836047,49.914197912558734,99.8280609186955,73.49911874345385,2317.335331123099,43,3
297.6540305505258,1.2114228570760324,79.11826657860026,78.48478667486536,74.46195022590099,42.41806400074522,95.87558234747617,76.42610734486652,61.266463006805324,79.7411626765356,88.50493064962336,92.83744426847343,53.77477923265171,10.336762714334798,3.0380641383631586,151.59663636917242,292.14114454847385,143.70114135595767,0.6430993134494891,9.784408349665561,48.04238334589734,108.34006963577856,77.05212866647855,48.59386043116981,0.17345849541455113,1.0,10.449017113662922,15.25466456909009,0.36566762275375975,32.624534197093965,2786.8491365599752,42.83230062937012,0.6405377732161941,35.467421415234334,612.0835344113489,2.0186284765389297,2.4421069984834527,252.15768099365022,4.987938299897736,101.05800712276071,1191.7060884235996,2.4997365364400466,147.93316411269936,0.5770552376410591,4.617983091771165,68.8495341846813,611.4464854377968,0.4884282827657372,23.865251558211327,9.39407993975837,54.86759727713399,0.20492661514601157,32.34707970167328,6.930289254101341,554.3891469870726,25.036923524170103,25.80059598456163,0.46664847692295897,32.97497326101843,2.9987741642313788,299.1960850142506,5.659588819387239,24.933666385124262,56.874210325042064,2511.208931852937,5.872016814669334,20.414858002146484,55.76047045678328,31.968374344758985,100.00209005659998,49.99333646746714,2082.284574892859,44,1
6564.402883602126,26.876133291115558,102.73648504132572,72.63187202585571,128.43679192367932,73.84988331118197,126.81488015300873,104.09334081826941,71.66435144342809,125.20730268240877,85.18198427150858,116.10485829834045,39.86700282697891,5.605898980171392,11.113410366467981,102.60788929949342,377.36597106183706,230.89053927438687,0.4753239521531122,40.67909889026374,56.29851131859721,125.49251959230928,68.08847614701483,69.77107642222313,0.18890221392296935,1.1590653295936828,16.16764266972661,14.793320193383664,0.33102637648194005,59.945440755914404,2918.3849236703613,21.263405327610617,0.5515635217294733,36.204160846922825,534.1473553507441,2.125957791628897,2.4623703130162076,348.94897664738806,4.946995427195626,143.6156889570155,2115.519696274613,2.482581732598647,243.71619834284323,0.7116294456475151,4.591953946079955,119.89919077946328,1217.6442468445214,0.5861127119318008,22.995946225603767,9.23333022582948,24.5630227798691,0.07323943722310956,31.685003236525006,0.05301870338527337,520.7554519306855,24.982011892373748,19.046236710670946,0.5948433258898286,32.94438595929536,1.7438597455098552,308.24503119691633,5.266943832836876,30.20791741115343,58.66968488224021,3021.4489016240886,5.23639043941518,26.560431482187163,57.08308260232096,40.398727933113975,100.09565331761156,53.855685578499894,2701.2911818605985,44,2
14227.418861651264,124.50153155893891,95.86179982140274,82.00273191216289,126.93542994457012,103.54535605235439,132.20046770760825,109.35842160152433,60.441673395433604,124.96678602136711,80.58173120648688,94.13124061857545,53.631674962508484,9.08381321408765,20.010712934479024,122.94618652989269,437.64476174688144,245.0565671734097,7.782404489738001,114.14912704409232,68.66218768000154,153.21373297507947,68.24775350809655,84.8195209178756,0.1948556930242134,1.2033940916773385,40.71243297875663,11.041032383279939,0.7309872159166464,632.6530142867063,3012.818963180191,51.82006172673777,1.1806751600257805,36.720150619541435,726.9038717592822,2.827097888283658,2.414478247666402,339.81577029747154,4.836521665641309,142.69693859590024,1955.7330172699549,2.5609364337517087,272.360102719694,0.8089874516253042,4.600773812649001,135.67531216570686,1365.7495053808682,0.7083160316498421,18.856400869677316,7.695860386978319,108.77403463821969,0.30732096546549503,25.537909599802,17.095197203558275,1418.5553081234755,23.734464277495523,58.019056347942055,0.3940892269853943,30.48078149027891,8.44716822282761,845.9527679748835,4.25244204578117,32.619631693047886,68.8917381559285,3262.792855978184,4.094919458839135,34.623342493954915,70.39509677954241,80.04288346288209,100.33282358803429,107.81109623394603,3437.641208082171,44,3
7.093958165274557,0.07261251689428766,94.55617177141879,99.7464454496394,127.06094106482652,143.7408799854241,125.80084303164392,106.36137483330458,136.47636651232122,157.48159548813038,103.35016972930387,128.08852882740183,61.21550320903484,13.531368574637515,16.035570412896657,203.8056238532684,304.1447514759974,218.217182978912,-0.48866776095161213,-6.29868072054963,35.209443860338155,124.20937266100664,70.54451817283521,32.580723553892575,0.10958282176419518,1.0,9.7955151382069,1.7605948125833155,0.8000153036975821,35.816807637448946,2795.3969876605443,36.67277422885343,0.6934630195231846,29.18777017791887,549.7028702142088,1.8957492451721096,2.924700114675923,264.61848096197696,6.087809852526652,85.15011820554973,1554.4246606236966,2.7470519414778414,141.78921854539578,0.5271681108966375,5.052834900719593,62.62277497576503,648.0118581834189,0.4280515673049317,28.651677276416624,10.081940134120126,27.487965658468607,0.11494416454511752,35.04346823802577,3.903412439483241,386.4754492712297,37.655798565622256,5.94344468115059,0.2196843476302896,45.06251037035577,0.8785056913747127,70.53029019578054,5.000532245241575,21.474174564667983,55.009570035772896,2183.5296356267027,4.876899875407068,20.23413609905274,54.259563423468386,16.455723487970097,98.8046580650798,21.31291333926312,2018.463114276863,45,1
2847.245050346287,51.989216811581024,95.89110842072813,81.01632233096183,116.01564120592504,155.126161504074,131.0483745317743,107.95142221517006,121.96176985738731,209.37421341929294,89.57940886890238,104.31587752895649,46.34507451851078,9.22951161175614,22.4586716751092,189.96486476241995,334.7091409959545,252.02440593817795,0.3830382618228921,40.59856258752658,49.06622121897812,121.31007300259412,59.18218968431741,48.33093514992571,0.1481750346392719,1.3581719051732248,11.191183766165254,11.08193004522513,0.5174489920782421,42.4046994151309,2675.682193325765,42.06960942035892,0.5919806741565768,26.15522129033738,470.25077647958466,1.9593668627628191,2.659051741174147,399.6823716858223,4.870672288309734,183.99027642432378,2180.66694725097,2.552421410073674,286.9643480037554,0.7151461063058215,4.841765844528144,127.33835005955946,1442.4710241131627,0.6626146997268477,12.580768160279835,4.442134120304498,97.23914487448391,0.23457317340095635,19.645451536503437,10.68434548338164,1726.844811164413,14.436822791218173,59.09079925361106,0.5951136075561635,20.75020092483953,9.201521836000312,820.4138732245091,4.127336482450885,25.39814631441112,65.46794363218659,2553.612902881729,4.0277809062729855,24.38087854621101,66.24455126881118,47.76935450852106,100.01742307805758,64.4315528126779,2463.4485406038157,45,2
15460.417517669706,155.85144516008094,101.34897279207341,76.06624659309989,176.7365365570812,187.63835073851925,131.32255913184804,108.04517185565246,90.0304638277365,197.996563233432,83.79112451781441,80.73737167024836,54.39007972252914,8.762748939617495,38.82099924478995,154.49850960661712,368.6843856514274,284.8507079084226,4.811871200475959,510.1134584198465,36.57925750570254,138.24746849255763,42.63884097883667,55.85559408653641,0.14978496759190926,1.4036078985080749,42.8853640508287,11.500215464908218,0.9003822597562903,360.7142838066899,3136.3026619531047,51.64323406380898,0.5284922115841306,27.402547188918422,547.2465893379649,2.240777363920702,2.064750662006283,412.83331144698514,4.424188372957491,172.0073030284915,2140.1248061132624,2.152893073911727,346.39898278514806,0.862340430062319,4.2883540068515575,157.76833540220767,1683.2061690657783,0.7884935687539354,14.036488275083656,6.873324558931339,126.5803335106458,0.3295674174821696,22.207783937085136,20.91726615678217,1609.2155471157191,16.462789617540594,90.79932792262271,0.5736111206401475,24.93179834730281,15.640698574974147,1115.5944575239719,3.0426807125528272,26.398253431588838,72.53616990822937,2631.0062075506,2.971876875903905,28.313431375877787,73.17522364122689,72.25103758438497,99.03645166519448,95.53268774685839,2831.9227321191124,45,3
166.49764074943818,-0.14337909223626022,95.2446765803717,93.9569154516,109.30662033908555,117.7397218556451,106.07563185208527,91.64300076441458,125.36916791424792,108.98659298331222,90.16175607679124,127.42665095721524,45.598852516558686,14.08164828323948,9.564616411726512,221.367985400187,257.3185464261306,212.94412109857257,2.3935941792033617,-1.694928860852282,44.62346835016156,80.44000866764682,62.621278743034594,40.676828161308656,0.15268055147035411,1.0,9.96676446600546,11.575312122275454,0.5672975400718606,14.768539006235564,2708.062770450251,20.906144341479006,0.990324383457268,41.042415099367815,557.8823465961954,1.8785396147260682,2.6077935288947267,259.4519092443722,5.710089561607712,84.75290875439843,1479.5578447196474,2.340967775659677,145.75472514199066,0.5657371489632883,4.8668446259310905,57.50415433298334,690.6663179957297,0.46963383567712086,16.877439191778606,6.443699008148122,17.152494909322506,0.06917650233362335,27.658506544308477,0.9647927293833556,377.53857405287704,13.888974450872071,9.188582181414361,0.5363712734970991,23.767244790395843,0.8441070656363766,153.22160139793755,5.138617306581754,20.960364313604465,46.96689519496914,2131.1965373325684,4.946351052926227,20.53470544913027,48.11657367033504,49.72470253446804,99.44834409040173,73.36885055204712,2039.424360395372,46,1
841.2865170944385,26.779242258333205,94.3899647705467,85.2032434191014,101.9477267067973,150.80914270642228,125.61394793180261,95.37597408944431,116.13459348212028,128.97382103632498,78.97929494225878,110.16782707689853,39.88220455254008,8.965114916771258,14.24609599276019,210.56258338047718,349.03506551302723,229.37263789798644,1.011308652817425,68.57655833053269,66.35671148161748,84.62089616025554,71.80608895766292,57.026967780031185,0.16262762045566462,1.0398233098444587,13.437771099579516,14.076104144142812,0.3210768986525426,23.906973981078686,2602.0277665598533,30.015529305879994,0.7795555950855676,39.226854683808725,519.1243321597209,2.0277160084856454,2.581756687374875,392.17491911789165,5.447614418212019,138.97057006555198,2302.8008228547296,2.64301337993233,277.21757691101794,0.7106850408725907,5.088519652119975,114.35416412912971,1490.337062527181,0.6386762457315485,18.578252054204395,7.292351521143974,51.79488253778377,0.1425451251333398,29.382215854616923,5.621748155469628,883.2714331000066,21.936685868932795,8.315729573257435,0.20368434663587934,32.56828651034871,0.03730971393094329,197.51013303693566,4.785995891669348,27.82834481733828,57.111459050620105,2803.1243949158916,4.852514415404951,25.423017381736603,56.97516270190747,49.859691473623,100.00466167401756,68.6671329531483,2587.494689519092,46,2
9930.395206805553,162.30189972432353,97.67903374661104,93.27689865948014,148.92232093295308,228.67375367662873,143.80496542510355,103.51938487326532,93.09216888024204,192.03714047537738,80.20385355091275,93.74727629420238,47.622036034824454,8.374283653253846,32.03311177530781,164.2362684138886,421.7977542908359,255.07873979901996,5.693515787912279,846.1310587160333,53.64371703337126,114.92809121222922,58.597124425124306,68.32329390272108,0.15901156804912325,1.0322212854765742,39.63330402836976,6.137122810755008,0.8076728526248934,482.54635118965825,3326.3399348229595,44.37656851193101,1.0675860137558606,41.05986258059855,628.828094219409,2.5133966101288134,2.7644513581649885,366.8226737528183,5.757778594423188,126.94097626949348,2227.328369335682,2.6405865922827165,248.4448810505397,0.6678760483545518,5.144016531311977,98.91862076956548,1268.577820462427,0.55670268922168,19.107458499959044,6.843250297579546,69.71093211601182,0.18341280894370024,27.765372127148655,10.381227142787868,951.009953735753,19.307041431943183,47.18650754114476,0.5303681938175111,28.523447722215806,7.138082467932838,589.8297671959934,4.459411336022808,30.35389586981985,61.670228439460814,3038.817834017934,4.506654660176383,30.866478815434125,62.83627237433702,114.4270952073131,100.08307806322354,157.893441014497,3151.077789552444,46,3
36.15913706614829,0.066371476710964,100.23700380270687,99.32113925890962,136.85971837110864,116.82448027022227,135.03353155654793,86.82991916476638,140.2461018233443,129.32097186813257,92.38954573110284,119.31245834543917,43.51986766827635,13.551461220873945,9.768759453640378,195.18432504509732,295.2735687954151,199.67453618482935,2.7734095885868624,0.42244999616408574,24.045878804090467,86.03523086058982,64.8589280126025,37.16210235653246,0.13450749489094416,1.0,12.582248541681011,23.190570562315468,0.7511783045691558,5.685945301481361,3044.6033970148173,28.487862091935032,0.9669992255871209,41.16720907479928,492.21311554560907,2.180774595874832,2.6240746476184937,229.75946239272392,6.047187996364016,67.84165976236858,1490.6336052683612,2.4019218944639182,92.28534678898816,0.4086791236316681,4.747413944380688,36.638678837754114,444.4491603561524,0.31512621209674224,9.915251200399195,3.51070391614135,43.29984131233582,0.19249110203495973,18.50017310961188,5.383147844119903,679.0277987437466,12.694746123522542,18.18377721303376,0.5482004267346633,19.905027519833823,2.380303527251188,250.5513164542127,5.35108751673984,19.13071564009957,49.3767000292936,1992.9665479455798,5.003720950238588,20.305142060471876,47.91453542572959,58.829284332890474,98.62756221958496,89.15514259377049,2012.7866959952833,47,1
1585.717658028902,-0.17940530925991283,96.59749937326357,75.8658740714052,115.63293576689193,130.19380242766889,132.1369772667466,78.99401832398235,119.54913557123373,182.67856419131488,70.08574167828465,91.38605530226806,32.92222614582738,7.258589712623468,18.03189513212122,213.96798828448786,316.00271073999386,226.7605379600511,1.0017354823892295,36.382949606952764,20.418618364712493,98.76647833337354,78.13277852403613,56.33165898775709,0.17659685153083754,1.4026299277517447,14.101188130554817,1.973040350700792,0.5757837004308464,33.11549525197486,2802.2419708131897,19.179914849528203,0.7187895377608556,40.78189782336478,448.89586730278546,2.2048795480574985,2.3651996416066923,404.40004117292347,4.88197080080013,155.54606052835297,2407.395278563995,2.4415098435030465,299.55833477863297,0.7590589103277169,4.781943241427561,126.51733258311091,1666.1706021268824,0.7047039969789839,17.9927501416546,7.673453551029788,109.53788941134023,0.2873010585879369,26.164589794991045,19.18239522690828,1504.2148708218851,22.48593985218331,38.95357030721934,0.30269087018980484,30.97700099121463,4.497794209681476,651.7695554575633,3.8986811407243653,24.906632649244138,60.24655239245385,2489.911270881519,3.9466233814931058,23.566321844941488,61.001611276135776,55.909329601584595,99.72884255956879,75.26385549581798,2335.062492493888,47,2
7403.536010117394,105.08184964404589,91.4067068647961,81.18643017508496,145.62324867102177,160.7166035329086,126.21907235316083,83.44129496127411,112.0732735706762,179.5984160660156,69.0279673077392,62.805077758834955,48.93745650255171,8.645574393540356,26.101693508003244,162.1186495296369,354.8035408369072,232.72731172481377,7.175188061296984,288.196262761629,4.607302037601016,128.96911709716673,51.4779994838376,60.55617145331384,0.16336578792135908,1.3972328535774392,41.615207443454345,21.76220630394584,1.0919153363296732,505.6491492949978,3509.479979603621,47.16577785964433,1.175251830531217,40.06224586341722,566.4895659220857,2.5698955638589123,2.595545421837791,345.0376636311169,5.542230255635092,121.47738440682033,2226.4997401105084,2.574414320644859,273.62063650233034,0.7809079108026437,4.883356414095419,123.56378577965872,1453.6858727262404,0.6543079652613957,14.297067287237866,5.197056741252224,129.94316826720402,0.3672567371721336,20.552603190445936,22.306035418476476,1536.7348274200372,15.578084127024905,86.20787131696528,0.5112910765935333,23.991395412777212,14.934220484448083,1067.8979696304607,3.409050282101007,23.065535448777965,68.26051478251848,2296.2356083978007,3.2287417341958338,25.060743148167674,67.77488503186866,137.83304561612835,99.99263567886351,183.1897606321704,2536.504772992164,47,3
21.09409530908684,-0.10392440898365457,101.38199504327572,93.25058210976533,87.21677442671327,70.37902778285749,92.57546785208658,74.26988758235032,111.1252081637855,130.45591658997887,82.02400574771296,115.23523981824546,35.02057924057553,14.678357828724534,1.2849521113468354,207.33031850040007,267.09164954824786,150.35307871766716,1.9434419648239138,6.428492607320307,52.03910375429991,101.03567969896541,67.37705571682535,46.391405855647335,0.16936003735697505,1.0,16.36275520822918,13.23662650424346,0.2237188755491059,13.187926105971949,2866.6515560257653,21.553352282618444,1.1004963148910458,36.56604321622593,440.7316484681035,1.9056220622759161,2.872460547255962,292.78750185364765,5.9233745427911515,98.86746066428243,1795.9477894383854,2.5428565444099864,166.67204387084516,0.5813469210619151,5.288752582407049,61.38329566992915,813.2900652151899,0.49348385275464657,13.152712533888199,4.443530735857438,77.5188872655473,0.27182692066345165,21.72273781955575,9.963572740265299,989.9038571551761,11.912827367909287,31.76831033390343,0.46018265404379377,20.749500827485882,3.887292880354155,438.04274036096984,4.627843434057526,22.368375852033992,51.06622302380807,2254.652580258578,4.387676602664478,20.65556102001677,47.02331521527107,54.135092865128236,100.14344399236982,81.83162312854742,2062.9227292365795,48,1
525.4822981224179,33.212399825757274,94.47369969480518,79.38992312246864,64.23650347048724,86.01675521602661,92.57577587678034,77.9155893526347,108.26332005221072,156.49424005480162,75.5429448018253,99.94681343283088,38.06758795543606,8.588241172146288,1.1642089458455285,198.27765744076592,285.7988526380436,168.1545055893605,1.5783334046814121,36.70113034221092,64.74030460803658,119.75622394009112,75.86827374603773,50.3846126390351,0.17239414409006085,0.9704886995019322,19.195958189214437,18.891158294186187,0.20159664720190057,42.993439227691624,2652.778268780674,49.75630177657433,0.6163096015265112,39.9350388599344,471.95285961562615,2.15889031382024,2.7816465772079306,367.29559563583786,6.264349859289668,95.3964319846784,2618.239202146653,2.766202672500464,252.37697232778697,0.6788739350351335,5.4196667911706395,93.8794480343691,1479.6075609300103,0.5731807218836557,18.326081819522166,6.745144934330819,68.9333413250059,0.1958675862619863,29.19634081156647,15.610032681062279,585.0059010338683,20.35571656339056,11.978487161003706,0.2475530010829517,30.725470001256124,-0.34855591550181675,275.2242848346334,4.572766741501092,24.01948747681289,55.5365976419945,2399.8228269800975,4.524641626670265,21.98244045204145,55.037909059947054,50.9890771068795,99.86156569297499,68.10957360098837,2201.673426235376,48,2
6825.229850977764,121.48543483636438,116.9053505326416,101.31129632268055,171.62705361680491,163.44431652402073,128.22658878093912,93.94990730831466,101.62616763371864,197.53858249332708,90.68191310690304,95.74616160964385,45.34638112880031,6.684683919146986,3.8940885515544537,161.85624653971476,491.52810461644367,208.2076971418678,6.725124393319353,652.2975813122016,64.3317026081374,222.30707524280504,54.192537691838474,84.9732773985003,0.17401866717289138,0.9787402920554643,60.33377223939484,9.013876460692137,0.3144760886557904,647.5415303883052,3999.5751428703006,43.17371430668993,1.1368547334043038,41.415539050446554,661.9588894599179,3.460761438576931,3.4246011209159133,390.7349080258123,6.4644658185113535,130.84088413736114,2699.299200361898,3.2014803332525017,308.7554842705725,0.7630691074228881,5.773844605842808,121.60835203385518,1814.6165864703325,0.648614494746559,18.57655845399027,5.2907572750546885,59.69907350462346,0.14087940900712576,26.97918771812882,8.639741310023403,1054.7454139303231,19.11955455014095,19.024698415754457,0.4933722567368804,27.484957166004012,2.186075411618018,313.94494659688604,4.899181243879071,30.413722096537246,57.063179041456294,3044.585300956087,4.92788261991207,31.606184723802407,59.20129944176605,108.90659029288372,100.09230734915234,156.40716223135956,3207.9836241304283,48,3
53.84039797508211,0.3679553910438813,103.32169843019317,70.73745740144753,101.38822452102703,40.99505465899984,78.23884593139026,89.71897914535205,81.58547565870629,122.69081840201703,80.15219912905043,150.04415390807438,45.2760303049027,15.460350127432372,5.245109616373798,196.4522390410252,325.91768493710515,128.6903567686746,0.09194618680399524,9.27151055480073,22.67310246521894,76.93783883232793,68.6470545234014,44.309502724819,0.14938107857263755,1.0,11.963034447429859,-8.89240094715585,0.5236083059210466,18.63370484450461,2550.7583184122605,34.24671703200572,0.7860325055957363,31.587811648264154,440.1737190198446,1.8575192661117779,3.1033307004442614,321.7224537786762,6.333145403441332,96.15247842244284,2090.3595859272364,2.6306995501021233,147.33446210529064,0.4545331746079761,5.3343205865672285,54.680210881572236,765.9155945157665,0.3699991845829332,33.707604137655224,11.157370926791508,30.83530181513141,0.06333710471270593,41.901082596801196,3.7010866511597444,356.4233002101975,44.1980344817868,2.3314224611127017,0.07678204000114097,53.33756221956921,-0.047327096059635476,-2.6739729732633464,6.15703735116622,28.631407974622533,47.69384991972733,2895.185989862748,6.283210740587543,20.690556097403665,44.521629981080224,15.453062816779727,99.69537039054966,26.442431852991543,2048.7001594209487,49,1
342.73364572325727,65.65114965632378,109.56981144162678,71.24969456947336,78.78187473743215,72.7002977632533,89.44953591795351,100.60399141742705,100.38925011981596,165.82660939275286,91.77413148707066,124.25086817170396,46.985364814239404,10.834366704819937,6.189270904061467,181.75539026180283,359.52553079178347,174.6245900118525,1.0737059838804917,24.83144003826486,22.05194816833614,94.27408541326656,69.48337405286067,53.92475322982782,0.1493833739775925,1.0456738342273215,10.512516555367991,11.174507672045392,0.3612665753451887,45.55588218462901,2636.9812607720014,38.275138165850905,0.5516988933010766,37.85110572026562,493.08132137222907,2.44575215831531,3.2233374001835458,406.16533678540674,6.603240991891335,119.66144427389696,2877.9480074861694,3.4518779311346437,288.14802923334804,0.7002619972682035,5.984337002847771,113.10109021531422,1610.4956368418575,0.5336371787528903,22.25801259245187,6.785316931967554,24.650344560801145,0.041153973802148885,32.948619580613446,-2.7595590023255596,731.0107688868189,21.046888837575082,18.98086494143776,0.47994879276796054,30.40121077881729,2.0129879345697907,278.00891627353207,5.2858106982705,28.348359448581327,58.94952247349967,2871.197273917626,5.2419835789018805,25.46497381812562,58.168880022764384,37.089664667461555,99.89386898933917,52.82220541357682,2565.7749383285836,49,2
4377.468351118661,125.28549728580978,116.93509926012531,73.79876021093484,211.48964303654037,44.528732339254304,124.93312113567094,111.40008105943777,60.51072508142967,159.26159196084322,90.7550323079566,144.92706038592397,42.307023295417764,11.067789010818164,-2.21921630837452,194.71800049055935,395.8076541970512,177.91250379492647,2.854009269279854,508.90785639608225,32.83523039854525,158.8911828988612,37.68573939876236,80.55834855613153,0.20379566065801735,1.4759235959238188,41.09095314784814,6.25696252823281,0.2525304674057824,915.6854083489591,3295.2524552901887,40.294213946642465,0.5079339393769582,33.83197602213306,635.8442335728776,3.834568072780847,3.0364006705361373,405.991137968357,6.157945333183398,128.48139321658545,2781.3916052479904,2.7957830008601916,274.26403961410244,0.6387882647993375,5.50793803130335,91.3449129643651,1707.6585086646164,0.5636150171275206,19.617136741462097,6.782518017990892,37.34167906753411,0.07845240515381849,30.225669584756723,3.9105379346469045,862.8933591655426,21.218690629066018,20.628352001679573,0.41498967932118924,31.410609559684687,3.627257631273766,238.7258567851768,5.338726732710749,21.727315741487125,47.101385992321156,2144.5513230357005,5.5204880677762445,24.72001122098343,52.80652889628857,52.57303459608781,99.8474249097919,78.0856161373136,2451.917689933839,49,3
170.96806335914985,0.8646194694092562,81.99407774112309,81.49592207651291,89.49473536197459,82.67071022249314,106.35413827606318,72.1973905877317,93.1266374355565,106.0913891307151,84.72726783967754,85.13115358107424,35.42065775333545,8.489196986898273,4.657693587125815,129.7964962889573,247.92427500539537,152.4524421314794,1.437274182830171,7.736843580694726,39.11372555076388,87.2203441390959,50.636855158571905,45.545794150781624,0.18689468559072808,1.0,12.173310899173282,28.815740535593047,0.44352174074471984,39.10901918903044,2987.8293889547494,25.49545655596827,0.8340000458408416,36.66818028328557,612.3941037014945,1.7539755310390288,2.5735796203070804,211.12467940461727,5.913410611391204,65.75553575350142,1266.8852014477102,2.5066253028697303,103.74965052455565,0.4814536865432003,4.920657712353403,42.77663902074369,500.89469737144543,0.38550188159665266,18.003599954636975,7.097413978266552,35.688377775744776,0.16096071058779587,27.082261679187283,4.234300840069551,504.7786902731478,18.31037876043462,18.957381010314055,0.5534943457298986,25.567396379856444,2.357278630375873,245.16129814659212,5.1014126065851,19.155646769895935,48.72037163818754,1935.3621442058427,5.277618879357089,17.272273897668306,48.73254738603571,38.66863748428745,100.00677297593617,58.942303495321454,1775.9365245501917,50,1
2668.8520807630503,2.4362462508855742,93.44266536482145,70.8343042461578,112.85665625642271,59.050652863544315,118.67163268345284,92.59401010402327,78.84047463985804,118.01954809639841,79.88984666887441,96.96507377686635,28.943779726875174,5.006627652355327,12.225090924154513,136.71035151083208,320.8031447637127,211.69711785576766,0.7104258243590638,55.49484824627018,30.9178344555824,107.92885863836068,58.05515716279776,63.216176106776544,0.19728899778872547,1.0933320522905072,15.432815932005468,10.336258037171653,0.43599268388161627,49.709493552456586,2895.5516269281725,21.70288933548753,0.6689790391888927,41.65855750874745,560.8969087167142,1.8133557901108166,2.6477098885778148,325.66648083299526,5.521341325571462,118.33754849747997,2031.5258203029973,2.6228737296038203,264.4664565200299,0.792398716758069,5.035931960006233,113.34926266739984,1462.3713268238625,0.6974430854641452,24.067683715237795,9.180878489104519,28.180250426808712,0.08275120516122458,34.4592818747178,2.0051624668004733,556.1005860389757,27.329161081280684,2.9942264656472837,0.30436299187600235,37.71846483359372,-1.0438549223417595,142.12735383713834,4.64542023108208,26.13509770826188,56.49769907180812,2589.2156317753734,4.689832451419325,22.565416413719177,55.6687085786199,35.361924970110195,99.99770230636278,49.26450829702446,2251.6776632398164,50,2
6750.1338277451505,76.37525867295261,94.69688241381098,76.63092296415606,144.72279317802847,96.64906305230978,121.1635910502181,99.41312926518688,75.18415117019,143.1802988270938,73.13005413194226,76.93769097986976,30.981270266219543,6.148392955568468,14.921228888738229,129.06564720034845,362.84488560757654,198.4059307527652,7.074560711507251,215.44741355926095,38.35523301997105,129.39927024918714,49.80875520903788,71.05352160132692,0.19509277010434709,1.0924984223732888,45.59269237970331,8.661824539066643,0.8990193922991621,519.3169608284363,3617.422581443991,40.77636268628989,1.0237974046358007,40.43977880095959,687.9737209174284,2.629151399009493,2.545694168398171,322.37676741807337,5.350679810397227,117.59818188540413,2041.740424003462,2.5885159714483703,290.6783766941053,0.8881808725556758,4.9108961832573295,126.04585547579684,1577.3487920072955,0.7723124474008324,23.229462676957638,9.188212102220636,42.582534841724694,0.1297133430122888,32.776347129745965,5.241889443064065,735.4045838884882,28.289207878127947,4.417029790940553,0.12047491466304516,38.400620706080545,-0.582322327703082,201.94603209545102,3.716799045718478,26.537203848476686,64.36660858701141,2663.8753775501605,3.6661907076205305,27.37130504935656,64.65054874418674,89.29226884217573,99.99269006618911,120.89614772862672,2742.0297327014055,50,3
-148.00826044996208,0.8515660823146547,100.46631217594076,87.10105849055348,80.81712023671446,99.16990296359863,120.45630054379905,79.61369203067777,83.4420808872944,171.839610258438,96.56638993517848,93.14330512328041,41.22299298863199,11.945241692604517,8.956388504011976,129.9918206203709,282.60721672580974,153.43712738662447,-0.48806115859133015,8.676347953085248,52.63438915702723,112.20895471181024,53.59483758387802,48.005001840533225,0.18624687512808258,1.0,11.148041012890006,38.07341879471889,0.38101904533770103,28.55554238033945,2215.453121349139,28.70478642741775,0.6939589696586879,24.19029555033542,363.63024006543645,1.5367662974233278,3.0848727647290053,259.15817434638893,6.645901303726797,75.29522197461998,1680.7313631503787,3.0089902975074385,116.55515042801818,0.43026301714250714,5.4316567289782105,50.86308130430973,546.8620616562506,0.32049756087853243,26.748582227074486,9.193853382023192,64.62626105547362,0.24420730256614445,31.746281639948844,9.65775331926076,666.6205293331486,38.07375723259712,22.396465240150484,0.2013162770452374,43.835764147774526,3.077404015935451,235.91760037381968,5.944567182021038,23.059925742205934,50.78677236726376,2282.003494329515,6.293029995383797,16.461091506187476,42.23975002997379,25.234003828796297,99.83432911673412,45.67634574070509,1705.994921416836,51,1
4509.611534430091,33.36270071064061,104.45836173849257,64.94111426986903,90.39598549030946,37.32454279706671,105.38056279015052,99.90998206604493,71.84680498158191,203.68000059220304,91.60940657617378,90.31797284397435,27.45318402389615,5.213596993026705,14.505673939256342,72.86783896372364,249.48841763832553,180.48840616618696,0.36443821329489057,23.113218897709743,37.617834981989176,115.78602732084387,41.783198249047985,49.35562448797777,0.19265057229849109,1.078914480178503,12.047202991406598,20.113715156296696,0.41042630784652934,59.33561117299768,2353.1309207763475,24.839176163582884,0.39309092607726404,25.434887136633826,346.2117424727257,1.5250926186587503,2.9694392569282484,333.58897977570865,5.932748990383787,119.66037571231485,2457.2242976363555,2.7340483658512325,248.67152329727685,0.7417285263006614,5.3731959949099455,94.1571079205798,1466.2721430047147,0.6077817824409156,22.966560510618592,7.8433106471526415,6.685822305036396,-0.006773073937463486,31.90498961320202,-4.171112775493389,500.1543473829493,25.21929006445302,30.153434647660927,0.6581400971853875,32.31782421680586,5.156853969546344,379.3267163325211,4.095322033080271,21.00489045445768,55.17165207815522,2059.5198110973547,4.143095037225931,19.320708039540065,56.305199486734836,39.20017724141984,100.16330250907,49.082630492863466,1925.372543138686,51,2
11015.445436343554,10.236538859132594,117.21419380100401,73.54195827216112,176.02354427808913,59.98215975318172,133.27841485417534,112.26235237728716,62.67711529554065,209.854450354826,92.22385803451965,97.39126322750575,30.826751689247814,6.446420851223237,19.2719019453986,113.12764012285794,307.1646037431823,227.82278893778533,5.656790530955055,-206.5114394649333,70.6299207584793,149.60313081097846,33.34171426063835,67.25446695406319,0.21027146777860273,1.2168924925611686,38.85798461943079,8.196971593456992,0.8531587411000165,568.985445172406,2845.6129261940514,34.64471364288868,0.4383275201485853,25.476049092258414,432.41042123921005,2.496266596224287,2.7367385555683477,364.44458728837344,5.508081744414193,136.46503152351923,2369.0741131792965,2.723510120881612,334.9108819992474,0.9092302025526766,5.050071282745831,144.53833234863015,1932.6483261450064,0.8149431637072401,17.911120416029924,6.842098333366707,52.677092899135374,0.13332417201147928,27.47997359690899,6.26389356848441,1175.8732808354807,24.76131243093557,-7.560282871651694,0.07857119412485963,35.1498250827281,-2.103075846893246,82.30386525732484,3.5106364265822685,19.456108202564387,59.57525348772728,1963.9075736163386,3.3484214518144686,25.580893826933337,62.880245985470005,81.8763810820241,99.3341772037741,110.32016126361839,2504.230343826439,51,3
-49.65839349036244,0.5587695151155299,92.19572078754679,83.05272855099183,104.86147958383252,105.1241728677463,104.16864721969213,82.06814628148388,66.10340625413193,92.70375276668302,86.77538891045982,147.08082822116512,57.31475678945881,16.35345606579456,14.094657595372777,172.06002806707687,264.51582006974945,189.6083302516706,-0.5200126315772098,13.065307560533018,47.63717494272758,99.09463097569954,68.05626709103059,50.58979176339319,0.2066305795024,1.0,8.92322037405826,23.677167990665275,0.22094499204935375,-18.882453167401895,1979.0319969599907,28.048562172878732,0.7337030563458963,26.72311288635404,248.19360987921212,1.7792448475631426,2.9417896920922137,329.31515007726637,5.848457284264713,113.10132575275338,1832.7308489345885,2.4199379367517264,165.31553117209958,0.506561455726077,4.812269449796313,70.43363209780811,754.6938215235832,0.44035288528069444,24.500358697798806,8.365712788295792,41.63370821073795,0.10719863011120748,32.935773063428016,5.17095881780184,498.40377440303905,31.173385620745464,11.9619124643073,0.1913941792241302,40.83976675910684,1.1726807259143905,151.97827388210845,4.345979789446419,27.169890436056562,56.995964899680395,2728.853710961226,4.424116346420839,19.132709422368055,47.096334110171625,4.312857308891726,99.18224564652276,12.691680118734965,1901.8342380191275,52,1
3842.59834743192,96.12505688314492,111.80318650450452,82.87880710868195,96.94958233594235,161.78900559014767,115.20752080482679,99.39992381507368,74.77325956217643,134.0997512838081,86.13723380129575,115.70035764519884,45.34612504323938,8.342368514679448,19.7101872604446,113.26524683890528,320.20564390679084,246.43219751419497,0.5217447074459264,-20.185679535428072,52.08462739363406,107.84151845536255,73.49091082729558,66.16203557906151,0.20320525300672868,0.9590514111798331,11.26346610859764,2.386596153544968,0.25769148097841266,27.50633523867804,2148.5097753697128,26.804216228948242,0.6678511433792409,22.002401318787552,349.69050802891263,2.0034930211171993,2.6647646627825976,426.1146475317515,5.12670984396816,163.15474438571655,2534.0328504345243,2.5485766884924224,297.44883480102766,0.7145583854639497,4.777418298147721,127.81544243643313,1509.3527382757254,0.6029585238840324,20.984211001526038,7.584899097435113,78.11453238736011,0.18630606543565253,28.802068421088972,14.29548736729691,1000.9814296230211,21.2451020805353,53.63701873393621,0.6185880896951234,28.67653530442934,8.830212830364548,693.8666795811575,2.7232259526379274,26.166311579778043,66.25981622094399,2683.246205764156,2.8923735300625024,25.034639969135316,65.92252989139679,30.356224844627945,99.92025074619582,38.65659465125613,2431.6088034759023,52,2
12373.516603317166,151.58845345821732,124.0965436497426,99.8158933118852,188.56252838463178,207.62494556122383,152.4544975248389,120.42277021209452,51.978719968464475,130.1650170065188,90.72996827852623,120.21607418762586,60.96102678355092,10.10188353789314,42.34715126557009,132.13011503786294,427.601362931924,271.0855025038625,7.277867284523841,256.89706038451794,80.80369784358973,159.470074567309,38.15096298956303,96.42647299494607,0.22648813417201283,1.127635959198087,24.273141963192366,7.4543082471125315,0.7267329430753182,382.08792832545953,3051.972699069063,53.46672419349423,1.2215701797338268,22.055711914345466,443.22911310229415,2.779136239467562,3.181132674353233,369.8572676291998,6.070348026991121,136.10181624510687,2330.2908929673845,2.9026384439337582,268.40295800502264,0.7130662253996308,5.164667342685266,124.00298019361178,1343.7452820851524,0.5583932922855948,24.249954632364197,7.409305492270776,-14.170286511381676,-0.038358025019399555,34.53824046396803,-6.211955418391165,334.86218562995896,24.98807103897763,-28.656472647567,0.3317348272044054,38.107692984900886,-4.770585653919158,-360.0064883063685,4.764095629555014,26.4461415014785,54.20958522604015,2635.634236191348,4.660856842085882,33.27077624692081,61.09721088597238,119.40210974244692,99.01970511983079,157.30770432783277,3297.8334768491677,52,3
42.77782406139488,0.4755262224887715,100.39153640243872,92.08655788711522,94.96123516711555,120.74300278921079,109.13899615685601,97.09070302823997,77.22034652374782,155.16247566101998,100.26338480909862,112.43002949538314,58.17950668150891,13.927872454710398,10.547117276999058,160.60449532757815,270.7311004155589,180.87789835448874,1.3944855694020932,5.408858555417374,52.83577714744514,93.3082490801148,76.90253668829868,40.72203735615158,0.1545276387575695,1.0,10.310572553228535,26.914166906413698,0.5883612512756003,30.48528085083572,2749.4543715988652,25.671233507362416,0.8184350273286659,33.3181123810381,446.4795603906299,1.6712954967181202,2.8007582676513314,260.19753107343394,6.205222444120425,79.50602912306462,1619.4071653350304,2.745985009311677,111.03602671884957,0.41512905541263734,5.018036959711368,51.24489782800091,513.2868925500609,0.3186833602380861,22.86618822186818,8.621562621982852,48.7712946132956,0.19076441593276766,29.05831334039081,7.011108633178955,561.7088379705692,29.59534595465928,19.244912429148783,0.33955897614144664,36.30409361208619,2.6326808803021744,233.1153140839163,5.935766595398566,19.92090635833016,49.99204674487408,1977.002595925818,6.04363459634362,18.173982097249517,48.48911671961553,44.10670437965398,99.82460229704694,68.32366116715153,1856.8386853789998,53,1
4136.600602392429,34.921190118456636,108.09255670135558,75.18512803770645,114.8893540519317,104.55927560430614,112.49088433558327,106.9509020603637,71.38025571785839,187.43969663488852,87.0689516563823,108.90103409617382,43.51467755196707,6.487445287740644,13.749166453775079,118.33571852427511,291.2590850624441,211.43334406265666,0.5912178079233734,29.881097122240412,50.27244278318895,107.47107837241975,62.40503453841451,54.85061246699545,0.18823045225854254,1.2493261047563455,13.262981598533386,12.389372115580926,0.5365811492700122,51.57120401783952,2656.468973764136,27.265839747632747,0.5169296142953952,33.05116056440653,370.30259240360556,1.5792294197500802,2.69748444728631,390.66651940295446,5.2230909705732405,163.4574567338702,2522.3333350379644,2.4476632624689216,290.2588647252481,0.7416412404404219,4.928568525188135,121.70155554057939,1599.0794815589823,0.6523938707829751,20.098637350506554,7.461311436850044,70.49539656291348,0.17177781337146142,27.20208955375234,11.727858899547467,934.2815172560732,23.859892725050134,44.6627078381584,0.5161280150002947,30.64587758564473,7.415437365317834,561.4876906648411,4.547103216788064,24.090535209604973,58.01066122095767,2350.9293606103993,4.504729456614761,22.273960403810264,57.515367577883346,44.32585520818385,99.93320499937383,55.899823893661974,2227.8231137321,53,2
13783.19823872209,75.98091314060954,121.06739772580472,88.00439501833301,182.73188745354554,139.9243006258148,128.4345568864454,123.33355502518559,62.92865887061443,213.83878145516428,94.2335562186786,102.73409534795279,58.60245208911636,6.905730557303572,24.64116873770741,127.87369109274549,376.9477305130895,267.6485584925289,4.944514455544806,139.30737152957283,66.72826213703054,141.37236177504843,52.15027351508165,68.19917627565408,0.1811264970000109,1.1985288214915595,36.47179529343762,8.295584680666378,0.91762527078379,318.07968114947437,3214.20865639736,36.330047311612326,0.7743029502497363,37.010594306205064,464.98791290764314,2.195709127901163,2.7530796972731593,396.69365549455034,5.335878272859438,159.29102347222144,2391.375198179976,2.752873324267633,342.01013414691954,0.8666584344791934,4.9665973522071605,157.81401907525458,1842.2702733208025,0.7812268384723996,17.58507959727,6.446711779760973,100.44704601333984,0.2558878396092106,24.895485923897205,15.720925515561776,1467.914520722381,23.27305513699039,37.31962666149186,0.2759784389515664,31.968978604489482,5.0019079540953015,640.3274369912895,3.790401537321536,27.632555404798328,66.4021788169499,2776.7349071313406,3.6799262884656905,28.83626165510532,67.19884784854548,59.081495091618415,99.23512948043567,75.69350156050523,2866.3769916927204,53,3
402.4688840527901,0.49430103229415934,85.32540602194092,59.62002881262577,64.861986010887,120.81083281117179,93.62688578000443,87.81150219163364,85.67925608233202,134.41543646337345,85.18556398388868,104.70454659699246,49.34938943615175,14.573778901396908,12.204304796986383,154.04284255348176,253.3299831002373,162.68575160564285,2.1251111955726723,8.42470921723157,41.42441567274622,44.270707489141316,66.91734903025592,37.043984674848716,0.14613755040689783,1.0,10.922490293757978,18.52656532586739,0.555142211651152,20.55253366573277,2662.0406683083356,21.5451832518507,0.6794849934547863,28.59974975875241,495.5200894223516,1.4977834180736664,2.465343916939156,286.6741389787242,5.176171883477714,105.11189098078295,1531.3909365521804,2.332390554809806,140.78894861943573,0.48783848033291455,4.5956306517219945,65.48666603431226,617.4383336072008,0.41713695059587474,20.260604962411854,9.140567414998834,56.52766900942091,0.18677240041541385,28.747925456965135,6.767359978699293,701.9699520380019,22.81186541270202,25.302405197069497,0.47478151814479563,30.43219916994995,2.959080095877618,334.5536700584734,5.936222639966928,21.265805567953162,45.25508631554736,2089.374441890553,5.960318749220025,17.64817138724706,46.356101937515575,35.29578455821672,100.12235441460024,57.25705904191945,1796.3477506046688,54,1
1427.383466149337,-23.491628354507398,97.35047087658688,68.4379809174815,83.11886976411657,112.7304497679793,120.48951489439116,102.16591455474324,98.94116284681049,157.49100544455007,90.1832500200897,116.9032484971608,45.39030872872197,10.145339866037926,14.804952339157408,134.1566930537169,348.8233098773082,181.21123945607548,1.3845859177943045,66.38507861069215,39.49267807432645,66.5754383096144,73.53804592559747,51.815728925744494,0.1497677050727273,1.0129276211614548,13.171775971097729,20.56175532555801,0.5495331279477064,40.938958705264675,2510.0118920626437,41.81966169778596,0.4266962095338467,31.203201420623326,453.0433126292298,1.555994224084849,2.7578142244727943,337.3511500721697,5.943781411006205,117.23690406429782,2242.7174097550705,2.5218481696494797,228.15819343216904,0.6527259897162953,5.0981936031438995,91.02015095568521,1221.8800688621543,0.5296774336486484,20.126043493820113,7.35473504474537,70.35844139821744,0.20309578503318193,28.48671378613633,12.490586330333352,823.0672002161724,22.38768479301705,35.138338978854954,0.3952836151532801,31.619876244118405,5.756947252898966,447.7629235764872,5.007635715020548,27.21256481068176,55.2879679991395,2705.6715582070783,5.036954240193804,22.7411530875893,53.23934342459638,28.126833407842764,100.02790326005476,40.0804237025435,2322.552893167164,54,2
6575.433261262088,92.11198412652679,102.39193259104941,82.57953519866402,161.57033835473956,183.16388591868713,148.45580150325281,125.02234270174634,79.88367790849877,206.99095322630012,94.69378306325527,134.7555823709818,52.81502287375048,8.130358971727906,14.300220417183183,153.12322523406723,388.1755137226474,215.06904419934375,3.3966976691729194,509.2489447049527,65.86916083457524,125.25771628037528,51.962432872131075,56.07375901875355,0.1549334956102847,1.0563358987357079,34.12502064962486,3.942079394557772,0.6298983827555322,848.2159745135159,2867.2331537819305,30.908563583535482,0.9029343525159322,31.189640354825077,558.7529819275832,2.5403832676120914,2.779472130392032,379.1564602862301,5.346257473257561,149.68430794250276,2159.9186682262607,2.8058787994522847,260.6121818610843,0.672143548881247,4.9829039433165665,120.46611692339698,1320.2382009395894,0.5985175278372402,18.969203552785437,7.150058361721319,39.62092787168728,0.09967533436331558,27.559286376346673,2.9482648723883162,882.4385337227534,24.070274787110225,14.12125552582254,0.38620944746985725,30.980985771018855,0.706842076599802,255.10465232231473,4.989780746816667,24.669513216512307,55.02743761762374,2465.1999733594844,5.087896059782395,23.9759237315551,57.087463639646394,18.399941620625043,100.49025400110996,32.58096099287508,2410.7459038781953,54,3
307.56056144817535,0.42560850392235494,95.96783333967093,121.14443781389502,112.24744758134187,47.90496979909202,114.32630750934828,89.28682801801091,113.34851445075391,71.76095787349463,91.25012319817256,147.9495011742834,35.288491344737636,17.251556997725245,5.481893675462338,211.99798594332154,318.7189341300974,192.9270467607643,-0.19934928472028712,8.711741452158332,82.20133325685217,93.62560182370584,72.31675514360407,46.277776660672025,0.1454513955975262,1.0,9.942925341245216,-1.973414426537678,0.12180500687944185,-24.50496910929036,2712.2561077605856,34.94927375719756,0.9378086702567754,40.26230753094383,398.86796978198754,2.047796767658791,3.1219930267801845,237.02682596066163,6.4537096782328796,74.44002021601604,1500.8633397031322,2.4328438565587507,85.37659979698992,0.3806681742764157,5.1310307073644115,28.82306450399696,389.8282482392657,0.2908406420045535,17.67994802573877,4.596949475778862,45.50898668392789,0.18559836109098854,28.261298967536515,4.959036153621304,676.9177178202426,15.976968446301536,21.529136147179035,0.4498366030491974,25.848760365868742,2.397911821330051,325.7453200338639,4.475361696323611,30.177168511539016,57.38621929533909,3033.6211851956596,4.500380177601732,23.51672041996285,55.5051302222627,17.11924930525033,100.08399744261553,26.876746379115144,2329.9911013672454,55,1
2037.746892258423,12.883666954588282,113.05920271981057,108.74764042060227,126.5061903194199,104.24818500431094,144.9659470387859,106.83281483838289,128.68996424002054,121.23781288835045,89.10474530254942,127.51040023653835,28.766281252638418,11.304217118084665,6.055733165979782,167.14528741328408,405.5451229303156,238.11462729528972,1.2336419856610226,49.986907751979885,111.95076821908032,79.93632319813099,85.94671102832538,56.889593932628344,0.1361861992388952,0.9546526594076432,14.720327628837989,18.22308148741811,-0.03140945703834108,18.969997012670735,2948.959474991845,29.104343798544527,0.647641704530843,36.45349912316907,418.8028740699487,2.2374207601553424,2.877710665778375,311.2202402393351,6.366292452986762,66.8659472794176,2166.8855108881885,2.779270322907564,163.95570050108756,0.5876032470932115,5.337164492750446,57.32120721331943,898.9474997159159,0.44876132778642797,19.720958919037997,6.843093608807674,32.284682723862716,0.13060573712596818,31.422726673684945,6.367932155371958,466.0096583774056,17.142971788197876,3.6164425476950726,0.3955251241054341,28.957689698191697,-1.4333484845994948,223.0553793402325,3.8475001855775823,33.29292149704707,60.358077740762,3384.210159070929,4.031618555988603,29.688753478682223,59.21695081280897,35.164960955434395,100.1216227235894,46.85538068215233,3001.4630664125275,55,2
8151.899592236075,106.30878419025626,123.9392726466256,118.91270817307137,203.52625909482964,176.13720672380782,173.87825800239602,119.88065279036061,109.39230542836364,149.06234788929368,85.98634694434436,113.40572544282118,37.55187681252718,11.804784792785311,20.435007266516028,154.12019667619995,438.72537008126807,263.2334747877505,5.201002416302154,541.7840288202601,107.0801748095983,145.10730096358762,71.36547018317586,70.19623096353226,0.15856754433627065,1.12832126133005,36.03691779047362,11.527972635815445,-0.022022192509340344,865.2785609010896,3040.502485911695,40.52713300322168,1.0173021526698995,34.58021319557477,615.3139301339249,2.7604678106106912,2.8037129931425713,350.06598731124456,5.42431230113209,131.6230866755943,1954.7744037531536,2.7502535797570293,244.4215460532787,0.7046125480369437,4.827379674770286,119.80667053577251,1116.9487824813914,0.5764873304277132,14.0187372712846,4.487649838777503,108.86041464753205,0.3052114523297339,19.66455986960451,17.059257798309858,1537.8144009370499,9.363618428848532,78.54371294511047,0.8969208674448211,15.309191157980075,12.399208594596335,1065.3470350155142,3.9697202056551713,32.04737855497506,70.43878053480428,3226.928449651817,3.660057319289098,34.679871995468986,71.84013665846764,71.11819592606865,100.50996693593225,97.64778569247164,3495.458770877917,55,3
371.7788802951211,0.3975726464385495,76.28434363825744,66.90770204617252,81.76321967537382,95.99828958856475,79.2520310203247,83.42152675767488,93.54801193674226,75.5529991798913,80.44082262848299,126.14434846779147,30.82907624487736,13.531691777393808,11.672500762542079,209.15905287368773,241.3785631244878,171.7996436210983,2.315202227660036,4.290470293503218,35.57573299434931,77.21373481482476,69.42993857340781,29.019470481766255,0.1227833894442564,1.0,10.372639202086583,5.29098612248085,0.3826817034227522,42.61702822880572,2206.7624052201604,37.63381659995285,0.507668189336832,27.956856358907636,624.1638245265232,1.8735435248687438,2.5979617714214482,297.8772295790065,5.118451972894653,112.18016705546427,1591.7037471458843,2.2672869928061914,157.62996320049803,0.528743986519611,4.596805756528604,69.54663270061153,725.9843467353876,0.4694340522370528,30.088887982799818,11.86632689956067,28.713210266158907,0.07944304404957411,39.31514410147071,3.3106681033820333,327.95548718421435,32.32880166590223,10.758744475018482,0.33410929820890106,41.423137376681964,1.0940535231818287,143.80552838848476,5.150046006634382,22.507126390142975,51.7577808532196,2263.2920608436375,5.205035731417984,18.298005202967918,51.39059983389459,36.10465164905336,100.02098482559394,53.004259811075585,1874.8007975290259,56,1
305.96767433429045,3.0759258352457266,84.97005611966104,70.91422889451111,57.91553463054842,107.88210222829507,99.59232175910597,89.73282787195109,94.04972167689621,92.72790757985865,86.23833299527811,123.07886831707886,40.717719225884956,9.965270022243892,14.02888211766485,152.74682451110948,353.00121310194135,171.35671927438506,0.8482184968277781,35.10922453123295,57.69010551481955,81.29731065496617,70.06993617846516,42.56831426917867,0.11809516006041496,1.0097767199534498,9.839700236776586,7.698810358379244,0.2946158812405658,42.790688432509384,2264.825177538881,54.26979019884111,0.5300327354966776,28.12951228420588,552.2639150154097,2.097602881931934,2.6728775769051722,354.17265424472595,5.597542991309882,127.36180481257425,2094.0057577125403,2.5789391951490592,220.59962732322177,0.590605144592186,4.890044800396426,99.6062817707856,1093.4968902382657,0.5060411544091826,22.596648774872676,8.755057589094214,-0.2512934486681999,0.0022570587905587913,32.77524303883917,-7.505110287059942,389.3633099325019,23.941572128860688,-0.2697231738065433,0.3797945296428165,33.92586164003251,-0.7564019269482976,14.124676545403133,5.1080054279188,27.75492999265711,59.631696316540854,2825.9244872502663,5.031207407240576,23.518289559177322,58.22751335238639,36.291473448801945,99.90634746653234,55.01059013218497,2425.165961139193,56,2
9614.027028429051,165.7393503640925,81.86785123572619,73.97848068317376,124.0637345268097,199.3750171059054,111.06329717200843,94.3818128112483,73.18186961305653,123.78441429956959,89.34498384226285,123.81549607702551,39.57692198120507,7.097518859192752,21.70781638166771,147.1216674594956,409.43628360826017,187.14451238530012,3.6627118154845997,700.7853665786706,59.63014393017027,108.4684970018712,36.5484800021934,50.29107678084685,0.12863046799324312,1.079953749472199,34.50080420269275,8.328717965745245,0.23260121656440785,615.2924594089342,2863.2648817520667,56.947009333830884,0.8355025670613829,27.18575735532461,714.322208908289,3.3807539347736504,2.7214275912021146,353.0654255232269,5.306516861171247,136.03534041245683,2018.8605702233335,2.553076632854824,233.0535258816194,0.6526921072081872,5.0040034245362675,88.61753995175127,1129.5963826303673,0.5504489247356992,21.309588912608444,8.271869771904004,35.796878186881585,0.10618396689152074,29.772617496937748,3.1819686668609775,608.4428051861339,25.008987635889994,40.37635256350757,0.634308230324178,30.791077818291676,6.359459113307408,422.63209485107143,5.029496362323398,26.203346792987418,56.09025669599511,2618.3178209823486,5.09464877583742,27.314595529550466,59.1303915264855,46.91432626541378,100.19157966619073,75.46653508814794,2719.161327952094,56,3
3.318476686856229,0.9041902988640462,100.26792160278576,108.81692708863866,133.80149822477358,76.90983193356647,114.37338497237809,97.89911233271106,97.63391017059902,98.09249100085128,100.41451058522604,152.4422538267947,41.15123576138562,14.316631828991667,7.613220018087222,196.98806017426884,303.8891743920791,206.84319885092225,-0.48172810020871304,5.602777948977972,55.249521568641214,131.1414570926735,68.40647352640276,46.30863392281678,0.16621528326241125,1.0,8.375866198913567,16.099103866414854,0.3973442643734888,16.12016857277475,2198.356426998628,40.58402900400861,0.716094840342188,38.21580340671214,412.1827157313088,1.795527568277453,3.3528743252709043,249.92993882053636,7.048973305974374,67.0712473963047,1645.9248211818317,2.8789168954871696,77.57827788313503,0.3053985261761186,5.343357508490657,31.041717440165712,352.02452006067597,0.20528549585247366,32.20084885961535,9.426214715093266,21.95135842496131,0.08716477785472772,39.72497221538288,3.0250778602306228,220.63096703407558,39.76791997148232,5.0764568454203385,0.18747936749931643,47.649540256707404,0.6113633826914628,35.49643307184439,5.687254635489599,24.724196951373216,54.11875211821353,2506.4344412468026,5.8814642818735745,19.068537280073418,50.499486202290846,9.229318652444814,99.59759095537491,17.062333037466964,1952.4150020506684,57,1
3809.8125824017616,33.37742164271449,113.6368237429411,82.18605371192919,134.71044999216912,99.34991605334649,120.12463010771931,112.20158357744234,86.3558079194761,130.97573187976022,90.7810730110502,127.48042967337642,28.77169051379402,7.352999327737586,11.553981215418634,122.57667490372285,332.2234657507091,252.0480221395025,0.35545482392243816,10.726621717917816,62.28214441420556,120.11357728851081,57.42438544578456,56.61786213287533,0.1732540686769277,1.118039469599314,10.445904731321278,8.221188959987217,0.19558278500747037,31.61800530451191,2555.2936243674094,23.17742682192535,0.7041169811505761,35.21612044277801,383.7595349229891,2.0125078279472763,2.9836054665168033,402.0705271775339,5.645779424223649,147.3676887288333,2502.9751806786862,3.0029306355025938,255.90754001193548,0.6399754553664243,5.278735066665993,113.43771275311826,1383.755552330015,0.5455887978650957,24.647785876073378,8.300127444923772,-18.82328218540345,-0.08207537282959035,34.53927307198457,-12.879338915140895,443.973552221836,24.75765201712486,-1.173475469122856,0.47811754940054774,33.74554119975378,-0.9166756533198233,29.242800065473716,4.868802623874009,27.333354834026338,58.62286115751584,2740.444566019551,4.878716641992119,24.644443391935813,58.07156164805846,40.81817197838724,99.89040900829819,54.11576194314234,2454.5405947962686,57,2
12738.82728387542,86.94989748094935,112.4242035814188,75.35165132696432,204.04056023702043,105.62976824660285,128.27077432917886,113.40118586163291,58.57035741710357,114.46747719208781,84.7767445332678,108.78979942698516,29.455200056353583,8.295219090780286,26.929766436080676,130.0972110506702,351.4397304721926,268.464866348245,5.535860495441726,144.41341378808755,68.17278765118486,120.47150116769012,36.9076039122062,69.23297079129817,0.1927909195218431,1.2692919217357364,30.39959471367669,8.630612389787078,0.5956809020591322,277.4281752478772,2875.0772626548473,55.713479204983365,0.8660715632505136,36.21322187982257,530.8176428167538,2.9299389442589776,2.6518704112828946,388.34344853794596,5.10248845982371,157.0810598482755,2240.8001043743866,2.5282639662342787,331.73257702171793,0.872480987925685,4.8374830640064275,140.572273618337,1707.898881546969,0.7627228012868837,19.96835266880766,7.389019911656618,108.76091017033498,0.28632998145228833,26.47410907312167,18.31972116643689,1396.4727772658634,22.007200495842522,65.46444114652918,0.4531214681654322,30.6713262013928,11.161981420980121,844.6252751036793,4.14114039407363,25.3061689344927,65.99069375609659,2559.804456932914,3.8821293411971087,29.005130896623225,67.7782131028281,68.316942495043,99.05662671228096,91.2789773226107,2876.974865858703,57,3
108.86447658028257,0.6276309004334444,88.93358100956421,61.98217309022195,110.5368577807852,99.89176220474066,87.52551039597954,91.53126914444059,92.15540826919288,143.05482977073243,80.47531788034638,139.11815697395397,48.56000921113321,14.717804568808862,10.967386322038044,174.5947854544549,277.62510778945705,167.60054517832629,-1.4476933916803525,0.3562915841473524,17.098631924200618,87.6132013269838,52.35666190247943,38.35937110698852,0.1439323715793732,1.0,6.414818739143932,11.546707062827222,0.38668801659413443,5.966302029951077,1885.306630023711,25.963563184669546,0.6301289776991366,26.19110544767573,389.75578006703057,1.7023268910242644,3.0153433014170132,322.7005179579124,6.180271516269824,101.40725299796593,1870.5030338726604,2.7328800590679734,160.71198455489503,0.5055601955932245,5.183377449641949,67.40180638599902,754.4885408734888,0.40907470910689225,26.168794875581675,8.871242819618011,31.639703853145626,0.08024420281181624,34.38182685075348,3.36102265036427,435.01578016377454,31.98942087763108,10.041609317380145,0.31658310084670516,40.84519078706142,0.7958765037552107,121.982968645297,5.428005193848933,25.36574149891437,52.24898980469055,2542.843984852727,5.511619230095297,18.359038458390984,49.520104879651875,-15.070612300855807,99.49021015304035,-16.068910318897245,1850.386296197855,58,1
2914.968806026867,33.22318596442955,103.63437667423072,67.58722515645162,126.94732334679958,162.40947501666693,126.32681747788963,112.70044091871924,96.43304079266848,185.84378540393413,91.23749605901797,134.4529678774664,38.24995765644176,10.164222157245705,19.804085110439374,139.30417989507012,376.6231979167275,225.43678301961205,0.7705137119596112,39.864396273685074,28.06458132683767,92.64130933195578,59.72254949817917,54.46004669548009,0.14148148922925896,0.9874915956121072,8.349758101500228,11.928909572334138,0.2108563682505516,23.477359671666537,2030.0494015147933,30.70441317895646,0.766476189081574,25.015820854213445,414.47511951615513,2.185362211506237,3.0594815062884733,435.02649872209065,5.951763548842081,162.376861495729,2704.526799774225,3.1075489480092693,307.2675401618477,0.7087825577900959,5.478509738581752,130.99285374973,1655.166714548469,0.5927144614024228,22.355356722206974,6.902554446539923,-5.578094344156916,-0.05508551004658793,33.63259370246067,-13.09803128112246,794.1252405730336,21.88062431886498,9.321281110281628,0.4266754139404932,32.141668353689816,1.5738413044077688,138.6499584194923,4.66104185777102,28.06918945417824,58.17430479938044,2848.3503116348757,4.779872925447604,23.8264643615741,57.655140339740505,22.21215375286871,100.04643326001637,33.223778824016854,2392.314356670916,58,2
8480.07618927326,119.2484045458294,97.04949991476973,67.02524659833617,220.19683189503039,179.95101443818174,139.3456185300304,124.46361624017582,59.10207780250491,205.8830258812168,84.8449930997872,135.52838177092445,32.950015551451635,9.568721068181638,29.609711073016275,158.22008138262015,380.65780484832214,236.84405473962602,4.272348826862154,497.1107223829508,51.29797316836739,119.95495897003396,42.24514076668507,66.66988680474232,0.17774029438545455,1.255353413982834,23.731150576599966,-0.87424727413649,0.6830631555134101,578.3627666617166,2487.697047587295,52.13613652036635,0.8330307951657769,23.20343424998567,476.68091934497727,3.3289849577229944,2.58169622459257,448.7966202990668,5.014134425704426,182.70885073350888,2481.0741120078546,2.4116414717403267,337.43149501125833,0.7504767369294377,4.754474399479662,138.6794954311603,1751.7045444228013,0.6816369457389836,21.19614934186421,8.126784912990535,8.167402100018613,-0.003003858684147709,32.60288623516661,-4.628412718172898,691.2471652558634,24.260035356322057,-15.889593621636074,0.1289695606661691,36.98988843410536,-3.943844209978568,-157.55491411552123,4.729320549187051,24.010108529009976,53.514053376063835,2378.5634868079524,4.739525802019071,27.318875023682917,57.49477530955119,48.73919333089039,99.56622688480921,71.03692183028156,2744.5510779837578,58,3
72.54801241548873,-0.11351921320644015,99.65487263233399,116.61177189568099,87.24580075243023,113.12748367701555,101.38978688971203,104.55216636754928,95.74312991980759,180.95712923699327,100.14838132065037,109.87662877847023,44.746189322479104,13.153957018124432,15.580802350120848,186.58501480949283,318.96205967257333,185.5032441232924,-2.8292150133593115,-6.137118031314552,62.685472536010735,90.68756873597212,50.0308776426734,36.76545283993801,0.10508485267176543,1.0,5.927939521903969,-1.7769364560323577,0.3678561329597929,36.61932375395537,2874.8193755337215,25.095376332686985,1.0473303420535176,27.498652251687496,617.6360088090689,1.879582124100223,3.20511272184799,221.7156330781392,7.199002439227462,48.27329446249798,1677.792957293408,3.033107426279528,110.15751855121455,0.4959202867859461,5.84600042962219,39.760167115824515,633.9581841815351,0.3505960059178421,32.51823747108374,10.434797079644405,-18.548133066752904,-0.027711324792693948,40.299230355034034,-2.4643416771141933,-56.324470049382114,39.57305049947253,-9.930681413225406,0.22979484245321846,48.36058084991138,-1.2295172448139118,-126.13357626323861,5.652841687604066,29.14089910655111,49.32784412577236,2880.903188636279,6.20700803089291,22.381595176872594,51.33080996780011,13.829593027376134,100.3016314955546,15.139122896262222,2231.4823466025473,59,1
2362.1394003056203,68.13841994513714,102.65488512238682,101.93985416797129,116.75000702833694,60.86661422302866,113.77315997398881,129.25977503212587,91.52579651266684,196.58818784923935,99.62175980536696,98.44571118366102,34.01631117354761,9.238152623549746,15.821632905238799,146.70479281006314,356.40264304328036,212.51850003025132,-0.04403225012274725,94.54739207721786,88.57604979234233,67.44740430070831,38.769454332724834,38.9457919605395,0.1121442916657903,1.0309555797634096,8.515769048889137,22.29105571915814,0.13219059544482892,45.56148228662086,3003.988025225291,10.55060602243449,0.6397663253577444,27.45338818469335,515.6141042282475,1.9103720265686035,3.2788576822717532,299.7077582973948,6.524068260493756,100.57355924057129,2241.5651497164827,3.0669474835804693,252.13826578580984,0.8425500704919922,6.07497741468186,78.06597798548265,1470.2813338335864,0.6798018892536141,16.726942272103287,4.430723837584917,-8.635984488993877,-0.014982041983376854,28.917111756646484,-10.449475131270912,623.6430940194714,17.578907512232245,17.476734649889007,0.5765009142771145,27.2595071527423,3.104502204824532,273.97161447356905,4.027593382461893,30.294375807538295,60.506068863723534,3011.6456684543286,4.167542966249093,28.15533574754461,62.81152776325895,36.06743528478999,100.6799344535763,45.79766870760718,2912.109177190307,59,2
13209.91209951169,76.61531567715488,126.48397069412155,99.76639139925072,203.95529990168836,104.88686946771907,134.69853363097286,132.16588600546868,55.03017279747071,284.6720364996677,86.19303492325389,96.17178031729827,29.502147199968366,10.710033285493502,38.832430194941544,150.43077293817942,311.9860936385325,252.1328561390919,1.8989520167472715,573.2761650790379,87.11532445538066,78.68377273270048,64.2989585517101,45.43754976214434,0.1489296987311815,1.3015626361843573,38.86445163090195,-4.529363994674874,0.45529846447741285,687.0551963458387,3060.928365676017,15.379552027137706,-0.305449299187304,26.011888785033456,530.6667994798335,1.7962372236511785,1.9895485630390422,391.47600697134567,4.92256839821797,134.6167157550256,2245.4890067555734,2.111598664416684,329.3457561633068,0.8536358323241157,4.536079457726313,132.0692951626987,1829.3766733530324,0.7989982470593473,12.487088803209605,6.693908927479416,72.90581022865581,0.17751132470833558,23.648176043261635,8.408871252654922,1540.8887024327785,14.270923899146071,25.54969047977049,0.3866036351313924,24.705119491151784,2.1496347451874662,614.6184739174495,2.2206589505424557,30.579877542537105,72.69653254626242,3068.715451039219,2.2636523713197816,34.03551947049259,74.10053286202587,51.46750308248154,99.85260877664838,63.621285998665215,3394.4294665259245,59,3
-77.73619367276308,0.09017264190895818,110.26384869343795,117.31000692861065,146.75355410042584,68.92007502652812,124.16834362803178,95.12707955825779,126.72464577553994,87.50865146212726,94.42512829196684,155.4677571969375,38.73900685827019,16.11828062436895,4.694116806927352,219.76736462331556,292.453946842211,204.37705020982975,3.3305655762025466,3.8461713164777307,47.586878998033505,96.55492021816573,85.43897386916669,34.091153388704825,0.12610791672649005,1.0,11.93317514009995,13.325387438842325,0.6566651981006865,15.01868474139357,2493.5542731967785,37.585657647929054,0.794153805958169,41.69377623616037,410.2519839971188,1.9880888762004658,3.0714256671204616,235.89759621113828,6.979360620304385,56.0853241032849,1753.8730668509554,2.4923209175658396,59.3769681633879,0.2659401683547772,5.063541605716555,18.214376623889983,342.38693233062577,0.1851760072614502,20.029242484354672,5.8020791868893715,43.80470515146371,0.18974421596775692,28.40920972326371,5.943532350141483,605.2338819356604,25.179217786399477,13.703797074358697,0.2930830573097668,33.409272414099576,1.9209493939663047,191.31803517332244,4.967213110296839,21.859997984987636,54.76002899100757,2256.900549718876,4.854995708227186,20.32060939547992,50.82541696575009,57.02612062824857,99.1749124560408,84.806093599669,2039.1960660206614,60,1
842.4380029915085,45.52630139246076,107.48979980677048,88.19503356264059,99.83597814325458,97.9443515810913,114.7216449561636,85.1081729028092,109.85550495647881,147.84846433083118,75.36551557025153,110.63664665632331,34.558705292135514,8.021860928729248,8.303679485423373,192.62462533059605,303.2867707138578,211.35153659378483,0.8925523293106022,3.6382915436117784,58.604964461392534,97.26561888137786,86.03967764998856,48.641238037777825,0.16016783093651846,1.3568811839110835,10.043621801325802,-1.610587213960864,0.4433054415253535,39.635489090611784,2545.6116877248496,37.31754317635111,0.6239914667328101,40.742452379309135,396.13353926746714,2.1729431560338774,2.6123679659782053,413.6450049473293,5.330315607763123,141.22309978700383,2580.9396812928007,2.658240135661946,293.9251313409738,0.7140732497776006,5.003414196520105,123.16989155908563,1654.6422788616705,0.6585110565892194,21.431768721283344,8.600792280920775,40.813592530021396,0.09159118324386759,31.759747673072614,1.927546146781113,933.597449195033,22.65582965997076,11.58094575391812,0.35645485739541416,32.20033621594156,-0.1682291502673694,280.640146587382,3.8675579542770393,25.391767354789387,63.212680746565376,2557.9119402956408,3.8182339567279593,24.532515668560954,63.097593111048624,56.84692708884029,99.45220719759179,76.02208982694518,2431.540517227396,60,2
8745.836061629827,109.79176749356265,110.94788459697807,89.6457412413835,168.21022597616619,115.23563471760025,123.29536539498244,87.58429659486205,106.42874237250413,131.80784688643905,81.09047804603294,89.712465026359,46.10472815536053,8.422881042020311,13.383346931051747,157.20491848113593,368.64443188541054,233.3009892433673,4.836672844992899,315.43622467584976,36.885524102367626,120.83824484217166,43.53377977825893,62.02825648485565,0.1623495357542074,1.4210337278269731,34.28669756088215,24.730719419377056,0.48461576985536114,452.9695119309268,3304.238705341836,55.31408197406712,0.9204804432825009,40.937713749528626,573.9201209509719,2.9931644923683534,3.0298985209753573,332.84823263160513,6.126072680005679,106.4758999368155,2308.9818957080097,2.7559807012683226,246.40204025778885,0.7259677602966932,5.303554349314299,96.63655101493148,1352.5704950222714,0.5802477021996781,16.777944741473924,5.119098214361846,120.91701591034078,0.34620182444418574,23.02259277666905,21.692208563296447,1357.1027309704143,16.16510585210494,86.77981093892639,0.655727118024319,24.2263317669631,15.583046064974615,1049.0486363763812,3.740527045529504,23.710050068058067,65.54846669965299,2382.3669845997033,3.451398839679605,26.616984593626526,66.62009755874668,110.84478484667231,99.23001896503075,147.1374073778257,2651.788255506469,60,3
287.80672574997794,0.47713258420836924,77.95432112790681,78.41893288805795,91.58322720402793,30.43834934642588,71.44084089252397,89.30565672982743,53.673933520332454,66.43844414703489,77.31810759683589,125.28878741300764,63.14023589613626,12.665949840687514,4.882814620058848,163.55895199922603,279.9334146500894,122.88999180062038,1.3208153141518464,7.322884866972917,36.914621328989206,66.2100217417372,94.71160691549677,28.18824665125927,0.10034617340483654,1.0,9.425486735157465,-16.440056775664523,0.4669246439305292,44.86636698464588,3073.203941572985,39.849836453987834,0.6040800389728922,29.377724050799817,649.3981028234559,2.14609918588834,2.400137284721877,275.9056136377077,5.266041578762677,96.47630388873169,1606.2621681564815,2.1532566846604313,147.1059660973122,0.544482963882576,4.504763427418431,62.68064234950418,755.9130689798578,0.4798901948371824,26.02094339007908,10.541740332797943,32.62037245394743,0.12385294716347842,35.29261823357321,3.896780384266643,476.49451521828445,28.552413714422563,12.78069110464311,0.34200616065053324,38.39745846300831,1.4168401907680241,197.2496850413996,3.946394167653276,26.653000715919003,63.88940068609091,2683.7454613537006,4.199927579407378,22.717530910257373,65.97198208396746,29.93271675751761,100.13874281281677,36.921626475689656,2261.780649776606,61,1
3296.5157929810634,98.7392626745523,105.43263614142874,92.12383658460948,120.77765548859963,107.57119576800775,120.08619282096508,107.48439498781396,76.28341643089004,136.3884540421613,85.11440001011658,133.51454971644887,60.283358816665505,8.777660737821858,9.900426725191409,159.49887228073797,426.0344979535597,218.7663763215483,0.49963471132590026,24.923813225365798,66.21599640175714,93.19380983343113,93.52069459470154,61.307000820467465,0.13825039114717283,1.3306556167288308,10.90096914630146,-4.381281030478494,0.38679100203176764,64.85049882328583,2940.8589092902043,41.90524228537312,0.5770406895504483,33.03741686079975,592.4037790865548,2.427970527526603,2.432578726852418,391.8124134663398,4.7924021374823305,168.69573610154765,2217.488381674344,2.3695105069096996,336.8991023275909,0.8694044559742992,4.513791658369588,155.851103082995,1656.1285876395443,0.7663680579442496,18.86030548416312,7.743368572383304,80.71243787414248,0.22559288876750525,28.482769879352674,11.70862178211966,1153.866068909479,17.48644330437721,41.60418462593462,0.5908296255593352,26.56724000268971,5.136915032350732,646.9138068499915,3.62563114138971,33.69070884183508,73.52404396716713,3415.5869217781387,3.5353287951203716,30.592080693961,71.29619589193918,30.02120260598376,99.79811074620613,42.27573166487915,3084.2569535718235,61,2
11988.316019518134,193.80399197539842,114.23416627567053,103.04225325717039,170.1800690825414,125.33988492933116,121.72144310900643,116.80726494096665,70.91156432224889,140.24253747396037,84.93755886228284,112.72806458693171,74.3110328491511,10.679543200649178,12.01693368095916,157.3786757065817,488.8737111902727,216.3267948903091,3.7200647688857886,574.3406816070041,56.70702084864942,139.98623132084853,74.40845103108768,78.8489706825088,0.15631347316482208,1.4467295446554516,35.169692427272295,14.474775292576046,0.13224737882499382,657.09094194543,3464.766828219525,51.36568546238557,0.7385233011164922,30.30667321647283,747.3530860198404,2.9852646458071366,2.4435121974126672,355.62230167685357,5.077010741133894,136.457664839913,2067.4196490946,2.3784212734289025,260.7313594542097,0.7315116004669334,4.550458549526785,123.87675002011204,1283.9450084177279,0.6343331426037779,20.84184081941785,8.379222272588867,42.335920115595144,0.13625371430971817,31.09462379189784,3.4791480299513404,789.4811855999226,22.57087104674602,23.668932159921596,0.45395642659896907,32.06546804382536,2.5985682301177793,443.9961491048466,3.419514323518964,37.076512209043166,70.69175344516577,3668.8418674606423,3.3836974028188442,36.88667242824005,72.80757949720052,37.08745976184207,99.59617787852054,43.96421183863927,3644.4469468655725,61,3
140.568827680752,0.1567270928152185,91.05869870911985,77.81610877768885,103.00191433683369,78.08666020611494,59.87368570334148,85.97234339999784,62.631303403293956,130.2836724329292,74.27520238738104,128.31060617817198,40.69512886517641,14.664323498471548,5.631207325985219,176.75696519004987,253.76565263459324,129.41083615519204,0.7183767412162796,2.923132508266794,13.794486608539735,91.36909716984242,85.73604121826105,28.487906507665713,0.11523907926626864,1.0,14.09373341129212,12.718780033632484,0.38231386080668667,35.53939713742861,2814.6106299561993,31.35939064851366,0.8146670617876205,32.33936101670174,503.5478831719031,2.026882220877025,3.074715808358961,300.82831733320637,6.5553827160671725,86.49352157841669,2042.9513447441798,2.8105259944812113,124.25327856802761,0.3996530070609674,5.383703220747351,47.564380169920014,685.7108390801767,0.3328310427919783,20.475475881064657,6.673801410927348,60.81761230183696,0.20748896268345213,27.06822804116356,8.392212118746187,757.0020216510623,25.923688810595696,22.125306177601434,0.33716526979212186,33.81359996340708,2.8509293740185417,296.64377841733244,4.8505849190935555,20.155658542496226,53.375844888914166,2043.6616972815505,4.817671669250704,18.011879606298443,53.402103323068424,25.014340619067816,100.14535970925984,35.55061669140086,1836.1468212716334,62,1
952.6144116510561,58.857810525627414,93.42349663042309,71.86470919851824,81.55767217265978,109.28098243242204,65.14849493928227,86.2648562486974,59.70607151777265,161.45651969819824,74.07648244123682,111.26248526462085,47.20085757305148,9.458850543535405,7.345621340028611,175.26342190693046,294.14264571203506,156.34138700260849,1.1608422055206113,-1.1230418781109535,17.60989034928493,122.09339961425356,79.31140332614738,43.95347327890648,0.15006290822544657,1.2778915692279864,13.508363174540666,-4.739702008406432,0.46564768028084597,56.415306003097484,2627.5977106443056,54.484070928281284,0.7106186491059527,37.9337100153132,497.67324977472924,2.448190220250063,3.051328643348856,417.674633174781,6.041417856131346,144.43478940146034,2820.1391544094668,2.965903894003568,304.9308812502011,0.7010852581415251,5.465480307069048,126.78999996874603,1735.9933669918257,0.6200306621533026,21.28194019291806,6.905779008843962,43.95926437341417,0.09520034507279553,31.143392758199692,3.4910434980686054,769.4269828200219,23.87526249336189,14.912080715719448,0.3250302338629034,33.1834227630727,1.0909528324891786,233.83124385659244,4.6998418652938145,24.229151252394704,60.791658541986614,2409.594645751481,4.5088953925009445,21.67446864353317,59.1605213503439,35.217812760750554,99.44816994960183,49.76648832303838,2128.250237870763,62,2
7507.574573855281,153.09720591141806,107.54472378777095,83.86425944916554,201.0331523415229,134.8391597721394,67.05460934451763,100.09479317901415,55.677628971933686,175.79678129368426,86.71400445486665,108.16130152249295,52.19889801983379,7.364791627235469,8.911746742493094,159.80304821931662,444.90509200265586,177.44651755414083,4.696864125466965,473.40809775925743,21.05387577970002,187.23601655109354,45.35764758670996,70.22521679007117,0.15760742798160957,1.3281589123996216,46.31843080384551,10.8414581021301,0.3926106243323402,393.88639698081573,4148.1209940752,52.97384929990567,1.0416647350801638,40.17429926102082,677.7486956798703,4.049239303943868,3.2516423937803935,428.98090730570317,6.079639085808815,154.0090350816685,2897.38279566492,3.0037816681490876,362.2487025224096,0.8456757719594059,5.580948829028877,140.0300672327822,2127.1122269461243,0.7379056449158256,20.162443366768972,6.280413442616229,62.89196801478076,0.15196700272121055,29.200621132329385,7.78560657090531,1066.3743258502125,23.522309365756506,22.796811993504395,0.3257810762281747,33.79288563938037,2.5532066281084846,390.0251147051657,4.785023485437356,28.529897837942677,57.69427735339424,2832.401192165445,4.806762448061032,28.36729084582398,59.8146221338582,50.57393475143574,99.29719124050642,71.29152583325879,2833.4284220456934,62,3
374.3762039054817,0.9269178206560373,74.8972741641724,79.6263569570447,107.17835514455801,115.0875970926479,88.77926070656213,84.78549310055328,36.30833023257185,62.066732677136685,90.23279470702703,136.335712121062,50.569928244527105,12.946922631001787,15.819582020171387,127.21477413181123,212.31544652135784,146.99565014055918,1.128185494453236,19.365987270215403,54.02767971766375,68.17201190781259,77.59934906186277,39.85401029345591,0.19699248584826526,1.0,10.222368416798988,11.430214177571386,0.44233569775553305,2.893016521346812,3132.373473316477,30.79287291297282,0.57270743856709,34.804975530491454,397.6375575331674,1.9811049858826901,2.471676982523697,253.2219173651619,5.363949531196186,87.18704808109612,1439.9449166964016,2.100008074154687,95.82529415332422,0.3791047954743807,4.226456934699684,46.28783421688253,451.5017031229346,0.3385179776813934,26.91057200389782,10.9016231321114,11.629152807877869,0.042550344031428544,35.29188184576913,1.6704534518234193,179.1415164359712,34.68070633046267,3.513141351888734,0.28615847793614774,42.79946886266548,0.5581292276247829,64.61226004773786,4.732714121507728,17.73890961528113,49.29504321450734,1794.4218951818243,4.770570123376855,14.498683238979318,47.51079157937646,21.763580159734094,99.37936353638224,37.66519243907396,1446.5162518001198,63,1
1915.142773797313,70.08396914114587,106.52635175018956,85.64832095525843,112.23036481899851,143.692985948733,105.93456834510728,93.8392979456283,50.22110181425464,88.35457168563978,90.64691462917908,118.87702403956116,50.052472424597816,8.614187854021665,20.007085972346886,124.13939481404448,325.1868343302422,192.82589432263592,0.43339465716741227,-20.10465292437994,45.167322565222065,90.92313060477153,74.0054302762383,73.52396182052742,0.22575367576831315,1.2602976264501837,12.524647961083696,-10.908970523211881,0.5783662099966349,37.56620289941839,3047.567648306055,27.996615141859717,0.49722498647087005,32.23202981916484,394.57140941674555,1.9417410856733497,2.4221871788834037,344.52479164994776,4.632490560151691,148.35572057932364,1827.8299447447582,2.0864087246284626,210.41616927879494,0.6054414828685789,4.208525292814206,98.96562903214223,953.4285861452233,0.5421119560691311,22.88234812612894,9.091191939202476,130.84923877374058,0.37517896971045844,26.890316970577807,31.069623009103942,1112.25307720566,24.378558588009355,66.24275887785443,0.5277929304640385,30.63840862732071,11.189949559563416,834.4928253966679,3.6458826850447474,24.69371272834281,62.41974446628145,2506.177717381126,3.7185885463101958,22.35675249790095,60.0120119389792,25.695085309055173,99.76660691176848,38.099832927963206,2178.580531983757,63,2
10148.28306028021,169.5417926538808,121.89639561956825,111.23826375128354,201.6438238821137,194.73326746413176,122.50172389293459,125.1857510720375,56.62245189917438,89.40701935542067,95.28599689897732,120.14856228056088,71.79066907677574,8.708443937167779,30.17817202552983,123.96861352908198,383.7869590552036,226.64815907901854,4.51060033270182,82.55740192841495,60.99052831523877,135.17903149930683,42.00956249662786,86.85123902382546,0.2246707166001197,1.2574157363784426,23.387542727828226,17.341264728799054,0.6789753546189841,114.36616804709018,3710.0684534368806,41.656011285403444,0.9568319307136766,33.89193010060686,522.5421819419113,2.446519669153744,2.8297826761462397,326.7831311217459,5.398356528988381,131.8701684048644,1914.1935596087126,2.675923294182181,256.93350692436553,0.7847765791590378,4.749598572917376,131.37212104040532,1185.3886155178357,0.6445177023624876,20.53002683618646,6.862588340606637,63.76797035110222,0.19623530711967782,27.722409984249687,9.662417441252725,772.2202398129264,21.60809328548883,52.887370876796666,0.6339304275425562,30.874962850462182,8.691355676718485,693.0539802518913,4.024146277910574,24.5969077196132,62.53658029824077,2448.4456570413663,3.850518090567579,26.290484674962663,66.16169529833127,58.689497724364955,98.74944983568128,72.25294083453018,2579.6169075392927,63,3
50.822145138828546,0.9913850477063222,89.85568874445785,77.64597607281677,91.91239241683158,32.02963706878455,116.14668844637902,84.63581191676032,95.55677760005032,86.52842896445462,84.4093206832323,140.07732036837064,59.28885188437785,14.352609651355143,4.720935671614593,165.1990579249746,336.89906663269176,152.72398392138797,-0.5745037891196862,16.549619328172213,59.65858235719376,96.96399555035686,67.68133970463349,54.22645547924934,0.17991945728006775,1.0,10.47782905238248,-6.164949199094064,0.30155148719796254,5.958236921548991,2463.2291692447125,35.34918294977731,0.6464084042627815,25.14747023878856,411.8774444163369,1.6786524668964657,2.943256059010803,317.00783073633846,5.603212539523075,117.52398606718899,1718.1455513480523,2.331199044754195,167.25020055409686,0.5425532635400625,4.840843877642767,69.91095630061201,739.8753516150372,0.46693968990015633,28.831539123425205,10.124181458360159,65.24217884808473,0.19879990181541152,37.88662153820101,7.891221267194663,774.821038295412,34.31302186397571,22.354201832660316,0.17510912994614658,43.73029597350334,2.344092185857022,294.87563848174347,3.9614334202083024,33.560545256258706,64.36281493896948,3349.8165407125553,4.204727926587193,23.86270232988834,57.56538328195099,-4.051978253580259,99.87944477667001,-4.852574116058534,2366.9126066751205,64,1
3902.3823412792844,57.56813303319801,120.98901583590808,85.47368864963146,119.7898517429722,99.27944122097776,157.57524426931724,117.03488839955986,127.02466504846495,152.36888760002083,99.31387919854097,142.85231175887554,46.01665078456375,9.231902357633682,8.919336912077792,130.48032108057004,438.57963554774904,272.12862428119814,0.939781784489812,23.061503852684943,71.8316673557667,112.25278612340053,81.25825560689482,71.68943267353171,0.16472357827261,0.9088488032581004,13.860721722016619,18.363285056028264,0.16105465663430035,41.247029071829026,2563.1489154461806,45.47323337155097,0.4937777501663817,27.467338803830884,484.32432153049893,1.9752290108897306,2.832180587185469,376.1516825629248,5.813288572239088,130.95419374423258,2338.3333428384103,2.7989987844729023,272.3772581442673,0.7348373469387646,5.026514182408123,121.38829735617165,1314.0521147744814,0.570945579486451,19.69133768677404,6.6780645940102845,77.51160429991647,0.20629522372938097,29.4287332788725,14.004185241718005,985.4814428581498,14.61832973159802,45.85445612020234,0.6791799047334914,24.04646590988048,6.091990153531116,707.175595121771,3.2702453215056124,34.10992616844964,70.75609833422088,3481.9138819245777,3.348647744743011,30.564773052359257,69.17706995125138,22.853651945052416,100.1960743072064,29.802702333306904,3042.8250091627115,64,2
8766.27560481155,107.59682750958522,130.68955061858273,91.965469538797,211.42586473709426,111.25738240628782,195.95781608116314,130.43722573552154,91.28174993293422,113.14158883485759,92.3723178833476,134.901722456643,48.74425099995095,10.647154891270162,7.862954189783135,158.62286624508755,490.5189403756837,255.48892339853248,5.798866055752855,397.02576334125746,93.00071271380484,193.32955902644414,50.555865103833796,96.36412984796233,0.20658854781738645,1.2035309278741892,40.825135285707134,5.878204415608989,0.1127941509306471,993.5229342637933,2904.0786458456296,48.509528639247776,0.8755784081804637,20.841149068204285,618.0840919309725,2.906583300316852,2.728232888089354,379.56695763792345,5.138327406398939,154.68038268016835,2039.7441193285208,2.6926106808700125,279.99188385989885,0.733527473092101,4.646602365421612,141.0522447412226,1305.9804970944588,0.6369931251538999,25.299296051318123,9.45798315105308,-22.001432481799057,-0.060363050116126665,36.58512779933891,-7.663099132962953,323.5754403932898,26.280956000212036,-31.106203931100893,0.33386508662820424,36.555288113538666,-5.3764556253548275,-341.7214586196809,4.2795253715038974,30.74973318454659,61.45867191347597,3061.725356771294,4.227180370656898,34.4577062129641,66.37036148218712,46.047767645929284,99.84060231100517,64.09594798807895,3408.4626081948613,64,3
202.50406688726343,0.13534220293968446,90.68421535128627,84.93138837114921,78.21379700980474,87.96087517949222,79.25193228211756,92.27644409213542,55.42378501030415,98.66505595719173,90.12646771668007,110.13713111022415,74.68087861698402,14.501385653611242,10.79700963246329,179.9325504157859,286.4211344595972,178.5675612407123,1.552100192585968,4.528717440285581,28.862870538889386,78.8808273906989,99.61141177620328,35.971938883891816,0.12779298676241807,1.0,11.951377665953887,8.179990593838726,0.6629540911661979,39.46764947939366,3025.8657520198176,39.737098977527765,0.8059712953172445,32.27424741124952,598.4061530508009,1.890030410027125,2.3970333434110556,282.26170716727,5.169819153714418,101.8466939193953,1527.5454317676279,2.378106973684449,158.49847846728136,0.5581690441757046,4.58242885845904,71.60281762817816,747.6517517517211,0.4895500814551532,25.88495100251217,10.44527850542773,35.74134397742205,0.11646319946082281,33.85935077087263,4.49260915229352,392.141474734315,30.806699604557352,11.450006527806536,0.30140124606792285,39.612565503023944,1.2773164022584473,119.15492685454323,5.7165457246137406,23.821026403022636,52.603543029821715,2402.013524394845,5.805964734279078,21.349584175758842,53.977886350361146,48.42926149735003,99.67574332338513,67.18884862504017,2146.9233265273688,65,1
3972.3153524854797,85.57585095882112,98.49364815848047,81.07984539777547,80.23799152892738,104.91586556126907,84.81886360611223,100.61308537951699,60.362655061319415,142.7412074042408,76.63059728075757,93.98286097160232,64.61066845875911,7.945172059976253,12.906988318721671,151.28393530156788,318.5472411456615,224.35899471716073,0.6166177344359618,28.77185193949806,35.38507559828551,106.42792159158691,85.32036822263547,53.27103534293804,0.16844407452545823,1.32361233974948,13.248196438311975,3.7378860596016796,0.670630399076946,66.71993629777717,2929.014651107785,27.34291411086274,0.5536637145348312,35.18858432082942,543.0170006663488,2.081811978810106,2.394413148339249,410.81506291292277,4.611597109757151,179.38348415524206,2443.889865042351,2.429665029056919,351.29948481690735,0.8706417464783954,4.699954410465516,155.3705210771128,1810.6500070456364,0.7596621438616828,15.336925592745441,6.517113706470958,111.09744739546909,0.286967025179367,22.215498805584748,17.757113412780228,1407.8027803268658,19.590617596261886,63.796136765051685,0.6330665977522287,25.67270961859483,9.369000282371486,836.7194522978035,4.489132997825088,28.08241773570539,66.99057545076202,2796.68835129932,4.3240080435758115,27.094493134922168,65.2627855966014,47.39070913687488,99.6603653834462,61.22622987927558,2726.4279198285867,65,2
14922.391045867651,192.28485196615597,107.47603449229484,89.24562727535982,107.28703551944209,118.8680035602988,98.44933303612206,106.94340659001,38.422699646428846,152.82017450860997,81.94682871379213,95.98210151126005,88.74061023758975,11.163169256221531,25.938726534954455,153.49571843572227,421.75906312344546,243.55855722920722,5.825170334034179,508.8935955013054,37.36731581948733,137.73997144297357,64.56739504276712,75.53849472492341,0.1729596729406618,1.3776670086710365,40.243521577985504,11.509123624645536,0.8269114767805448,578.0168187981392,3577.526510027734,46.14055823623822,1.1201135645878264,38.04229302408627,698.9246984107061,2.552085842611906,2.671555000732058,349.0893266837451,5.734742225085788,117.04260010420111,2368.815231957314,2.6990529428700776,246.64788893048842,0.698882888792319,5.062154846569098,108.59543542911166,1383.894280410982,0.5846884142109738,17.937852357834092,6.832654651277404,105.99289886184165,0.2917298581233511,25.36854316961004,17.385342820196037,1390.9427091275188,22.15808029514838,64.30088333205575,0.5145901740593408,29.89695177975448,10.218505033667121,868.8061862020832,4.675106086137252,32.508659173948466,63.461599662233176,3234.455365728028,4.797666103940788,33.04166734070301,66.23958070250688,78.44447968289452,99.79713180436522,99.99221583562466,3281.7865112836994,65,3
-116.75291348592341,0.3803877212515286,101.86545869124548,89.43092491396317,132.88116597963037,80.8079992363034,110.24665315349294,102.47107355803395,137.22766993815918,139.12306124099044,95.3784260814119,123.91590514273568,70.7665709395684,9.629056527808306,-2.3563268564605355,170.25319578412146,268.900834966491,185.17388740135414,1.259578124550127,-2.884158706247904,32.53179151688131,130.14169046890976,74.03186596049501,48.18616578265589,0.18349785045014083,1.0,13.813458186963091,0.747086718629328,1.0460615393046644,60.92543998118643,3261.725778095072,23.86275560112584,0.8262182277266648,44.747572271013276,600.7111281524053,1.3635681958289023,2.925081260400739,245.41315628682645,6.499819845297564,66.90666691930029,1468.442024256213,2.8131857575920898,143.92350094544625,0.5750578271427836,5.400564992996086,54.936297051474824,691.8646159714569,0.47130339725562176,24.01194711864858,8.472556707448913,45.81739136601618,0.18017850322132092,32.30711929422965,5.303446709667596,638.7427170980952,26.10801551399745,15.890574315668726,0.35424661340240715,34.23274848143765,1.9519799701494875,211.09200018149855,4.650923415529097,15.617233348692366,50.51696844388877,1612.9019561627115,4.452724314383154,18.26796255004652,53.44937427700772,19.70588728196987,99.35722109247882,26.183653063673194,1835.5254674679938,66,1
2277.1981010912446,83.39226066991036,103.00277895354493,73.3145397122388,142.71182410220715,137.7770030511843,130.9018020034934,111.98926444905021,123.85011969381296,176.00080209181684,85.14339395832249,119.3147184947524,53.43471750839065,7.1727528434370456,6.3966159779749825,233.12677323815046,339.343352809982,272.4911267440003,1.1033386832135539,62.1636640852024,33.96306795187614,164.41025360211694,64.7317580038371,74.29497284202652,0.22258486721858575,1.2618810461536274,17.18673149947257,18.38338892398142,0.6835039321116569,49.57130571581582,2957.8673051730066,59.76885155592193,0.7526413751113751,51.200920382333315,594.891979565032,1.7773739575135268,2.882413509298496,441.12556527649747,5.426464586105333,183.97078197715828,2402.7226619249373,3.1122551589445324,353.3047639580665,0.7867699845115659,5.288124573322135,165.48148425920078,1855.6388716720267,0.7523713291626002,16.47020750224002,5.299531418855435,78.03807923747745,0.16689996890670508,26.659953994675444,5.029793680009936,1471.0538016302319,17.75204818878003,17.23391342362021,0.24444256970506478,27.303234761445616,0.5148525650391167,334.0726878873767,5.928915040598601,24.994130134315334,59.259818390416065,2470.1541537696867,5.668938683486983,23.32074556753077,57.28152983418811,48.22511114791463,99.65266047167366,66.93359788386476,2312.5670905681454,66,2
10242.057763216184,173.0235998668287,112.1227079391133,69.94209984880213,215.9718668314069,108.52763256049579,142.41572595562084,116.53208921598467,98.01928258053765,163.3126299150299,81.53561292964002,84.61497844124189,52.15999723333641,5.976574274334427,1.2044838742182051,177.31861249375038,463.60079718535155,278.12662819170816,6.068912904969143,753.1427641174232,14.68752227981605,199.47469499758282,49.1948293355654,98.4250447661442,0.21766754344506759,1.2127986611844628,61.27905114923203,6.110895488356502,1.0974878712702456,274.1160260501359,4148.8692840012645,54.1920208502117,0.9759285253781824,55.212930138795414,733.6297801545636,2.7884873524345917,2.632715375210745,434.47727839628595,5.276431564519646,165.8842042832415,2560.1719443157403,2.6048247056689258,376.3815190269736,0.9013567950340076,5.069741937418992,152.18364747548299,2037.7887299051367,0.8339994789812446,25.21339218795091,9.881640309299694,83.84398229432126,0.19060931030977898,36.74171202103329,15.219202863145881,890.8813705291267,27.81460980608897,39.98053308661098,0.10332749205750524,40.98323921178391,6.336277089030659,524.9329256747246,4.3162497293225695,31.096377510587864,63.861500782837666,3106.815218361201,4.434662543295628,27.602020198313703,63.45118073448169,68.35139262092599,98.45964505037598,93.50974964310227,2824.272449504979,66,3
252.7119296650223,0.523735642215519,72.5326992740088,92.11353272688116,127.82782942388368,130.42796490267466,111.0261520138301,87.8015058084034,112.99669546410762,130.17196534346297,91.1592913136255,116.48966657419928,36.236409811476655,10.730751934566591,12.615295726650224,159.60541247709227,219.70555842914194,154.64790639587454,-0.03792400066886703,-0.5888585227198764,53.406634853399325,107.29425321542192,55.63398978016731,25.81618573354961,0.12115089523107167,1.0,8.088491934358357,4.1281732791949866,0.33063959568142437,19.905768572263835,2959.1401654367414,25.97952317475023,0.5982617083636401,30.36099680291433,509.0932611526163,2.247781966278443,2.5910985641983895,232.47833634064872,5.683629286792414,78.42872299446357,1363.461737836932,2.433641175334312,121.50930320898534,0.5245219541438169,4.684429160041907,53.85933187128209,571.711968911008,0.4339284256850645,16.73704499886766,6.809980180458897,31.99928196723351,0.1709498836494023,24.246198650911143,4.564115905511586,571.5041752696553,18.57182902911805,18.168039751331065,0.5440466470683034,25.974552598322834,2.574074753715661,305.00119976852505,3.4605941039938752,16.117543559267965,59.33538874379773,1633.201400824049,3.2878189446240484,16.748950050285018,59.04362311675418,16.40683159411742,99.38266514365567,25.4896651341259,1674.157063626595,67,1
2544.6973047088445,25.09570266057911,91.92416235016503,87.15541795122923,153.9803374822106,176.296420295028,151.02256785017804,95.76050070543207,103.19561985288678,181.08270440172058,89.44871113930856,125.29011173665756,31.779939944418008,8.39199253815343,22.954225317061116,166.38394638555496,361.3218755941235,201.6100901755675,0.3526001347475224,30.614108075928748,81.07176072341625,105.05280900373847,59.18360497561853,57.622263468801414,0.15937227824830294,1.3332764344942103,12.756981098358176,1.0186322991450876,0.19694262346258162,30.128704054243926,2708.14119961333,41.44109565449334,0.6439407460316466,23.726487795774567,407.0527826110507,2.1351844483556484,2.374291959334404,341.07054011895343,4.6623602694161805,156.276380133739,1720.8751192280047,1.950006243175873,210.11557014507468,0.6242342677082772,4.171557782861337,98.24907547049115,1012.1744720371194,0.617425047351858,18.291012189237,7.425905331955222,82.09895982896916,0.2418463597344055,26.128641058554717,15.167835703368597,1147.3856498692492,18.612426829280647,33.783368197494326,0.39088551969532853,27.41953333082541,5.0884643187942356,552.3918210620029,3.384806403297926,24.796693298782717,61.320001292168094,2516.371082988086,3.4751441125063502,21.38270354069887,61.44859441799653,31.550987029887068,100.13999620754784,47.17702312558135,2152.3197647396314,67,2
12907.389294248185,139.49140256333982,100.21527923728608,104.71229145192751,222.6720854378209,279.9337121658468,135.5988264628413,113.09513444370668,118.19276163865875,210.73309478026866,88.66199345929883,80.90859065874068,40.935593342962534,5.641758139608559,37.80099506444548,118.69610445730517,415.6023147648473,254.1100626807495,4.58352099510914,332.35293621729386,69.6169060639411,144.24065605169656,56.78865084967947,58.727525815954735,0.14128295516007128,1.1886905014730718,33.94767251053613,16.144952752448354,0.5327862339164489,47.297053469118794,3225.1142649737585,52.17345560468998,0.5775822214939664,24.50676937753596,489.7069870367068,2.4378089184447598,2.06719181373212,401.75407963086053,3.8821021611147533,195.1146873137789,1774.7595222583677,2.037235196585554,376.2318695915939,0.9741045276042245,3.8964078920717427,190.3558449746911,1649.1648505114017,0.8920550689777642,13.970471541928895,6.367652207954496,95.95457302690927,0.26855169589048744,22.000519709829675,12.66216973169843,1314.1932999363053,14.554739198357574,63.00185983275747,0.5467127460839452,23.609181690019806,9.03017967333379,923.3215052338629,1.8890066938206118,29.902963540925647,80.25273946583353,2976.0139813162446,1.510178388601823,30.862670731529292,78.7907950321728,60.48814990363412,98.91326421984279,79.95930213614074,3094.3777992566984,67,3
299.06178912493533,0.5415006512739016,76.93832367452848,104.51332598377516,114.85396303682903,87.20072596001775,94.5950855519506,76.42621994106656,82.7720655075228,72.37218464978926,89.34512071840732,121.58904855135481,42.367626586590184,13.456676537039174,12.510794508967738,158.0084698115353,234.95614476749566,171.33095681784016,-2.5147796404455747,2.47269086523817,52.913169514971166,108.76144028137811,65.04931340624448,37.01561721954876,0.16623092935664485,1.0,7.599253529766015,5.845635415731237,0.2225579995544017,-22.424588744162737,2388.262345614444,40.65589791748731,0.5370757435027206,32.39251651429211,345.2307706698224,2.1443224333641018,2.706766407241997,223.92777661716798,5.82624790531498,72.00668018040008,1206.6909616022097,2.4622616976888816,124.8534476492371,0.5482738044461579,4.841669009635448,51.053712692017214,578.8587204132416,0.4666975544527584,21.769530280153244,7.202247714644156,17.9352490603976,0.09604898900549746,31.026329435969625,1.864776718103244,308.17285796657313,25.35060638825094,7.321244454438193,0.384051995657368,34.90829502135816,0.7528295868255712,105.10956762642262,4.420875138601867,22.183064756220563,53.970212375127545,2267.9630473519414,4.40023098613081,15.896642041704748,49.331762324900794,-8.450126841884824,98.91605835294943,-5.023122193806785,1567.6307734389688,68,1
3452.7805558184073,94.74963640416298,91.60884402506046,98.17239852499326,116.758974138791,147.07065362035857,113.92116156723436,92.28863768434569,81.59555401488822,131.97286159497742,85.36376842913614,90.20541510332512,34.17075509331068,10.437881142010072,23.87226486360894,139.46943101553933,316.650735324291,194.55847049509075,0.25719598094103935,26.00930765406363,75.89814305003587,91.53460849327429,63.52397537890984,57.30901400326994,0.17923958448859262,1.1665342004244381,10.238687282208334,5.446507991552153,0.20664292328879563,27.865587397993494,2724.8647126444735,17.091942182226912,0.6181369015360839,23.118090030600197,384.9562553667788,2.4649303321223988,2.4977563921510053,299.477427058092,5.074465266586345,103.73491822739834,1658.7352180059897,2.417511617460509,170.52232253116836,0.6300276847983759,4.682191046514118,70.00795748993792,848.286019767322,0.5473205469008637,17.90623490602328,6.943450673548942,26.901927700397508,0.10045540144895809,27.463247138919346,-2.30392609016312,940.9509696439421,17.9741415249998,26.23440357136224,0.6055723295972071,26.49737829687453,3.5456194055426278,431.8301183417673,3.5413638484609886,24.205454941954002,57.62973916667928,2521.402072997099,3.761376949353912,22.662461665948896,57.608225246334996,33.01663772396827,100.00013399164553,48.64049213835203,2288.6564961185823,68,2
12655.688348930751,200.57415517477062,96.0457983703372,112.13772374467341,164.7212973660919,210.92693206256007,130.61183950696108,106.7824737520191,79.8593536546757,156.5527370933886,78.16061692721767,86.42630658264056,51.00784291533369,12.8010465868552,48.39106336402092,125.53906269394508,330.8304647639384,251.6620616616969,5.7734512460312635,284.55831911423843,71.77596590618009,107.83411825887589,61.17339828968366,72.93196675511643,0.20205845805889172,1.3558785891846064,20.27000840377074,19.475719092810763,0.6650310882418066,430.9286226651676,2797.900580390244,52.07071745650651,0.8188262285230226,24.776975725140353,541.143694694055,2.632742795205336,2.289395368267432,307.1561189066383,5.106826694722864,110.73769007831521,1789.875618503519,2.1834890916609937,212.25529313030034,0.717822166361485,4.403052882140412,98.84719094569408,963.1070079602353,0.5676110234168305,9.101653887601104,3.5677977529259763,130.25337390309807,0.38531426332556185,16.445460358167246,19.907352932081228,1614.4927777167495,4.620084534447031,105.45234285638622,0.867372056188259,14.602905531211128,17.28797849407725,1323.140438661028,3.3716691714086178,23.70262516550983,65.98228950567595,2358.8511695136663,2.997524996041477,30.41187735926577,70.18841005972494,126.40183769810125,99.36709231287794,166.42783141790247,3044.5267730776504,68,3
-181.95886897115045,-0.021548127629562486,106.32233354910433,124.77864513929087,147.04745718642823,56.804252427550665,118.92342261017058,99.07545837797046,121.08650031102945,92.04370232831602,95.63684292833211,141.05287550482092,59.548385066161025,14.249615425965544,0.8466501462406448,169.85512247429307,237.42854725795186,192.38470755933,2.6815975580239764,-0.9998194767629887,63.94523959692028,85.05389399092667,88.68467868189981,25.63271286201881,0.11553793671422283,1.0,8.351052419906816,3.550324688111944,0.6994633762688242,28.225568837184635,2477.9756466639583,28.6462709210953,0.6513044239463376,36.68724302008942,370.41558486678144,1.6156629389082569,2.7551189670612626,199.29862889186288,7.081251700712414,34.643307230365025,1542.9065891397906,2.350841354644362,69.19872617693575,0.37627632243266845,4.977441003292595,21.40839632739029,439.7954682940249,0.28232578335961245,17.29999353192793,5.908178740670298,37.298032637761104,0.2098521312504583,26.159144746813222,4.91842519966863,660.0004671631832,19.350206021909003,13.951299025434476,0.36004194518664756,28.502227632363077,2.0462556105272296,236.63828998243437,3.4320369753762923,19.015975801563663,61.477350710845826,1935.3215485410697,3.4963776681490475,18.897459246453767,59.06077249831762,46.55846417850343,99.42858308956717,66.30003663285677,1890.9067991068687,69,1
2194.492207390987,121.68353181601708,110.53841970654837,105.80981076254197,136.0812890816349,118.60995799633075,136.5074143012428,101.7382771067528,101.85254817974158,181.19702499348793,79.07281828675485,112.09893176523174,45.41181127226715,7.169980756993982,9.539350891862174,175.15495949210404,305.67910547766746,229.79444104695807,0.47593044004008983,29.082865932533114,95.54652511959662,85.88209459246968,88.05047369008905,51.560111459583105,0.16754828865997712,1.4335591987449672,7.030888997833867,-0.09584158648005747,0.4348231860573129,47.8358228260836,2454.169294651766,37.58360113917953,0.5970718508671177,34.40561268788557,362.7918319787398,1.836836755446559,2.291488771795333,409.9148689181426,4.60460788436707,165.7043565901303,2270.914672940494,2.218243321692632,378.70401416784273,0.9637287242050628,4.525803918297251,160.4355353899906,2068.906596023436,0.9408566402402662,17.280599240843138,7.801281199073841,51.26885458174071,0.12353444808698899,29.499986765106637,1.0468853424563855,1327.2195349380863,15.99832773946083,21.109253271579217,0.43366430719118754,26.558020618483724,1.3981363099890913,453.0894839087081,2.623894727263984,25.029777231208822,69.04958736278371,2526.1947087721264,2.6334442253698125,24.770782089229495,68.40814400979811,46.85374606273049,99.42715969156545,61.79613509891256,2460.399304315179,69,2
11948.99561865067,131.04294759631844,126.58553720776766,111.70709107903703,191.5456813099175,128.9661297376156,147.33681485321645,109.8097533480506,119.46849733335621,194.67404525676233,83.30542915825593,82.7469631919181,61.734700540410444,8.524683709165425,14.039192226511728,140.42300164651442,374.04565052186234,273.0090871445223,3.033662966289623,458.94664418930455,65.2038582570515,95.29486932182476,66.97576540288469,66.79246467281125,0.1678638950949773,1.4284321615366171,24.048943365872077,24.678638634962567,0.46771082933482677,296.01270074540423,3029.317278448424,52.08778522348599,0.5473138860010445,35.85930885981081,479.62272176520713,2.07353816207967,2.5861514468286155,322.33272097711114,5.629464723710069,108.093774434267,2062.0285066166653,2.287203697224996,253.63854044468496,0.7792210773009808,4.73851160537382,109.11872632832555,1292.1111847937457,0.6478580849966696,17.045878245330336,6.137723339346116,86.21618758856984,0.26254629222549397,26.992151454642407,13.335131372170743,1089.4482799283055,14.994363539361139,43.54286913224205,0.4021471021343059,27.59443939530285,6.736079195664833,691.9826391177144,2.135043332207674,29.414010778775303,73.64663240197333,2944.141542037391,1.7527421062692925,31.291270191337365,73.72183170559563,91.24410430338298,98.13392083950396,110.86306642465587,3123.981429991212,69,3
244.7879770168832,0.013501964712803016,91.79186339674091,93.72834642609574,85.94694454029938,90.15748306041257,81.47694021905158,82.74493015088109,77.83147299173953,86.18895951423131,77.35080367877812,139.17721520226667,48.61641580686484,19.396934545171852,11.679216397736578,172.27329519847558,258.83929761994204,190.18870341747945,-0.34515820079431636,10.293893365881559,48.35972747933911,60.43863752329278,80.84376335421895,38.135773046288634,0.1503451365666436,1.0,12.49488333093577,15.183547010276023,0.16616767205410216,-21.085836608468096,2359.4686118444797,27.293818657419873,0.858074217064718,27.438865672475444,287.78731784486075,1.5306560634062087,3.0543238414926797,296.9475625582144,6.358520728844224,92.89834566975107,1834.327094013562,2.3740120693385087,121.31829315631609,0.3976011112237101,5.081791573968156,45.6594601056142,611.2519577091655,0.34831632748317604,17.02014744964822,5.28466849092406,61.519723590266864,0.19507502634387341,26.552108265617626,7.0875560563169895,844.5600011477143,18.81542996471034,23.53797769814888,0.33509618963212123,28.810274981911405,2.576779586657049,341.1618311911728,4.047104711144881,27.45061731435264,53.65165574159059,2729.980614953336,4.093026968588693,19.676762867623484,50.048184152345875,4.050908798953344,100.13789000478629,7.031720617781062,1971.461883397543,70,1
280.3700199091179,57.256319337110426,101.09183222754619,97.47277998426287,58.646105478226644,124.78893532072324,90.44291138140684,95.99769843010925,89.26962064416645,120.05196290395283,79.23954096838254,99.95961346286103,48.16893535801361,12.678642602231486,10.345273250849338,147.36879555621084,309.846356982824,206.90668529653655,1.5905098673556064,20.892992076544004,57.325387986787284,73.23153409103568,96.94286229004375,43.30814530758701,0.14087622653410456,0.8983409437828045,12.43479626128303,8.328854100505646,0.3294899715046438,30.052093845563533,2448.8755258500305,44.498262697618166,0.6203174194599573,28.570478343162744,414.5209541288134,1.9543183863086577,2.9628553560100914,350.3586956220639,6.418309341459654,85.93832508945422,2432.291731578665,2.79293570833319,257.6285726764789,0.7299974461334964,5.478368352513043,89.56863740651599,1434.11906276937,0.5896823461800276,16.720697512004943,5.334278222623607,79.73474169067316,0.23015235982020904,27.426717627987067,15.239456540947824,949.5029935111415,16.13308410373156,35.78745158699965,0.44169361627244885,26.968957785451437,4.608642330979769,542.4086831277094,2.847793643491719,27.925714223518057,65.55060019304534,2841.5396323098325,2.9505677967356787,25.593563713507265,63.10924894125999,20.233911956696844,99.59878943258587,26.942082792709762,2510.1233686367073,70,2
5121.718357373634,148.14408941986056,124.28910281818744,111.23327577860479,178.1187272606193,188.45608829049678,134.11997362815868,118.76319698210473,67.68453047162241,150.79582273894022,87.09768893005598,127.71389973954504,60.65646861709196,12.07522815543975,22.223089334913517,158.60254024448443,415.2348252156169,220.55627089844467,4.879074197559814,700.6329079430427,77.07512069075318,152.13121182392496,52.05055919102438,69.29915463536132,0.16836179050024078,1.0974047610584332,31.65822793623731,7.221750795565452,0.1884901897716248,883.019011892602,3457.9447257722613,41.0813155987169,1.3253480846531613,28.182461280348015,578.5560667299554,3.0478227033561733,3.37824696172542,351.66643723687946,6.563008873095641,107.86217530021152,2395.4460712216073,3.1450425386769747,227.34708679040114,0.6349543596955071,5.512066917319105,96.02316200445304,1210.733419015054,0.4725616881616133,20.432628239272095,5.725284163443421,5.091172435038558,0.019832122951106146,29.754242310841946,-3.164504238829844,614.6286780509571,18.36013322112737,-6.471545272360814,0.5943666738131074,28.4565226799247,-1.9574792828906888,-33.320488828572365,5.337735876884807,27.28399088326163,52.22002125233565,2730.8932208657825,5.340980215020389,29.926381557502975,57.419619510799286,59.30586838343034,99.95276916556021,81.43640016737282,3008.124264181972,70,3
242.24288676900642,0.35800441837790253,81.39211661217195,67.43733677353626,80.34346925351991,73.16966080670925,64.6394790297142,76.2103548096678,65.78526356538276,87.49535139818221,78.14115588741942,120.17507176580582,36.07363851283286,11.991009606713495,4.525073691122384,178.70471018293102,206.29608931422564,118.23960712407205,3.40728912268576,12.003708631002631,48.10230825923856,67.41858314170746,68.85946801837747,35.28091938414249,0.1611883784566809,1.0,12.756370466231257,2.5732077164440224,0.246330225514524,43.815514287488966,2891.404713391222,22.43742041689508,0.7835855576132318,32.95558241166805,554.2217681633982,1.8936004963394173,2.3490775439376357,294.9261280695164,5.043543908546036,107.28766911384385,1691.5102805097422,2.0957125979902775,166.53994422781074,0.5766596416972753,4.539097549062451,68.9568459811059,826.9278106902534,0.5125751624586076,23.710133392677022,10.324971320385076,32.893401897785644,0.10570207056496578,32.87249750697529,4.192984432459044,444.67932446204986,23.69338064932212,14.352483932219883,0.4159702831185077,32.807345097233366,1.7357223701198137,219.9388013297144,4.602362425591,18.44927679881568,50.49097634424652,1845.4032103326522,4.584204525623228,17.579443946798136,50.3875745737144,59.15591996739676,100.48399348264513,87.5868135226095,1781.3731187459614,71,1
86.36022521545237,39.79919009478235,94.03480644870335,74.45341421509107,74.66171902277611,95.2171635348505,89.41959592642661,84.0706041489807,69.96195184632371,101.58857077314775,83.41921454235515,127.25160528455491,47.80174079846763,7.599005850944376,4.818987515726194,162.19191333252172,321.2582175855263,149.4302841760984,0.967403250072176,22.03057195327181,64.5656063567238,94.52797148396473,72.65433614286283,55.83149469219254,0.17152050762942345,1.0409030291883867,14.545514802606792,3.378148957036742,0.25234632850726735,48.68309980858072,2624.8864856755,47.94939192254877,0.5506531932116785,36.65996330570071,505.1434627952817,2.055894476428618,2.4493735196295594,378.4957806339434,5.313955747167496,137.52174404921197,2295.4932470800177,2.3191034064108167,282.9652278986754,0.7181229934673328,4.669186263419828,123.97150075132058,1476.3286959608931,0.6455576292392465,23.135948600211186,9.5382588338483,65.04750733784944,0.187699409149523,32.31086218610031,15.200052019001234,447.8808771753278,24.55361742113882,13.828056721530428,0.25615041123361215,34.4685690330558,1.0804570801338627,221.7453559821792,4.82161820701274,25.349174618168433,58.64981730649793,2543.870101686699,4.744448792310407,21.52553578318185,56.48753042950208,38.00266584093115,99.81236889652186,55.313129299602345,2174.619062946753,71,2
8125.60575637745,150.93832222326583,111.21933145646484,97.70391753123096,171.89131306249953,176.263799650564,109.49945572109755,104.06982992741747,74.60530539146455,150.45106434909738,97.83037537361916,123.05354224849434,53.70473730337845,4.793646835424715,3.1623826469387133,143.25217419018466,480.7472653478857,177.9325972962494,3.919918310697428,630.8822834391702,68.19533229771443,165.8739944105648,48.487817046158774,79.61821296814843,0.16963517968950845,0.9885401142308415,43.85453310332115,7.925049278010577,0.15793785412765682,314.08804321084847,3754.2050545568727,46.51944511061365,0.8718302739273989,37.23282853797508,658.0233559510185,3.3290248228850303,3.1016701590847076,374.82939910543985,5.761229132048041,143.726439166666,2350.164907574936,2.796206371619388,296.0504631385708,0.7645482086200319,5.314214736587459,119.40164056002104,1606.216011296211,0.6716746783438914,24.104787564441196,8.290727375565169,13.360332739718224,0.03175280376603229,33.441857457739,-0.6767943714988363,426.1722891410054,27.757994462798585,-2.0934301014307692,0.40007304161680196,35.972550733798585,-1.8614449711180336,62.76633328744322,4.685578280721814,31.33975879097061,57.24401106755206,3123.9043694399047,4.779569705408989,30.131743883312975,59.287413035579945,49.286816446877665,99.49038286793409,74.12506490073818,3009.9118036897285,71,3
-152.4181371265345,-0.09224371474980148,108.647068008022,98.52821183621265,107.68168607125844,75.9979013843346,103.54406162140528,93.7941341239714,115.18463718415515,116.8837621973271,100.77692515707673,146.4708102720008,55.77847828204354,15.0206367831577,4.32647951507401,244.98389168106692,275.06434681898736,178.4103027087939,2.7779553773859176,5.24716595435818,68.38406199233832,118.51980762977072,77.9032509083514,44.77239442123776,0.16480558891657843,1.0,12.049733594934748,-8.603885483974395,0.4978090594457278,31.768370237088103,2522.3028803716047,30.251742094509744,0.8415429022143499,35.05309773146011,421.1926292391232,1.8405828972118607,2.6591181095150818,313.9349216981013,5.385781858176623,112.41992921396974,1765.3851530127915,2.339635126862693,199.08767837892935,0.6613117330619219,4.840570190907528,80.9673597901409,923.3753926782897,0.5677698084104076,30.43840871568696,11.424405615465322,37.66872856799579,0.11824611034200194,38.38686185430533,5.257201172855843,416.62237030582804,35.111194353405956,8.203936429077636,0.15004741896814372,44.68591349554332,1.0035622335087673,102.46391594930206,5.1687910894438565,22.36712789659249,53.26658866631389,2262.5808284004097,4.960484653127578,21.057044866845235,47.64858031407346,64.39099418741402,99.46847419910092,96.56742885190945,2083.598118363614,72,1
1807.6164810684181,90.81323909520849,105.89763654419818,82.45507968098472,78.33103858165244,114.92742139044539,107.4991063198992,93.04224340240152,113.72304397816922,165.83155013884948,89.47903423947949,122.0025732340446,51.86316751210905,7.777338379380971,4.726031856012574,191.12459281129372,299.380973341154,196.76514969252534,0.6824869016334212,21.008437826711635,97.83507488139121,120.3634228917316,66.35788279655225,54.88791055649254,0.18052492049053853,1.0991516388669884,13.872653061950638,18.401799816504166,0.19650959944369878,44.41641326050442,2442.6064337698476,46.79349469809796,0.4546694951833824,32.30814899565857,393.00822206346675,2.0132462868847325,2.3678381562380006,431.5833483278359,4.921888712422844,166.1129990766494,2561.2456295201364,2.422815430487848,305.115839898864,0.7066738966501412,4.695962127316511,133.1796592445107,1576.2731031995634,0.6355345078459853,16.573882051771246,7.258604074508327,80.97625715000217,0.20008157409107338,24.922175447701946,14.300565958566299,937.2966233249919,17.020214072312395,37.319758723179206,0.48578838083523634,24.184004956049513,4.854005445184154,526.838213709844,4.8823639202779,23.620187592523113,59.69246361551849,2387.3925792990153,4.759931128747031,22.978842824072405,59.709658836128426,65.51572050760049,99.94818193136283,86.94564734668067,2353.0130551691104,72,2
15471.737610068601,166.50813552936899,125.61691121851781,98.42535736399492,171.08831169618452,168.79887877725068,149.11175148539252,103.32641733563761,96.22701307806668,182.0384239324222,104.19056181608126,113.38314270607337,63.938567513434194,6.742623563430628,12.051627924658636,156.86648206335153,480.3592793704839,269.61656394535606,4.440998293887715,669.8085732729668,85.98792328761871,186.03319776802493,47.192980928892595,90.05510432354338,0.18693757715663226,1.1298562724140933,47.50218795637331,11.453989116141829,0.33137810564842723,303.65062204841746,3171.318572896493,52.12102731974268,0.5881772659225871,35.28108940235441,538.9992126009136,2.8033900527831745,2.9833985605410933,398.67760790861695,5.754384578809944,148.89821381307775,2477.630066176798,2.6765736220063485,292.2710272534039,0.7010976938210177,5.256359130938881,115.83272769151085,1589.4303127871742,0.6224155952863594,17.33926046624728,5.932738786039645,96.3647987300265,0.23596666214969722,25.124033541340992,16.877846163379818,1230.2709650453146,18.153365534076425,63.73145892320035,0.6758877453482406,25.515534444664226,11.07186609678561,757.4211820730145,4.447611042887818,30.390026623475894,60.49043066608108,3039.4874716541203,4.453939011584685,32.768327230836384,63.61677232567141,101.84179600008697,98.93402641706031,143.29658418421275,3280.5944935272605,72,3
-49.183604895064036,-0.20312696761129462,100.88933632049188,94.99133997538527,129.87326398558235,104.32135202183791,122.2485994085771,96.98467660205705,168.58344936722665,131.45056738104043,88.81984109226538,119.08497136124913,55.33473946336084,10.555766970315638,5.341863828527657,187.91035057632354,289.43371352872725,218.2561395695874,1.7435487422454932,-5.121717594455188,22.101088073514084,72.17465539784924,44.776863416511716,43.34340857376265,0.15203322887258533,1.0,11.773634263434623,1.1389383664641208,0.9396763982809561,44.03953798130529,3292.9889057409696,14.691119993540536,1.1455776258118306,41.54592458076379,678.4325877079302,1.4394105558505204,2.7124655113723812,216.08189001621645,6.546240660640894,50.54587793755521,1450.8670491947314,2.3804680841954737,120.05159525766955,0.5448702103695928,5.2001965995854675,39.183059807522206,651.926437180784,0.42828027547056324,18.996382302916725,6.804647186028055,-4.4904390704650865,0.009718232197500981,30.542997793319508,-2.580660805556649,272.20633255688443,17.500530628574552,-2.619440373970205,0.49002464482325137,26.958162979449586,-0.6669288796469677,2.106878759258194,4.631380191940518,20.81652563367886,44.76122945539873,2133.0912514759953,4.561407657086478,21.70880640589241,50.000103702740205,34.70663456281513,99.33932668260921,43.76818064164878,2147.961055422128,73,1
-1028.6980612540906,33.73459638558445,96.12646762395828,84.7532341951745,120.04392432234042,112.87808073684195,140.28213024715066,107.60072904217384,145.39184334452136,149.3597667962053,79.15204506633951,99.64192956393276,43.455224847338954,8.073280448477576,11.379914453702458,261.3641647638601,369.66683593712605,287.62896305582035,1.1462548795158627,108.25095514267908,25.796840243109983,91.84184691974066,68.24216600100124,60.453742268715054,0.1657095446086767,1.0750556591467229,13.19372656969624,15.838885099924001,0.5405146624320638,29.420807527842463,2970.8154353393584,27.94455339925328,0.9037456103962604,49.96051625675777,673.4760987474262,1.799152141608743,2.778311812952828,407.26510315910315,5.7475526972997555,148.50648987873345,2292.10236649347,3.128665558746802,395.6821313639268,0.9931384394767865,5.654556856342054,161.17133677527684,2164.1142552900924,0.9126930783260873,15.245892264893484,5.251059384244089,84.10404557580195,0.20712858599960007,28.18299233039544,7.774289342966338,1580.2647796815456,16.866279000986808,11.02571237488986,0.10196540136621285,29.528348602052763,-0.8584363759358644,343.314938797159,4.495829417472257,29.882754424219215,63.93112533237999,2984.47148551434,4.510667560284392,27.41383130194322,63.4909471276051,42.104209127803045,99.90168255189262,59.01115418581152,2742.8721908865186,73,2
3287.3928850022694,129.37939456954598,100.73178304610208,70.00261156611465,169.64383170914112,103.75536633053487,149.71455246643356,102.84635733145527,102.07937108318723,179.1763023901317,62.65253506639373,74.81402263485026,35.63348376058377,8.501728816694806,11.350078639445918,198.3639629616109,369.30112836359154,230.87882654872095,5.217581534479949,1058.4450684630472,0.4819030116433112,105.85471851959495,50.90241244287006,67.04429753132581,0.17720629429805695,1.2051214095419083,53.94647626695763,1.0733422032131053,1.0022415452618565,691.2534321479446,3913.944639839951,37.022276570283765,0.8402094151381149,46.243382758828204,721.6935762728076,2.1932786061163374,2.300544460149507,365.7852044984403,5.542858731429269,110.96945769821332,2278.289681602663,2.29820058508129,284.8101448982121,0.7775573712017357,4.932793145280046,102.05389069518655,1572.4067937063396,0.6895885648885118,25.748272238143304,10.929862270897583,12.99018400928395,0.025937925213765728,38.92755948387195,0.9631909503216765,369.2625773051542,26.866983115860876,-2.3970863798540876,0.09270437338904808,40.36087045016879,-0.7089813025325018,1.891819993434524,3.7293639125416926,28.303015177325953,62.18096420875605,2824.987571455661,4.029651999304874,25.90387702388022,61.65176123183687,90.94687123864828,99.73567429339924,122.54453359471458,2673.392299344766,73,3
-321.3488231896058,-0.07514686482858196,105.22523615604652,102.85957434326562,130.57123522663048,90.54810768841448,126.38947973937935,77.64444768226286,181.93714548162563,151.75315939395594,97.43547747255492,143.63066875912955,37.37783089902545,14.937301717623358,5.876645832647981,223.53868261836658,257.6408954374698,187.7942972185539,-1.6405554705554677,-0.45905952848819265,69.76729506422384,136.80706142640915,25.601213719503036,47.46007002958113,0.18758509034536414,1.0,9.624007855484974,-9.372419513706909,0.11020211408223174,-19.3504113614045,1703.7390963598177,20.88056107680307,0.7841066502253174,23.995914697865153,131.20277731944003,1.5390926621378103,2.9106259552482774,304.1208275568835,5.914477952374015,102.57675910903491,1679.7346149304426,2.4015997866097454,221.39620257587154,0.7697882773664957,5.2128956565859506,82.66589888491879,1011.8779802304081,0.6459945428299999,24.878342401122286,8.098970239300268,37.40903876665878,0.12987096350706256,33.50516267435434,4.512704716880017,571.7795350261259,28.894590832790094,8.009587329343574,0.19676131886990791,38.79228607941669,0.7360526724600576,121.5545928792086,3.9559523165944492,23.605096378089303,53.71591890361059,2382.174643078197,3.59303809808457,18.206150783818103,41.50284518931054,5.555666581289916,98.83937547313971,18.302039036151577,1772.6638765876153,74,1
531.1110629482575,71.1096948065223,96.95086195295593,86.86358380208468,89.70797654372184,141.50759633456246,137.7855766485235,90.11377815081458,163.07683054286053,218.72111365639438,95.45216458088449,105.5628592108066,28.807950570209755,10.033741077467653,13.117991631981821,190.45747399387386,272.7725879370448,202.66739436371657,0.8202346337534963,53.14864976602267,106.22809281830328,104.65308397091448,44.233068220407695,44.465336543687876,0.16022348007540593,0.7746668414369678,11.38956644751957,33.862079214184384,-0.2620517020795972,6.136854345922771,1848.5827524240467,35.600954864172266,0.5362110043119113,15.75778759521754,242.9912698587414,2.0183339373869216,2.4548736885109137,381.43463522585387,5.574205409967023,114.68018006458396,2249.975471625809,2.596336556171239,272.65308860969685,0.748143295403105,5.0636985197542845,101.13583029919471,1484.6167818243512,0.6679345205141194,12.695530310784225,5.080386503325705,45.68548427053254,0.1099670568248852,24.83143347281546,2.961731562032333,1094.6612848260027,8.356580844213841,21.254569991158668,0.45280743982530397,18.661270482016043,2.0151360188274356,441.07211087096795,3.4509524386183137,19.599983929462287,55.04112848965201,2063.7773864204805,3.685780967257985,18.110195394176777,56.8066227298738,47.33608836259101,100.26515775565377,66.12667623948516,1855.3203321127369,74,2
9598.408873740551,118.52151249538956,114.82155596216987,94.867347449763,214.62080321256533,211.05424424722224,191.86817177358847,100.7713850722557,136.68429191371519,238.83554485905222,95.11309387379221,106.6688640146712,24.931775249967597,8.031804260859746,21.11105437934931,152.45942046730693,378.7605494064925,268.9249200953599,4.606430767771538,744.376671307173,102.3603968916541,173.73562461964198,35.51658390860514,77.7811867074422,0.19858675871604337,1.0521975149432186,38.99265621243932,7.436751581932754,0.23310729979560157,489.9985450165329,2201.5371527064417,53.768569613704294,0.35648115884979237,13.485203906662647,311.8488264177609,2.747826950161942,2.4753945602369587,408.9717477930966,5.040220288095679,160.39370539962718,2242.2815745717357,2.0814144065083595,316.0882691915549,0.7534350905548193,4.599226824756056,123.00863002306122,1609.0012137410893,0.6813102812578826,12.796322406538895,5.185956955090306,45.59820206327778,0.09803326401378906,23.46806023095324,4.494180134766472,1038.8845848587039,8.439518522448456,24.616973554151286,0.5958404434667602,19.658871399818977,4.554647774032626,229.2005220560427,3.593213738058332,20.247866759260315,55.63473389667057,2022.2989638220197,3.4422008005737945,27.5952315879189,60.06394638325652,124.02454918113165,98.78035213439537,179.76314232829105,2815.6492172889784,74,3
332.37330010081996,-0.12949074601890653,94.13164176603722,98.45803426850291,81.42226550500716,128.9732864750042,103.31018180068408,91.2300087742752,98.05131212986194,133.252925581909,87.94169780680971,113.13163208548823,38.5829221917413,16.655190940718736,12.272260772367222,190.39840093774959,246.70949251309315,193.57314966691763,1.1360164948145652,-1.3008833523352559,60.31281285709356,78.71006268215774,82.15153864565343,34.84435829641181,0.1363460951900088,1.0,10.953286682101169,26.091876000372277,0.5039047072063461,-1.079348241556552,2491.9072065253586,24.50574531705233,0.7577965420430778,35.620702021340584,457.82651367327895,1.8730728426907421,3.02243271838038,253.45428492690166,6.351360992875656,76.65091829858935,1566.4104245027206,2.789283278664408,111.33037139537842,0.44276508170954937,5.336941315127387,45.26783509502226,532.650777504781,0.36390258923636953,12.354996572671991,4.233117521456938,70.9899161733203,0.27475801886131024,20.875234466368646,8.96229615363804,934.6335431456519,12.301437864910818,32.55134624574747,0.519129722272452,20.965062404793514,4.080991584921508,461.09395470220915,5.05789085749075,21.507050648738822,49.023019094147244,2143.6372428077584,4.989288704401272,17.99324646955138,47.43175180344833,32.60252498097249,99.80436261416075,52.79776851144473,1803.5793858789498,75,1
1513.7003387174987,33.22001251583203,91.53978168412144,89.78241580363151,77.96855442878825,140.1444864323502,112.51653332836638,93.29860140769345,104.94408985597391,161.5582802378464,82.93488674804672,97.75496155693774,35.22098609285432,11.761822486939867,16.696594807703608,167.2474754648533,318.7782717023745,160.81548410635614,1.2982685144293078,54.519155586767624,78.89981816510848,78.75086255671226,76.24174411640266,47.47779093250742,0.15057019083949927,1.0856188038937786,13.319292402635273,19.262243164599624,0.48920228841845614,38.125991104472895,2516.862368322869,55.03275090084479,0.5279481277036628,31.341081991475694,442.8586675889835,1.8961982842519978,3.0925788924649256,291.82150297167675,6.567666761203307,73.83461330427394,2144.4040830167114,2.6968171430092562,122.03068764960281,0.46570345102820004,5.480201694833295,34.19620580886918,749.8882857205393,0.37052673783588275,19.010943217227663,6.192813196113396,14.817037851948946,0.0701128713545743,29.671705966259516,-1.8965964226414993,496.77839288169304,22.611182991973994,10.973299831560652,0.37526099440180527,32.393450468810215,1.5794281837236477,159.04971731389128,4.448973697251898,25.151368683580678,52.83276180291993,2529.170494390858,4.509269001943259,23.40095080184581,52.99919017722687,42.003291057807644,100.04349067974373,57.323234062172816,2394.375305171631,75,2
10412.062378731165,146.67311179553695,106.17682726014696,112.79936198114126,165.43426951126747,260.58418380552837,145.8569532975032,116.7820004059484,102.71173616165564,243.80486018357715,93.47296863589307,102.76004981448548,48.807789928807274,9.462669902664222,36.61908943014512,149.12789621201125,409.085809474132,253.23424116383185,4.519449217837241,556.1703939275254,81.21507971025268,136.6555101023667,63.39241927185671,58.50961294940825,0.14540903457168053,1.0492880600363916,35.57175649279032,12.360642427257806,0.6681024715308508,754.5774782062192,3227.2011167868286,34.054770867693456,0.8465564666372142,36.624082912592435,603.6984815532754,2.624606905072425,3.171729496062449,355.423996767651,6.253324775981897,117.03374856573197,2244.293775252152,3.124599181690335,221.31657347094597,0.6225547368751169,5.468171724386935,96.4822331130622,1133.9380168149357,0.48818141585925556,11.826637738346777,2.986400498800756,99.39170954709289,0.2701011459114041,19.773840751992374,14.428184083211455,1403.0701454595942,10.97876736527846,66.3239640688138,0.7439954259911581,19.09424349019514,9.553031665993824,902.7738187913194,4.358360417660243,27.14955367062002,60.832092497166144,2727.2932061789447,4.18334176175597,29.830298861553693,63.52950554136996,98.21151241237085,100.34337868625356,136.26671827316625,3023.281108961115,75,3
-12.264182138110101,0.5893084505927595,93.88853274226825,83.42695097121421,95.73263713819182,156.46513554648897,132.24758241353877,96.83361457244247,115.49058116205286,175.7913942940142,99.14439278552028,113.0679421656484,48.39401781136255,13.413802808951287,12.527093065903868,174.1240945831981,280.9453356944399,194.22378045455204,2.0750113362541085,7.384015287594297,53.01488347631836,125.52339107277444,73.56117044591413,40.77694696980782,0.14920618377769068,1.0,14.924490209962762,33.412420751151394,0.5556768775162368,49.54745770962593,2874.9526528196184,25.402691016243576,0.7738673642785006,27.240902995539912,514.8847160900972,1.620389573447205,3.1024307860416895,300.6462483090836,6.065879102098549,107.9727581983342,1784.0157062054575,2.8478489344704796,127.74394435378161,0.39793774542020205,5.0658036974603045,61.91911461595373,531.0013892534917,0.32313333397326943,21.32607159553741,8.089262895221148,96.18128552903869,0.3425045965649856,25.633459195682175,13.931816673357027,1075.1453040096378,28.594985284510408,38.967195771115556,0.3165904451626482,33.55111759068972,5.331423070398114,511.9059792419762,4.589824725631666,18.86482174226726,57.7852321250134,1860.1012823039862,4.494203116944434,19.100529451397488,54.368208035643846,39.280069253281226,99.99187174952583,56.85436697313556,1979.314881977957,76,1
3120.014809803528,-27.32910672626783,101.92675090628423,62.89633658511197,97.06618743194082,121.00857089718455,128.20417213900242,99.64886408783347,104.84280459649962,193.05850089544452,88.42058684420509,121.50401931788979,39.58504556213802,6.472932667637757,12.805925614259564,133.2183814852455,299.760577293201,232.62569190761226,1.0848469630053268,4.045118051017745,43.786892030431645,150.51473836606715,64.65900165811776,51.83541090813468,0.176402528654921,1.20736221104151,18.210879571052523,13.243052640680162,0.5507522037549596,53.12266889942228,2481.7097475100254,69.45347542530007,0.4732586127995858,29.339654584574227,421.9497879590529,1.3069247441604865,2.8450087625861333,394.2367816372266,5.44208169977768,172.06330171159058,2456.7986317737536,2.3260713858049953,249.6004904365238,0.5804801925817854,4.725380902914123,114.05163620361834,1294.0041105821167,0.5313410956823253,18.61601925310854,6.416532856965804,121.25402747999988,0.3012304945277546,23.656197583182045,27.41386875497921,1091.106235757625,21.783923374666557,57.55673377904273,0.46068880491281866,28.103487265220572,9.264595714552089,744.6566837220344,4.080335137550013,23.5813503868483,63.631655651286295,2288.5569757077233,3.8637687719697187,21.01958134844169,62.84857675681947,40.59120603465417,99.92468716059174,51.1704729193416,2052.612248091736,76,2
13091.903107346305,52.5888884758797,119.26949825680539,73.87784394187788,199.53657638048492,202.40413500785832,133.9117037964457,114.53245703754122,93.24251588235947,174.06565253891256,101.11539607483623,95.1813441126898,46.53092892697285,2.0211036091070698,18.681374112418617,122.44465530531667,467.7847453415877,266.7343395556707,6.677540049768924,177.43914363715453,64.66050270830637,225.14180013745369,27.00550227311703,64.25728778581222,0.14444612764944711,0.9542463719123424,58.28107304575596,6.93575903121375,0.7173887111158264,249.53366147680012,3766.9767661522915,49.16188480064136,1.039430615705819,32.04844333714669,534.4296860481747,2.592889312164713,2.9763717571276067,451.42256772532477,4.844493022865552,211.3613450018699,2358.0276146290926,3.0548365525577164,443.2966779204796,1.0362187006171966,4.9229438357897575,217.5185267247889,2196.7496334075404,0.9560364235530587,24.103528017396155,8.827678040252868,54.14076347296243,0.11476690308116676,31.419973992428595,8.001522767104294,975.1589610918413,32.6931632082324,5.391404068644512,0.22210902321378517,39.307481324050734,0.3395332445918795,163.64875470778838,3.8566030806711873,29.29924433620441,70.465130890267,2953.821740351204,3.7683427386653365,28.369775536553696,69.59924788085533,27.22501598607011,99.15123198024244,41.33564568533715,2815.7715293931287,76,3
150.1734597782123,-0.10986512139530863,91.82976538531794,88.70560646493293,100.77403998159454,89.47237807347928,90.67109515433924,82.7095344248652,100.67223968354652,116.50597260173122,81.52646862642061,110.74061088571042,46.60411086654764,13.35843080069394,7.422052913990727,203.117092693763,276.8382623550236,172.1418552870811,1.5457468523373328,-2.1247317440166817,22.288591432145747,87.09737716309581,73.30200404448219,36.028754176164604,0.12805637593075306,1.0,12.116075547521058,12.609480406353708,0.5155840081932416,22.546626530107734,2907.0455587794054,29.790199533049083,0.9700644159517514,37.445787333921466,600.0546593412802,2.1925074866713405,2.6126445387613844,266.59667891195545,5.7089787699425045,86.99985661709032,1590.570588939277,2.5027660838314207,151.28510719172328,0.5725360828095146,4.990935513834213,59.61564274897175,753.3263173692408,0.4815591288529085,14.734770667626332,5.43710573200661,38.56483993587865,0.1475434858242726,24.045912954082958,4.390996384913171,580.2041949911329,14.317863288008528,16.653499931521694,0.5218582237325025,23.471544141646078,1.8877944898488532,229.32665069881278,5.104155594331179,22.332578184591995,51.26910457869623,2286.853770813971,4.963078852721016,21.260479444114562,51.66037214857485,47.95361996239788,99.4598874272846,69.09489763589056,2115.5281819936854,77,1
1991.4860761943305,48.547692353683544,89.45612838144932,79.4423244159605,92.56073992988638,122.14349248546138,101.7724454665472,85.47619469989141,93.2431157247095,154.19320392043326,70.73529793045172,94.82701219001797,42.83505421570795,8.34553623496601,13.437734922008854,204.3395532563145,333.1159627017195,202.97537079298465,0.9302220273161336,47.45022726099822,37.823741069898844,103.45604804166372,77.34795579467213,52.64924315526388,0.15632230311463818,1.223330458074005,14.328358779032339,5.7116177455567065,0.4130100182908789,45.52986259002718,2755.186445906024,29.572519008363926,0.7693686760763934,38.92622319658515,563.2207907501274,2.4497075752755957,2.594246154807201,395.9251781038837,5.367851003612634,143.2927352645199,2472.9299954135076,2.7007698741632664,302.141098962272,0.7737665488068515,5.130237389694438,125.91354068551892,1667.4508830505586,0.6852575129765597,18.001813761915415,7.033189162054383,58.06836545612128,0.15350763232089554,28.49454885201028,5.815610890632115,1015.6998309832059,22.208091189868373,18.64670826261199,0.32861756185654173,31.69405264962131,1.1913784456238221,347.57867326050996,4.5239268912772275,27.249046193377087,60.227246007571914,2738.7899972701925,4.4993251376867684,25.460078327015292,60.34787958775533,50.45467652348129,99.83921575257797,68.80043267180659,2569.9932189747256,77,2
9914.943921534246,172.17697424451336,91.88326785973608,89.02727016478362,132.35878327758616,171.69299233566036,106.47427096577778,89.90014616363543,79.29383959316881,192.64535183447097,73.28471958723827,77.4830128194775,54.78966327747757,9.519075416399957,27.194867244336102,165.46101808444234,429.6366642731597,218.42568715794425,6.758033926820846,637.4899580662374,25.11195987506221,143.94153579100254,63.51329146652976,70.5798139383913,0.15745416489015718,1.2680841010136883,45.832432724342404,12.030338983751335,0.7959723387551603,591.1507011500947,3699.7636411529097,48.68489307027701,1.1278038936607941,39.938959252452754,711.1242685068073,3.1008777291017418,2.7718309130826464,364.00389648646967,5.905458092218328,118.6071746145254,2448.296757330204,2.696120225981875,265.3193264210845,0.7170468227951672,5.220653882887498,105.2885774454779,1503.847374700228,0.5971146424647514,16.63045337626525,5.9072924032615735,89.54677897456376,0.2446178855087856,25.20519747957342,13.369410102381396,1246.961697254681,18.002988504697406,53.084346496283146,0.47497268326697745,27.479355280718668,8.031516244301478,713.8749395067047,4.241493834181477,30.667728774440427,63.136061501543004,3047.4839982011176,4.267508602483716,32.160565115099345,64.70093467396086,126.10888793048848,100.24399875444634,170.81323671673476,3251.411518266729,77,3
-91.42506619440297,-0.14134112987959935,102.34088173413014,101.4740199790854,120.14409128140065,84.34872138660315,116.98280227218174,100.74171464585044,139.8048926539082,77.43714883082338,96.88731099852637,142.96641552953182,56.97550146909891,14.34591345343306,5.349248134418765,243.5128852183721,262.85263889292133,232.67557593961527,4.255453924332163,-3.925937634374785,49.55152633076869,106.51632107742616,90.8027338113214,31.415894951097435,0.12183342076305836,1.0,10.147036929019844,3.459372260562472,0.859767585032881,55.292942461869806,2073.564046556242,38.88301520853298,0.5619068966160841,35.665195863421474,579.8308867982037,1.6342722452207419,2.6840117368397665,270.5650336229134,5.830313291451559,87.69780841075894,1546.2734915723743,2.334534511807603,150.11937359549722,0.5453886299296801,4.763768949167288,62.15033658259894,708.0734930606967,0.46575037113566486,28.437060980349983,10.670001162277163,35.87536144374665,0.13795702067104879,37.6995890808878,4.377167962232123,446.39031669503345,30.334343529483426,9.781179935586124,0.24094651719708535,40.118778100679485,1.164749899361928,131.53052012906676,4.628867525434995,21.272514867300533,57.35023063822875,2176.0710941302236,4.558857642052759,20.786971694006606,54.75061027468587,62.45631667081159,99.2204984666149,87.8875883602852,2099.5583438143117,78,1
1678.9142343190524,80.57570679751583,96.19412645477468,83.58640448408113,77.18907072999724,126.87573370333004,122.26136509525061,95.56835141515003,122.41373927738306,132.62158948345453,80.26894290954648,115.84383841377812,49.94927989806733,7.7815154596404295,11.02553218980734,195.66972510675026,324.01465763041585,236.38550347164812,0.599758774133559,35.18420016200451,83.98867538760119,105.62753664606406,80.41786660477563,47.77050960426043,0.14775424194105236,1.2384138592861815,8.406122181919851,10.236724832243807,0.48379873730678025,50.53686406519459,2121.9211992387254,58.760781931755346,0.5517539638953547,33.49303017196579,518.7521365461017,1.8561689273262725,2.363441080841832,434.39735170452724,4.6685333048157,181.28714214050018,2310.759087665823,2.4656677230529205,334.41057168282424,0.7623807734033993,4.59442161193712,154.83892005863265,1704.6190012783125,0.7313512826062339,17.649110387978595,7.943967715766805,20.90880721703443,0.02257456428306548,28.760018851478986,-8.859737186461249,1027.298349557123,19.120111041460955,10.174772022262076,0.437114208894565,28.22583920601259,-0.08134714984187275,209.62095819511975,4.551048219873715,26.27441865317231,66.12405566101091,2668.6362262680655,4.362932656781441,25.69459670572986,65.79320953944088,62.95775645027048,99.60679111252115,85.42276658320631,2628.6434144367886,78,2
15489.713948564113,192.53058762073186,96.22381603041343,79.06933283000207,108.28651852776103,174.50256443242162,139.71601626305085,89.0812658399294,103.64654162503024,137.66087615296132,86.0832317697676,92.86210889758667,58.66508730769224,7.234982272870128,22.138641080549032,156.20843391061197,425.7307551967272,271.0847945222847,4.493189415959524,805.90497445612,54.81618292962175,105.6447450988103,44.82443938358241,63.90382951797672,0.1444401512645432,1.2133109157393183,36.66130150608291,17.21461339121211,0.594792790928767,436.0740832322587,2808.4407859220764,66.66632209466111,0.795512577917826,36.00466149634008,676.10777530575,2.6074821734052276,2.7385264532858145,333.765953172315,5.762044005010996,112.1667130170665,2084.928042590934,2.49889137969063,206.83114048082075,0.6195785301464896,5.130486881706765,73.08389762813786,1017.2023832304699,0.4985291042340918,21.10342160003236,7.94628705843942,80.34739949544498,0.22920867979825818,30.154571769817778,14.213503464957125,821.0298996787553,22.665213898928606,67.40975560184376,0.6034043609955659,30.92805172041,12.185009724565123,716.2027616222138,4.2113554333659895,29.309637600319697,63.13131110376123,2940.140890181972,4.161973706715842,31.053183615871813,65.2045270369319,108.71940648074087,99.09169633466874,149.3431889146975,3107.6243487591064,78,3
19.643191848519336,0.3815862012445813,91.80800407559008,68.52906226586984,85.45221351369668,61.84033097641695,80.7649618790502,77.78990259592933,71.7487452501253,124.0047898182531,77.89249421560608,112.91075692339793,50.112751754472825,12.945015521767546,3.3100925254319726,160.50838689135742,252.9343924531877,121.84482080050296,1.5295056428597775,7.07335357344718,30.852535230921074,85.6621521544478,75.36720484494677,38.26374042048525,0.15594179014773246,1.0,12.463051958914921,12.541510999616271,0.4268131632651882,32.17751848559358,2514.3006028033838,27.73779164447236,0.6921862800644605,28.575986720504755,457.52928654086185,1.8335220890442854,2.6669671745991277,306.17241603353403,5.684026157060182,101.76261603794164,1817.271370718254,2.5231557110315634,170.56312173073155,0.5691467227455,4.988301088160354,70.06271254741426,844.0250614051383,0.49168865723500715,21.117867684292754,8.306045663463065,66.88903544292596,0.22638917967502975,28.65202350641877,8.926970571887537,796.7035638744132,25.59785175879017,24.606862873709478,0.33143534199383606,34.053327791788924,3.0094575970545026,317.6683123019085,4.799153445645112,22.124409687707104,54.86662770813937,2224.2851143147386,4.841873293894525,18.468490546604055,50.48387492679169,35.98847211316878,99.8744582194803,56.177631829315544,1860.6523396841437,79,1
2609.6470583423556,76.57643786950487,98.85227736753002,69.34031932915077,84.32078055991794,98.00609500542272,96.856160540492,89.00762011257223,77.28086113531442,173.62389753359352,81.12740452658608,112.00765817199616,47.84386159551859,7.628880156491866,9.345818660597182,149.5441354614035,312.4055549082064,168.97911706621875,0.9076161051995637,16.401043332337498,38.46322209308212,113.64099264747892,73.67890455886176,56.160025737375946,0.17687269423578528,1.1560061158094757,13.111738792274338,7.623720472198569,0.4203615852002639,59.02417862303146,2386.700865303063,46.9709518213025,0.5387520213376896,32.19085110151683,470.30384776708473,2.1555487019970956,2.69249865878495,401.8784111687995,5.524239877078329,147.8681993715286,2602.593753546977,2.6534793865435624,312.65711613725614,0.7705950209614509,5.030908632919557,133.87765013525953,1706.7724321416576,0.6698541461050924,21.119928869672687,7.949316464769887,48.123141295993555,0.11176879538196902,31.11243321848013,4.791677738065817,799.5632807063057,22.396274587577015,26.91731659617384,0.4708046880005925,31.15292408346432,3.26198882434926,392.7435336875151,4.320471498459195,24.518748326702358,60.684789278385885,2464.2775692211594,4.2503956554416895,22.343946077484038,59.84027134883403,39.30268519816669,99.77418777966945,53.91800953964085,2231.4353119842212,79,2
9226.574436188683,137.85349567915824,110.38148492902717,87.13637285678021,173.87390374490496,127.55320033061822,119.74603904899632,105.25597917166479,74.83857337368843,188.9805862192373,90.96554428877772,111.15105282715678,56.21471827293776,7.536495770454956,7.979107575790291,151.16161507488744,450.6866024904616,202.2820157789341,5.226036757712036,381.47170796520834,49.04724429851676,179.81762488093048,50.84065100023509,84.90634505877343,0.19057920516488944,1.2458867063002617,41.93896316847041,11.486450275770732,0.5213514482537757,579.8977555150012,3432.810282233382,49.298059683185706,0.8555097677209804,32.467716495253285,613.9462833859216,3.4009587353690165,3.0727800119996447,384.5766181798687,5.992260402444216,136.57905894828684,2574.682061523436,2.851935204099405,296.0031897099278,0.7482341937040984,5.352130382855866,120.0536566764675,1709.1127521313806,0.647778487999865,21.010905306491633,7.040329740024859,24.353258146123167,0.05932674697238116,31.906833795622305,0.5285395103322461,698.4361576623079,24.72939539917146,-9.597488198267037,0.21402475777695662,36.03642735039897,-2.7581123513862558,-22.348327383152423,4.465928878358827,27.72239701998054,55.48022638054992,2747.6868288737846,4.472990123316431,30.094489457949184,59.276677347383824,82.49383121160126,99.43122359279823,114.24070656068635,2994.5137173676285,79,3
-49.19114190853534,0.979681882272075,85.54779285598352,87.66139195491075,81.80352017682435,33.6035332938731,108.21608921592218,77.77258203935816,94.47207995760456,78.10149187884767,90.91809403062304,92.4043071122054,52.14684424531414,7.006412103136572,-0.7849721320176091,123.23424286297163,252.19589864588286,148.08793893934612,1.7447613092392076,11.350236166145304,64.52274549875365,91.82966937791008,55.62786350831168,47.663827847190426,0.1938433839487541,1.0,10.665580744497204,5.768275927475372,0.49260282074672684,72.99297867003826,2804.659590455465,29.36505436921454,0.6652275237602865,30.32459050505743,639.8010626914172,1.3036683940707214,2.4472745260791062,211.42899104574911,5.796458562732597,66.72456754294694,1230.0555761025046,2.2696846951527347,131.37221881989151,0.5820103006983348,4.79597630754178,53.3717707292147,652.2607587871935,0.4808742631503308,31.746955459732668,12.652650408523979,19.501245566441256,0.1023932669697673,41.280130635947245,2.1941614628357975,275.13114976247255,33.80591438274705,7.543460244088789,0.29483027482504365,42.313833279584614,0.8957550682276092,90.70792532936805,4.256036464043852,22.764351351953163,56.08823969228058,2266.306955832149,4.777729434496063,19.002118053408058,54.676877786289936,39.796424965693504,100.448988825211,54.966534339389185,1951.6740973653516,80,1
3212.417798099609,69.62738865595924,104.50263307155869,82.13086813053782,111.39876133867477,14.317563981878934,130.54142846028225,111.31578943308799,85.3674349508721,106.85215514570382,92.20731428626519,111.14284980266703,41.76992681760136,3.5560144476921165,5.044854159841135,113.87071780597788,341.49586681770404,243.53661801456195,0.20636807052196515,62.16336367465441,72.5167803794044,108.83386969930542,56.81831136333324,65.39126675710563,0.1954922474690052,1.0105761184987259,12.293892757865052,16.48606135315996,0.3370163987123134,66.56500348487644,2806.152272350416,29.658756241323776,0.4899501588862426,37.63488262361615,593.6141682159944,1.4408731817315206,2.4468164042232736,333.38690511852286,5.05751579340288,138.12312348426968,1869.955895698994,2.4900159027509448,346.9681786297564,1.0003384782610059,4.7659281963335705,154.49857925159074,1793.8991958648721,0.89278491802316,22.1852374277821,9.136943820593407,23.23101950415507,0.058898061488086434,33.92770188629065,-1.4875404100740894,633.0630534762902,20.962835611992585,9.921364332284654,0.5026236684878944,31.51042540810921,-0.28002933404124963,255.0144243129269,4.083811493096612,28.59505692142465,65.86777725759403,2854.0931602450873,4.055531238123727,25.53885896881327,64.35266810897745,34.21963626954037,100.05480347145227,46.085165617977154,2575.0763603598243,80,2
9995.143771720193,81.93123059894651,116.97415931480238,80.12335505135931,143.7699263705682,17.65087686375543,151.18503090219133,111.41907589808926,75.61127149653761,112.85289505158332,81.84858418378933,91.48144738076789,39.21582839968106,5.851620768046349,-0.9105054785792746,124.86776396117514,385.92585641608275,218.4016199408813,5.0249410305284,375.0430633391137,73.78177920125849,119.67344741292723,50.15927792282657,82.13283528924025,0.21239764567440228,1.099327530346409,45.39322872570116,6.058134576976192,0.4798537126328164,570.3028712432533,3248.7013628833224,42.39763715327906,0.4852540342410103,33.869657605428344,700.7026309644879,2.095883056501828,2.2668529708407035,295.62861098988697,5.07902806067636,105.8553683461852,1798.4581079801483,2.2456699777089835,267.68672419321615,0.8780926342443517,4.62612456124631,112.80012464072692,1416.1601582290848,0.7835218515818589,28.783164008257664,12.362294857861139,-14.563079789246842,-0.019858103872524485,41.51446388147794,-4.5327296745403896,143.75915316181113,34.15770449003663,-38.97173885001432,-0.0077190660711624615,45.587245811730256,-7.567436302818367,-307.3193368836668,3.092997689024601,30.65210223953729,66.32755142698633,3080.7068338395243,3.125996313315773,31.453264834379265,67.69119335571895,56.24028009123721,99.12884047224163,73.2711789811803,3105.4815892627234,80,3
211.7658903761913,0.025557734479083716,90.74738532734249,78.11774616741384,82.47874144864748,111.58415917729351,99.82704054820874,94.64642856035594,76.5124676280214,54.29510226807685,86.95843885926871,147.04369928776447,53.17193650017751,16.316409469169624,15.12666475530644,237.09375667870245,278.9449854413104,211.75627890865542,5.317456702830017,12.315397691486602,47.0932654338413,58.42263964638886,93.96732273404905,38.54263133700747,0.14262129447203453,1.0,11.657536153934286,12.254625858766198,0.6017982854498812,38.225656530724216,2624.5009867571675,33.214706218812125,0.8066723312768694,33.55956753549905,646.255519481394,1.9745427473746888,2.508143894744389,325.23576270256854,4.913524513812549,125.1737379024859,1788.6382618261782,1.9720004334877665,154.44908387700497,0.4692215734182519,4.234103194370027,69.94927774818082,716.9554710207349,0.42846779427702353,27.928725023556474,11.551775698077467,27.330315587244783,0.052949659850076186,37.9570044048687,3.094982633487606,318.3181004896513,30.281170299841015,8.135360966924697,0.26034207323294545,40.302283060461725,0.7737092014617726,121.36030416312423,4.9804893558453625,26.3901264288905,54.16460165461372,2656.016159310185,5.042413087677007,23.439487361011878,52.66265062241542,76.45948741046394,99.80644024378232,106.99417180408287,2349.61669486067,81,1
854.9726298610835,38.502331594034274,103.31510852275503,80.66236671058883,50.582044491310945,126.16448466233193,107.21204758018064,92.11709344130288,89.06074717489082,67.69307171114924,80.7189675617577,128.1195376320151,57.03548039532572,8.287546917982745,12.24784608595329,169.20204212479743,374.3823481873726,231.2685061708335,0.8346531555012098,1.4625128014124016,61.497592409164554,81.50756301988592,94.67355351529095,57.749266043535954,0.15320843906908785,1.0851642223165272,11.85763739707943,-2.6789768277952763,0.5279493797842799,47.71077171516083,2478.354589956052,49.6495508137115,0.5577839137503154,34.75248647088914,580.0181099134916,1.8825059893133196,2.445173070435914,424.2784727166921,4.89579710127773,172.52218195248855,2445.977713625338,2.298553069951554,297.4307822755817,0.6728509819296437,4.5168854195152734,136.01915384499452,1428.1777747827966,0.5812339800541997,21.6498132910808,9.174429629688666,100.85736965676625,0.26718865471564074,28.61517529306015,21.84894200656822,848.608274707045,25.11119248828956,45.9751007000672,0.4448757267455901,32.79975557340245,6.91317817600353,577.9934115938381,3.922623091424618,31.801714473468586,70.98979412915274,3210.078032489453,3.8110175436874476,29.924954516803275,69.69205913783645,49.2844099762852,99.80373635166578,65.23519288628518,3004.6892409736893,81,2
12655.04499114743,182.280579189516,110.74046097472652,92.7345830955489,105.01231757459574,213.17885366043794,131.4103847188603,101.17128559136133,62.67579580719574,84.45358642066688,93.27230133216075,122.19761933021123,73.63890323972753,7.744085543183452,28.618598631399596,157.94999671243602,493.7094167794351,233.23632344372837,5.413080751254322,705.4596850949861,63.011251653292156,126.68570054481204,40.79515718671864,73.16454799560348,0.14632235067649957,1.0422807870500523,37.66669328981868,9.887001310311597,0.4400057694005241,557.6951186338459,3537.8079247822516,50.913626765951555,1.206057344576056,34.497379150469676,723.2769228943322,2.6994125077692823,3.3058603859971507,328.55334014212525,6.36856642241801,109.87189366490708,2141.3444073089404,3.1199994084776206,187.92665671281762,0.5615273733421232,5.5279831432130315,81.78625252488143,891.2675129847954,0.41546556448367494,27.88015593644092,9.15805279365524,0.6422666025433443,0.01536250601980968,36.060829058159044,-0.7831029102589095,150.19464907007978,32.14527164019525,11.059955898129896,0.6216878018373878,38.44209203634142,2.394311199764327,46.993326290515824,5.316639813037854,33.11122859516031,58.12692527079722,3311.488023452025,5.492322098315409,33.880686973185824,62.15371167308141,87.54711255502154,100.14459109081933,119.76505088538741,3350.440534979538,81,3
158.71045080737895,0.9150125057807097,95.27969234673861,90.88275001234709,118.77168172391559,60.64537962132634,98.38087160897497,79.19173901667916,77.14962390663727,85.00280588338,83.6930158036012,156.5235665628717,36.149216424566774,19.716746786659698,7.868734710162579,193.30898542182774,295.4904020190419,182.4437640954979,-0.07605491502638273,13.108482702552326,46.889342991432,90.22753360566817,69.8949793004716,41.13637656310811,0.1459366348344711,1.0,8.185230168884475,26.989528993081983,-0.13618503839714946,-42.78440592351534,1630.4107150580783,36.4933602844651,0.75905217175813,30.415087002552205,143.7520219396879,1.9573185565174291,3.037698013247626,312.89253062229636,6.178162814270925,105.73319767329576,1855.2720693763854,2.433259149848495,102.57109202451726,0.2946416554101563,4.762654034935497,44.15701115030305,419.9635676235656,0.22042552553693115,15.973485137783943,4.148465821123894,69.6394840368901,0.2291202736332568,24.15047011285949,8.852623745672306,810.393038924781,18.82893628775252,29.346624308442273,0.41808591584550375,27.209587353919996,3.320132036737846,377.30315370020827,5.323859943538184,28.69811250303143,59.352544189895184,2879.2503956333226,5.291315202396364,20.398803124373543,51.66626528808703,10.292649676568782,99.83282328219312,25.558995884888937,2079.7639300076708,82,1
4303.785132476887,-19.623386235956872,116.17513021986733,80.22470367583698,123.47499646880124,132.9656501525966,122.37617301009236,95.64899908774746,80.10437725063312,149.34665027568815,79.29652623102137,134.67774349402785,26.80320796843092,9.115865318248535,11.13004967254961,84.89858487794805,334.70433579869774,227.56920539529182,1.1324308231198028,-10.884301754092043,58.99256118172781,84.58226605852018,87.44367502078961,47.30958835404202,0.1377035550329432,0.9926936855904953,11.039479599430617,4.299630244162358,-0.08863854313099068,12.982737443610183,1995.4141303188858,10.809136423665397,0.7159869800832724,24.500891601582985,197.97590281451028,2.289895469667491,2.592631822040302,436.0111789928141,5.509195547056668,137.1100399248603,2913.921182753565,2.559554223955806,283.76268090196515,0.6796584619319206,4.860596122488357,118.60028981639121,1591.5591602688025,0.5507155772113099,24.69539248725501,9.366747809503272,18.75689018267412,0.03593961069951912,34.62779685506743,2.082524039880889,439.54821776058117,23.53523684163732,11.745717115155228,0.4603446150425621,33.74989444279076,0.9176718877018701,241.0788643734526,3.468513189690124,28.530123558239342,59.72418917573861,2891.0609430922996,3.688685424875914,24.100692206551965,57.95016983213842,27.129525325710098,99.66810688478523,34.42875982417064,2364.5443122194797,82,2
8502.653454948042,53.05873110283521,109.32214465398259,89.24003084114096,196.11734920516335,176.76431357017825,135.44210852695315,110.87746386744024,65.330984465088,140.07983790209914,85.37435447854867,134.91326313949057,40.425624885507276,10.400161772474569,25.550923233072833,123.35812430560337,393.2998262450855,244.62719534953763,6.608195163258286,65.6721051178501,91.33360202863133,135.24647173195896,51.31174678375598,63.74728963100198,0.1619920796822108,1.1885628487821789,14.304840829605272,11.485628043677341,0.20517343135462057,565.7657464040221,2209.073753274928,60.457131706281814,1.6212420594162336,22.82062778373661,366.62491266281893,3.526386878886315,3.0963527660358343,399.5420655557902,5.364083506194936,172.70131841435636,2341.883151226567,2.8150810119957543,309.65445680321454,0.7646303877410268,4.884066515144718,149.28100172842758,1537.5775341066492,0.6325580119790887,17.296835461089287,4.756288443521823,76.03420432291624,0.20942480002031855,21.446921987093972,8.7532591688707,1415.4526615847915,17.977670101182156,27.71833751948015,0.5012885493772674,25.01277343478376,3.8589969740465873,409.55384887686665,5.044125913451547,25.304838583821084,59.8787014857204,2541.4653791190517,4.642072966188044,30.554135415788437,62.76550389724209,63.66592829550725,100.05227474956585,88.60048171377096,3043.1016192490315,82,3
520.0162254274969,0.2619885581708605,82.969576138598,82.96585789905535,92.42517037180784,104.33502721096443,70.55834133482912,100.69503494567738,41.323633450514045,123.61941809222463,80.18240367319858,127.26191384117213,50.657857130353996,14.667626561735386,15.69907335252757,172.13041087242885,297.1090340885356,155.71230269266135,-1.3283486947245244,0.19784526587335272,29.163223434329982,50.3947643103822,74.03627177320145,35.49139581060605,0.11410515641359664,1.0,5.7864673948118,3.5813242450290197,0.4578253717172058,3.7605846555724263,3183.3822824877575,25.58205091774637,0.9566581653880334,38.17591563105452,641.8223604240035,2.3600957829775595,2.8927414205750193,257.2371078132642,6.300884543400883,71.77812524331469,1682.691084650235,2.7230353445107256,102.17672301951933,0.41867815176956613,5.216941764500647,41.272835443672406,563.3240592083976,0.32293710252600155,20.96271096222639,7.120443660147288,-4.770916474354273,-0.012535482570833006,30.90734263410564,-1.7919535857830473,136.19369570564248,23.036501035113623,1.4440835029534735,0.5037462678470201,32.84726442945157,-0.1889015677655057,50.09245564754161,5.789596405369827,27.412442027144504,48.125593333735495,2750.236599576044,6.070597100349264,21.7117750761265,54.34952980655447,5.86002404652109,99.98002817833829,7.306278281323806,2137.989178360015,83,1
2814.437100820912,54.16011168718147,105.75193291081904,93.77621310120573,146.14451855238434,152.0232267992276,117.83327629615914,120.46706692553295,67.71635514762062,144.59992205297135,88.55347313895311,126.3213912212443,44.19142403779027,11.45705778244696,20.3765388883523,169.6998524877419,446.3515743979555,213.73730870367723,0.5814046852401832,62.46745979858217,45.12741360238917,61.954279103107524,72.38377957279707,64.07054642787503,0.1388034473418029,1.172304842694857,10.827725666971746,1.7111119290482204,0.3828567012482005,33.51691250426143,3192.39203722857,13.276784363572094,0.8546416839774762,37.99518412047222,575.8799926854012,2.529931163895905,3.2379816690675103,352.1083959265844,6.278384549736545,123.902789124216,2399.390501061597,3.0777837461704465,222.4471381048579,0.653470373288586,5.719414598827837,84.28517571807751,1208.2212211839196,0.5048004449839744,22.349601434071243,6.510786523781525,24.868839863232928,0.08786572128149725,32.57121286484416,-0.5249665246747774,685.7385155516906,25.114271312783615,18.760228025651493,0.39820746542593033,35.09577946059525,3.338707161174391,252.27895360440783,4.717031813105722,34.900303541193225,59.43778629313501,3504.6226696049052,4.877482519737396,31.088957227527256,59.11234640364872,23.803995566450702,100.31183130005944,33.89091077512685,3154.5199823579887,83,2
9762.768171095278,165.68249502139184,110.20536123071336,107.06586087537792,215.87148916657696,195.6330291449293,121.53939581847477,139.50473670258992,41.09615975128167,226.9813613647596,80.36306839171527,119.73376642680911,52.668134426179634,13.170720168801065,44.02901337085164,170.5329378306125,407.939570660688,235.578404961987,3.59117638046298,563.1680571917942,51.202695600258636,91.98304388322754,79.4147049692256,66.85786912565302,0.1624600237672326,1.3652727169165986,26.605909471356426,0.6904329599319041,0.7146583804085348,677.6228696353096,3543.650063964629,25.476588472134953,0.6920065850156947,38.232356154228,658.1586546104052,2.717197722062529,2.529161668802506,402.09236468626426,5.424963825639783,142.86021549412197,2351.350624502894,2.608140481853152,277.3045600874713,0.6936237434222658,4.85277916414946,123.86126187438121,1450.3769017732732,0.6013978958091988,15.627410170180276,5.858149554752735,71.51582390228829,0.18709416486308064,25.273873355017077,7.306851927125441,1283.018326805098,16.11013340178076,40.25178460219251,0.46471631699902166,27.165212519990522,4.144176009992888,719.5013656185901,3.9108023833679795,33.6996050057699,66.50015691009317,3342.914163889004,3.9382363773095186,34.4872980863638,68.84303135815837,56.63505393681156,100.5426082224962,69.50422217724116,3463.47283804213,83,3
19.694721667972317,0.04328589556360962,104.67684929458298,97.39558688566655,106.8237737246778,162.53973873528008,127.64535240322061,106.751807705301,103.4647240666423,164.50643377815317,102.34311721815213,136.57879508887572,58.545393392129,17.16750237170898,18.382594418503317,227.70803579962933,325.6182061307581,234.40499084552695,1.5070925149453738,2.130133432317037,46.5137906036293,103.49236824459835,76.6105134071756,43.247419161618275,0.13201857310280524,1.0,10.104273745450573,27.296181736877653,0.5573420924612664,13.737225533738501,2718.410467666739,25.81919157748839,1.0598726126245748,33.45360841676896,496.0260100002421,2.0184480767806656,3.0251159909208765,310.52233478161594,6.040005766571912,106.67228412526048,1857.057644263872,2.7391114627933337,134.85812408620578,0.42023149001296506,4.9975612295268705,62.17540876791631,586.6480091180058,0.3257043146253667,20.949978474674534,7.225258377345733,45.58850493993805,0.1480201855170339,27.5916156350607,6.263473125543682,557.0651221823376,26.771442586533954,17.163815196491885,0.33561715103939116,34.210924921320164,2.1728701604752674,220.88223539654638,5.774794461046879,25.343630396620334,53.26158789225135,2536.0296433640383,5.6892945852137276,23.46605419462717,51.19807110513911,47.32703511459613,99.41909677858014,68.66468533475884,2353.1534677347317,84,1
3825.741700341849,3.5984683896605887,109.97400948772776,77.5655954319198,110.85269294956491,159.65999127036838,128.5993720217124,107.81498704311147,100.0554920247888,187.93715828938778,84.14350148792394,118.87261296271093,43.124863989711514,7.808058920542995,18.267353172004967,157.0696936214824,342.4479270517326,264.8062125038264,0.7333490111715125,19.944216912376255,51.620313490774265,110.80286017339202,70.63182420395181,53.40989122398297,0.15838505554744894,1.1878317585457752,14.56951612526381,9.872169683938104,0.4169671349679097,33.48922218853152,2547.767287041494,29.060479069970377,0.6933049110414711,30.247955509567586,406.04191650208907,1.7860526272970427,2.766064163404606,444.55906089318034,5.206380813762642,187.86746748787323,2803.59592545866,2.5064249449402616,293.82681185349685,0.6575147721556928,4.968697493679174,124.08991245713825,1557.386070814167,0.5650453832619737,17.6597248598617,6.212708820372252,111.36868163735156,0.27299710902408164,23.480053748310585,23.17289549183033,1193.644668360535,22.451062459265735,60.5211082518032,0.4894656971591866,28.627070735751655,10.162055400121272,767.8748743791248,3.9913961869947205,28.487807016861296,64.00998032691561,2809.98778751777,3.9720997826816022,26.964789254318852,64.78327001800491,50.75137302449896,100.11841208459744,62.0839147325353,2686.7934618816626,84,2
15768.184103130021,95.06252473783195,118.69220745266455,86.48871469243777,177.25141352900977,229.67307004514225,139.04267774367122,118.31109767773975,65.93508766244213,206.98645326020747,91.62203966946029,99.26165013017588,59.472926461257934,7.58953126831209,45.080694069777294,145.38515054294606,440.1014956469588,302.1602842413608,6.7463533044787605,368.4592208250855,64.80022795610606,157.41791823672128,47.22598128725664,64.24712118341554,0.14473647691163713,1.1150903737156501,41.82218322508776,3.6394672233622547,0.9402179367320298,343.8660775121957,3339.410518023125,42.02322487351902,1.096341453746324,32.97292389624742,475.7626711221954,2.2387955646906024,2.880240962634274,439.5651300017761,5.330195547853124,182.8658396946885,2476.4305542397365,2.9258761906279287,362.4035162572967,0.8306924676713681,4.995603493358269,174.51170680480155,1825.774953149102,0.7358573204611488,18.989408053839313,6.606699172006398,88.65604163401217,0.21049818159435507,25.180346669714474,13.78119386646645,1409.4844760652313,24.12203953943498,38.61168020381372,0.43141833541330044,31.355565389635547,6.0564340355198905,554.7682610396905,4.148139071872169,31.776699196097915,69.4542212457938,3189.2739456805252,4.119525458017998,33.541612017105344,70.30488754974856,84.7554649928779,99.85144673866363,111.85532057428375,3354.057661865649,84,3
286.07540115963144,-0.4833013940239816,89.06295665427133,53.48760435911975,74.41405373472315,125.31033850308005,68.15191567614261,97.73846714706143,76.77207419311513,146.7686518440822,79.56847994483164,119.99470930386327,51.14189527283076,14.19772085735088,16.489811551111995,222.5934661662131,266.68820671501646,146.40341586999742,3.821075428268692,-2.4653454256051672,11.878825362682761,20.945763629341457,70.20558226843977,20.985294565516757,0.07215492497678516,1.0,7.837030423104666,-6.469139465206485,0.7182764402912858,54.132395121502654,2829.66903835902,21.042823930778944,0.8415895273551574,27.331829898951774,730.854837875368,2.1980490726462905,2.137934229287118,323.8106011245716,4.752010205848851,113.65805332583494,1908.8080024502676,2.131058616452412,192.35309780704785,0.6311322568977176,4.459877630750177,83.407104112136,992.2512759790595,0.5442353944235339,26.930184654371644,12.365971162215656,-6.774208274453265,-0.04991480084932767,36.215044849198286,-1.4224043528575105,53.81349689905028,30.94155790864668,-5.392013119120341,0.3814602482891159,40.636267185074104,-0.9212206944594303,-52.79379435208469,6.253674657100856,23.187967623849037,44.99507215273417,2323.1346255252797,6.302417463966472,21.887905951855746,49.32477586795337,74.87477334358562,99.75485001441639,106.57916402858623,2161.2932417625343,85,1
-269.6052672824758,39.63366380515171,90.42086719915189,69.90530396422966,68.28066167936336,130.72349868070327,98.52828265280414,95.94107059418795,87.52145649344806,173.9084303434853,84.76434109462667,122.32178288144001,58.000806450536125,9.78320638846918,18.23727035241899,203.7941680655889,386.6838836514452,150.92396707000518,0.5894575885319852,66.12641971631822,36.717780513888115,40.342546121115824,71.32392350426252,43.13122601298092,0.10239024763418078,1.2227670591730389,7.311111784449025,3.0492305613352535,0.4951035606930192,50.910103752478605,2473.4747797450923,31.41927876586165,0.576683405171447,30.268005270554546,585.2903930791136,2.284351127002501,2.525351749532696,423.8112004245725,5.181686393350415,179.49061657484737,2623.5677550860805,2.483259080525351,346.620657858766,0.8185687796686412,5.033922045304377,142.27634935441796,1832.9152731707336,0.712296854655009,19.16444081432022,7.8626973695008795,68.05025279549675,0.1756230752549247,28.293120703990503,8.162270809458597,1040.357120884679,23.527083593401567,38.54455312307299,0.3746895899555333,31.977780216526057,6.573283237424953,470.4539693904111,4.953827739770237,29.789968234476056,62.113471597705136,2988.7902960614797,4.919703146802158,26.663053730138884,62.729536557842124,47.1100251876131,100.16029364658142,66.87541654258109,2782.9393084135017,85,2
10179.527815191945,171.8525267346717,93.29474644350508,82.42276830698339,135.2375960808676,197.7470988594367,108.43360087850944,106.3800268627704,62.76395043049851,260.55577554509114,91.3798650533334,128.1904234158951,64.7663488194472,8.758091562805356,25.584848289407685,186.52644705994047,414.8263191601568,182.30068724447318,1.0696325902982453,902.2657748372657,31.471029526560905,76.05699828606035,58.45921191404519,47.94003187983768,0.11411167733165344,1.335688280277193,32.40580534152037,3.808689179572111,0.5447394544473921,675.3000818841906,3057.645802943368,32.0931048646755,0.2589217184352658,28.40180935802382,616.2177422525973,2.7687198185101223,2.5326717646887515,396.73257182603766,5.594718090010594,135.51639386812357,2463.914103491742,2.389557741969867,240.30362047536047,0.554320830988203,5.05953741624765,85.55617251721806,1373.2056855245453,0.5087634264409047,17.538776491134392,7.382833650114551,23.324060368394136,0.05302898842075773,28.535262392325585,-0.9164216753575936,728.9886505714699,23.210802490078137,14.688949722694293,0.40936784534480797,31.580896809233675,0.947980577294059,247.4145766093743,4.1963393131550255,29.525470163904238,56.58756954105371,2903.8296877183634,4.552013178351337,29.186000859236582,59.26019457705269,57.4652171201823,100.45672477222026,81.55869515647804,2913.328566053603,85,3
355.74709969918473,-0.10079372620830762,86.35218953546448,116.22160728087103,88.24473622524886,93.96928017816627,69.72740467526818,84.79864274588394,46.55981609174591,88.47447170097888,92.43999591273455,110.98967916015,52.24347161902203,14.171341681980634,12.251794255219986,154.73474293961573,218.67553419717794,156.7588700232613,-0.5602462340354302,5.483999058169163,68.4441017455701,65.8726323093363,79.5981995783885,34.700235287555614,0.15403344231948107,1.0,9.7040907998864,-0.03577938719557139,0.2768991078451548,-0.1059157191421427,3348.2012890909577,27.53923146493731,0.9523497507574359,37.56124657905467,448.6500601117963,2.049217670210541,2.460217149815198,201.9297822843659,5.931967587615104,55.55147055834922,1309.4018437520403,2.3104531641123227,107.40636185335323,0.5242249631647784,4.86401009525196,40.48653106005888,598.1234447688502,0.44005016562519794,20.617263416332165,7.795927830807009,-5.464582418537525,0.02517117861864035,30.268922639383042,-1.102392828118547,111.08695055323113,22.15715570255402,-0.816410495250091,0.42072374725150075,32.14148558160703,-0.07051503722048147,23.12664486147935,4.882010570209406,20.279541961514038,46.24003714111753,2036.045174350676,4.998496176198817,17.338155431327674,48.09201468134397,35.70075718011798,99.91177228648564,53.05601961376235,1702.5771532650665,86,1
1619.145424896407,119.2382416326856,95.71328495163701,111.98876059623575,95.93655058488206,103.45204095688054,79.36393520581348,96.59282356077767,49.9404003124966,118.0000866313713,82.53795690980954,79.91099952402652,50.17535032173818,9.895417765879017,13.83916976516816,157.80216356119254,283.7901860916627,164.77748083699584,0.4066678600806198,46.899433781533105,89.06956279216868,66.4989538921367,71.50405989763225,53.04812685648616,0.18454358267140616,1.201944963011593,12.63221174135288,3.845697233994919,0.3598259485379063,43.92331741950644,3363.0428278757295,9.042838549905753,0.5746706045018085,34.3960327913021,435.15087655434155,2.176804966351858,2.4712357598535393,286.97430715147505,5.241119203179841,94.1349848069595,1824.837533865351,2.2723572865940964,226.18805151682514,0.796643556195039,4.915476558871968,77.808116142643,1235.7607295266632,0.6932569911725629,15.616194494826358,6.3641934262015925,89.06518951544221,0.29156488899429867,24.298180859279242,18.593357165380937,973.042202428096,18.217224112948678,44.073880349297355,0.49856857652904296,26.55871099791927,6.494592574821068,631.9565822113226,3.6760249248004753,24.84684621295778,58.479957912103124,2506.136613753275,3.811189230994355,24.048675528840494,57.57895403111246,38.81413415923012,99.94066826780785,52.62205111590459,2436.764626842085,86,2
12167.06057226295,194.0161253364735,126.6813737183802,138.20768289934048,165.48122536936265,171.7712648269441,109.00986193930578,120.43901059539957,57.117306409755045,203.8254857416552,86.73948323439788,90.64642508554064,75.42920900285446,12.304328986689523,35.60512971775268,136.59312215701766,356.80550052754893,235.48346038415502,3.5876362876321153,524.9150782756128,80.37391639001879,106.19203827317801,79.5545239785842,74.646663273728,0.1947574723407837,1.2781836788923466,29.970933244427407,13.800539958487125,0.5242959382261938,370.6731343428645,3789.870009795954,24.732038128334978,0.5926881457711045,38.7636428961652,572.7385303121063,2.0061141324834435,2.595877244998919,302.2165147190101,5.912468228064634,86.06991296048294,2103.457578313598,2.49094586378366,215.85168795069208,0.7184008679767238,4.939518537828338,93.12474434691782,1197.0998474676148,0.5808304063615293,9.699713951676573,3.3300434168767454,131.27876271061845,0.3756840318185132,17.00897782354928,21.000682140593383,1696.3950496530715,6.316549651741038,90.7535469083877,0.841771766252092,15.596180166196746,13.473084790978476,1334.5283532426324,3.297984152528704,30.918954423110115,67.81436795017022,3088.740186525391,3.181114231648281,33.0694494419649,70.44882376880692,96.29510002988127,99.39005294977311,119.69054168114656,3316.259633672595,86,3
306.2774215357528,0.47169802446935727,80.60283434827558,66.65869923660276,84.5870081966641,165.95819575248993,106.51325319068273,99.5434534117543,98.28472334062658,188.23295240649995,90.63107351752028,93.69571737034653,52.0394160723448,12.451350172730525,18.85676243729345,159.6999152010443,296.1760886912802,181.8809854880268,-0.5441104226976246,-4.327087144381462,12.934033768716809,98.63804068752215,69.84867549143128,29.287001716305145,0.09738108398025846,1.0,11.05405184565264,24.099938927424457,0.7535678326010876,48.89866359112055,2910.8335045423373,33.12687886545285,0.628565671599248,24.609528154014715,672.5592962798922,1.8911689790758124,2.929337681814758,281.26752472551755,5.857651974359117,97.35862365311294,1607.9057870029058,3.0105088489585254,132.55506761933498,0.45898589966587106,5.138771684462792,65.57828752577285,584.7066069928806,0.37290653575795346,23.87975686612561,9.18367262380924,59.16007048073269,0.2124883552399805,29.010432452048025,8.222528010152097,689.4847602371678,32.571733021726416,24.189029564125114,0.3886483858373336,38.112111685723306,3.16832159902449,294.73792787559387,5.811202757780663,20.636023691690113,51.42789017274766,2057.163806697432,5.849004604916935,18.530446132520396,53.92198949106374,9.99410362567479,99.5639660789922,13.42558921582311,1902.1594726255894,87,1
3444.519164319916,-19.400434330805737,87.47857300032466,60.07455891597508,104.47118621929731,136.41537344256056,118.15993514489551,107.63593539789859,94.74048056453556,211.82295298469992,88.1793037240516,104.67929802332716,42.090612179196306,9.426984096923798,24.96540937218252,146.55947805669132,350.1866311506841,212.1761687038796,0.7766489054352451,49.6567096145873,6.116400808410013,117.08752157890355,57.27411740941627,45.296645106106496,0.13284395764255835,1.3219942508939235,13.29003659821954,12.049496000429478,0.7161217687886398,55.549356411232125,2675.5021249816427,50.777445137712874,0.5628885739910574,26.69467842473969,545.1592893031229,1.829982990645308,3.0725938397225048,357.72205560230407,5.71797298040003,162.11351562012075,2258.6763859193297,2.7287030018224026,226.47312473838812,0.5997225253931566,5.2200821602883085,99.57030485641387,1182.946299836247,0.5126367197072457,17.17059027656437,5.033075157621087,68.80651823428593,0.165764585128037,23.70533954385632,5.930838281462666,1272.02679972423,21.9130355943295,49.92100454991719,0.5445198969120342,28.438238727293935,8.663147138066332,616.5991752395778,4.958087329170205,26.400256346572686,60.31659024687452,2599.4187901942364,4.8125884926927025,23.085335629164106,60.280259725487156,31.850867639582713,100.11638184339255,44.167373707182236,2336.1717947778175,87,2
12267.50908463427,109.5191796097966,85.99678034256615,59.78418556819348,168.58339528174835,190.8353113023167,106.23659494248326,114.93058870135084,65.95151041346978,222.28999435491386,84.30907273576443,92.69509444013312,45.47301976483709,7.341805004144314,36.56003645717025,146.62906460448562,370.6732680699144,236.29598794266892,5.086823144772078,312.92465329345885,22.29082651535674,146.85884815022072,41.5153150811054,42.103392383072475,0.12569740948207733,1.2974348720779436,46.078201454923544,4.808494374636555,1.0514381851128878,592.8655648487087,3315.7907770657935,42.53937553695457,0.7381723748916046,28.071184417818145,627.4369553749019,2.6831514091727118,2.245319900378162,438.74019222969827,4.388765642979249,191.5478236132074,2271.317264146368,2.5291982704485214,380.19711281206025,0.905365307276982,4.496666576106525,178.73007443916987,1914.1649993035853,0.8464314051935798,16.300341250635235,7.616188654084519,94.00572891049177,0.23379619653237277,24.74582046831169,12.81256019271672,1462.5605208974096,24.3899886937234,50.95159668846858,0.3044500598930837,31.81827108950281,7.330139718412071,721.0083429116067,3.7822676616626842,25.628553943510454,68.1459083685236,2551.1132302672686,3.8219745833785823,25.490879212544645,68.25588193156148,24.612300848545004,100.07769439061252,36.1926686164323,2540.305994144631,87,3
280.3263510657225,1.101314931820497,76.74716486224554,76.30705812074868,95.04296600246205,95.55074364586332,118.07271824373984,87.72645389419894,70.77767939717909,126.06221195542409,86.6426853464699,100.87086749685089,48.56254056610056,11.432065836898204,12.926861392700864,97.54516337587229,259.23423725697216,141.60234295148467,-1.10696962516698,3.819175712195136,47.517394563329596,71.49916901982759,64.8387590184742,31.953249386465174,0.13734748180928635,1.0,4.395456685253958,21.333424635443357,0.5669723448046857,10.075377359822275,2252.0438990468483,32.300293711241764,0.2653837293977219,24.225177375842406,450.2124168907443,1.8874718856626533,2.761008320518277,223.32345710428507,6.213841999050925,63.650059549425535,1352.0202713807146,2.6986334582059484,87.13649018283938,0.40646165759369435,4.9019507192682275,42.936868902682875,413.3471341761587,0.31543204889522186,21.126032489483723,8.18773143503793,48.464681576748134,0.21923802869869397,28.61819378313381,6.455025411790386,653.4625884074063,28.522021367930233,22.45581235425154,0.41706925271230455,35.782905475319396,2.893019896376317,303.88164874866135,4.721836050750954,23.73925806590071,58.38677401974454,2361.447483645524,5.136175648548017,16.23145629123441,54.740583769732176,-7.844462845837903,99.38145773406266,-3.750882855691465,1637.37459183777,88,1
5397.353544187516,53.943321739124215,105.47260998677712,82.1947060570139,153.69712631082433,125.80847488778316,161.8331545848501,114.82938738260725,85.88563600475538,198.29529870291748,97.81063107496202,119.0208786009276,30.976335376610507,8.683866724653349,28.63071048276305,83.47395012527045,398.21471235272884,199.4687008902632,0.11608721499090724,42.080852213309534,56.36563642504575,71.26923574375614,61.06403190255439,64.29783811833886,0.16352759753374274,1.2847661035453763,6.521029132486394,8.379572313629826,0.5077324635609741,48.5368466640143,2440.3844059702274,29.54291436321163,0.44579405856224574,19.539562583667365,407.3900733773788,1.871551928843029,2.8537478396811133,291.4668914567891,5.489901113277601,124.36729363991161,1797.488428809972,2.4278690483463747,180.70362727869104,0.6507545611151134,4.805376968122892,77.71595196177054,923.2682983054415,0.5450733804277261,23.670367201058294,8.276903151377544,-7.114437757873965,-0.007742605568280325,33.600242045454785,-11.927907233959111,799.6714394866823,23.167888080144657,29.972832171549026,0.7104957394121607,31.84658577718729,5.724368707276071,415.03577592681836,3.2387234376953185,28.296638337245472,60.92460180780227,2874.134074725952,3.464536649812694,25.077335839715513,61.42339273546111,17.766565718383735,100.30149614107691,26.373604208526647,2540.478253194326,88,2
11370.250126281531,88.80882243617171,101.80435370861566,94.7787062632405,201.0542342132322,168.84814566402312,167.79820419168792,135.11723514498004,91.73267349165903,221.46370387585324,86.15593577450088,107.38388036621744,39.998690437134734,10.479234675390575,39.029845864070126,119.28214573214504,317.22546181750414,250.1779170347504,3.4863063608755356,-109.81675014667752,74.70156937359793,78.47502957889674,62.01482401283387,58.31583373481746,0.18290630465955984,1.4353411773042186,12.111813186508684,16.470038421856884,0.8362227427682536,729.3863127937962,2205.4150580117844,37.419510171059294,0.2827926390194103,17.60169744917658,470.66344560514983,2.1082588741705734,2.099659628568059,330.5268033457703,4.56369883531142,138.55618495989756,1647.8372068309359,2.207199945495906,245.2356514910569,0.7648387605755473,4.090392772682304,132.0162955420749,1068.5277742863916,0.6632073303545654,14.1570228468517,6.2964572035602515,49.41081401838089,0.16696971499234825,25.305249201858746,2.5378272646840143,1021.874890044632,16.579919582907955,18.01955937259772,0.2718444686363166,28.76578083078979,1.2214437237707916,417.15385680313636,2.2151126690787604,22.566393811018393,69.68896352909047,2238.109105941365,1.8018350703144494,28.22478182824331,72.64656667570988,60.417886470883374,99.58690151597217,73.55314776026047,2769.8153467392312,88,3
229.3943563598275,1.019044795683297,76.56973836386896,68.70826512452093,94.13821492850805,52.41551955990062,100.28683239885729,76.70950226133397,100.17744241390196,101.02361362014554,80.96999878679979,99.91807921214533,31.484241677014793,8.300617705974368,2.9891875263636773,144.33502218404413,261.1828326142171,121.78233341621274,1.5824628496767035,6.715501726408202,39.35699736233745,78.68358858883605,48.619003596447826,36.241651615739,0.14325263870713817,1.0,9.300179646571806,5.058790469119324,0.40869240186784883,51.133232043918994,2737.738128468743,30.401720760264826,0.5850010094309128,30.84634303245867,653.3741628924531,1.9013399774407183,2.474220361133739,234.5519564589221,5.547478090370437,79.01931546573324,1376.5519236849425,2.344227498666778,122.72376074941195,0.518821490778215,4.721067232927433,51.98730808963211,594.5582043878369,0.42091324532102503,24.513361166101287,9.934059378917972,29.4292424731405,0.13413064552542933,33.64565167210155,3.5119921519323127,432.9849980987783,26.09615991306073,15.141666754798969,0.48175876589172906,33.7988995819445,1.8192719937214503,208.62009681059692,4.844566742933496,21.860196495725955,54.76299983099816,2199.101562218943,5.092055217956097,18.624395020096593,55.179461325407274,32.24333265504259,100.14329440767071,48.6029475806192,1900.5350049666645,89,1
2387.746543141726,-3.6155803030316633,96.90150120989716,70.01568877130752,128.59845199845628,62.74729744414789,141.02517514946518,100.11433003186316,98.64893779422015,138.98058045078437,90.36931518090739,128.97872885912332,29.565074647340808,6.208452661070705,11.736904325912723,138.37252609799094,394.6105547116449,196.64468246275518,0.5323199525189709,60.462337535870866,51.35390285716097,91.13762940044236,58.26977232834307,60.12573295459437,0.1512269902911153,1.1193085249408183,11.608481841334564,10.430576046670172,0.23973265997470686,49.97190652617559,2674.503142931899,31.96848737588123,0.5726081665764998,34.91711957218887,559.3177551171124,2.0355187038263582,2.592795591458425,334.94576715529826,5.445105630689357,129.70032003313847,1998.0904295113373,2.5590808443932938,264.40283733470267,0.7730167280778678,4.8486902846180975,120.2575260198811,1384.9516033475932,0.6773251856053406,25.186719444791063,9.812147304605471,-1.2484411955216004,0.0036516681062047085,36.67265057874128,-6.8445220393221415,453.4503225527135,24.691925799254246,-5.782122495740733,0.36501389537731904,35.887552486940265,-2.352249144186765,48.1963747393915,4.748654512928676,29.475451491659864,59.297250946016575,2962.7651106949806,4.789811247001658,24.257947011194027,58.469606621376634,30.00804341874059,100.1636010837653,45.3872629209471,2478.759259088314,89,2
6883.62625107806,76.26822545682626,91.09806311151807,72.28051012724859,171.04793406868055,99.0117670095495,136.70893523433386,104.32270924772662,94.16910408322613,155.9577828079805,80.49013697280594,102.4253106875711,23.496463832673573,6.052222516701094,5.533736725475254,137.78195194889278,386.57455613597267,184.1050210718932,4.276093156678202,307.222399714237,52.55280815855254,113.84157339308311,51.82002313709717,61.4637655879783,0.1642666616677244,1.2140300332743221,38.66719685025926,9.596780278634952,0.3957138355101137,637.2530816562369,2928.569863785247,46.391653386350306,0.5391582188535359,29.85572765580094,672.1537715381392,2.937421492256565,2.177993101423155,349.2797051530915,4.516426892685292,147.14598659617818,1859.3443004567357,2.1731153053570744,298.19763852903543,0.8517576112859183,4.395059068227705,131.71056804082198,1495.656401821124,0.7829204076638683,22.040629549791294,9.786168292973798,27.293115740697992,0.08972511141382136,32.47761467828559,0.737675767202365,643.8744324201318,27.010010215839763,3.7976870098487296,0.17832435813783493,35.98801765774591,-0.8403735483631136,183.88931291040342,3.1541006927509017,27.208671053696126,67.05928540760318,2711.495687778484,3.0586751703610604,27.829510397083215,67.17257355207413,42.9085806680568,100.00434309368731,62.46849380542638,2763.4053552867517,89,3
217.68825141420834,0.2862205518786961,97.9658094450015,115.71081787329403,104.86412003035687,48.17140426162835,106.76590273970427,89.84803335104088,92.5161920544802,111.47057099708053,88.01476311976839,114.80014725414802,62.18342458841159,16.888494656921146,5.114549612394908,129.1601940780924,300.9384149848467,169.8160932148333,-1.100008549018005,4.642549102715981,56.723946609643825,58.665420453058275,84.64797824896851,33.59024007232869,0.11140646193253659,1.0,9.73918379433965,5.882640856773586,0.42329442850166715,-17.383499827679113,2886.389722049995,32.249640012175966,0.8130606128437787,32.0073243253456,315.1654679449216,1.6581894765766143,2.834252674749783,202.1620340402967,6.811870968680807,46.34320696274451,1433.5081115431847,2.4883196534181202,61.936824364712876,0.34818784134961145,5.103288531879143,20.74254355025129,348.43655165102655,0.2574583305048348,11.269131197445024,3.197520285378962,63.295911496291204,0.28250049220492307,20.195358319157386,7.5722610149845035,948.3206724204413,13.42230740622833,27.958199365149703,0.4810958334236815,21.971036255735743,3.4169000809590937,396.1673320541885,4.441417338525528,27.031305830806026,57.52313480010838,2697.7490223894106,4.611284826207935,21.0110018501878,57.278325288605075,7.786775427785205,99.89564155065634,12.712336110020694,2088.9083425027907,90,1
3377.281261146559,62.832412006171516,111.81408468121225,108.78429409387525,133.24487802709575,90.18107870876028,133.1727040508567,111.45024738690182,101.68650420174245,200.0472521739501,81.74573519244474,94.26344261494285,43.51848042336016,10.880372617082449,10.78406755337441,140.84429904701955,347.9983015590501,228.71605480809683,1.1783764440603375,63.62734871321868,69.4994222853724,64.40537995178511,96.24185188767245,48.66392042098846,0.14035252852716593,1.2608037567631034,11.34527923465447,13.569529906214068,0.4202549286027137,43.420195613375114,2983.8601044497245,17.739244880044108,0.5410250258297812,32.67815964953487,368.79540981265313,1.9811990003116189,2.6914881835342808,316.9043654161614,5.846495068232368,90.89098923745703,2222.487447440291,2.5808101735975173,285.7082570174532,0.9132851822042443,5.253980511039997,101.80974259250623,1643.7893510091442,0.7690160302074991,14.149321785252194,5.104530229220086,81.25859235087506,0.24716673974194425,25.67454890032415,11.610244141355293,1390.1345863845747,12.313358607806348,43.496798721894564,0.5844357756881063,22.999146088130274,5.159765064909423,752.6818371733085,2.6774159535887287,29.941483212092763,65.63274198138755,3008.6972004519184,2.847172243119619,27.759443961090266,63.868758353804765,24.801443884879955,99.7178360225057,30.678466059993994,2766.9124323530027,90,2
6682.898988635189,88.64188219959772,127.48862294352158,117.21632825927853,192.91622121365506,92.03076927306806,155.8424363892763,128.4472449565341,98.14139656199158,220.09001440156715,76.53749142536455,98.4690484084119,63.493934182502976,14.517731815773912,14.250412416963472,154.16560715548016,342.48272296169756,252.1744031682093,3.8851354032152736,340.10973728602494,71.28253917030453,114.31278676155696,86.42482504468762,60.09988917034711,0.16783231178782623,1.4928620092369633,26.282990910572266,17.638288132391178,0.38738985389195857,1040.208083141369,2956.6558014854945,29.958124972708912,0.8635412693532563,30.97196450001488,514.3618502073647,2.1347092818440516,2.4480990659605646,325.6178135329987,5.444203756521051,107.13798772937011,2062.2832226853193,2.5000357971113085,236.9633957170507,0.7357482566006616,4.560233765424947,120.6649968819283,1231.6313976757647,0.6113150488387972,10.094622919958372,3.785422162197804,113.91962900897732,0.3348719196664056,18.025851168320642,16.15774212966781,1780.0024522554145,7.083670847575336,56.508479861607825,0.5503446199751189,16.9423568212761,7.805158968936711,951.7611908682966,2.9758275833868844,28.090509501360547,70.97022371073328,2805.2102284849243,2.663679756279259,30.326632314967586,72.05813751197446,50.55513277631587,99.95913000716939,57.49490489631431,3042.4213299396606,90,3
440.3289114688863,0.33024310065316353,91.41913154327557,87.40228963613221,62.51087632126762,136.7357226119481,102.49801257434777,87.84792019454297,75.16044534346202,91.26243736244336,102.56524348590276,122.30387811358122,44.07606957347983,17.318123124314923,15.911344736177345,240.83458791542904,278.2260258564208,207.68163680777946,4.83654812849693,16.6096387899334,75.79453451171987,75.01286510448254,83.36399575295879,45.73030326450697,0.15956160825438892,1.0,13.367475062741136,21.9014038833701,0.23435291470277103,12.063579392082305,2981.3990346825153,31.387508769563667,1.0287414555158512,37.76424548866395,522.5325122781779,2.048091222130517,2.234421874205282,307.3082461476204,4.100720134946667,139.2771554263984,1455.7945789718774,1.9980323790139112,154.62097112105488,0.49460405728681595,3.9756938988251824,77.1739478307507,579.8614140612179,0.4346949190601009,22.157802678431814,9.968122084248318,46.487999042589024,0.13650664601699744,30.500380444003213,6.20829875026596,433.9414451214137,22.179001236600133,22.28037718285991,0.46351481658853544,29.911036499726617,2.7109712985291,279.4822987106264,6.730003503181974,22.385551775589335,45.96322320285967,2219.109361214742,6.499308655117903,21.85047430879079,45.64100350266405,96.31808055654272,100.24012874296712,144.91513046734372,2220.554826672615,91,1
2459.480337930631,-64.80122205757834,101.62018621633783,74.80960204437551,59.394482696493604,104.79359969845899,102.27923353218686,86.72013713155572,82.33904519128738,90.47204700300892,83.08969192282646,118.96485782782693,45.346420250733665,7.578405121780484,7.991521201722844,127.11105994987197,311.44190024519406,197.76894245244483,1.1766238651462855,23.944164244839964,83.38656654643194,85.2228254134655,79.8664672061361,50.481335955786655,0.16348360305856874,1.0111969539283496,19.155761281561265,15.848517154642751,0.2767414173405933,35.2404296252273,2821.594603789734,24.42058377273895,0.4071626292971339,34.31345468922859,380.01068081665096,1.6497583253244623,2.1191120820613816,370.68513700471925,4.7635035349378825,140.86974388817086,2359.523990661379,1.8369685592116243,202.00401845309014,0.5379160287059728,4.205435976861216,89.05568141088442,989.8113878312682,0.43258938510076067,19.875389466222828,9.335238343655929,136.98597417843365,0.4007670661936868,23.235745815423897,39.35226927643011,553.247064980167,25.652195395841797,55.4099117085627,0.409202694340242,31.520512890899248,8.823822446347627,677.8311369220958,5.329142975167514,27.548386104343486,55.54391971974965,2712.1055768675587,5.274029105165667,24.06198852251787,53.608141945424634,57.96594034882916,100.05119559160582,74.24531998637372,2466.679076810434,91,2
14743.021455557802,101.31230350601189,110.99161733199544,99.43950756735403,100.65714464005023,241.05833220015222,129.02830141297244,104.8308539643949,64.36342064255662,134.70380817897967,103.50705814519394,121.64802366818196,72.28211421578038,6.21967151444945,26.944157088039645,124.99523202981626,468.01162642145306,255.27469288816602,6.4127558021665605,413.4351868196244,103.21325820768931,158.43303629433257,52.75487892025632,62.65620978716175,0.13391716494555495,0.8071466384134464,43.498063924573984,7.4440370317341475,0.4366388224515587,408.3369293748428,3192.9270669484195,38.77310524695239,1.4708440043495186,38.39900672058985,560.9864787457059,2.345681423576283,3.127428335379457,365.5651124880216,5.426670684636064,160.19759635624413,2093.7814539124424,3.134614935797883,266.681855376764,0.702071179582107,5.176632758982546,138.4688077605234,1268.1941039997996,0.6008363283505209,16.804345709348556,5.3520960617333415,139.08558005453108,0.3673211274221704,17.20433394456002,24.841228635493955,1702.0299429261026,22.4459623759956,97.8715516105271,0.9425387688756641,20.8760172423068,15.951574585817582,1221.8696034417121,5.637534593631749,32.6292076556461,64.87017994401295,3297.783444583829,5.650305772609693,31.768996109304013,65.25341850025436,58.8968323993694,100.90285117116416,87.97025815962043,3174.0332002560713,91,3
160.2799228456004,0.3778371210661762,94.87639218074945,85.77725457146525,124.67136611257695,124.40186102108073,115.9316698423948,96.1818241036066,134.10674760299537,145.35692587179994,98.38610891557694,152.85666150479315,35.094795310079874,15.13380661148122,13.780209968679797,230.1082205200757,298.4886952939903,182.19743409158792,-0.020532672216564407,4.2761501426706126,53.00445705893013,110.62301681827942,47.97160658870271,43.14818374314943,0.15116407044823987,1.0,9.65432853260818,-5.863418414159639,0.3906504858979031,-0.7114784893745743,2599.745157934836,28.26715009686728,0.7957791801041131,33.29275106262526,403.7532239887938,2.0576930658981984,2.951022623707732,303.69796841531524,5.661693287430674,108.18606230439774,1725.6019937388069,2.5133829357862068,155.93453102668792,0.5218767076188796,4.928023113705199,65.58449243776468,676.4010716205804,0.42371598283473894,28.850102139349442,9.994517329399118,22.473542016241304,0.0625545718422659,36.64842620180651,2.849798141973961,316.11522876972583,35.684106935383866,5.196112861969951,0.26113048120080473,43.78837699944006,0.528873971415077,75.4538134833904,5.669536402212298,22.995955241301278,48.410043634746124,2325.9982508009925,5.3785439865067595,19.540212230706274,45.30587322021141,18.29334896281983,99.15430782633034,33.551629956558436,1927.0704717845942,92,1
742.9735077599225,-9.023986219521056,103.2043282504489,75.5836813688157,114.34049703218673,154.4536781900519,136.74861798341502,100.01445815341474,137.33039279877977,178.94456374938412,98.98447429372075,135.51011861144445,32.70217810843825,10.85869779714964,16.218066923830094,190.96149867456302,365.65624731461116,204.14487073952031,0.8911875470628476,37.28648487457075,68.66577435076066,99.44796066734378,52.4237247588435,54.79439628979209,0.14978131394013636,1.0274045264764515,13.343588493685402,18.680777852562485,0.09048957960549114,12.764239493409896,2565.0893717852755,37.21975417216718,0.5695322180967073,28.073198902622316,363.14131815721123,2.163732696820287,2.797535726764627,381.316206027119,5.751738119876983,134.67270264353027,2323.310414742228,2.7133253292599266,188.11330920687243,0.4876145410092269,5.097050023343397,78.55708560945237,945.6821118135442,0.4015992680876263,18.8916008253989,6.485292435706547,69.69361352242335,0.18680835212593752,26.33965263794713,12.662957424082416,910.621664670035,18.405253710136208,30.889371522097125,0.38884854561230986,26.617818260988635,4.872887405750807,443.3213068543092,5.116701819446189,25.923751427461557,54.018153293239564,2635.2148142367955,5.193638721353293,22.285981037567193,54.39751896149217,43.41056185868964,100.31552651995182,62.131247056368295,2280.6307828791814,92,2
9856.751062818897,114.27107209918377,107.57133922581434,83.82924363157903,229.09897889751005,224.86973386251037,157.99390373946505,114.31148379371757,103.62209655777026,191.3861471842854,98.28062165537527,126.18688823475578,31.987720655670064,7.640491514131841,25.537891668701334,161.89838008130306,404.12191970962914,252.37054053507805,3.812428260782059,519.7863508944657,71.85645335171438,161.15503614491877,35.360707277355175,65.16810543092541,0.1652882140455549,1.1653672412769867,39.949946251045866,6.194632959169994,0.3946638795101861,418.5698477585812,2826.8428688964223,45.36556105826976,0.5489489483981729,27.03868793691273,458.88554421378814,2.956379223620075,2.5046884007208523,445.54793702117,4.575127518934508,195.78125911979652,2231.923638132896,2.3906329380169984,349.44360183809005,0.784169225583734,4.567681720651816,155.40635413215819,1687.84384557246,0.7333941247308466,13.88701235524692,5.641809047646641,105.26904021890438,0.254098834640738,20.38093955645914,16.42379895555896,1464.684270762896,14.232709911428884,83.32017542581971,0.7526788132569999,20.291438677538814,14.189596429398197,970.4518700789172,4.204174465442644,23.220458558532215,62.44805637307809,2318.412169527121,4.122913980787397,25.570557959976515,64.27157941209278,56.393280914711454,99.67003126875028,86.98186933998703,2580.207294672306,92,3
219.88249456956754,-0.10095919456846397,91.64273908186345,82.93518298858736,70.35750699941919,52.369397682142605,68.49098985539426,84.88470756492495,91.66965800988423,127.56683952604104,84.02334114876349,82.72471683891732,72.05703721654758,11.852834956818354,3.019806536669366,165.16482657655922,292.8767704808364,153.07051080964925,0.13469923748631984,-3.157623348714372,19.315313785309833,62.91450344073623,72.55653083851672,36.801207324603936,0.11698899246173113,1.0,12.050210348651106,-9.073836957601923,0.638352291485414,45.53392250840111,3330.978136922331,30.537611473481213,1.0141603513381792,33.31364578427337,668.0911829616244,1.6464131284989045,2.178487526874918,242.90733331588473,5.226349977342785,81.38105287231599,1317.966221014237,2.3512065244211326,179.84528270386733,0.7203284909070478,4.8854770853599465,71.78086635801264,894.1006022066435,0.6110006940959553,21.691548237863252,9.05379530463358,19.30922712482814,0.08081390188315532,31.62693882254584,1.1168171059394143,354.2439156365406,21.162016612099816,7.524119183990595,0.48202303742329156,30.722318640739097,0.4815436357918301,77.67638164126782,5.905451281089233,24.025788052995573,46.56451386450391,2417.3584875027664,5.99285790425942,22.076970920923348,52.75164673478315,39.99056701101964,100.04218003330807,53.551939444438595,2201.5579579989753,93,1
2541.0998112033244,69.76379602686491,90.03705504084458,83.65460339959591,92.37954734397218,64.48020403024324,92.06550990216874,106.47002121213835,89.63284032116654,174.11511468292483,76.47579405101918,80.34662179512749,60.4183067003149,8.65795336475936,7.069851363358751,193.50333951768218,336.211924589748,218.73205365411386,0.9778833348675594,111.95870671063582,33.31983421472244,87.77697811348573,75.25723900670923,47.57601461533514,0.1425139372736064,1.167347821022837,14.249375761430597,21.81690646458599,0.49754870007441987,62.18053707595726,3172.8634659684344,12.665455162422472,0.6447418680064916,41.71424201313316,630.48459598757,2.1711045663872417,2.4498118147810968,373.7440320472928,5.310022785930571,139.20850031501118,2356.452869053588,2.822649692770007,396.92105207301256,1.0816529151070846,5.373122446589497,160.25494047920864,2181.2996852752585,0.932138959131759,11.599621223532186,4.832886318466395,83.12526397691786,0.2259546187038419,23.14858641679879,7.473905181424618,1456.9092246829218,14.134666665645069,34.536596050125446,0.4541486667435463,23.96985380469234,3.134855657840626,584.5502737046513,5.271879711543509,29.415956299142685,61.09751211864167,2922.7387534421546,5.194246475600294,26.87883151797976,59.335812102512435,43.16910965901127,99.86441278267242,58.244166252975994,2767.744495031937,93,2
8883.415041813547,168.48712909688876,97.80176435728936,81.81780563965184,109.24045231100379,47.898239436762594,109.0604765699673,105.4614133300102,56.4962176772433,223.19226072586997,68.74635149785789,87.30354409235466,70.65652627511803,12.600863752280592,6.8347891630758895,182.358404112219,382.1509875405516,210.32639661886185,4.681979256203997,909.5382659722491,23.91489894247391,119.79060912946949,83.21182578166088,68.14371169496386,0.16902974637282708,1.3907823870496399,49.954475476479686,3.2794425492510424,0.7396558303594287,964.0129498237211,3466.2140333078305,33.23490513206467,0.8414027608614039,41.02896444515805,759.2437599500208,2.5044353666251844,2.1185896142125222,355.1773708575019,5.372454428941365,106.36267637933042,2418.45719596979,2.2363715394452415,251.8578693097984,0.7008181946550887,4.81454632791201,93.5227097659417,1557.4245271149136,0.6371192076295449,14.926458278639698,7.339016780459534,102.0602868598466,0.2706576434808035,24.90860977774162,15.195899800413489,1533.8824588873695,17.554535875451243,50.92540704034603,0.33383888052292965,26.779664720045645,6.708422855783474,798.4951808625375,4.355524218789586,32.587942355750954,61.72218372391,3232.7614301684885,4.670668807661758,30.955636305054416,62.72359318972693,64.33948588725904,100.47921852604526,85.928311106716,3142.4692881670517,93,3
-90.27330625510263,-0.0522421607331327,92.7680408579429,93.29127283687339,127.74585138150691,105.48973070863002,98.0062710588957,88.47818696448616,116.69845321153532,95.28987321980966,89.83313272952272,149.54190906297592,49.69261714185899,13.616415612384504,9.083746289440445,221.4315626355783,237.98845258803323,192.0437451069885,0.971187914699455,1.2813587007509213,42.10286478688618,127.93277175246683,71.37913839466445,40.00545532018074,0.17275435680961854,1.0,12.017851677666481,-0.2998627884319589,0.5066331898596612,24.07311288119841,2454.119859053681,31.132433571803276,0.723517388944592,33.666302885969465,448.1323562658209,1.9162325848051882,2.872721463749269,304.7544776578014,5.798433310165729,102.15183916571038,1731.9521352826523,2.434138221104123,185.41894762870558,0.6277998173539822,4.977772077913125,73.28002755900398,892.9978773795766,0.5551410119304809,27.474814758068923,9.643994902592564,27.188629931913553,0.08042323105509766,36.06661123036388,3.4196322379546085,386.2975822424669,31.765644229121378,4.545136117353021,0.19348896942100463,41.738240968566714,0.47701081332818984,78.36423412941247,3.8299791866836173,19.867308036532638,55.15522642497489,2047.9986010846803,3.568509890264709,18.334180746485007,49.781905587366204,25.39778373545186,98.95450898168636,37.089730011174524,1811.6521383576587,94,1
813.2480039319164,112.41501329695792,93.12583329666215,83.06929026683842,80.98828990310017,167.69714348215825,101.7534796239936,86.32598771840472,105.60342117819472,131.9497739776627,82.46136617148505,111.29063599118514,49.11265152688676,8.98687445772056,14.5998937722101,210.41533374088948,299.65639206000367,216.85752374563828,0.6137819213661085,0.07996228505199099,65.25284683064146,134.01168363063093,67.30135883543402,58.27942071241019,0.18960841024463648,1.1265419208701088,12.675906057673767,3.0864160056162255,0.3118702356272839,34.83828021867797,2376.0473396199422,56.488253441813455,0.6886763156385919,30.462648362827338,481.80817438495586,2.2517442656147195,2.560413611376029,428.33264207531937,4.94947076347023,170.0333029872646,2277.354368110295,2.595412109844911,291.8211088559208,0.6624663038438117,4.73667044861496,132.61715315046285,1450.7513092758509,0.6320138868750985,16.848341020533187,6.516562345021918,76.13801028291199,0.1802182316966257,25.723718896169085,9.501486442447998,1187.3462710511458,17.719215620366555,31.342095550299135,0.40706839264302336,25.810771114640254,3.8339024364045495,467.6891611251048,4.0451391760766215,22.722189034989334,63.83572829671575,2344.3327036003884,3.9554772769117026,22.333606397519098,63.76608009686265,50.50250575540359,99.74339283495651,71.04739998390735,2217.262507663877,94,2
13276.191683799037,230.375351622622,108.0140150403823,93.40164806885159,177.77300949704124,226.79959356773145,125.24905713828667,95.019566510785,88.20152572664993,132.68141222607528,89.71344568988478,93.86229295335971,56.46636364200841,7.189487601209652,30.35588649746939,155.71890552096818,463.0304068690558,254.25008309141276,6.048082652757158,743.7771966579245,49.26303789882531,180.32047968491932,33.713200536143425,90.37940143296274,0.194395630349592,1.1522018164589898,44.53976915545082,12.690211121736295,0.5993562050180947,129.40935153680982,3692.9933163310434,65.28165261424866,0.909238577222834,33.158122148501846,621.5646868415691,3.171072815452793,2.9656501744083603,387.0586634601154,5.827497965746153,139.75105515453458,2386.963331462808,2.6234423416801778,293.1261540561254,0.7476026947887187,5.203899351368577,112.81011995312426,1504.635509396672,0.6194507472682919,21.656049992465928,7.3478656145288435,48.357461629785035,0.12111266623920067,31.858844614331154,7.522001428881355,612.972088290961,20.69726676253279,42.5235776123827,0.5951716094149732,32.14525672051414,7.913665350508541,408.2598373839516,4.408269735448988,28.219644373390004,58.63028741721372,2808.6118983693864,4.404209721659214,31.33831523085442,62.7986463906314,126.06875428847042,98.49439109820605,173.56122536922717,3149.8100043825666,94,3
122.20956189919252,0.9506838228289773,76.98542175424492,67.60645971375841,96.65709389849309,82.0379000341642,89.01102766480909,82.44423930919012,91.8668149863393,92.45627345240734,90.38159533065038,98.0311838964475,66.85350908215254,8.259147788459078,1.7453009790246403,114.17591252544712,189.55403373105602,155.11218689186404,1.9392411192706531,7.422957130087082,44.50501760377941,88.31831967959145,62.84269487090191,39.26537250084637,0.1901022696484807,1.0,10.544940869094274,7.596019600819615,0.6084781471418824,58.73477493714272,2828.5295789551847,23.438592502741116,0.5387371686305638,31.927159082211247,525.274481997247,1.1642043321646378,2.082988243066001,241.70260998199197,4.982759827056676,88.01265332386289,1128.8755608296933,2.1182395193207917,161.9781520593508,0.6436591954915298,4.3128863958294446,73.0869876802912,723.2544993907428,0.563233129099565,25.31217659091554,11.598786393288439,30.79440070707153,0.12885746324010647,34.25087332466366,3.389219156924995,421.64408025170684,25.291306902895077,14.790442489434106,0.4556630517488561,33.32675882237504,1.75084002734348,198.58384348182668,4.366529486552273,13.605979033229938,52.11482331204694,1355.1715241407878,4.395381974200586,14.62040034816594,54.006587205939255,27.91994001012018,99.96050550697778,42.01776990840219,1519.6096457623623,95,1
3263.560409622507,53.77846098598642,96.84479797727937,71.26864676946924,129.23668983520213,117.04766276686097,127.2369096332966,106.93312931088398,78.44959730962398,128.64396701527966,87.16718877431013,118.9281506290211,54.2939094369578,5.293764362484243,10.872615921385766,131.17762999894902,312.0443852772546,241.80502525791067,0.6503605454365803,56.64732095422717,50.135682467142495,119.24839573925378,64.01161071836373,67.26198475789622,0.21311759423946994,1.141070648751492,13.833834941892315,12.75283023898143,0.4956671797246334,50.37858334677567,2612.9445571052556,37.1484750982735,0.563085841322426,35.611662017633535,486.3333263349512,1.416437882207932,2.1026473598053905,399.7063452459931,4.198400488926448,190.15916322157065,1900.3621470930937,2.1339372811972637,377.702888437179,0.9411875616532567,4.140176152110733,181.3273881027181,1881.6155532537296,0.9054124147217615,18.620129828055575,8.369523112563513,87.94723657902406,0.2210344369640574,27.365760951981986,12.142141617981807,1254.9366894767645,19.029830843502538,30.620051587783156,0.3701476737053443,28.382149202972847,3.5992015172596603,477.3982102639524,4.8490826065218435,23.907282521509686,61.01773290367071,2377.4454628298154,4.757656573927964,20.15868598881067,57.375608594737876,29.56513796685825,99.66332637020251,43.24408537341035,2012.4678056369241,95,2
11042.387406191203,143.54504898092344,103.1136342929472,76.35759683020844,163.59936933688513,132.33470474634834,136.22420701143446,118.96927576791055,75.31538885795148,137.55364955366323,85.52170622012821,102.12332034191748,61.209560543235455,5.008346544773376,5.365183804270465,123.78406295196105,408.1343381162132,245.2066750615913,5.0599286046936,535.2648912044872,56.08829458464768,137.06285335069734,52.07866681007764,83.08565687624456,0.20600487560709585,1.043738261836403,37.900348134590836,6.307007091528947,0.8327784376644622,165.79797189735393,3196.420583964481,54.309537145704894,1.0384827680579038,37.42194912745771,591.7739615851843,2.2448742424284207,2.245638328617132,365.9423512110658,4.49546353942766,161.84634424248475,1939.387442768019,2.168178787331686,326.8911360787708,0.9023884274580729,4.379907855091265,148.803854475057,1599.0512004884902,0.8305384912144763,26.656516520736893,11.307701907069276,31.007506455859776,0.08445664509059624,37.31731547544615,3.0224671283529068,478.22719264995055,32.120850955267706,-2.419012857161121,0.03933963175396321,43.271304147174625,-1.9205074834100389,78.35940965572564,3.996769701553818,29.99086614301293,63.53318131117942,2998.2545310067867,4.032679534926307,27.14186213092244,63.48319191007536,27.25383097607073,98.5186575809509,37.183980660903686,2728.314817503313,95,3
300.3978961931894,0.2564950690159158,84.02243141442031,94.53253255449975,114.41215537616989,119.37376778160598,77.73799626317302,96.4964361497753,68.93760639830472,98.60881461983918,85.08538122596111,153.4524896515496,35.11562203454442,15.243348924544927,15.059262004068234,212.0186955399847,250.73125795077135,190.37983744207412,-0.9648727184694328,0.9451136833165341,48.00970454970519,97.72747919229414,65.77815110894903,37.66473458617453,0.1469985436934613,1.0,6.581629356582069,8.686850878062897,0.18524339123146777,3.196143548356112,2455.389511361952,26.596751984464152,0.8649310276716219,36.872549965833805,513.5007612839786,2.1918283011864457,3.179716973423284,284.46517325828023,6.494380365631501,84.82111205285186,1785.9258182737342,2.714775041938836,122.9023898814884,0.4382129806262096,5.29005350843583,48.10919472621796,625.442912637039,0.3523836880662938,25.59837758644518,7.95480675719895,-2.048893675601825,-0.01672753521601139,35.152731787588124,-0.9546241717914636,106.35769971972309,26.99267819161238,0.18996191105171256,0.3744848640603081,37.23315739484311,-0.24910614463886382,42.18230278751906,4.70393429610119,24.36914757363532,52.10780186962391,2455.534156084569,4.807327691097318,19.352734119372048,52.52827694366782,3.023545707929067,99.89360590763934,4.517080999981694,1933.2598013344386,96,1
1712.8539626762486,58.02774790765432,100.82115732122,92.94210539531447,123.19543855727906,175.47691593130074,108.70734888036071,108.6179497599005,73.91734167205598,103.5481000138282,88.46771703828927,134.24103457637335,35.71011622553031,10.637118987960541,17.99099013044072,163.58606201103322,380.76040707520315,217.34469782033358,0.4802027592130151,21.84473773052631,76.12631962310296,91.27449077998422,62.849461394507756,57.713922581604116,0.15008977330294432,0.9917165919289337,10.724303166328603,0.30352683523166135,0.08040857013173586,18.002816954593296,2596.877918912562,32.421092572449176,0.8959653545770582,31.531406589882366,483.66224748021193,2.389009800215849,3.1285584238689705,383.2721802533942,6.025157992781477,133.61206949656034,2358.802719573793,2.926662529195789,208.9504286440603,0.5417407563035014,5.384211245921877,85.7174280531807,1087.756947985561,0.4560425407595605,23.719776947016094,7.399620774478906,-4.962359890830847,-0.011429250115786077,34.24785658039547,-6.1982681575957645,318.56483429954676,25.24189876626372,-3.3401394496214145,0.3052277703198363,35.629771567107625,-0.40737392862214206,-37.030373058207715,4.454067404968447,29.82553859303399,58.77804604906495,3029.806854026754,4.571504395979886,26.535929005391008,58.57003916235387,29.75550309941815,100.14530730994892,42.930240095820324,2666.8860544189297,96,2
12413.22142915249,181.60677000016983,109.99261260694875,104.61851984449316,221.49885731643386,265.11866466084945,118.5788227166255,124.19129126070541,50.81830369428551,169.60848016519108,88.74672842546117,118.86296125395278,37.81231287360248,9.011887743690725,49.112733499576066,143.9610545359925,437.26240348056575,253.96023283100143,4.686519435894693,649.8392749781369,78.59228299949771,119.1562903552594,51.6497162104957,71.23453787153709,0.1632848135284589,1.0653525443105407,27.96164675577648,0.6357432639107987,0.4667675044144062,193.98681826092263,3446.743962241184,48.17725517722457,0.8769165281926963,34.1033035074739,592.3442540587904,3.117150998982455,2.8883327022153535,416.6721679407824,5.498720578792086,162.0143731036854,2334.122391987672,2.6781583310252395,316.32412390308764,0.7681972907366486,5.053263402724273,131.56602576651505,1555.8309969624352,0.6493167732107363,20.44864423717222,6.809403263709584,45.200189260022086,0.10776339422834348,29.496141977253174,3.8787272338736765,853.1891718381921,19.81104860524961,29.938416754934728,0.5612807530134626,30.638659737035358,3.525173145767021,446.774884478744,4.347949679577051,32.602568349669006,63.5678184652984,3261.6195947968677,4.266459525326869,34.998007209353375,66.59891136809918,77.34868691014898,99.49762480882241,104.70984541211604,3518.1555495230514,96,3
3.5918321044194386,0.4503572452816305,95.9817031785838,105.30758505305072,87.37719351077479,59.330626726716616,140.39203990911346,92.08713589183952,111.73067454986597,84.92847662850053,95.39323466807363,111.74511500898845,53.947391822480235,12.686870168947628,4.625023726533178,180.59630470312467,283.0594170254167,199.1819171216035,3.3042648924372653,3.7153069403319208,87.52938474234558,75.6024152255829,75.02187904399146,40.26129490824919,0.14017660072003965,1.0,5.27909200225414,15.174839039255986,0.5263957932472524,33.28263930817636,2115.8965871079577,28.02917582240671,0.6196402812475179,31.386058880837158,566.0755242992036,1.7246511009102876,2.549077346320487,227.1090865720211,5.863862001597934,73.6345209826807,1322.311362455537,2.279602338374256,120.10364776029552,0.5260237300331825,4.709379505136582,51.665806804012405,560.3467534864918,0.41885277711785857,19.511459231571898,8.020232395198585,46.72103422603791,0.217069342657771,29.877503894312397,5.605461277025377,663.5038284342132,17.260522202662774,23.46533788266845,0.46192388507046767,26.975965720551873,2.8473661742652947,344.19651651620654,4.060316742819624,28.46471870431744,64.36972043242397,2825.667682338599,4.494115043701208,23.565841528484253,60.03852155408335,58.88884125236761,100.01566859267545,85.45654059278016,2366.0014877018057,97,1
5118.465329156029,60.56760405124769,113.88146748451987,98.7529125088168,132.09132187615717,89.67829885214397,180.8897543708084,116.17097870829885,118.2300367849373,151.47343660214128,91.44165833282166,129.24047693161998,34.723380491211515,5.657554172690162,13.559064891801146,114.49831998946397,415.5231224787969,256.24583137873947,0.21121735417342102,66.93905004695544,128.3694097570621,67.18829025778685,77.38129987902423,63.143918189811494,0.15018862609374767,1.078887110891852,8.565211851733574,19.62435756017522,0.22420109328608032,51.00464823306702,2265.0100984345245,32.24249359213385,0.4792231561340685,27.213085800587773,479.8437289497798,1.5358187605068212,2.3901662650349635,339.9864496494292,5.021728652245635,137.2407076036272,2018.6153939951416,2.138929971392074,275.5224620035217,0.8293286078322589,4.508757284538408,118.88735131520721,1419.5746521469523,0.7256468039907751,22.075737468396966,9.574579570992112,-8.171775209253632,-0.009192593918282088,34.94044687746184,-8.65464040354701,474.9697088120863,21.321587049037852,8.821012983990673,0.5807934271864154,32.07306209208032,0.5216177080369566,231.32369415486184,2.9289636601927893,33.31681411248368,67.6898487535927,3364.062534231636,3.091862484947633,31.160468117086218,68.55138410217317,45.11928713674697,100.35405582196101,56.66104069360597,3198.2430268332437,97,2
15615.806008283998,83.60200531282123,117.9764735207088,108.90778844370226,134.62796142602434,170.03862349281522,206.21498036045833,121.96231805094676,117.76232125097022,201.45731365646998,88.69944643968527,95.69716442033334,46.91394565613634,8.304455382969993,29.597149983175445,123.30975107153581,432.89489790361836,297.2392684685202,4.7255050077641645,385.63827861487675,121.75361889793228,77.69816294358012,76.58013216037914,67.3520735785066,0.1532292329952192,1.0765606795362923,24.765397666626036,13.190988481815605,0.46929245881058235,790.2701721431481,2177.602669931419,41.431319954416374,0.47024440078738033,25.271056441735887,566.8463987414549,1.51744814505883,2.4499393439462223,288.89306703591296,5.311539955373586,106.62387987634858,1557.1933678016126,2.439481491142627,182.60906133129808,0.6555703630301961,4.560919192160585,97.67092631538164,731.2064998648688,0.5365383181200241,20.827409385167236,8.233238841612062,16.757221766326886,0.08070887934230482,31.801235778257183,-0.8191511123842403,577.8134256985768,22.709896353345776,-11.190767281715715,0.31616795669933756,32.67760511389374,-3.3632915125600444,49.69852839002925,2.35505056656934,35.09275273061645,74.91494643575571,3527.278205904281,2.049742609661353,39.38624069440242,76.42276177047725,104.86031031535578,99.99097258659506,134.7524048829888,3909.5247121537423,97,3
112.47567967172083,0.027803573756399302,90.0791403593432,104.20775642169409,88.74355416282575,113.54153906093534,101.03680226994196,100.32290192675529,94.07377643939475,118.10430010248469,98.45392979491587,117.23729883926444,54.02657309013884,10.790194453910193,9.377051496296271,193.3013800142832,247.56067734592926,182.91358677902073,0.9233152305770306,0.5210418370968535,74.67453852603944,118.80479984615556,78.73903721093365,43.489593177289585,0.1701881130009472,1.0,11.415219810201156,-1.6649383154049602,0.6590127371219582,59.10923376291892,3242.9366972289467,26.105063498669146,0.8123434343994921,37.383052707670494,697.9234513802888,1.8271889453854333,2.9173259171029757,245.8430376194715,6.073754878030276,78.0568246258975,1468.4360862102226,2.7218331833392924,153.7695244438811,0.6173593272371825,5.3204830698485805,62.1635446756765,764.6970784465752,0.525170016627923,30.32229890511682,11.307519824887162,19.726659846821065,0.09027672128773005,38.787998299271194,2.6229057965647433,305.2249961937039,32.74146626373191,6.808407009158191,0.2606241369451537,42.13138056886224,0.9918284146391072,120.77734558243604,4.173835934449894,20.41232052913525,52.78028033366816,2043.771894534428,4.316284716788053,19.513650422678598,53.74585452574993,36.20088900870244,99.98959360092259,47.41604352661239,1942.923990646468,98,1
1862.8365800983875,110.93279871909493,96.70213421829939,94.92729239279564,97.76443874688434,117.97210967515798,114.42479081412526,110.32680443899487,97.84948764882799,124.69355316209109,95.01351127177688,112.93714478730212,50.14038110722719,8.359001562379143,11.629363832917154,191.53515234341006,348.00178882807654,213.8010891661001,0.3780665425311462,49.07807391650381,100.21230935553425,127.32230957003355,56.14287360645632,65.3244579708103,0.19326635341490853,1.1144962155281493,15.3199927730079,16.050946425479495,0.4585487955699928,56.700056574715944,3074.6431610306945,62.60678174500984,0.5535524044456591,37.19651545391271,619.1585851434953,1.7645845120388886,2.9524901034750966,320.51290110684556,5.692975191992642,129.67369685239498,1852.131896154318,2.6494558847685097,198.09082281066105,0.601200316789438,5.118068296405604,85.38434170990085,953.1722442163609,0.5379934463797883,17.41069500309896,5.794340166375646,54.804567304421866,0.16142246259715828,26.433616967324582,7.4085159937190515,747.0851372307519,19.5310084638972,26.349016477775884,0.4519018341406375,27.61662530696591,3.811723100028405,354.58458827996515,4.796198142706395,26.85186209553141,61.45598494916379,2691.111238666822,4.652576692757119,26.04519000274874,61.526606070828414,48.690420137950426,100.26947052572673,66.17039402631438,2658.1180216790985,98,2
16380.697930682272,202.49436609164383,126.15203151233138,111.11307422148901,186.72635656479636,204.39469986179077,143.8380539410125,123.65536346965501,84.80690726227155,180.80691106053035,98.77890626056723,89.49022172530583,55.901558743391384,6.347356912427629,30.0117565762806,146.70971912651166,483.46163210014333,277.3795635938166,4.479389626613909,748.0056320039512,83.3090125610731,172.4249368972911,54.84996765986247,87.82199799595676,0.18561862211060784,1.0095098585173807,55.53300440441089,5.236216690134244,0.6163935730088529,271.3884786524056,4118.5959883229525,38.15430704082525,0.34191204565202815,42.24657028117585,745.7677044387464,2.1900063060136574,2.737100309882749,373.06559275521556,5.575318466661726,134.35303142105178,2146.5074901349485,2.7279111537395333,297.4228843813454,0.8068793471142293,5.119316768866897,125.99786487599425,1499.2252004100344,0.7079125929162904,21.0105975089729,8.0679452936772,63.577967364981475,0.15669568312407764,32.09651185496821,10.55250912752002,811.4332557516109,22.14744148511199,43.401482993401224,0.5622304335065846,32.32140808650405,6.285112157879202,637.1937118854241,3.4412198105174157,36.00158775929768,69.7359293714893,3611.02931068008,3.498205933485409,36.05349277699147,71.716247432064,84.3757854064111,98.96343485618429,112.84239743230611,3612.883408134139,98,3
-199.00588700734053,-0.5175588880398114,105.17333428848956,96.58298151048363,100.73059816739533,121.01889087709526,107.56035554952426,94.97053711177291,116.0694101456642,150.4606691294916,90.68774035748287,124.65304223114182,53.701181950753686,13.27368616952432,11.129882183775578,226.47166315464165,293.4203856669204,198.90656722461796,1.7364876871772525,-1.9894307885210019,36.36027554935771,101.95420141739342,66.22755192979639,43.06777694192816,0.14785018786978787,1.0,12.555160350740518,9.317800972671966,0.6366562800493485,47.10922998024773,2913.434957633129,20.907087771461676,1.1345216033678502,32.8975837947817,630.5800846405816,1.9303491050884898,2.9367967501854,297.4480160534064,6.235927738677407,90.78786435071433,1916.5625841239041,2.6454892622897432,177.8119945519747,0.6140060931479734,5.361897023680382,67.83677988713025,924.3230029998763,0.5109182321438879,24.719809827972497,8.762089750294956,20.106565871679944,0.06088411248826893,33.172634948800706,2.472620493961868,361.20484011790666,28.773015097224103,2.6268944208990135,0.2446885807507977,38.289434494143045,0.2703932997917997,46.96931600317208,4.643222548441097,24.533965782037082,51.59780242573057,2483.0063709843953,4.662226170892474,23.15045496105943,49.33788046909937,55.00870029359963,99.5109337697186,74.04437538745978,2289.621487305492,99,1
851.8099754791731,92.79141232262126,96.59272297752935,82.38842764956519,71.32702566518978,113.41066789233449,100.15078092105112,96.05849308377732,104.44666915954694,164.45922831093608,79.87345799076992,97.42945150031751,49.20339651214352,7.259834238817021,12.170516771638436,218.20397759307178,316.8588468451802,229.92380146844238,0.5869797555882565,38.56452620612523,51.01555157623003,116.68865627074192,63.672630187069636,52.86358929289292,0.16762462968613315,1.0987597337354296,13.627863795233042,9.180814593861923,0.4226453432853394,50.19457503015843,2637.1721123226043,42.12106916371421,0.7400005485890381,36.30655376140928,598.8464860313832,2.028096036522323,2.841407627685649,425.58073681212227,5.567508558243342,165.19691511080245,2653.4918307637518,2.851447198853951,351.401421829742,0.8356362113814408,5.425571530832672,141.14895055622196,1906.3713319888905,0.7450889882743489,16.162227935545772,5.632746886066359,83.3029727162043,0.19603717745925284,26.10541691059238,12.702188230012158,1154.3472440059938,19.964684475861418,37.47475940298807,0.38956135325059144,28.33542266938955,5.012337601022137,539.2816562169772,3.864097000338429,26.73410082835467,66.5160094330251,2672.1380230044274,3.7761003218656635,26.740473747052746,68.18609198078299,56.55410167475782,100.0787297606111,73.41931656481523,2678.952737089185,99,2
12373.805651893945,161.48141979352636,118.35632114741325,89.15992248045359,157.04532689462906,162.96476206782225,124.45116306341318,98.78057711274,73.03305819176592,203.18945454332174,84.6033011295814,80.54765640299993,53.5550807653845,7.189014331692163,29.455183289744593,172.51639662395004,456.7203127464177,243.99372990302197,6.044427856955403,802.8481118217126,38.759190974941475,165.33152807702703,43.809309662354195,80.13816151595215,0.17220224531659561,1.1435174638398424,57.01440901783758,3.0222227764189435,0.7837688218958608,442.18463728772343,4099.271090582698,41.29669934116489,0.6345153296529185,36.80341386548742,667.6366954631254,2.6060439608816033,2.9655144117045613,392.5260552854766,6.301762996799098,120.92672995306557,2657.0467819391865,2.820072708929953,308.1328524126828,0.7640782947791965,5.520996031262143,113.72093949595534,1790.1330405978047,0.6560655029933926,23.55712994161646,8.522499143976871,10.91619069647384,0.006382709324885799,35.75719279741519,0.2509863797294738,519.0986919537584,26.559454709695196,-11.484676531889896,0.26830076783834533,38.74077217664146,-2.110724768787133,-92.94065615167597,3.9033543889515,32.383133295596565,61.300491421136215,3228.8471744496214,4.152846911691189,34.528945870188636,64.29552351908349,130.84584136951898,99.423666801161,175.6554920650512,3466.3008782406373,99,3
15.040690144509512,0.31194935614461633,100.49072397608501,86.67434742632042,96.32352518594325,163.9895078792067,154.38703360596253,106.57166687661115,135.56242158621936,140.898687908912,103.22699338141331,141.28592387651923,44.41587213290333,14.260596242791754,19.55010111829706,243.19931955081512,338.0812924053171,249.2964236693839,2.261907656692033,4.791256097256621,62.72496513178939,106.80656144415902,55.58045607240122,54.96290976312968,0.17606065492754217,1.0,8.949359393847311,22.410757196335272,0.7157660534905672,30.349872248188912,2423.159997299893,24.362296832210117,0.8877928320912845,33.17952365240719,644.2665022551511,1.8543398884305007,3.1792760690235635,310.92884723202525,5.893091778025467,112.41224187271662,1749.470349354495,2.68341936923784,150.5067857727441,0.48233911583449973,5.0727325388495945,67.80934012446797,632.233321423808,0.38467880295053647,31.111790523532193,11.105887833359178,26.014123900526215,0.05942936906416012,39.7217897500094,3.081877624150362,308.97208677509525,36.93215730516195,7.440734407615117,0.21468055113735124,45.32605000692768,0.7519438843263406,95.55459733075068,5.579472828843344,28.864929250017063,51.367664004465745,2886.104670886376,5.70177968162707,23.980299565063014,47.105911842868764,41.865773289101995,99.32786116091005,60.86338982656705,2392.62284893948,100,1
2304.302036940403,-10.175019510819517,109.783327939976,73.49192911868636,96.36519885758004,139.8071698444033,162.03452362482398,114.84763384576297,142.37026311230838,137.15063350980728,99.90811542216454,135.28478941800847,32.94020701132301,7.969163453617858,20.78904290232302,168.04869741374355,415.984206864721,279.35515026087825,0.5615038201286994,42.34707972619901,69.97974579117135,103.18484183939458,53.675880568181725,66.30031121171064,0.16328906676726757,0.8948899667345418,13.094567564217812,21.684843850005983,0.3752922915593174,27.86880218757846,2391.703272323612,47.5546435507376,0.6040612158103015,30.390979490898335,553.8969649068026,1.510533530049669,3.1176370665370907,381.56808047349256,5.977312238613944,151.47890592312942,2353.8994818499923,2.848801820318088,191.6262022847867,0.4792024121616951,5.301588934589827,83.22955724668535,906.031864250963,0.3672828118821039,22.328288132724694,7.212092495637493,46.451406478437804,0.1073959880411827,30.00559690449216,7.184886417844033,638.0472058204423,25.181573481690723,32.56152206322788,0.4669680600643104,32.852606387010816,6.056926662309838,382.52172169502876,4.484416351067349,31.973096062196632,62.70717315695914,3208.9951929824815,4.525834446495158,29.711515928061292,64.72948147612412,49.74571362521312,100.6667442195302,64.29099759928638,3015.934301904371,100,2
14051.403404649322,92.48072876091474,112.49113873689984,75.37064749588552,169.40850793032982,236.84272991760287,191.36366099505722,120.41780446622862,88.8269936775317,158.3505453722263,96.0519599972994,112.36223072025373,30.808653607975998,6.128202888701592,45.63928732509336,155.8608082047379,446.4881853920599,297.7465779830032,6.216899995976827,516.6064900357208,81.55473984750773,137.51502361583712,26.990331187515253,69.21454407492905,0.16267653447050115,0.9081931080313133,46.139042906957066,-1.9587255137385196,0.88087035557602,612.2169348053761,3030.8417336805574,38.930379839094996,0.6447708664249487,29.02733913274435,598.0040974279241,2.056561227315517,2.838917705069589,396.57006157845007,5.4110556893200545,158.4284846114105,2046.5345178020655,2.92129589143724,283.79827982809076,0.7080092361008539,5.068946225241056,131.53665557032198,1283.637633222511,0.6135216576390092,26.040225670300735,9.793856001048656,1.57395935183429,-0.018796102237661122,35.94371540494657,-1.0153427439861744,356.43034499948976,31.267776337396306,-0.403754590463528,0.41647580283545144,39.22996844993089,0.5169477543352503,-75.4467292689784,4.3060965823047,28.813250129487344,63.30598259297541,2905.0112598350875,4.407143158708262,32.28575482265047,66.42520088064171,99.201069859802,100.2784559604928,139.3162709820665,3218.158073122123,100,3
