Estradiol,Progesterone,II,V,VII,VIII,IX,X,XI,XII,AT,PC,TFPI Total,TFPI Free,vWF,C1estInh,Fbgn,Plgn,PAI1,PAI2,α2-AP,TAFI,FXIII,γ',γ':γA,γ':γA Fold,TAFIa/ai,F-mono,tPA PAI1,CD138,TM,NE-α1PI,TNFα,sIL-6R,TNFα R1,TNFα R2,SyntheticID,Visit
30.09565312103905,-0.07066202511818176,86.38895227342081,114.21506893163156,94.72026993033941,109.57142730900037,134.8264170560098,80.79683981921536,94.90036863580957,80.30709706840214,89.24984600687421,104.54081467658234,46.012380431501754,13.518209504004892,9.406287208072905,192.58992835222006,227.4228864678442,236.08147405461207,0.6548546057149167,-2.8073123796119877,67.70657010090076,128.09288582298475,80.87354790625238,42.8354087660933,0.18313789079306644,1.0000000000000002,9.225083339155441,44.23029492709197,0.4785672737936706,-8.430223112315279,1758.4969949124738,33.488211516156646,0.5942057459290309,41.99263534603131,485.183681471972,2.0411872555327433,1,1
4209.583932547723,52.23801224219197,91.16290781761049,96.5587350375523,91.35819432152833,165.1703420458453,143.49347529283637,84.59828924512138,90.41927713162981,108.96275550611762,77.20089547155996,87.92848337843137,29.638321956530646,7.181052016669411,19.68678365401352,150.27574950811166,323.9686759065231,234.910001594565,0.8175668248594079,-9.06031419918677,92.7017318872095,129.98966926445996,92.3085742971482,65.23919105802975,0.19977942442157257,1.1263531910335498,14.865553770583997,15.103973373471444,0.46175517902131213,22.74045039215069,2248.575751870466,62.946190035829886,0.6706266460885342,37.89750190174339,535.4451582450506,2.2576992596445584,1,2
11743.135595005353,135.27550989786047,98.47074150693166,112.23357345724122,112.61394743658389,266.01377471915737,164.06788410662114,104.5315092160999,94.31647238144787,145.16715864037735,78.46655068156818,66.11415458158666,49.45701665247049,8.273463955813071,47.517500653057354,139.56358578820723,400.6927564310869,276.1975438807433,8.658529342062113,165.27958682935378,104.34357712773942,145.61003212465815,48.264990823797085,76.47867582342225,0.18912959018081515,1.0429903260673463,31.235987176500544,14.923949615358536,1.1027910658196134,229.2576827388418,2887.1648012399282,68.92085371483788,1.6170022412172405,40.83001492692138,708.5309774241184,2.8912264459541652,1,3
345.7790120827006,0.38623088620492185,83.49816965060623,74.91641732911403,59.328162606541945,122.9957820655877,83.25171743546285,77.03457596518577,86.43016394298783,88.26850317340683,88.2989127023304,85.25157889651368,41.38193444595231,10.991170737259647,12.977792696374847,131.86049018723193,292.47183251266466,165.22510593508895,-0.5568760372515147,15.633191965912339,39.93352226936464,73.67813800717325,46.50132606822972,44.060894165178745,0.15744609223899442,0.9999999999999999,8.144937388723045,11.423614621772254,0.23280338269826512,18.892254594934055,2936.771432307215,34.97856897618745,1.086259398288786,29.47025941989557,555.7296039067543,2.210418162157763,2,1
4052.2200581139014,43.985363873848584,111.1606975145799,75.87165799004357,89.08710733620198,145.05353569293,127.82487061148956,111.47492609603783,106.89182669162328,137.82512372182094,86.86750353829505,91.34650086121047,34.641608608204585,7.647278336618871,19.37150328560264,108.39355472429028,316.09981323692836,231.05126837155686,0.3916030981094468,53.15001482843419,49.37955911501895,68.87856247091787,83.51189139468008,42.90554983259619,0.1379146341352292,0.9084484118776106,11.962147143721069,23.3866197751828,0.2933582588655684,45.23865086221161,2654.5576741936748,20.68868621337387,0.6867757870367098,23.385978115345637,509.15104221288755,2.0607529798139823,2,2
11072.131728989487,125.31109721908462,128.4493094602413,90.61357392664466,123.95279975633841,205.0940622946111,160.9262229135662,126.47043713665471,92.99910280681061,180.65350018360692,95.00554868077674,85.58358632288568,56.68559463439913,9.120717007336848,36.36716694015725,121.892926197488,353.49594970500965,285.4688946308742,1.843237808024666,591.8937886294734,80.03418591616605,102.29257875280213,66.7756202539246,56.30851192450719,0.1588069318758851,1.0809745772980865,33.52373133575686,32.75735888798273,0.3246575354822005,1039.3579994204779,2490.0113904416535,38.858377804777525,0.8825010718986779,24.2774577881078,486.8081726188249,1.677546039931788,2,3
20.047568472563853,-0.41749133728204835,118.18967286975243,83.2485872215322,114.41273010376557,105.31309340149278,143.9734330180273,113.35916096422858,122.11442666798519,130.57567740439077,106.20917462266891,163.56736538706608,63.194557539100984,17.645217269967578,5.791596741982664,220.12689050956465,280.90853589977183,231.10824390958422,3.469416989524386,-5.122704936334317,55.95374798829567,85.08298711500503,69.01551064039735,44.52828713946164,0.16246425673247514,1.0000000000000002,9.346273746850386,32.112238032474494,0.8891253553627079,21.485004202631856,2485.217750785562,16.46554268231589,1.0091166373460276,49.708359362632066,558.9099709329577,1.8407842875483087,3,1
2415.343876745767,56.551642235603154,112.19435711764093,66.5121786891803,93.60276573851881,121.91141669258818,139.1865083121529,111.0884529842102,112.21673040631292,117.12148981527515,83.66066965663781,116.45841400776283,43.410096983621926,8.801528770974855,7.219645682643969,186.61181661623476,331.2894923022637,260.1996197853231,1.0782667058188644,49.46643827089393,55.861762400912156,108.4133490000965,69.93771652313188,63.60091961406252,0.19581890958520828,1.2014888661270176,11.904104780332053,23.55191971993076,0.6084860181455423,40.0515773746436,2669.6502286671252,35.86688937491909,0.7262150454653178,51.53764509054362,542.0550630501233,1.8666116488117082,3,2
9839.7386278905,111.72488147634355,108.74462368003975,79.75527280752578,151.59799780107943,217.78516912034837,165.92049393732907,123.5648238634928,86.15322935751,198.82927087007687,93.0328702912027,104.06864771617305,54.247675287739874,6.715676755125239,20.186716969221205,172.7085936283861,393.94353869509,305.06128998899743,3.034779976804391,482.652984256899,58.3026392014022,112.3350204873016,41.50429279918158,85.02195012449732,0.21232255346395482,1.352116511936655,37.781972534865304,9.21900116614989,1.1208177396774346,681.4612750193128,3217.1964542949527,29.27055510654414,1.0774508538844056,54.29779666393013,608.5862188717063,2.538456007070946,3,3
235.689113064072,-0.045472761655311444,77.19965730820763,123.57929168708401,115.41692251973146,95.51586514612057,89.16860091230232,88.78857530107523,111.24308825897727,77.429278659159,108.43555322650751,141.19727316695284,71.45270170346842,12.670368337998655,7.381594344399961,175.9464252560416,200.05145443756953,215.66049900963918,-1.3423272566193671,-0.6917243095251067,64.62466364624943,111.00840968177499,68.17372387459505,31.76444614487865,0.14740065880431513,1.0,12.969776501102652,-7.95435673383302,0.3290701862168015,27.24174586405783,3220.678975859371,29.007458702714437,0.8610469746034658,39.34414803973827,500.920360677866,1.2359353658683427,4,1
858.1971101875274,33.57364196897533,80.06703993075068,107.14023695444186,119.04013152866065,89.96575249200207,98.40578523955895,104.17815525089638,73.59295619940931,75.11375477425614,84.29078785987201,105.66948968955406,65.93513049717718,9.652668499564808,-0.10763648679480475,160.9172249292247,265.32567184001323,261.3075779520366,1.1899080179214212,90.12607103102587,84.6826208499725,116.93246973337668,59.265220307981934,43.09856275429017,0.16811020567851723,1.0939981801038325,16.02557347119064,12.341974012776937,0.3022781666395911,29.870501689044303,3529.044472169844,26.58952272933074,0.623139866931638,42.87450348961926,478.38255744632613,1.6367260309370382,4,2
11306.097516151463,141.71963830654883,100.04238653665784,85.35089609072729,179.08232986715836,100.8852366008438,117.42957966642115,103.31429005309656,34.80810024101613,74.7578935026015,73.03896203364316,87.89821000373945,64.29357410959038,8.535561379167596,9.184807320081136,118.41444625124711,283.59113520539677,259.6080623967385,5.212456771740797,792.1247438482311,55.32730432496369,134.31981904027316,47.79855155404966,58.155403524414055,0.1857151409107594,1.2028093705028209,47.79487566561119,-17.818293571234268,0.5344823410946686,211.04663902595235,4098.047604550997,40.089695374170965,1.1267845167168917,45.490940382598104,687.9916747574323,2.664515648527469,4,3
145.75192260739647,1.4921814781644127,103.90307457181332,109.39031584752428,108.22697397126241,66.74166984440409,110.47951464447958,95.15674424665167,80.18051994589136,78.27822694089517,94.86669404465555,145.70831277717772,55.733838047599775,11.51979563688688,8.174237171439325,127.77831303477701,282.8966661037773,242.65000105510347,-0.12554354680635305,19.625669136388236,75.89067161549559,84.56393284633026,80.5960559256792,37.95032199635139,0.1458396300189791,1.0,10.98717476638277,14.412542444598415,0.7841685379461707,20.488437314752062,1623.508201222563,27.29776458700781,0.519196375739748,28.276107391531156,224.00568231878316,0.8514835351840884,5,1
2375.9237292764,111.0608664509382,96.13916545064002,93.6960496650626,75.4656659119668,79.28481412448718,109.22886607203976,98.39287140878606,76.10278101615758,137.81521685321792,90.0711596593182,94.47924513121532,47.79640564921784,9.363111452203746,15.081335109136052,98.14648461648946,320.72142240211116,201.05275713952852,0.8598967297355835,39.05295218707031,91.79149050237635,77.43122420293673,65.9009295138574,41.24577664433879,0.13371150330481704,0.9454076300035333,9.182567457001827,13.267433660250385,0.7072856645780742,56.31780955981108,2052.8064919088815,23.02146261277067,0.3470292319666667,27.93110334157304,281.38674694671397,1.351261929315933,5,2
11752.356830992238,148.8081235085615,117.21873935066026,105.38627093150558,138.9267219301434,64.43325724992293,161.13784036371237,114.98945850282291,51.33010995833958,142.5977920745002,88.84466616011638,127.02791292313307,65.4415562733177,13.524822321191746,32.727263076776055,121.12449259395746,358.5737033625719,264.30283255822195,4.7214989904851175,695.8224893175843,87.39606880326932,108.13286627319096,45.78791406966411,58.22397384115442,0.16297184939342746,1.159447355101677,25.084991075276804,6.270097575613471,0.6715809967176586,1051.3735443960582,2432.1395304077223,31.236712080662073,0.5371534207551207,29.053307715250767,477.21575275753304,1.8525696352626873,5,3
687.616012658246,0.5905913141176365,67.50374650315358,63.34168486224374,59.68659676590593,132.14171637895413,66.68265482726238,108.87502693422857,54.96682362150061,73.47643445755855,107.05862740191789,132.5484724071946,23.231127444904615,16.248536325058556,10.925146047273048,182.86772113920628,212.13641919897526,146.94080119301506,2.386465144185439,-9.2899870359691,75.75697819473928,86.89411185569533,48.76536708662138,28.078032150647896,0.12250070485990788,1.0,7.617284954038979,20.90036066588939,0.2777372837896262,49.64345070108678,2804.8657182336,43.84597549115695,0.6033273619994579,30.545484149900943,702.6293570306032,1.6152675660984117,6,1
3282.5685170099223,26.351366974779715,91.07999730448027,73.33401784987682,94.8634788028737,137.57136567772065,99.21228642914377,133.67306023296254,65.7242174722,32.07142328787299,104.04052227774052,141.16874115545252,26.774130662724573,10.67675355582523,11.327214704221351,103.7969632652876,368.1331471786788,209.6143341169164,0.4041275478854926,62.194115409739084,87.30685792086084,90.77914716513543,75.95235623688643,44.212718559612085,0.12244946991867744,1.006706870835519,11.888344645536176,0.9808088147258065,0.3011716665838946,71.85845342456062,3195.2098315812896,37.14814669565475,0.6577337327347562,22.441022504674656,540.8676751781466,1.5957262893116233,6,2
14211.856311874246,191.75803603410347,84.43172697500785,96.88812726178386,121.21742285310685,381.2363203067562,96.54619614140977,128.23139007410535,103.97743973876925,161.9727288132806,104.13889543073701,74.6561715683741,30.96853591083788,5.967236328368125,15.986262361627455,84.26840923638957,360.1435463423628,200.63337545418895,4.773859065831393,776.3522338417187,97.78345006902344,97.80442476832997,50.603678961855024,46.68513800378079,0.1426417682840309,1.1039421036047485,40.43456394489892,24.73530494580401,0.35055331730777695,321.0747051111456,3518.5602238577662,68.6936832358841,0.9764739104461871,22.20815386495824,748.0130932594147,2.5875783801507044,6,3
-49.90426773646516,-0.08788790380755129,102.9048654447805,97.4684296567034,112.88843058410677,113.42224445496905,129.22520282789682,90.9863554878725,137.8235806896677,105.68727366212109,99.5723984327966,134.57533802589367,46.4134062882644,15.209370981090153,16.514443392690197,214.78349659047893,332.91636112938585,216.59793301604765,0.4652024267355874,10.770181028774825,25.530890434683,85.12302692599465,61.40990951451079,38.56309871614043,0.12519091985520864,0.9999999999999998,10.456999691635417,-3.4987418090510403,0.4740969874863293,3.052900428902248,3400.6077747029094,40.94013630890407,0.9118766997416431,36.68224428404321,473.6628660154321,2.58375501888461,7,1
1629.2797237206964,17.79892349829649,121.27657142854206,80.0885647926782,84.30185992078118,147.17805960442888,132.5140732734142,101.05661692170878,139.0204771222907,174.15981481788145,81.91455498289103,90.26975913278656,38.54593317552009,7.528078991453576,22.079114286662726,200.84490247958493,329.79837552442876,266.3192913186911,0.4097635835154117,-4.774997676022309,23.952959534030626,91.90611903877831,91.38505654396143,48.280541967077305,0.14512401505766417,1.289153264377619,12.529295551543504,8.915011549241198,0.313546029984998,26.440671459672338,3279.2417242782262,20.185627158237992,0.6320658946873763,35.28607153497567,481.64991892955567,2.8047905368065713,7,2
11248.907351851723,136.49632188166225,125.70918405328237,101.17261972247695,129.6865085957524,231.85284020106153,143.36107436435483,112.55268335865841,129.43374154200518,188.89583277419823,84.09254029967298,68.9583128831912,67.53597184006595,10.783231159634756,36.60468175445892,186.46274932581542,336.22251997525706,285.7029247262356,4.937509656396037,276.9231880980235,28.953606638624912,128.04324916377573,45.57963265783042,54.532057207494475,0.15868047538095115,1.483994080954195,42.961372991574784,43.27595253481439,0.6358524963157605,591.6900556313124,3505.3986666642677,61.02748279726864,0.8763533250582355,29.320183453219506,592.495963032243,2.6396756077749437,7,3
117.73734070575578,0.24131196971070423,93.28715013045012,76.0796690679222,87.5850587408504,101.39483592404756,93.83609790725717,82.71389507479171,100.15397244253329,56.12680096346276,98.2989997762225,161.10818224576855,36.040169888816465,17.969527441225694,7.721429673070368,224.03604403974123,270.0957864892961,142.80014693430607,2.994071431925548,-3.0360561058025635,37.09541292543415,71.23460730891138,53.51734396546845,45.01862693447314,0.16786830829189436,1.0,9.211030816030286,10.63280845663797,0.08036144811287221,10.333071564835073,2833.64270001185,24.959206670971028,0.6625214866832378,43.201691589376544,579.6198312235863,2.1761269217915826,8,1
1886.2861280076681,19.00028582945282,116.30051990088648,73.46148776117403,83.70360374521474,147.9587602325676,121.13173601545182,95.90460621802626,96.7972659545148,28.505013015366913,83.53861624584896,135.8202364198998,34.88170052471354,9.632884658646267,16.717036340668994,175.58426406756428,374.83738923566665,245.55607770161484,0.857541573557399,38.76495269119427,26.006977425093474,98.59167084489263,81.90641686553172,72.30466458567552,0.19572801194623327,1.1866644335446477,12.53739245879634,3.174788836766955,0.09182909390848998,39.534555942710554,2577.825059323767,33.80412910144004,0.567019689537074,39.26319911399941,515.9329041135788,2.1359879350094024,8,2
11784.351506775973,174.30294228666446,100.9161411409519,89.35368935527642,138.25474882590166,312.55239536620627,116.94444973931147,107.95060860736334,84.99359713972395,123.98796774410391,93.41101712129496,84.77556689967045,43.00278091707784,6.67363560649018,26.55309909839041,144.51798380268187,417.6438420596391,262.18154283425616,6.280176102600006,505.5305119187091,31.122921649558798,135.0748212338702,54.45155709027617,72.49413286335627,0.1740878779083974,1.0393678947916583,44.97095555695891,23.853392609251287,0.5859082254464518,415.28933796654303,3652.903257918387,40.11691536030375,0.6722069471199206,39.82014839058499,666.7962176007078,2.8604820157250517,8,3
37.02791838123828,1.686211181347267,89.51436928522433,87.32753989656072,98.83818235818487,61.59135016835283,93.43138988576786,82.45399278276089,78.4545096301974,93.99614783614096,87.73556381139,83.86301931387803,37.200761679870425,11.363307856270715,7.599043252256364,141.44622757084784,250.92326730337643,171.98160056796465,1.4717701934089962,24.703951840042045,27.108754649198943,107.70844823629592,80.23463807891086,43.97637866830094,0.18032135079867048,0.9999999999999997,11.739946868355647,-6.159695761973344,0.621962053389482,12.52899836279053,2933.6468840497714,38.95417794044374,0.765152362454663,27.37441963564407,379.1470686857618,1.9659739248856656,9,1
2145.408202070992,2.3307029423313566,102.54368087056666,82.14221843211465,102.18096896436312,86.7513757936191,103.25269223296701,101.2949796530646,80.57020901921972,218.316989984555,89.11497424631497,83.11669007201306,29.711306585375695,4.867200944916473,17.934548863078728,129.92461930051488,301.50543241309373,188.0554443030086,0.4988487908426544,14.829896024159154,35.05536523581845,95.41023029185605,81.98324272322442,45.87845866832521,0.14816849455333947,0.851557915712853,11.957982232836386,13.851009708904044,0.5190307917059349,27.172369894432695,2931.362833804561,10.947003862484408,0.5232280902865043,24.713317259613945,397.618748653843,2.399151960487998,9,2
7844.6136267858865,82.7786732480205,116.42980216637503,102.48969571875946,112.38960563284442,101.75283733695612,126.9388226420007,113.62047249980196,99.89559702800541,187.06739657496004,85.12500483040864,101.97084829064147,53.50571395750682,10.35969916402797,23.25792657155551,153.9309765593158,387.57280169291295,205.6316889011062,6.406029705336919,412.58382721251957,48.46012096426425,121.13192634414156,62.10829833529,60.65665258671432,0.16084652788066495,0.9730988158258361,34.53006278630953,24.8828487561061,0.9086072141629712,652.0932392524314,2697.5343326248053,68.94240130938735,0.9035693831324203,17.80280233952428,540.2007885480926,2.2460578660597657,9,3
-36.81204363555878,0.6096454868344203,89.66398360244858,119.52532273592638,133.19051413589713,129.95982043932628,113.84813050033557,84.54129743246746,108.05041248909676,84.24459957373699,91.31098048328698,149.21296314650976,43.25475431226917,14.100912945136416,15.556671441162392,183.97389799619458,299.68271660966553,194.69998953894333,0.10579322225563148,1.236578174604614,40.3101299372277,84.75572854390134,59.035315200726345,41.54751909978959,0.1477977016950977,1.0000000000000002,7.7383865454133804,10.009108380296597,0.3557417696187706,6.759488279122166,2608.922560143238,25.730070927163414,0.6224945801951463,29.43400203025221,432.8061653869862,1.7910311643490122,10,1
1524.2192334844017,31.308531011391686,107.26823945861845,103.89573918763955,132.1661486398807,147.81239582671083,140.47138807163566,97.53501547186184,100.11979943664429,107.57748125260007,85.8905017978717,125.85711161543728,35.26473105182174,10.338554847919584,25.622430823305884,153.89822043940327,386.8179195943476,248.4513065026974,0.604086770011334,56.49284394229042,50.520592365891076,80.12416660901907,60.047318958780174,63.79127031139114,0.16829455260281564,1.1707048203271806,8.802069371879403,8.715548478132638,0.24570076282287576,33.51772167676223,2384.669720842389,37.50634751464707,0.544458859153895,25.867839050107975,406.7049507509825,1.7582853686960034,10,2
12589.847656204156,130.4714464244372,107.51671562131844,100.76529871378574,237.30197370018556,214.6937143858551,160.42177562353612,112.01993648271953,72.21667427605993,96.02973985221806,81.08822818270264,102.08830896648985,33.057585689548425,10.592144101627401,48.41725909143062,132.16752275784486,353.39539406881113,283.3779913887459,6.16247273481496,535.4134135958233,33.91245092806888,116.71023259449132,46.105324281955234,53.9494573789286,0.1537063119326955,1.0783494887631389,40.12543201344329,5.4432992755897684,0.6870472773022416,601.5103456387732,3392.2282189309553,33.99902791169154,0.34115504610599645,27.094198280921972,531.1881108656086,2.4678178662021297,10,3
20.72746171979918,0.657299214330419,94.51520304335936,102.4977090043836,104.3438855575537,111.18243116780084,112.62245129846319,95.74587664326843,110.88076090765348,134.5299745414761,88.2837260061961,107.03317885604368,65.03395867700469,14.061472295493,10.886395810514394,168.0519463372724,319.5725402769856,238.18905082369483,0.2698424928029828,8.14961087556635,37.75091098893416,74.90116278439994,72.36417416921226,42.04677129161277,0.1307370292892955,1.0,10.125530558537086,11.566709521963826,0.7241950918272855,20.29713317097331,3006.465848223689,40.306868500125155,0.9055086565915879,27.963224760276503,382.9182328679365,1.5394668915095076,11,1
4047.8400505711916,9.88917733501188,107.16678522206922,91.45185242362831,125.90805947931865,154.93083422870788,130.2302947006285,114.95391591328638,125.06545483685906,222.01786141835908,81.52347409142777,105.22106713217258,46.230764639408726,8.134782895775055,17.113011025238432,163.24403443714962,354.5043565832346,272.25341925227985,0.7897645596578673,47.314691421210455,59.68653310273818,85.06140740952466,77.03958600254289,51.894823054827434,0.14602467134912694,1.1337631438332032,14.266896351277493,30.174846881471126,0.3841547166584194,41.348329583178426,2870.182412349803,40.41966796441,0.6828412635828731,29.43452121971459,394.6195215556571,1.6374182407641555,11,2
15924.039022620065,135.95372814878803,116.65784995396237,116.27253988816976,198.3279775767003,252.99196543438381,168.7570695063769,132.72010207355407,121.40296642562708,217.13381361213217,81.22990379742645,95.14003424526581,63.59376835046957,11.798519434067067,39.38637797850108,150.4306488055049,449.24181855041,313.2217111031542,7.153565616263678,640.2492835672431,63.223700125950714,148.66542347492137,59.670887204297706,71.12770293879706,0.15825555689052642,1.2511316964688777,42.81518516079321,20.86928535655671,0.8041686576496768,792.3326007990976,3447.343447725692,72.760333520042,1.470151268101929,29.670135645307205,560.8206689956372,2.4175993450904407,11,3
-136.8149828303582,1.093268971140154,90.9058538645106,107.29006718975387,120.44215280231676,116.98852430462321,112.04686245414717,109.20422241833862,87.26338797072117,147.27883013977896,117.7184684682211,147.7325605518244,79.58569317078368,14.529443852702231,6.441659477778176,150.18822083467978,276.17275180728416,185.40648276707864,0.08959506711731824,4.22008992241691,67.66739945784332,148.4309286394057,52.80712972258789,37.88293924675783,0.13750266914562762,1.0,12.922254194123123,0.9810086962662465,0.8815578263690025,45.351890401713604,2815.715517933977,31.572455956354588,0.8209746053919281,37.64002800352314,553.9667312226674,1.7142654264803565,12,1
3561.409543987899,31.17421434315688,94.70800613131512,91.64763844622115,124.39430134053354,128.06916163978335,124.01899359749767,115.69635014433469,74.6596740919347,215.26867203023596,107.29230711084175,129.6908628976536,53.72629205345238,7.791358724341138,10.135291672616402,134.4858810857836,353.76929444267364,249.39418767533985,0.2783955074391573,16.704261056110127,75.32280794668627,131.1609292702609,50.69529747063575,57.35447545484778,0.16700384213195288,1.2337235639079964,13.229231918659742,6.831230864160677,0.7194557493156717,47.68141562864401,3211.8943098814116,32.08802893408811,0.6198109662873371,37.50014626600448,515.4511496799039,1.883707496562304,12,2
16002.779893213532,79.38187890025162,115.67362453128789,105.23701211557155,166.16776295165053,210.9980292525287,140.1025266350961,126.72065045982775,95.78787692475811,230.26696796387,102.58800174596978,96.5638418836182,66.54534366235745,8.804932807069141,21.700669838479538,126.19412488294498,412.28423110982504,284.44987718969105,3.096320076320696,659.8040899815161,77.67437655865294,149.48367647512688,32.244246898794714,67.80162386525708,0.1697100990245176,1.2462969692360475,38.56274747053099,4.353331547299375,0.8875226096678042,407.0755984543743,2971.7696836943096,52.039011265335844,0.4853519308312543,38.31812087974827,542.9660735407516,2.000823820239986,12,3
278.1066441840101,0.8897918987783351,101.75805134630926,107.67155937521146,118.96624036806269,72.89962356605976,104.58583730810929,98.97831832919834,105.79313683464659,119.0876668909061,90.19130656817136,160.31766869240303,28.80405472431884,15.959914245738936,6.172895703278838,204.80050391751138,289.1410891354041,199.38385419472561,0.12100616447441248,2.891988933552788,46.93367670353592,106.91630886258855,89.72939983139432,36.275325851678765,0.1238988633005095,1.0,13.332892018824529,20.164405600725757,0.2581020687893297,1.311598033902012,2866.676390134081,19.55901489440037,0.6403800052774491,41.65652256258991,386.2827207255146,1.5231412261853783,13,1
2048.4884445044954,-0.7113671856844519,117.56421959354489,94.6357250939835,130.43110917616738,120.33348611982417,122.655912616741,109.71578854556557,102.33035123214817,165.55761407964874,83.2306967335446,129.2690266958443,28.92294981149037,9.258862924552393,10.264845624694706,167.39504929410884,397.89304797354606,251.11693591027318,1.389907145547502,27.809573822347737,39.12942499969748,118.53087033734803,77.41970600208225,58.93626548746537,0.14600407177117267,1.1724930589115936,16.361300261198256,-9.333971618180936,0.26014395522774536,33.11969004284819,2842.7550713067303,22.121142857313142,0.6692255784792396,40.85391204964352,356.0122747076849,1.9338775532412071,13,2
10487.699308357887,114.83935758840879,119.4548486178717,100.18066486628904,202.52565813471716,150.52268315374317,108.35426822310798,116.93216692785788,78.39862274213405,218.5549895943077,82.12981483638612,100.05595768473674,35.48533991065904,8.775739409737787,24.406734442598758,152.33632961080642,476.5333914353921,246.35819252916838,8.970522891811594,254.2412287902549,30.392598298474663,185.9197358734069,69.64995525802013,62.90617350001807,0.12912988001201176,1.0466178286602157,40.455365769977554,5.32934437857365,0.5558188974846698,402.43086896999836,4288.290778199433,30.923734928294934,0.8915168704981385,41.58482634077957,627.6690939088269,2.930946455795081,13,3
-2.8342097461409708,1.2102095836886322,105.11161244827207,87.6083410477562,86.61271494905515,107.61020726261964,108.99537759316642,92.63901371946889,112.62048656151681,101.36949969798609,94.23998787379902,137.91424654950518,30.224103770322998,10.21555018530767,8.207387062373884,173.17800836754265,385.57840609140806,201.77872051120025,-0.6625686227689398,10.208378194353898,37.57171470791126,126.9923208547082,47.83507200531526,52.501767663355416,0.14417215534754177,1.0,12.08937312795639,6.875559263108172,0.5803228086285849,34.628908117354314,2686.3061931343937,29.509800019749758,1.058700412082788,34.41968517504158,528.2141355867196,1.9642356230245237,14,1
2784.8603527426426,40.15047104179545,116.43151118914055,72.59317085651816,70.59892942923656,137.56453334078657,135.07601324840675,107.62545409796294,131.63950353757178,138.68823784128296,91.53116690005814,104.13150421741304,25.36263610231571,8.626838665369991,17.19298663349621,161.4293384186543,384.4938297953104,265.2382327622275,0.8241713466435506,43.55043841627767,40.76574222071787,125.77634270338672,71.59188028887476,52.223297911190436,0.13657615808153897,0.9951063369876388,14.5591359061899,28.322245353950727,0.4839605068243543,52.46576374818213,2452.1829320388874,43.348461420913424,0.6440826588226758,34.744194530977104,523.914499150862,2.0087740677957604,14,2
10585.041103201153,103.7643878429422,131.63672294415284,88.34763991865142,143.2366367265279,188.4671002051258,170.19684433636777,121.69190200462322,100.19639933605578,148.22091858075083,100.45969142278211,90.7543564026682,34.34142203158339,9.423296799421502,33.03140955755656,154.25797371712372,452.11831830567814,314.04153529867057,3.0641561272357745,946.5034378674738,52.949705191162636,183.22550223416314,39.50460739968263,66.76649028999523,0.14907293156868504,1.1210585570182225,59.77641531913905,29.966639381676373,0.5078701861291988,1247.4464411137722,2951.2984475991707,34.934843353790725,0.6150968080366682,34.170136560741945,564.8977860281202,2.036986922247559,14,3
209.4092519652564,-0.7124891730496173,90.93433421857159,80.68654196212289,91.72485692159604,156.32687934690065,96.5810342364767,93.95631761605503,105.18391393337103,130.72612750111222,85.07874090866599,104.53503733024911,41.59793809376498,17.710425215949527,12.418704005782507,169.51603921789376,181.18168311144808,151.18456380008445,3.7943684167132887,-12.017702374606458,41.83222183397045,49.28445412702167,71.07679973744888,32.39520900925209,0.16118297466308162,1.0,9.812751436816383,23.057215224129234,0.6187769538277971,20.09316128173802,2897.6662893629946,14.926237807536383,0.7820014860473423,29.951171434612927,545.6190531103301,1.7287650274238742,15,1
-1264.6937919124894,78.7794705766685,87.5913645003011,80.53758989742589,69.89974991561321,144.8609641580359,99.79462741082423,94.86580231682856,96.377440605836,108.40441564891496,78.47384705567157,91.45475690801257,39.509102423591315,12.345527583987934,19.23248568693293,199.87673510226168,276.0233222400466,150.90478686824054,1.2368161935457207,73.47146473463644,50.07710205295671,76.63235039575281,80.87899947170445,54.773490635005295,0.19399105515682655,1.1654086293636614,9.675946280703897,16.102088107646047,0.6181363698771489,45.72666986106006,2490.838548952131,65.91573092158097,0.5760139579017955,28.986506588905605,529.4047508299093,1.6442708168758555,15,2
4967.557115182081,187.51630557695776,100.07753743231157,103.10260385648623,180.88710790554663,299.18825119387867,123.60864728576323,117.11855512178398,109.05635609163087,200.9780047188509,92.50523619722924,93.30888552177193,45.775859119823984,6.553198661831195,21.450124371713724,158.6235468433278,379.2626408181442,203.70798420056622,2.949822063890342,843.9092060985996,47.693584042936365,110.59781503714342,55.89586319418578,67.11865075715778,0.17913078363148094,1.0414400852532713,41.298016488866885,11.716068189715902,0.9067353339807238,466.95184768073636,3661.069481971151,33.42257859278776,0.7026685676090055,32.7867109069836,622.5797006847956,2.5029434205475214,15,3
241.71963378354423,-0.7329173018161913,89.09646194325948,91.79522360816217,113.50176312023059,99.49063379474893,113.69448378115231,87.91559234690841,132.07298191513956,94.03704150639896,85.01038264701138,156.7236189134079,58.389779714353296,10.994477049548538,6.895837493755469,161.58680914432273,218.81669797635055,221.46288191874604,-0.32804925765840887,7.784363643252905,48.77676877970559,65.91126991176284,71.04011378597535,26.848310612944378,0.12802997456063697,1.0000000000000002,7.218300834495082,19.666918835909286,0.3645636507875585,6.83210501653971,3014.8824943057134,8.066464606933966,0.7134822331700836,41.68059902279979,469.0518331076452,1.679111299717552,16,1
3545.244063120041,74.51179471820072,124.82577642964995,98.04948259692284,155.92452433683562,191.14547400892346,188.63923912904417,120.52316868839671,129.00211511846845,159.87455983078803,80.95879039808236,136.53094003914322,50.834382676735345,7.958175906431955,12.011032640702519,146.10905791474343,376.46763405591463,316.2892074755317,0.9526771044266328,64.05772954176769,63.01230928196109,74.7962922089012,78.90184685491444,56.01096728741009,0.14662495408763415,1.1203485043381054,10.771510965789727,-0.47253661518452184,0.3775121345221183,32.95115226683693,2784.819500111722,33.797515310998286,0.8322960894912486,39.279909703451764,511.2508358102467,2.10136080105894,16,2
12778.492410328668,133.56733255747258,138.63426188168972,93.06557347833285,209.16428673853224,183.70963794743662,211.8816152595796,134.84689999169706,93.41956413240445,224.16275533656125,84.14143776570643,106.0128318140976,64.45633294936754,7.315046809087288,32.66252846336062,144.27728144755312,370.16085682894084,362.59435705142596,2.7220436295074295,405.5084847895618,54.2693141834815,111.59505614243459,70.78832985893096,57.01752922778558,0.14727645206297071,1.1023165968288795,27.558599781293506,17.312091983927477,0.4424162720900629,733.5374497644044,3677.7917980482466,22.854045206649896,0.9066179714381212,43.22665973586546,541.8922860291157,2.2497591593407615,16,3
41.19543921290392,-0.23325377523153756,93.67692553906087,58.46339562992177,106.55938588768613,80.04141395196953,98.30771896139993,92.90186276226746,107.2479184142398,121.62684527475982,81.38119415643428,136.81973726685735,51.164388027590455,13.68675510482402,7.001792033310126,181.96559882747664,234.59877536971848,162.49475116978428,2.1418166981013442,-2.588221752986417,41.68767121117735,57.13149153400889,79.73762789151495,24.927045281850432,0.1130341171669082,1.0,9.222739373660879,2.440993761626194,0.5767145150841595,21.66267311105158,3053.57989094841,19.94824382980312,0.6784018516115641,31.305072861800916,439.4158568774072,1.9251023443985507,17,1
1450.708182807372,76.81842823744428,105.26254982283085,69.80948490656715,105.87070099956655,140.74063546259163,130.43774000461033,101.51502402662604,105.93528482772012,170.39133176223496,79.35510018947208,120.93242320987108,45.93251015485805,8.88243184555948,13.995577383467992,207.07809404201825,331.16146953088406,217.5743183212791,0.9078798223188747,45.52027757307045,64.25731440566692,88.23622200327333,79.0413433083754,55.23785857209801,0.16507837448669185,1.4100937981977326,11.269856993433708,1.7599197371023987,0.4663637573829697,47.223974739947785,2872.5829015504205,42.76825983510925,0.6679659337196096,35.658374747489574,496.4674005266225,2.372138956211761,17,2
7471.3644800576485,144.3450460070362,111.024569799025,99.85488016165904,178.1486545392748,222.81145768797364,142.02164620877622,120.62694797324228,126.61397014137083,236.24967454730472,87.3843700051305,110.71444083687706,60.56029427486452,8.022604590997782,9.22907376907119,190.42943961561394,403.91187173096336,252.86928459936172,2.2043905465807994,632.8316846480775,61.14962461619445,131.17934864768606,50.92253492327749,72.41615505260395,0.17683212419880043,1.5059290926124875,40.474248220211095,35.42776048305397,0.4409348598487985,341.8164936161835,3623.032624659578,55.6033704955319,0.9548246507697231,33.91904567221401,598.3475993807227,2.9372010509436235,17,3
133.43711970028266,-1.0021327997077085,73.38998407391074,88.16192154185237,95.4406629390705,82.70810351050203,106.8954685019784,72.33446061644321,106.44523714824328,109.95622023918786,74.33531981838706,120.89644422802004,47.14700247038542,7.598419808933662,0.08974926578856746,157.3141744373143,192.97318133193335,167.77061744466556,-0.14682853185324585,-5.166688430594121,40.82285270435867,105.55616225767334,51.23878651113236,29.882919615136217,0.15536094154260727,1.0000000000000002,10.910906326092437,29.21348447423256,0.5122178235131497,26.796124484734623,2619.287707564152,26.81801334720463,0.6993119410741452,42.141294697047584,572.9184147106531,1.9043772796388179,18,1
2758.733386413969,86.38684212321903,93.74690771083421,89.78724487511215,99.19415709768356,159.71345011332937,147.92567666052693,85.37119981889197,113.85413340454784,151.44564107096673,76.79647873616238,106.63647228188564,46.31540078293046,6.9927120802697145,4.425873475781843,180.086263384922,328.3300598847147,231.89675156984555,0.9060153863407486,2.113263621558879,63.631258455611864,129.36111161220387,74.59812237563953,65.6974914209536,0.20117589244530437,1.3236727249831854,14.777246038579872,12.1834847210891,0.47626949126570745,43.34670832397024,2751.3758914366113,76.11870422375387,0.8329219137421566,49.415912625107495,641.2801831845769,2.3650870447942305,18,2
9090.272457338311,133.63378817696986,111.53039860520165,97.3383251425214,178.96843260037264,189.8263316593239,176.8113699326294,104.94158595366386,103.26459177461702,181.10394479219764,84.31706198897751,85.37955393516962,49.901992058055576,4.458096026618147,11.95983961805128,146.82181781015024,432.0931423166453,257.3330480077664,3.199968531053566,317.448515073811,65.39609639111131,182.5270663690938,37.780391508513986,95.80812358176836,0.21814594935225778,1.4358548332889651,36.867280025154486,9.396809041932435,0.5925418650085256,471.6912652693594,3733.211265846721,55.57993638435653,1.5779093033312344,52.772893391509086,710.1995419285032,3.6211006709969427,18,3
-108.40450244997965,0.44691107224098575,80.95016992528132,118.31406909598265,99.07941531936245,81.6469554664306,59.362310942714124,80.69628795471505,63.317851755123435,76.59096792514052,92.14655184696743,127.8128212154517,52.6105376439379,16.24850909721076,4.77538830925376,186.1573619270827,192.04792206231912,148.14226191483795,-0.14948661412238717,-11.672078479103895,16.833625121864117,97.93950328720024,76.074286613559,27.103621420231175,0.13553491451194252,1.0,7.5309941666282505,-3.0700593053435323,0.11319817492618095,3.0824537014637095,2636.044266696649,35.31891478326095,0.381225802909463,32.56696842731189,362.1323202772887,1.6396129483299755,19,1
1796.2337852109247,54.206109743117175,101.85137191942216,113.30819526636988,94.05507120297,141.9956999045264,84.21501126671339,93.44140122147508,48.07969649729748,137.77105958616906,78.90353843153572,101.27485212138164,43.20110140345832,8.890802865797239,15.655680080030038,160.7396868334773,294.2155728959608,224.6146310497539,0.6260510232809372,26.389857119878634,29.66129833687109,97.8812389280746,87.48806663231986,56.21742497529208,0.18596461620606222,1.3397932666259607,7.9239626865126,4.205264520316477,0.14676800520656735,29.816310173414386,2583.966592144676,39.29754920262447,0.503273258498294,30.980163452608036,380.8126513605115,2.1647789791072736,19,2
14204.741069044623,133.11397106408012,103.34574750338204,116.64338273750178,156.60129704797993,246.3249047264213,86.8316807791301,110.66055014394304,63.06346280250591,187.97695814872992,86.61433616477419,85.57888994180368,48.38172115645446,8.434681819602128,25.77712023891175,136.009768989088,383.7056978619217,262.0860322045764,5.229656113768767,622.4914521657697,25.5914163101596,114.85130540341271,68.93413171336091,64.87931758757193,0.1639153694050423,1.1585424714536632,26.89120651084512,7.841737641815337,0.7011011895408411,156.66978745349064,3429.7582002971753,59.27581777540084,0.6422989749122675,33.19525363847856,532.4176291828074,2.660452966578477,19,3
-34.60290041492607,0.7521598559089472,106.53263367438052,100.40111138324315,94.85519584509179,74.68268804649868,118.42093216214296,84.10269176065444,131.2595912300064,67.13640292981088,79.6311508194062,131.7808382506653,28.833139577708398,12.14214802833885,9.238056568952908,198.73628244900743,326.0541978749875,210.6549349684821,2.471318836502343,-3.319845554141583,51.0085886242835,56.846099934328215,85.0759120980535,48.53698371501301,0.15832545130882947,1.0,12.028304947553504,5.214371952125097,0.5662449367686297,25.451508024849055,2524.2248360243325,19.129513151239202,0.40101848923131284,27.477108887096303,347.7964432313689,0.9595563446265665,20,1
278.38895318992763,88.79433962140982,112.86564425921307,94.81274519196698,71.59060343156462,121.09677915459369,129.08138553083324,92.76758255266603,144.01399702637477,79.9253256813471,76.82690312911036,94.62455718418789,34.70002088211763,9.757524568685541,24.434471610582918,219.03932916580393,411.7488790610045,241.99659692321427,1.1867331968105084,67.93756087172613,60.3779191748192,102.8200363838883,83.71801189995588,76.21217874286155,0.1921252284703753,1.2357121457530784,14.794814777205522,15.385005048642482,0.34352149060383663,53.5109893063113,2072.2537387692537,46.691370671612276,0.3051819075697317,31.716187649900117,365.2619924847811,1.2064542351359953,20,2
9409.871493026068,235.06240652851181,115.34453254712619,117.81060387377511,157.69016953982245,166.58766322495399,148.5823356816562,108.11351607065441,105.40435874239283,110.17750143039187,73.45733004683264,85.97747838008291,43.953351730206805,12.657120805833284,31.373518927021813,180.85118362202047,479.92361221682324,230.41461481631168,10.447016210918653,774.7657265717938,35.3294799458275,187.25891972039653,62.7962663129963,82.85068900388121,0.17316873547483064,1.1099301247738227,58.93664709710961,22.840011687887923,0.7782515980100562,524.8399059115017,3978.9635245830696,37.827515323463125,0.6514371696476384,29.324133271620358,705.448225893534,2.260551621656134,20,3
3.4948611968273156,1.4119938390424132,100.44081959287372,82.33895262444432,68.62273572933972,109.16198809889876,98.36266750447813,86.22137562699278,108.01639105946305,94.45841029338325,88.86286079725129,120.68072737791086,59.87655884929106,13.243553709380786,10.465853532248214,161.67273208187396,297.42529113608595,201.832397221937,0.39769721326116736,3.356515709166394,80.17035062960171,80.43440524860196,105.25830755975883,39.28484902912036,0.12893493644243076,1.0000000000000002,13.897548045403598,5.987752471780085,0.34887764962583123,18.202702157582507,2612.6032113054503,9.937617530028206,0.6052247850400397,32.651167440266654,344.1867115512018,1.291031629352237,21,1
2498.4684231825636,44.085369952258574,107.45095025273866,83.49113376904366,87.10839843330601,148.7649167879323,128.79335188164526,95.04510652949898,105.33191627790612,127.62219870364738,79.26757786193015,118.90652029057787,50.566050528420945,9.95166935523463,20.706344723543026,192.33219302329385,354.975292512708,250.8404559977505,1.5731992999165367,67.89612010745675,99.07007010328039,112.36534298407226,87.6925209594768,65.39862792206702,0.18573597397565883,1.3861505054654646,19.01560442865883,3.0129618532267193,0.484670347961249,42.51691027690602,2341.959210127401,54.25482493370876,0.40562835401994,36.050622758109846,390.02687944273555,1.2722803086853869,21,2
10876.272906963459,125.99755719658894,130.9230856181006,114.78351925691207,153.19806464451335,220.71303285647537,138.65837547529156,128.712348355643,113.59489556937704,200.46695764459412,91.47606018366069,105.92949242965355,69.14957333520843,9.58601419902059,26.900458410583642,173.87089544382812,502.0164412683967,324.9391825054899,5.439131061897628,913.0218728769596,106.47915268607582,195.13260256514877,62.78480210311317,71.13911047452052,0.1421621561992914,1.0399665665048325,49.4900512018795,29.5715116740798,0.21343584221662826,246.42165291460566,3537.708245739231,33.45672154405243,0.763329734371802,40.71194131848509,553.3247311839507,1.4884005438488395,21,3
667.4404203707061,0.08947115633635422,92.92570428717127,83.18186260008234,125.38803343617646,129.08704263201003,99.6704792676933,106.58721439483085,116.33383626381604,103.47318923883324,84.9519420591881,153.78916953899034,42.10560463320987,9.880122450907395,23.58312106913752,219.97650800696877,190.59530727742873,275.34388286955686,0.605562513138818,19.163966300046553,27.730060916073583,28.83270748185207,89.92947543420847,22.461630416178522,0.13953804308354864,1.0,6.901661679013856,1.2539250279029428,0.5404467388016032,30.89485132723266,3248.6004537968283,25.332550939919805,0.6662902290045465,22.862498734943262,258.2766333341153,1.0494011586415932,22,1
-1744.73637277333,78.39013000317138,107.08977191950518,78.53629905249586,96.25071597923827,91.91871237913253,86.57762116743623,117.00008728507066,101.56065390679632,113.09299218010983,76.49004973394644,103.31245361788505,64.98305111473104,9.647349487958346,10.145345335444489,161.26742019528058,250.7924014355869,214.90055763410268,0.8103677052150089,74.1135058854641,43.40591315657906,48.3797616073782,44.42460701248757,29.212712248899326,0.132589889619807,0.9466553757009855,7.447365058231441,13.03319224760394,0.22445788873989658,31.646607477406107,3135.6612952426017,11.485101459719953,0.5379188771421018,25.701335332818132,212.55256485522094,1.330210113363027,22,2
13811.980443623332,211.39721923731167,117.7532273327495,70.63480373501264,256.3536536556789,91.66058875778681,142.84792464032745,126.26628907915709,21.738556627575946,106.47563343607474,83.64189621509844,158.41330177168948,59.86878106534293,6.588265165577229,29.96939182747383,148.12473275557974,302.0309860211705,276.161125436925,3.797938073339478,506.2880115611112,16.026224869896375,83.27161583020313,37.02292369968639,63.416565134174135,0.1913947058035954,1.3959904844485662,25.831964539797234,-17.560757830345956,0.4701304557240348,495.50621640214416,4533.100740379588,27.454439511173476,0.9254348172319101,26.46887685381425,445.2790944716121,2.9721419512932052,22,3
-151.33304869869352,0.0901775363809843,78.86906351982259,76.72782014004768,80.11047381391722,96.53197085807857,109.28818401698263,72.98955948432254,96.14592721105495,104.88874314488818,100.44247829377825,93.99675953588888,57.22930531083735,10.379514481931798,5.406995923239743,159.41644385943144,223.17324071083107,134.38911141622333,3.4643707890232918,13.53860012236258,61.75644157546039,86.79403085018873,46.06512747558037,42.695678044124584,0.18200073573764564,0.9999999999999999,11.191337398363885,-0.7637938436957175,0.5329404458366386,54.66597592479727,3356.5191715934848,31.216962502425222,0.8634533086543569,33.77044388409584,711.214764199003,2.2587385561699485,23,1
3055.951185928254,-3.482593568783116,92.44709818027724,76.7250445693033,99.62875654965485,82.29280083467326,133.33399553308814,90.2953636980347,89.75328519214354,150.78908028120154,95.5170967022506,119.18021150891849,44.028205343758394,4.136326184814586,11.328273122372808,145.69237028169272,298.85808765380915,197.97922194699828,0.18927667619227884,42.77110094316769,78.16078479436968,87.7609393195844,54.59181243864513,56.80274229443411,0.18586414800657097,1.037342053434565,13.92229184052358,24.312157450192743,0.3726294150138386,54.54337452528633,3074.2646318061,50.78931094896131,0.42616472151016116,33.80125671056707,638.0003348396898,2.039236986360271,23,2
13726.308857678354,71.47802645818126,107.23511683838252,99.27599644775647,136.17135774008622,227.01336843163492,166.9829491474543,105.64981583430219,120.30970224581026,179.5778239468416,98.62206105011037,87.75051135961064,56.84240699237679,3.8909838161038355,17.184357101833463,127.33086044055764,385.105221748228,254.8342642448081,3.2765171080497026,375.7908644973172,84.52244893644077,124.96850370070541,42.36735220995265,66.8676532957331,0.1769464585603668,0.9609114293181091,54.72700433413695,28.509664781239337,0.5519268465618065,515.817358555702,3205.5528102728053,60.8968338931139,0.508439985863492,32.88932888078778,654.5186801111789,2.226105236985527,23,3
662.1922949483154,-0.7688007724321549,77.40834178329044,69.06028712863883,46.80906237572177,90.71131546584142,87.01228205914876,103.00750982296948,74.51405404332827,111.8616042644641,77.51480460215322,79.11040281474914,46.206021540459886,11.42869917998423,3.028884254753618,239.84966250927943,325.8539476934718,150.88246534436485,4.070313397676063,-16.429516484976332,20.868351383368186,77.61636929311334,65.61715145573055,42.24158866374702,0.12279825480141825,1.0,2.971700081517352,25.235537147650252,0.5998340043348341,71.6053127938422,1830.5938386025878,57.53884468491671,0.8443155981090729,39.41415420719474,957.1352981362948,2.0373597313572844,24,1
6639.49770538588,32.61670414578428,117.63445954179228,76.97298610095004,104.85170486269985,178.25371749150094,153.41905926727577,118.12502196748503,142.9535515078721,149.40288201264832,86.12441177935541,137.33903389054944,39.687272877702505,5.926755627071891,4.302186508835016,151.68059111791885,474.0376003537617,255.6688867590501,0.2343390250281937,5.038534898692532,53.61688907911905,97.95239432671568,108.66836950561519,75.01163581322173,0.1611267421251066,1.2895622175453991,10.451713767451174,31.95522185065239,0.049764594487086145,49.273885217748784,1444.3189265006315,68.88567875339888,0.7839849354046853,36.67058745388404,621.5915521312884,1.3597665466815103,24,2
16947.056909382623,155.4230019149494,102.37594276780334,52.69707900923727,121.54141386430393,162.6140901241038,141.76501995968997,111.28018519301592,56.379941303471455,169.60547548452175,98.48653321437823,104.34776671175236,37.54656910754145,1.5588769631750052,15.26008939554342,121.98276231097157,629.1040224179901,226.72021647508612,1.9031526655036202,281.97673230702503,86.56723565139285,117.51889846506317,86.27190753917853,108.25802629416414,0.17128644609870508,1.346526920619619,6.0966156079518825,-12.098242935014113,0.2819377143833454,611.8435563715336,1482.6972600158049,53.6236784299582,1.6471522741151086,42.820894607449546,584.6743047178818,2.2587312709089926,24,3
145.33127954922435,0.3527652373617781,86.91963390114465,119.54328366942757,146.3279332283269,127.80884827079562,123.42152377032718,110.35593636541914,101.26556211518175,117.66688329438024,82.60240941989491,126.68192620741493,17.00738016978019,10.585289288579627,14.899211688868634,214.38052279984734,254.68450211397553,241.58047424742932,3.598044757947534,-6.2762720983329015,48.526750169841534,76.97329920309103,58.9819719394675,40.35347259359115,0.1666821971047762,0.9999999999999998,7.8404960751933395,29.392614243817338,0.7245269480260859,47.12281103963382,2888.564642587925,42.55553318538699,0.8936800721360566,30.351183183400728,482.0697066044388,1.226934855120009,25,1
-281.9726273537176,25.011152167375982,106.66412275740451,101.75919610620531,140.49278826768634,119.15698284007469,105.56856026517725,116.13797621662502,112.0876736087731,128.231314302472,81.41487638275109,119.02893862392983,23.54140051487768,5.18286790608653,12.478755232185115,198.70490753786433,373.22793090198275,245.75422597667512,0.09113072781183273,-12.592178957531445,73.64271820116052,92.81635712126828,65.36558431516013,70.68320544794143,0.1984130270334359,1.2497032862427182,11.487209346701889,1.1224335795573737,0.17682137598884484,27.78057823296659,3117.757451553583,32.698931763460294,0.983320446406127,37.25466261625084,382.234981031225,1.1886777060993068,25,2
10338.580330258132,135.87361326134436,108.6467581569219,115.0436731150439,249.27347041968517,197.69847367712353,112.58794601044926,114.5002946740317,108.0304529653841,112.81583307643793,72.4350796025478,93.51953207243177,13.849082995421732,5.466507150247814,26.683578095511816,138.25650188109813,466.94458380117464,162.55202987782502,9.16094411556464,371.60146823856,58.469238272022814,118.15403271900891,29.5888798081923,98.40024890085618,0.21979950746453095,1.4236122155855049,28.602994377079092,-8.386810359482126,0.8337404516716495,-369.637613997482,4545.5219869442135,87.2319075434562,1.8051497198727942,33.092346160763384,640.9466526021868,3.129044326240224,25,3
80.93706698697551,1.086946319680003,90.29286479104266,116.00712948935023,124.3014502956909,132.70492787130544,106.52337538452123,97.83407548495292,101.8115296474791,137.4096591953222,106.61698356572981,124.7656872983165,73.26265225874918,14.359546474523123,17.480420902669554,185.06235006671014,281.10377659823934,218.29413529345277,0.2564417359451652,23.354863095597498,45.57234080176926,97.19431865359809,79.05548946149801,36.96121950642216,0.13490894377862175,0.9999999999999999,12.302430056090287,-6.429701794838522,0.4066450440326006,27.69248029476163,3576.189148881831,34.792523103931536,0.979757739930938,34.44327341339337,478.4265414642975,1.965469529743628,26,1
2520.6927896962816,-47.22944716550526,110.33901303412398,96.14052530684384,146.4935584818336,113.42849931339975,110.11980992416865,110.24242087526585,84.53719389078577,226.93164915826804,90.05829382441557,128.7766249898712,59.41570918058191,5.715167664635006,13.495730097120633,143.06862874895705,317.8976034142607,259.8858073272961,0.38313514965441886,9.830928022217929,49.67047379969532,84.2662158814517,60.94886555170002,47.065802142527076,0.14806410760135866,1.1455846417977837,14.556846379143003,-1.7508973677304578,0.23874075671431327,19.18496681221788,3422.013055175005,8.404521289366542,0.6227410601060182,32.73031440427631,361.45045120961277,1.7775146711217087,26,2
18041.406098220024,66.76326387657335,129.7104732329419,96.85489703316331,209.91224413743865,152.84699274162762,114.87606450622505,121.18226356721027,71.07013437083742,204.77306667390914,89.29790321460794,111.40885106741196,75.13487848737056,7.196616575668985,37.754534546004045,129.5807020924449,420.73588957263877,297.2527441864797,5.937891204746006,236.88414524541668,51.64945108249962,127.58275975953764,54.574235435984825,55.01111816605706,0.13267971557130162,1.0529881666291747,30.188813870151332,-2.5364329862438684,0.4606394950957845,162.06478727940987,3782.3165534216173,49.500622995299146,0.7291421049050217,33.56763279758138,448.28095534394123,1.96862297506712,26,3
-207.04690244901212,0.5232663433112336,90.98034381326983,96.41814928852808,131.4814204709253,85.82686414267754,102.7241165261726,80.33773040693741,121.2910444253553,99.78677206538552,93.86114809777233,138.67837585213545,57.896255901346905,15.14451634824674,7.1114803439170355,178.19060454841545,264.285817063675,166.9297827716155,1.398364221324035,17.569194271305967,42.7506729271678,121.13038567176662,65.61805797114599,42.90373978872959,0.16388014422322486,0.9999999999999997,13.285200431845801,-21.590329314323565,0.46179587338575295,13.421522690839597,2657.517661792293,28.496989004066197,0.8027378498948796,29.580596239136582,440.36890224784156,2.171659355142359,27,1
913.8590559898132,43.23391563083358,92.07164351670042,84.23336255499086,96.11367478033414,143.06580854738127,122.05354507573267,81.19982120513266,104.0771587147559,178.01912766360675,88.96092008071373,116.27079732674042,48.42631324435295,8.470779168837378,16.902819723576943,174.84548612585172,320.2932947016768,206.9481768775593,0.7692807029615898,6.274284402438198,62.45894614309002,115.1656611193553,73.95181603070327,50.62638620229075,0.15282916007401826,0.9477326144818109,12.513622584633417,7.26872245067352,0.35917350792000025,24.014507956053265,2290.681717328065,44.02976355037952,0.5367028595471461,24.936780755703428,464.75751676588465,2.51927092157215,27,2
10146.851684163503,161.1719497412821,113.10348368531531,94.5745085009768,155.43974520918454,170.68222235842342,135.65483493226668,93.45953883213637,90.11189031440983,141.99957273505606,90.7020124031525,107.16396593341399,68.61942597741094,9.24113964786595,27.377607801004125,149.80127279951412,455.0514790901932,240.9124922961234,5.12362049258832,801.5501528316385,56.68085822326478,167.48717665217976,46.890414436743306,62.982120444066595,0.13602674377382984,0.8219116416707554,46.77182643816091,14.815697255193982,0.5651305438279766,495.3282065416241,2681.263387790452,58.98578892794822,0.5502034680420971,22.89836952106529,543.4991344939925,2.601972607511984,27,3
492.9581518959276,0.21932289982763475,91.54996089191462,76.52287135925643,84.11168960487936,57.6111686518914,73.25741806862933,93.28053389395672,106.67782189071967,62.066813473380286,80.89880126088931,159.12568520766735,35.57044522981295,9.907811649935459,3.1026100182373124,206.1371303653051,291.7279918313719,198.8054302280986,-1.4030409046092887,5.523030532098359,23.258589243387465,91.20395005620638,70.60386477864748,33.78815552659318,0.11713150976694055,1.0000000000000002,8.347799601639487,-10.651972943426806,0.41754407687911815,23.651039922890625,2681.5793651042077,32.687249001164055,0.7613035941370722,36.23121017131337,464.03851633211343,1.6422366614877562,28,1
1513.1131726143701,87.80188842771763,112.47332649565311,79.39931071824329,74.33570291639167,139.73605253754653,126.50283246329725,112.172153172143,126.96714836023001,91.67059638246293,83.13121756402202,116.28915302486887,46.993843633599155,11.866137443833145,3.0240951046703834,175.47084026059196,366.879511833851,254.73225007653576,1.4139873287478226,81.55839603637051,46.70131831592374,104.04315552425408,81.6886314359744,41.617144343490224,0.11285765261651473,0.9719468268490531,11.115525918961875,30.595993573856546,0.2836097000577295,45.5315254290415,2538.819305550528,53.83854066367022,0.6296003165521472,38.652350102111235,491.1195786068022,2.225261862440496,28,2
9821.862978026606,180.49970416379244,121.5408647111578,70.28404539933932,177.98024184018743,128.848921573327,174.63035243761882,123.7289091633866,54.14439537330606,107.62393579081025,95.91727550597116,131.05747288813438,43.15606937638675,8.605971152135792,9.83149765703089,164.56942259785134,414.8896608476578,316.33430758067163,0.31082299250726386,1088.1286868886737,39.732904483092305,156.93631655263997,54.7949648535334,69.6548845687698,0.16103997283794305,1.325178188531954,45.46759662462525,9.999174621919531,0.08899325291170468,1334.2634675765578,3147.181880479235,29.783364547671102,0.9467439722308042,40.546144615414974,609.6008441627606,3.0694997568215805,28,3
118.62585484616935,0.6807838133858832,100.08346121542571,91.90499426388719,103.93790535761016,63.26470574416981,126.18041576965732,97.65371227183306,102.60891364039176,81.13147985503502,95.85198274544692,146.65442914991397,50.61814625746591,13.682950331560388,4.699070103513859,166.74884336355495,275.00051321035045,209.77634657037487,2.4730873680197103,17.843770488446545,65.45480739805511,95.34208005639827,88.3881237165842,40.47155891073245,0.15063482198597622,1.0,12.317117858976147,16.709240907425748,0.6581062276974305,29.58349218610911,2732.3800046591928,24.4489301829854,0.6365808490513956,38.30557265690988,529.4496876926632,1.7087905985232583,29,1
3591.022533577786,60.071162639147026,113.53606399623332,84.86094683088032,114.44200354071074,115.85231076210692,150.27476782663567,113.41131020374542,105.50490870604898,137.84782587385146,90.20373759069462,127.63849553580721,41.42608892119157,7.065858973020428,12.071340691395491,132.9311671222864,391.12890873853195,256.8105474283342,0.9299344159761285,22.433933639817276,69.82838389512972,109.3636709171328,87.51266302033932,56.347736317103454,0.14041318099757288,0.9546044402320542,14.022221834106247,2.2372803094697815,0.6062981635167372,57.22540728312683,2780.168914507699,41.17467187174235,0.5480561852823379,35.83534851760155,523.16868733581,2.0331739838207454,29,2
12680.594389335234,153.85089249579292,123.77892810351884,102.92864611344123,141.7484166212144,176.2595552982032,169.45447993399563,121.10763220791371,102.08612012172141,171.03679362637448,90.22916468881729,92.44734156901185,64.08380865575593,8.975375253864627,27.02395461637457,138.52727008270006,449.7364862911303,277.3029888620944,7.548635798335342,382.77317065098237,63.42976637842407,154.72207108772517,62.29104399252225,62.68749940963867,0.139867793745302,0.9325989080154687,45.98341220338382,23.040975889965807,0.7161021389909118,840.9682916649533,3680.0607753581908,46.37982669632882,0.7926063224215097,34.059143313035285,737.0056349415567,2.4935181916854745,29,3
-285.7298660578176,0.42507085758194463,101.63867647377899,88.33785721373297,122.58587172159949,73.11703570856692,114.26621177565002,83.04641756140867,106.58008053747913,87.94826517982816,99.03256570679288,160.2269502442493,53.76386582213996,16.16845878029862,3.8613494002809627,122.05270655772054,290.05870850640207,142.51376660223832,2.146827684848261,5.8744335491323705,77.50280303168974,75.40242811637013,49.26588695947794,40.96184682314999,0.14850317467745303,0.9999999999999999,10.012701063341318,8.309758962834998,0.3525929911003556,17.86809621538997,2129.2797126671926,15.755893494367928,0.6979347939346016,28.838450717401177,389.91880127363913,1.6390007873966013,30,1
3010.2069869146526,97.73758940176214,109.19640542647362,82.7374990860686,112.48640948436571,120.02029736871175,147.01233617519006,96.70741264945613,96.39211575038058,127.71546802770335,92.37308578053565,132.3968232753318,34.78821779577986,8.422330622114766,19.133167934056473,119.610718134574,350.66679439277306,229.58184458763856,0.4944031551127318,32.298977984143264,86.34332802691932,79.55266902597982,72.59012945823642,59.12756454025045,0.16834904420080932,1.1776380537891804,8.481052425762675,-3.8747224116400023,0.3939264034435663,58.03325588545954,1950.442385539906,24.649903135244585,0.5217080582849214,24.104748015586647,414.42690554362775,1.7807971732619627,30,2
8538.753060213827,119.1055485842274,119.56541825262399,103.56682879030538,156.17026111156846,174.1833592729144,152.15828213424228,106.71993331876645,110.33832329593739,172.85418767464847,92.5317315360133,95.20497252101302,55.57130562683299,10.338835278170178,21.894653518583755,117.47686620772238,377.7791108232228,245.78103386341886,3.057178562777464,602.7097379240042,87.99510048958751,109.4033296881108,52.79690700247699,59.39286370873671,0.15821657914225104,1.0900200331252026,34.771651660553644,34.163544549618024,0.3543852247575405,630.9609405011058,2400.9259657683488,34.98582751230461,0.17186253575897092,22.988368290691536,460.79013163616173,1.7283817844919236,30,3
77.65478827984258,0.5154235565460044,93.98067439162112,88.8550487033588,93.08534646245897,114.6211049464077,124.46251139841881,84.79827171827624,125.90043780694805,80.7945362379178,89.7594915953392,98.09619837258376,48.74352182691303,13.170620989592459,15.044856337105735,185.56995442209916,246.99962810557514,198.76360058583853,5.02281260078702,18.491754797169413,53.99373807621379,29.062664625981434,86.46800673404918,41.62147981930653,0.17413244964232827,0.9999999999999999,10.728141767755147,-0.45864233183500325,0.6236527954664103,25.077112699779015,3397.5601457131497,28.106125825015543,0.6951731774983079,34.25185443760867,502.424387690378,1.8367003192915932,31,1
118.05895986303221,-13.134914055541088,114.99150682534624,86.84151822813782,101.93357579307781,111.79328760662929,134.06766384283497,96.09019800250742,128.05859871389222,140.04950299078902,81.93635963063052,112.0049824297682,46.76936055070158,6.0149857123052755,21.00336767064921,196.29498254928492,336.54047760651116,218.240416678123,0.7310513714855877,31.841863468352543,61.493339021557325,51.36854437278164,90.62387217624642,65.34011017571312,0.19069795234977294,1.169613505030596,13.027730680872006,7.157386083511063,0.4085003972796352,25.51080603933424,3006.772078712147,37.42075044913523,0.41081790427635395,35.48213160617744,447.1633703027434,1.5910602494019255,31,2
9685.888036820694,122.51881212242839,125.56432797407915,110.74890128687176,151.82185865253632,199.24574872175276,154.79334723172423,117.72271792185738,136.7595444616981,163.32017816964174,85.06536712740545,103.82872164463781,67.84521976233084,7.1960089073744244,26.0127092078782,173.58846672079818,410.57551499986477,243.30363922710097,6.145953729005999,325.3312581813718,62.94916579560024,100.04623983333525,59.45999108849667,66.50498747473758,0.16681494104648237,1.0266036361449389,34.72548771859377,27.60727664175596,0.5750277239045898,250.78199371741235,3622.478293600953,56.156928483930606,0.8175592906986384,32.19935958654129,602.9046495113311,1.865280862003309,31,3
150.28368195383024,1.1007041063846066,99.64803141141586,115.29342925126278,107.88111491240737,127.06914678212544,128.41095462277895,88.58006021209569,90.14899749345305,134.05874187916442,85.98687336290745,111.27402397876332,25.577588387596947,12.896382703467046,14.389697955612082,177.68165431029175,297.91147853394693,215.37657973847084,0.3628439301122377,7.386301655759077,44.19776554848263,117.86275185030725,76.12080944121334,45.5416964022397,0.16489059202559653,1.0,14.050540038151004,44.15766731519754,0.6016892191333717,-0.3812339335854418,2488.1736633771957,23.83493776358892,0.7528314780820303,41.32236128401051,452.74532256278906,1.9614693834677008,32,1
1855.6153570203987,-0.7348375280581436,102.55909000983976,91.87011519635715,94.97995882264291,124.61066562626135,115.44251869340343,86.94489758218434,90.31888242041683,179.46684262577077,81.13508717419333,86.04430961836266,20.897857927502187,7.489822770198365,23.904411373074574,165.13250067755385,368.3128211839516,198.60308631259284,0.8933915987952394,-14.066602065255346,31.388307155295163,119.06949929731839,72.35036221302136,65.91984660747424,0.18175199494493205,1.1768126226623763,16.63126011203545,-2.2430273861697465,0.6293505345423263,29.117724152745247,2691.0173463590254,28.346007870106522,0.6620897753823743,41.276222627075086,443.92805987176524,2.0870931700594193,32,2
8955.908119507469,97.24296213284991,112.4234997560602,113.37414347167599,154.98432851576558,181.38440084536606,120.09952944032518,108.0198291352927,88.70506752563678,215.37942874477602,79.63519855617297,79.72702290926543,36.88059401769235,9.948468025701565,49.70400007979606,159.3741121515888,440.8898720680827,217.80193255431277,9.938673753884101,41.79830369608226,41.43524370962272,172.0296193834908,47.36447951044919,68.32385299472966,0.16016585324843138,1.0638852961773282,36.20208824344722,8.973164185788338,1.1864692714554286,414.4945622885472,3789.2556202019578,37.695087208384074,0.9862894920278941,41.86664219715964,638.9877405825073,2.709661151545177,32,3
153.0737947822893,0.39782703766450506,97.70005559236924,82.7792357845679,96.14148129506167,71.93275201376402,122.87549497454012,90.55199281462012,118.19275661271105,67.67268208993636,97.33881987931959,145.55899296011577,31.64971047187854,11.02317618661984,10.507646543436902,208.84628218060712,283.58553299104585,231.87262951773457,1.29580841856722,9.479183058115163,64.05933613467732,80.89018952391628,68.01770372599768,39.417006695400616,0.14678093270161713,0.9999999999999999,9.378034720782336,8.489159358934446,0.45362989084960487,24.524228598112014,2783.046545139571,29.389514200485095,0.6043271343323321,33.54752916357624,440.4060128524997,1.6128885318206625,33,1
2753.0816249657,50.30767259640474,111.0474009891098,77.96763947889806,90.72881038381135,101.73975397942424,138.74586523778007,109.15123083341336,117.33581285902517,91.27681277561297,87.83300774581701,107.18655794132093,32.60686211972091,6.782645729972014,15.873911031626303,155.36961734646266,353.8583374302967,260.63841287129725,0.5530199564287656,53.36312769365705,76.74675798105699,93.88520303184886,67.64504532811489,50.14739751045661,0.14196469097046469,1.021745210016673,13.572031530675584,13.440050293878834,0.26351631130882025,50.353686980639885,2896.148303467214,18.360417923962157,0.48160946058478626,32.077063572660606,435.4880052316574,2.0138846019673675,33,2
13057.970978330357,165.65784498492565,109.98378971896946,97.51606108286478,122.06866200866992,185.25348038951404,164.35757605878172,112.78142168315458,98.19605774227023,141.30405447358677,82.02214903517462,86.1799878372222,49.07618464437046,9.773318906693179,30.2962039493064,151.7216983732203,341.22764803271104,273.3012784656041,7.325592720501085,401.7096493657874,65.65370477362423,127.81599108939041,47.60494130310126,57.85004776132581,0.1663056942443492,1.2215036053022241,51.17625410655983,34.40232720618583,0.6140367326004956,580.4111802126944,3629.6334486259216,53.04177598278072,0.8521257614122685,27.713496789877137,681.2874707603374,2.5328705718429796,33,3
143.75810200761802,0.048158976966611644,84.3469448301658,92.94617709166096,86.72643792622898,106.04967305986793,89.62819069990205,81.9788690209324,141.5519902851277,140.77170923426783,82.1573911741533,59.2771367298766,47.85867536361308,16.199619077736397,0.9639924906207593,92.0197744817571,215.80852701049656,127.6671577793513,1.007820618257215,-1.0033208235132127,26.08043754841774,89.9761254180317,73.29699951926916,40.320783931975065,0.17249543498237468,1.0,10.13947987616885,3.411771284320076,0.2984787833662198,-4.76373953976071,2919.039300877355,27.244363269145143,0.9663813822569638,25.672333102505505,348.5941084812754,1.4489528911045246,34,1
2312.2604669876073,-5.448149480664732,118.16263434503657,95.35176442231155,140.6570737147763,174.08717411588455,148.71437140147785,121.43305068958679,157.88459054344798,272.6911870847644,82.87015341924133,93.98517953494229,30.58459435184039,8.593675812687968,10.024890756082751,134.08704470385308,271.75811203043577,238.64471234843217,1.4655437130581712,64.1672404709626,38.490649189563996,88.79067040208359,114.38488427236791,50.95054421033081,0.18020295929525998,1.0395923172818933,11.065401798219572,29.102622734963887,0.2987817391709284,6.388144855861903,2206.5344270604132,50.42086851063374,0.7266692092473568,19.80738166727685,335.1675741837542,1.2692325732750969,34,2
2003.896474768584,28.725653685717262,144.1814602983637,85.12528928844756,192.10572448601874,120.15935372647354,154.56899810700148,134.6388393191217,147.044250599062,247.23232150966413,92.26299657535394,97.04607122821088,42.26230713879723,5.475488796596787,-3.2234303130473876,127.5750371123842,436.22855852825893,246.82578260888758,0.24865736398722493,598.060578280941,69.72711751946483,131.3641006412619,98.29244021149321,71.63842934631677,0.16566770480196277,0.90673357848617,14.534486939563362,12.099553738669186,0.3382016054135678,663.3599397940307,1872.4189665896429,42.835125840651784,1.3168525957635857,21.58598615308143,280.2680106326717,1.1796551145373342,34,3
99.75152192779962,0.5552074591600012,100.14237668899109,84.54073026316333,104.80858291818423,81.018204764359,137.89821731515707,94.09175921786343,103.07879278313024,111.04320748399289,74.73997146458974,85.87511424480424,36.31702085360637,7.816242576404275,12.264736389236456,163.67982358431465,263.02990047860817,257.2415592523888,2.041905028621111,21.037889008035528,54.634036215811996,82.69488866777554,92.43476702602206,41.767371120660705,0.173094604602697,0.9999999999999999,9.36871418747114,23.464608282540738,0.9633062874543616,19.307151522174543,2551.037516785229,32.96017494246976,0.8658438135174046,29.471204697042616,376.0668421817079,1.8345022466414833,35,1
2394.940982483071,75.38087404184347,106.96897776385492,78.22940111031183,98.3690316239397,113.35922261948683,138.66209483981083,104.34447869840237,120.16354439700768,206.73864155098778,78.88485907650801,76.56085523660425,30.85184266337183,4.311535499084439,18.527772085516077,167.27243803519931,317.77176007993074,213.71535957443623,0.5038397762587711,-0.9764488743347428,86.79237796051893,90.67132837268524,85.56084158003993,50.98837293423338,0.15885022014963462,0.9791131672700852,12.818263320298385,19.739312820110474,0.6641696312177257,32.86284660826767,2757.5151049885694,36.08435926689103,0.7155478794695255,32.37211577620503,453.9541032399404,2.206245071678085,35,2
7645.617752873555,119.88753891301494,128.51124016697898,112.6318830278376,141.70880334911345,125.18574289215428,188.22733784900515,124.5040562778494,127.00353742895055,195.1808230707952,79.70538445886326,106.38276102236208,57.471104761456665,9.619576272938817,34.083904494148015,183.4165368563145,418.7635569492114,247.9255895402822,5.972197780032408,307.7539352507211,96.57317322563131,123.25870909567132,46.89424254207574,81.53340122229996,0.19595044396105568,1.284852396101448,31.98344669223787,30.527436570109273,0.9129305436849036,580.4322691063963,3092.083612513309,73.51334196882178,1.5739559210834893,27.443913154656517,606.384733622961,2.5021063630083016,35,3
275.8206218400391,0.670599996850731,99.97842813408968,67.28166183774869,111.3393294439834,60.04100099199839,80.31766971883329,95.3342964047055,21.813306808884747,135.0239044376171,77.87561684900606,122.64853078450078,67.72541752592436,17.52808473788303,8.853977263837724,160.20840484911383,272.45094222021424,124.82781817730927,1.5417265388259318,17.3586034362381,54.35442245274723,52.128179047290516,83.66384840531799,43.16586602298124,0.16011253551564256,0.9999999999999998,9.17373632228368,12.073383179409756,0.637627067199348,-1.6665503646434026,3048.7362836281955,18.254490204174104,1.0427502077952469,38.824478685813254,519.1765894558124,2.660345726678232,36,1
3199.7651361248872,102.73300552676018,99.94830201179073,73.31555447914032,135.36357445463287,99.8232367812594,100.12672540791809,102.94285817692202,31.290861994919297,175.0528352291028,86.41367728364555,123.99572711250728,49.506880811238695,10.158980848555316,16.109872257966803,158.82129330714196,388.03751528024753,141.39289422589172,0.5073956111565332,35.31338540818297,66.98584546923779,66.78687402133522,61.13760598831238,67.47010788423742,0.17184131148706935,1.0765013283410856,12.097517051592476,-1.3258567695636927,0.5772929081318346,52.20944147303054,3176.680755207958,1.898972637205297,0.7783590492053553,38.45452492235603,564.4563551835944,3.031598659110517,36,2
8992.141994750727,181.22503729881558,109.63168774843854,123.75854590311631,210.61204786712898,205.62835634694045,130.279036521945,135.47583568441433,66.20673781676106,271.8766856208066,88.56122551340688,138.86777438414003,76.48068747277496,14.379876339251243,32.857977590374105,189.68125646161752,449.92511204933703,214.99859891267556,4.760782154629607,420.5063975449743,78.13967142907542,111.33516658545508,69.95330817158813,86.50149116823879,0.1961855466676031,1.2648272952068056,31.955157848545102,17.394597560578198,0.8559425078370851,701.4490717256344,3449.721722960063,33.31722965513296,0.6405313040109448,39.05144696923389,657.5968197849918,3.2756802564161087,36,3
287.86064674357533,0.9769695623699426,83.06872396597254,84.4369141703703,96.50791065508328,126.65406852348721,114.75745969662286,91.3502385289802,85.16316523481136,98.09233605484881,97.15224390400166,123.66303188869085,48.57965906125663,13.163507626814464,14.17894547406965,177.75644995714183,255.91642188873726,178.97546101767438,2.1957313422234757,5.919886389500324,76.7530108335149,93.42157261692341,81.7160724568507,42.51563018228636,0.16439136691713094,1.0000000000000002,13.419221395669044,25.488223467258724,0.4391066959103769,35.50616495753134,3182.0138428832224,18.33027675191872,0.7627734668537648,38.394154051119045,660.1490666901418,1.8651116594727488,37,1
2635.5360587217715,-7.539344326871934,93.5266875023118,79.16457492034499,135.87434162985878,104.79871160297995,127.36046613757978,103.97551207900979,72.47210344984296,77.00786785667522,88.83373643443646,138.31916317903804,42.97710143831464,8.115730747765364,16.044976352196606,153.97741850362843,383.3653885000631,226.46332065505305,0.9537898170526128,58.999268380226454,79.46407412857661,117.17023458471253,58.597688400454075,70.10081866893786,0.18912273634383087,1.1649292110910274,18.920614042340464,-5.93245643947138,0.4877384628964604,49.09933909472479,3273.123230308999,34.905933951871646,0.6013935627638226,38.995849040481104,562.4067627470249,1.6183623235228646,37,2
11404.868660759756,125.37989913561223,98.55486634288988,95.31004861012522,188.85122657227691,220.80742884697204,125.58720521908988,115.45686957581142,81.19892281290973,124.17540727811058,82.3724521733906,90.62161644476572,48.191081214657785,6.97746371347035,29.650304035944757,133.53383630754885,416.0748249144901,234.3139550442166,8.988656565273685,315.34995176226175,72.61211536623759,162.87839256025518,46.660329932056676,66.61155338010298,0.16760264210199416,0.9876785759023261,54.303756697269236,5.150464235284449,0.7252751062422589,96.7008060616937,4446.649567060356,38.39967152869346,0.8908965388903852,40.365840819861866,782.0705604377736,2.6702930288698066,37,3
281.77736102336127,0.4456286227816071,100.88747073244068,79.22482007826727,109.18223056385173,106.92818326928318,131.71611275528028,108.43109713555667,128.36524200141437,137.9864769662631,106.87400136476532,151.47498878849012,46.788986860972,11.411351501352971,12.642081980936053,203.3929408493555,277.99027832562564,212.52317801867923,0.6594444674558688,6.350679687964659,68.90851421903699,115.37018297688442,66.28501035863673,39.42278817977501,0.15223359451017782,0.9999999999999999,12.396592687917295,6.231094275040206,0.6806937376365065,36.60285269841239,3153.85706685603,17.25868123575283,0.7591257538372218,39.51185883756375,516.5191404910964,1.6438598433147007,38,1
1951.9671903504977,47.22718129783889,114.53522674077385,73.42268687097001,113.14750422450777,112.42270088044751,141.8641937412939,121.90719423631388,124.92815893363283,167.11007561881425,99.5240745133637,117.29841559449928,45.602184130272214,7.1446727410258895,11.113535612580407,170.78195752765404,370.0907805084285,257.8947923396972,0.48503813788606515,38.18890174835916,65.39055059817332,127.46683712207891,48.446575127454466,62.47277411177035,0.17447476121042402,1.1995229611570513,16.163165976018703,1.2560834511281183,0.474732836171507,38.7187965487716,3313.4055039454865,5.28201925113132,0.5883176619559414,39.87251812212264,444.41948426346704,1.830481594565978,38,2
12062.585718108914,136.84758111862521,127.06511665523128,83.67422793936514,161.46328854717427,118.90394069871626,148.5739659094245,126.28672728759364,88.76044933604983,215.5064107599574,92.48920399771983,102.57879559471579,58.361626921965915,7.532155208765055,18.58803277100126,165.6729175248404,393.65803297690326,257.40391236480696,4.915693375612386,240.85793852285622,60.0975417890948,163.2508864514312,40.67073747463839,77.02006324057389,0.19462300140912703,1.3665004277132042,41.013868320783025,8.819753537023173,0.7453877507437875,180.7968093304653,3705.6238382364836,24.078969043293828,0.5858313141917548,37.689703185935784,573.3167542357221,2.1617222710217154,38,3
-99.60411776508985,0.0785834267093547,93.63690113495547,106.11086161312525,134.09693986115366,92.71404780717032,127.01881292611893,103.32777939876365,93.23773096438732,157.63527954691529,104.97351530968962,173.452954404363,85.66411950578515,16.274219654105845,4.909041857182766,186.41281786800144,364.42219525194184,196.94198267874984,0.990229822475584,3.06901413198278,85.3966175800349,72.98100263680267,55.49417349750475,33.69319345156814,0.06886326341094831,1.0000000000000002,12.07362386663638,21.490191911191545,0.6413366407995917,48.65942718045222,3380.380631191324,33.07480874326196,1.090768751755242,43.75699112185438,697.5178565931377,2.069204137860389,39,1
5883.128738843638,-37.6007240250467,98.73888188374607,89.41569636624286,181.98444494838338,101.9974932670825,155.0459872288092,109.40274078891642,88.81371714691146,181.6356032705527,92.11223117162032,185.26939708430905,54.29494396816037,8.588801922260114,2.998999543782155,161.8206137916153,435.14293667582876,284.0280044994644,0.783979206999485,51.490658619386565,107.74151854508483,81.83624369155226,44.89900512213636,57.57466892006339,0.1283778831647204,1.460541086839504,17.228570845965372,7.1253624207658355,0.3559192866552043,75.00458548297613,3532.5875178910333,51.57139029094892,0.7839940199217647,50.41674645882772,622.0243853775655,1.8859158582726232,39,2
19169.98882643397,46.221043563693584,99.45052959427933,111.84330969213448,273.64948375231353,284.77502608945986,169.34496225282925,120.96065910141577,117.06984819720442,226.69414057047345,87.02612535713628,102.40577362329704,57.752324972675986,8.821953558215741,24.985820422504325,127.62127449989603,448.4834114896415,329.88209878400056,5.060977225851163,383.2930655979251,93.75381316022592,152.71609100645392,38.131464162711076,57.08353578357212,0.1279454700307097,1.4627306692488724,59.906046185272785,18.581754945990333,0.1834782303281074,741.6156728259159,4399.90669949463,58.85832518950354,0.9809522664981398,54.536908223688954,748.0581436407776,3.2473122658002267,39,3
-431.0994887666011,-0.12058781767712956,111.46858087173196,109.56626166187667,134.8462368196853,121.29170423798442,94.14042247930504,116.73339559817393,101.94325335634868,90.89156671181117,99.04253441173859,182.98012550661795,62.65499152802816,10.575470291313163,3.5199213141020484,220.70558138910252,337.7258766135132,234.73960473134397,5.655154303456143,-4.83360343353745,48.8112252999346,81.83591623603816,51.341154403382745,35.748698217489434,0.08915199413044067,0.9999999999999999,8.641362513512183,-5.474256036713713,1.07162484359752,102.55358205156354,1985.3019017569154,19.354458676031076,1.298432389881076,42.209826681283175,837.8939494835778,1.5267379823562195,40,1
-480.56038839620214,98.02313031805454,95.84386773026175,90.02817186954312,66.46244134352634,138.74870629861672,115.62398843530127,88.105121005823,87.59367461015165,81.98505426973712,83.10652866103838,147.91796425950278,51.2240680991186,6.346761765561949,8.74325435969374,233.25333558290492,391.7694890929295,273.2395645605635,0.43173248772570944,24.519216604448708,90.49147812030111,79.39940141631394,79.54701808913379,50.75768185924375,0.12853209709031785,1.2377959584152696,5.870037529519559,2.491020459206469,0.6582400519564876,57.47183987442109,1486.6553930762175,65.95894613460925,0.8840314169214876,49.80372571576778,697.8427978962117,1.4632819093089766,40,2
12090.092396878399,117.42436825334329,115.56083313963317,79.65160075556366,119.42133553985298,151.2902327326426,121.8897059641874,85.84123535335846,49.47121127037746,118.28591624024628,99.5253839153749,115.4050241761871,49.588685288891206,3.7665457927190547,25.379111465027865,149.800079658928,552.7708982172692,279.1349401757885,-1.8591937397297853,1841.61615082339,69.54266559876709,70.81641476993956,30.426780201775667,63.0117081044075,0.09558730170709843,0.978986433779573,43.10043433589267,-0.2352750681851017,0.33183830390905245,590.2781996410318,2541.875317174352,42.916270779985545,0.3452012150218311,54.783921660353045,563.4313538225165,1.2355267474657723,40,3
-86.85971761248754,-0.10776690937338362,102.50190971951272,98.32109758680716,129.82825417941027,29.658852987824858,106.18346706155606,92.10872075246768,109.29331105607446,96.83778425626733,90.92612591738715,165.4607338755064,51.32012131946479,19.63825435668064,-2.930658536952418,177.9147776645292,271.67778695899386,179.18713110811538,1.3443923706477245,-6.241528844632612,53.76194105573197,85.07316616366381,74.18678609652189,34.92119342279674,0.11990273750601897,1.0,9.14068533657699,10.87757842647859,0.4833322995994016,-11.628499079688158,2182.0237556645684,21.082794308904543,0.5292833401488691,35.61607255179336,350.3213830940474,1.5400202536458776,41,1
3779.5508536315874,74.38019478196277,103.0659304016941,94.81845430812706,131.0694856824902,143.06863413648364,149.2939817625441,105.80900358568032,101.76459447265809,159.21061616061462,84.66984288932592,124.38057501429331,30.20730730573417,10.914178874638424,13.585368170950295,154.11490585611458,390.2838952437102,247.01583105496772,1.224891745134579,67.38210817059176,70.82987981936338,92.24175142073429,85.57484548149083,53.96614705267323,0.1311550247345989,1.0738296977894866,10.031579800783177,9.435337157038774,0.37304530691631627,49.144830615360014,2177.03076004689,31.268912274841227,0.6107296204504854,30.032028773278395,434.31918680024916,2.387893962295144,41,2
9447.54337569492,171.40077065503877,95.17155786093231,110.98545457479447,157.01561145520364,217.9239183639144,155.54782529474625,110.59370928645306,103.86595585869331,226.76812612283757,76.51966204765743,90.38841421122206,49.5132946784059,13.902539487553767,22.808533999729093,151.22547535672928,393.34551138395466,254.478540136664,7.166881995504388,660.4488396219339,53.60008972466554,127.0541193379689,78.9797475477251,52.49333873649153,0.13062567847750026,1.0550216717237697,42.91787271771792,29.608370543656246,0.8517072710467625,879.4026985997441,2860.090022613622,51.2230585337292,0.8063476760204508,28.92904248588985,655.7825439027258,2.9047837996353496,41,3
378.6032595460965,0.41506984803611513,92.56806531718065,79.88041556671615,91.60843630655141,128.84842688609743,119.37658013862898,98.70801337148652,112.2533103206025,139.758433318531,86.49574182966619,111.76871993081494,39.53115339539257,13.223832064561503,12.90680206588068,213.87723882875946,294.5047879026313,188.46800513321728,4.071631846734746,5.221384667090612,40.112196983070575,78.05182292441665,69.1931103884425,43.444285040297025,0.1533672907958371,0.9999999999999999,10.989032711462094,20.179703410971108,0.7956201068660573,43.9464357113989,2345.2514344735014,30.72411754307393,0.6129358222259869,34.39027246985918,627.3225906272075,1.687245411476421,42,1
2117.366902836664,7.710199583694205,105.75698202918366,75.80617858801283,90.31679108877773,151.4931006940428,134.20489075978242,97.14534847646975,135.29534347523202,185.4078998408876,90.90845626223307,121.27613330368415,40.82808997759034,7.5567660172929365,19.336313251340087,173.7820742044376,422.36672367084844,199.42894447940492,0.5796755535013178,2.9868013979109023,41.25457770951583,94.1026351004741,71.82938976061763,70.8928754442202,0.16998653367486166,1.1481434617421615,13.439773432203927,8.712747330518127,0.4404561943127465,39.549364045070504,1978.8071805106722,43.255791016971195,0.5007269670480843,31.49648568366873,442.7346228594991,1.3914059341144114,42,2
14137.845557569151,180.55995872208737,106.20103260522262,83.85717369117117,146.64974153223005,184.37243163100902,134.18787075208172,106.17398106012507,86.04126550558416,210.82168857105398,93.63015661039258,111.66579234977402,52.21867270900595,6.219097709948887,35.073371150709264,147.6138633890042,551.3130637673244,201.71826640343366,7.162901873206521,254.37091676894713,50.40253195736893,154.3581509208906,57.00867898444721,82.43418868756966,0.14921642086927153,1.0102973664995447,26.186089202322744,-1.9507331637893515,0.8566776863983637,408.06799010598206,2780.1391798860886,39.720379578988975,0.8163573272528813,33.18649408009454,559.9432290371191,2.2323908635477956,42,3
301.4948006461783,0.3722897643721112,102.41431439357412,86.17244769802117,102.714076431347,122.25488806415214,116.09266596033098,102.57943597825052,104.60578686119851,130.20055230862317,99.81460081142089,163.55413149366277,67.0721961459145,17.491458891210982,13.7232247202413,200.63245439473567,320.7100114501758,228.34986986616542,0.24535107477611895,10.50087244648114,40.396557617456544,73.4572628798487,65.32176377537712,38.57075738754498,0.12562652225615628,1.0000000000000002,10.634626158471152,24.0197593444694,0.5007693407169338,20.083761946942992,2509.5923864653964,36.037447645949484,0.7710898705134791,34.850257238317745,403.10137162219553,1.6975790887590319,43,1
3931.698387122792,44.727214217974804,112.11087209270613,69.6414255926945,87.28418688027735,147.90671903932179,113.7626006994504,108.0474563811338,110.28062608765946,151.3026764719108,83.81756212752057,123.91256766753801,57.97251428940295,10.447129984642803,12.770482567381691,133.85979079318557,343.72774063476544,253.40539487201153,0.8567188092060292,12.78343364066738,35.45658946768843,94.92073733939091,66.30488146994111,49.62649560173051,0.1471575152347361,1.1799428309489224,12.882028776538904,15.597966769717324,0.31584928122462397,52.66172746142651,2540.2381930087845,32.84142326947574,0.5790482840182798,33.11785424066067,348.17354899945246,1.6491112192771256,43,2
18954.389512770165,189.53224201377134,111.28537381525547,85.93919566669503,189.69165708791263,258.14187136875137,141.76493628321802,122.95435656007508,65.81532643515598,187.53080199568123,96.3738166496449,111.47223494163946,73.68940649510684,9.249659563130813,40.031612252743095,125.99116518425878,443.6457315579025,319.5995249883036,5.924317880511761,328.8352586130848,45.2333747920958,156.63881962988185,43.108457327120014,75.35560615467472,0.16913287160327642,1.3730361623629008,32.02228588127659,5.9041325078013775,0.6241335439677556,883.2671910281966,3512.162649330719,40.303503512447456,1.0952156237374464,37.237494836008885,514.5262294741149,2.9428060827806957,43,3
85.47874108982403,1.0591581907505478,98.17389989068887,107.64364366537045,100.10044491713724,132.94295212083733,71.71036321047761,99.49320258904659,65.56482126931493,151.78148132328627,91.366539965148,101.71345985628236,56.612906731721225,15.34811348450579,13.067698900667882,177.6071063271632,242.29694714030566,193.73243934973135,0.6778306827681949,5.792433876538848,37.334600364386674,101.5391553043756,93.10838115416963,37.36605895417068,0.14241069453779945,0.9999999999999999,11.691211070142563,7.60885721847608,0.4716236749744966,22.795689520210196,2880.1493936705897,15.701188141086506,0.9628006932007637,31.660645651766142,454.98955025187547,1.632636258301572,44,1
1316.3272757216096,30.206921605490226,94.91257106769265,96.03815476223119,102.28189128652386,124.67083622175483,75.571181066562,101.33594292140397,48.14910860900476,206.8704762132775,81.95833685614863,96.51778941249462,44.7883397126772,8.31461848623619,18.42511138854172,164.8379037818365,299.4746059499581,193.42725840318514,0.8464705750873965,48.83031706379972,48.23627336020762,94.1540241773767,67.2254355467439,47.222981226252585,0.15702311125654728,1.034823273442127,13.11071075785907,4.500386454045894,0.45655877793304095,29.964718391371726,2507.880536830297,20.678245139647522,0.6363528812693698,29.05817549917304,390.9911331341241,1.7165480676245581,44,2
13373.104590031553,118.51590366488202,119.13129017267035,108.69952944170467,171.2159523935154,180.8130650439623,82.66499133673298,121.1406746322205,44.70093141340386,267.4317520724798,91.22785560874343,111.28964672843922,58.38811664567677,8.400361743402977,42.71832606731178,149.4907889736872,486.831777911147,257.7539855733403,5.729136394078778,837.1610046291179,51.75823739378486,132.7976465244271,74.96834779760883,60.41794186668639,0.1202413060011015,0.7380734396590976,35.220966178914615,-5.682071603227104,0.865848620983641,262.18361759661923,3480.726829567638,30.196316471704424,0.506237413004986,34.74375654086911,463.83669039601085,1.6573367092970899,44,3
4.689744428028547,0.725961588428631,89.05706580293727,72.43096876056414,118.98762524035754,39.72415259168229,93.3518428699016,94.75447961907219,89.7593058645904,107.27828696853716,81.33581072401063,123.625514417824,40.31705214859396,11.298064096538383,4.072434166627808,173.38014729607545,311.9969731231494,143.7313754796145,1.6568007414504127,0.44079178579497036,49.613947121308115,74.1722288736039,65.86705807273636,37.714209517307054,0.12139779636743148,0.9999999999999998,6.680148269807458,-14.440586255251038,0.611147444495409,30.96637189327636,2988.235788700885,34.21705400592426,0.7623608435448496,25.465830851919748,474.3433218258607,1.8437729770417326,45,1
3189.2346531235726,47.07718644262524,112.46880990666675,83.69574838625016,157.59138156928773,111.23836410215182,148.02662097101756,119.36120467522156,111.93884784422792,193.65670992220404,93.95609123920501,136.94622884310343,29.423473575026264,7.129629839694487,14.058428104068192,175.7044222610628,425.0049371671437,236.4182187955667,0.2533262404852924,63.18310397676486,86.57891216716519,79.62804675928672,68.01553154613349,63.64387266129677,0.14632858084478276,1.2563920110379843,10.169367588504157,11.355412207190632,0.23031839760444417,47.34289365946259,2859.031598223626,18.932774969911044,0.6898221127889841,27.49310453371565,460.51399167182865,2.208630851628815,45,2
8187.088959609786,101.73892094659112,111.9662778268807,104.15009648749005,205.38978938492215,133.71791054169935,158.16499292244106,125.29459869957441,125.25498259447588,195.50810476728427,82.05809820171712,118.68503059478937,35.73080966259954,11.137754405753242,7.6133147177098515,174.90586708414324,422.633402465248,217.36902106139343,3.186850703509606,646.640464748194,80.57386919460204,114.36751052682048,61.68179276725436,74.3489871553625,0.17548778083469616,1.4795601453655798,39.90902484189483,32.44973061089469,0.3128918385135631,448.9592937796667,2783.317894096234,66.39155737921077,0.7904005898463888,20.998014879727727,564.5544587944454,2.518687883261335,45,3
183.4566367560164,-0.05446519182471121,86.54534716830139,68.25256276357406,95.78886789744632,79.31909430258995,111.99997594139009,88.47462240749482,108.77562552873246,101.92433384027994,83.61243278285421,131.0119878059059,44.20930208428094,12.432230595210608,0.816664874680546,180.53424356241385,216.3086118948534,175.2423949301365,3.209483448791789,-2.009665173316516,41.218786927673364,82.01910603738578,59.122109199568285,42.020780108906926,0.1843773097741839,1.0000000000000002,8.465613080294276,26.579101958830208,0.6175380977294886,26.96901984655405,2428.649852804526,23.407354683721824,0.6064656715548244,38.195978570713976,514.8674414919584,1.506144813548011,46,1
3559.61808269545,49.44328111094552,109.36436177592917,75.37511265358603,119.14715846788431,158.61381522150975,153.35030437044716,109.03368660855757,121.58553891307206,139.07511096055038,85.3788544785454,129.21203372354657,38.254770477100635,6.878201363126735,9.216483324312788,153.51994082455604,377.0188407503823,250.21435854749916,0.8238141782284617,38.54833111764546,52.43471138349675,108.98547781223627,71.9756588213817,74.41917804697573,0.2016360694424136,1.078436277946944,12.401894608694198,18.360786281901504,0.3610312055759137,41.13177033836507,2351.9811187195005,47.893311127308856,0.7152851329742212,38.103520817022165,496.3118949099965,1.7047547577837197,46,2
11515.000883493914,155.97453321694215,104.62529911335726,88.12419391368124,167.1413624434133,225.86997665633825,174.79210439555263,120.07553379588622,102.46418112696745,185.32797533874387,88.7333422055646,105.06296549413933,43.66838562070658,5.382019223888432,16.669675692726564,138.87118884896628,474.62642998962565,255.81816580130152,5.950437669608384,381.68833275101264,57.799489061257425,147.029678253672,55.408156989808646,96.89772766159348,0.20939951604581025,1.1141742819488294,32.09678295337669,9.33146518245123,0.9376622297278873,494.8145145514087,3159.3200121873033,54.60947438262746,1.4012107148192272,39.18597756138192,619.7450065082149,2.8940329801947313,46,3
234.28282525738518,0.6228025555187742,85.32801521296116,58.38697528999792,88.56047740546146,156.76610109900966,107.33456822468187,104.86573816736393,113.71155612758164,121.62641858878015,96.90162785760128,128.17015790525824,38.17572931222195,13.105246839817239,15.42247948093261,188.20734090855075,253.08136380705048,183.24319693985314,2.9223935970471184,2.826974720766342,60.775462790827554,106.538980624063,76.95397454325523,32.89100442610656,0.1268746112827368,1.0,10.57829996273031,13.467214054974793,0.4864358852718174,48.928233865349426,2955.4266111748084,16.791920461619032,0.6991873956201492,29.47282115272027,661.9169808388344,1.9231610519381779,47,1
2927.492324435133,20.7275220254239,108.44580330651632,66.65214735838802,119.02194937296395,190.23830889102373,152.39424903838716,120.77529017174531,114.33222315462102,150.74828185100156,95.6551820461857,145.16094679626028,35.207033057349115,7.383931465223634,22.682529531628617,157.79013472048143,395.2267682748256,258.6190825548511,0.5678814256899746,35.48023753885315,72.22960631312479,117.23791855689103,77.63713167509704,57.40597416188759,0.14249007374403547,1.1334369784202576,14.46408103570138,-10.913913059676716,0.4863185379245172,46.29493488249273,2572.5239591900554,44.918992437835485,0.6870210554488876,22.56739381781641,535.6200935596509,1.7329205934599854,47,2
13446.813226635455,148.45929309484083,118.52096713890741,85.39640071477662,144.31942004674875,294.7579982799616,134.06820265958922,125.91234854870025,121.79215978335381,219.24912844489216,101.32810512938127,89.75834506026212,50.8160384807262,4.058608156844007,33.31985750721535,137.37335227601076,488.8887877557885,271.22030150061255,5.030082023537829,665.0295548489855,79.94777166986195,154.572893252694,54.06667000745069,54.04188165012763,0.10856691825396991,0.844424490640219,44.74276785314996,27.077083119181616,0.4981708679014647,80.90271001408576,3434.8943600410885,49.087154990985375,0.6500944505970663,22.927493145676316,592.7741717132004,1.7408139917451497,47,3
19.622134912003915,0.35174231666223443,96.06102964194798,71.73049430058157,106.0157792176429,83.34324432952423,119.14342174786304,96.08218924593966,102.70870400781543,63.76849704057356,105.91395026250211,157.18550726662352,61.72210646600301,14.404115837145305,6.444523830810203,178.6833146839686,237.0081750190119,197.90166337730847,3.7469313588369424,6.0938330957444204,68.97624440914186,88.16812127353192,85.42229441373158,35.90832734993241,0.14759095924934795,1.0000000000000002,9.842929702361102,14.308791055241844,0.5468372663103473,42.10106416703815,2427.865638675561,13.508870298072281,0.6426513874291899,36.08776072434915,618.2357190128523,1.6530985889793,48,1
3554.5522207933245,57.115041684168744,98.88504209333867,69.55299076117036,116.05413910485625,105.79046656828541,147.42733867266554,107.4897250644873,75.01586141055967,61.31436057874443,87.96560770822491,140.055006001259,47.250807756312945,7.195980628855125,13.03228683069095,124.57010340025337,342.84147434437523,261.8703696100058,0.9292579064144891,76.67448727256591,80.80148365326924,105.06267044961743,72.94735254588426,51.83739159399465,0.15163764536333468,1.0093000909498975,11.25301703348076,1.073526123762134,0.5572622507840823,58.502886188925395,2382.8201132773193,33.9792355586266,0.5015702615586196,31.851237842941426,553.113821470477,1.7564656461533492,48,2
11820.960025538314,132.99414625573402,96.1659018914581,68.97634697795026,117.07460268027133,169.6401036873606,150.9328792319331,105.435928306513,62.052435710064,106.37805577068289,87.26686569026498,96.68160282080557,59.95048826103024,6.359570393109353,22.646485469038655,121.64782347767348,356.75968881090375,283.56790810899855,5.2668596659631985,612.6977956072908,66.3374083055281,101.46318277757359,54.324823363624816,48.813848856755044,0.14056561892687408,0.8907621906536312,48.16256129591529,15.945340881325121,0.7363909145739082,557.4777273460419,3175.895829683317,34.889210627448755,0.5501078732596559,32.382732679832,684.7748237435527,2.0785484530019174,48,3
304.0222818136959,1.7218395381529388,84.69097569975352,99.87561109498088,122.66388724758026,96.63079821095168,97.5712941189363,102.08810987039563,93.23341763543347,61.39287709710126,105.36794590441902,164.48641653324648,36.695383842422174,16.746369559192765,7.224070538723556,199.8081140745326,246.96052524383836,186.90822155343537,0.5846974507311047,5.852642134906906,39.42050395070145,143.99009990983438,70.94880755599557,45.04247874588506,0.18134055631982118,1.0,12.26431366986372,0.7161246355323883,0.4768435210062186,0.2923425866217606,2920.236415170441,36.93636513232975,0.6888192825522047,43.20819988548962,457.3118322860965,1.845933400682229,49,1
736.3976751569721,-28.289581210210258,101.43094413618269,85.12512632886771,123.32652906837919,130.22441393554425,108.6853952753303,115.24389563931373,80.81177399317946,76.59658024226496,95.360497209635,134.4997010978779,35.02922391341758,11.020800923491315,8.327764592316235,154.44884617336382,365.20094769826477,246.33596870414456,1.2957464741121094,39.90317255952969,34.92181361304297,141.93077988140232,73.83258321969397,62.06687947232503,0.1735011148949294,0.9524711695118556,14.296377533031333,6.6645742811391955,0.44107180361683873,14.571256552307666,3435.406806494408,32.644954753587875,0.6995656502371986,41.09379555566149,457.06437658011765,2.206324500328928,49,2
7788.548445198829,113.47091176770388,98.20630672221617,84.0691990332032,185.78236127941582,220.26384778220327,119.60709286308028,122.24836247489358,75.2116621856454,63.539517555407755,90.15113653505468,107.93094357579892,30.92978246852339,8.566634267518248,13.257996227091205,141.44267257274504,373.288113688537,244.25809719968984,6.9059308442508875,689.1790812771271,31.064224515877832,158.02553143312164,35.16231517354673,67.93061346261459,0.18711524603770666,1.0600849418090994,43.05865245245365,-4.118189134378607,0.89602173591859,434.2956744891346,3676.686340838363,57.973910129672596,1.170841566269576,38.20244405410402,695.5700262898291,3.3721663054749,49,3
416.56845805510915,0.8584838298457214,86.58333109135786,81.746409817231,91.9541705595156,37.421649225145586,104.82045685315067,93.87473910048462,106.67162696991605,84.46725507780081,82.62817886330585,109.36135020717708,25.712027345353224,7.2466440741497955,4.883449564056411,190.70862851637673,194.88438431343906,192.42066312908975,1.5129925908048016,8.85171643089546,40.320924713442096,107.54383753882323,116.96092349885637,31.667550312263558,0.15985769646353518,1.0,11.931445937679749,1.7098861690260803,0.4840755544977979,33.73347781141317,3472.1020872751774,19.434759195879366,0.41315492415342436,35.618339717720154,483.2007863163105,1.338197844071263,50,1
1623.2035358118935,25.46464311598823,118.840043604812,90.51280296858829,137.79127424596058,78.61715681829176,138.5567209472657,123.40087776289084,108.95445829142032,164.34410546594668,85.05323564046228,109.79351527251413,37.21316023165076,4.576216137585261,5.777102635745023,167.91365331724913,364.29674153688416,252.56779455368033,1.109565733056307,57.86475106531887,47.769562477860376,132.37216306248524,81.57860594571409,61.03744740061284,0.16813419886190634,1.0782865450718642,16.384187011923224,-1.3359431360916165,0.40064066329128456,32.824595925267346,3413.548479985807,23.978744565702783,0.5139535426852205,39.016818364183656,437.73213107268623,1.8822076839491915,50,2
8012.698781612884,105.26094048180488,127.70771948126726,83.74927100778768,165.61043764086477,11.550765267197932,138.2707740880467,124.3056111405163,80.55172045461121,167.21796572213844,77.38144519745315,104.33838207834383,40.28800582977658,5.084739935953699,1.358307245317107,171.9900499494869,427.09873326773544,223.6048253767515,7.952060418020021,94.76967947816985,29.044728256721513,172.81319896359577,76.80384583969968,74.97502911824665,0.17507084883094065,1.1008162889006647,42.753084256472036,4.069037198722079,0.6549454155656453,143.17810335319678,4481.709868540984,38.010729489152595,0.9914712849705357,34.3450725558721,724.7028243263783,2.6315499786435916,50,3
246.5404663673758,0.614062163082653,99.75494338458907,42.698128327851386,78.15292671747463,96.40930607704887,78.24872190635985,94.48178344762289,118.62622735507384,119.92451543465421,87.62491930666714,148.770819222821,28.734483016705372,17.889978786737757,9.024965892936732,224.6947238310941,275.4441590022177,152.75827323774996,2.145112150117965,-7.376253865364809,41.47283299714475,40.799351515155834,75.77267610298635,34.09997069180061,0.1188312860244578,1.0,9.308463335245463,-0.395673486645828,0.06090001511783377,12.995695539001492,3229.350419116935,19.84764690247856,0.6531234010027939,27.026082353665792,306.23809169358776,1.4882645633080958,51,1
1391.2006302875927,-2.9121657468524447,118.68385180394115,55.2335558454934,92.41658911874228,134.24406005385893,106.6552338790916,112.47095068705069,123.53512282136975,119.26906806000311,80.5724610967422,138.79333021128366,33.32215816286525,11.406442893615733,13.25945863506347,201.26006269198479,330.2960858548657,228.5247233823341,1.417839464009963,96.9184082316653,49.11695833779463,82.46210203834679,68.79550870389728,54.43648713879956,0.1644677940394399,1.3052054969533218,14.37492219333258,16.06861422220509,-0.0702549234828086,45.40130577173424,2668.27179126278,34.638629372833435,0.49822883890495956,27.641936470620053,283.44052117447853,1.495212320413269,51,2
10566.938604398323,144.2843200721702,107.51071091621742,90.35059320811551,207.59080049542422,313.07976831995114,111.90745770692759,131.5889972371741,125.23728079278494,227.67463785872792,97.44214714150851,122.46477069530022,34.76791376501578,6.372267708621716,7.646722895250445,172.68061310436838,455.4592587805407,280.44482160816864,4.152646076347873,772.7208376883868,55.813760870755864,163.62195874695558,60.05861199763189,72.45982390428698,0.16222998191112317,1.2875210939538906,52.09268130493909,37.114824754430956,0.05880659241507258,331.14786379769237,3962.715342250668,46.715897642029226,0.9171975440946389,28.269433675698647,487.8025583482474,2.7309102650937978,51,3
297.3790338791099,0.8473545048457575,101.77481758836004,83.21293771828347,107.26810262808236,114.47564334725644,98.37377733906045,116.4556708229365,65.29398768926058,121.35403374019435,98.45707516782045,136.24267318813708,35.47675087102707,19.06104444821942,12.587042330853283,211.35255538365666,269.19556719628235,176.15652544547257,4.348294375730443,2.092541199307618,30.211902696073935,84.09952059707379,87.46708233986362,34.639696554561624,0.12793570551188463,0.9999999999999999,9.46291270051034,21.547176527084886,0.7058670087013387,31.834438324031503,2638.706875924772,32.51528522674153,0.7321113980945211,34.94204310472381,613.4006476531605,2.0190921464915323,52,1
1447.9787177371468,19.316307497302933,104.5155550353147,72.71295967138037,93.03985681551322,108.94355958172657,90.77915254210217,112.55680959024932,63.879627138294374,140.78805479329273,89.4296986762944,120.39896187505825,29.513501611891755,9.090303308472404,17.576201221289725,150.39568434428173,364.2908604583329,183.21407591448187,0.6797560327895507,16.499299950654695,22.929165689974248,89.06909552183069,84.60837637128105,49.28148468022982,0.13380319796459517,1.0773920637777592,8.667045029768818,-3.0274400266023367,0.5834597516212721,50.39715263345174,2622.917845316378,26.190789053988457,0.6019763059561147,29.644070166496675,471.43744554314475,2.034663990266966,52,2
10956.179112734026,142.2865277552179,95.46881801779196,87.56080295778345,138.19299966791468,233.89531419461747,81.77621138934123,114.92964802309218,70.38821350971872,204.62176826373877,96.05916158141085,102.21445974678981,41.423814998091316,7.411042187711947,29.922373014603842,144.90861551793932,436.3950582662951,194.8300819942329,6.083499633929869,459.03279827763055,26.840218783411217,94.98871701499539,60.23737603152657,53.44106082800016,0.1268830989722639,1.0383056735043745,31.35463740105577,8.444690416629232,0.9880539085810246,550.5368973214072,3365.504746181801,45.56395882529503,0.5739264451802614,28.56798940868663,635.8278514902004,2.6046890311651962,52,3
173.21953983186876,0.8661097567197567,90.2247962291345,87.5829879301825,80.98516584937143,114.57027734970437,99.86393838495343,86.18764919143814,75.2041483807366,53.22644717413244,96.99364420485865,130.15667124735728,30.586781607763882,14.633403293934656,14.59968799198662,193.33665519902783,244.5523260132578,162.20250403161072,2.247837188521296,6.731933331469781,54.17261724647636,85.91709833837027,72.16752555965846,45.3712857387967,0.18587776962922506,1.0,7.616951196191677,13.48649589358051,0.213862483626305,17.172849997200615,2716.178903727065,21.304074508056154,0.4498510079519428,32.11522765796865,548.1841452712895,1.9954278045644012,53,1
2490.3623824638507,68.55584692493281,114.92755184140641,87.48897398780805,92.85577530208464,134.9409416232377,126.96089700637134,108.30500586924737,75.90235507824444,53.159314028345406,92.99274774178149,116.98844532041988,29.62210837177073,8.39030681859217,27.168037879513744,127.06597808347304,381.32897956756057,221.17412664702314,0.28216545902068313,45.50814845926056,50.907008350640986,92.57822602669034,73.78904847286282,68.09249374567148,0.1808359037740811,0.955025437164308,10.393319567494707,1.9860179659400963,0.2733848947827109,48.808661449716126,2517.2980653250793,26.42662947040491,0.388677026120818,22.430397524156362,478.2864739586851,1.9668618534206994,53,2
14676.304408393533,194.27057958509758,113.73580223417726,107.6891206477127,137.39025176476332,279.18407669148957,140.27652852340847,122.73572374558044,74.65730461482255,136.1010069099076,95.79390437073579,85.02968232195477,43.97567482805955,8.55170026867779,48.0064211048936,129.8188047255017,391.06085820996464,262.77419170745213,7.835235399445937,393.2361313470718,51.12725107152682,118.19350117754706,64.2597218714933,60.584623268134095,0.15851323094022912,0.7670610243624039,42.603047394204836,22.70252548503119,0.8326163004186867,438.48791114889974,3528.2672646121014,31.906248745451872,0.08293081027573268,22.078423458975248,648.631510725269,2.078635713060138,53,3
400.9185648481704,2.4636458736138787,90.41707318626236,66.11759370096087,110.36728146807306,89.39350497022149,65.22199078921727,107.29751048086777,32.336158800327894,128.6679816062689,66.89610304963732,122.50227842777258,12.280490224453814,6.842925215987649,11.691689041393172,209.3247577609278,302.73938251208295,162.19989201134356,3.518682685081081,22.467386359034034,43.96352260878427,101.3228776236915,86.09618681041464,44.54126196020919,0.1515178312479419,0.9999999999999996,13.322874492892323,-0.08329062067640614,0.7958376190543534,67.89339581157454,2930.0176691976985,25.968187160769965,1.0204257481757695,32.99621652843051,623.2293950208028,1.943604949399002,54,1
-651.4978014261869,18.283158609391343,97.41986464368684,68.95758670376989,106.62091642869588,88.64278118024359,72.69202509419131,96.03791378137882,56.187890254101426,167.54679614162953,91.56041833714538,147.3807170492153,31.35960355252091,5.9480264814949555,12.398513584562753,209.0062452665383,448.9163989646914,140.6817509780691,0.4691955189324914,-16.372971362458138,67.60384303596915,109.39990571791479,51.81157623820816,69.04720803523227,0.15072124697832465,1.0112359262871324,16.28001882008256,-15.61898026215195,0.5005486664968819,42.2029598881469,2787.392760422409,29.702882399986557,0.8490776884300698,41.07210653789176,503.5345835094495,2.035299268022537,54,2
8675.055721217162,133.65843066203897,117.97276425530605,102.81283211515844,213.87686952876464,112.59297235863214,77.76691988356566,114.41163593924946,60.44599701432982,181.21193393899244,98.38049285991242,162.7720015832436,28.231247413834257,5.582121705481544,22.843174071013095,183.07490675357627,675.9311135511454,141.6896633315552,6.252712907658414,899.7560489339673,72.1679238942608,186.00352737080183,35.78523360132657,98.10095786319224,0.1465416933122396,0.965743257037102,42.16047571272327,-6.233480399877969,0.3643739049005714,55.53939676594757,4037.13604806249,56.02489706450358,0.8536264996119856,39.261675169981736,648.8675507210114,3.0300752611975525,54,3
-196.5716851730341,0.21140588366656,94.0510307522826,87.24748691888713,109.00540159623549,87.53356295165727,79.61527751559134,98.51473136105427,92.75289816767625,97.05713057084066,92.89104343300387,145.47584834144092,53.485828924648885,15.305957043818614,4.7974117301624615,212.9597157031991,215.74384304703716,175.71113794324907,2.1469725250141023,-17.945781686808356,38.54039738688754,95.52468045939935,94.00302912038377,27.002762831137325,0.116934733580555,1.0,9.464902416580648,-3.2251055158088526,0.39315182327919296,32.25598073676264,2941.99673989959,16.97103130503099,0.6493699413858572,33.55028868228398,482.7637365667076,1.5526864611083666,55,1
874.0350085132634,62.574378227717496,98.1635353832649,87.80063036310206,104.09199095297896,133.62668639180012,101.67906798727103,102.020858873365,66.96315873071165,107.44404538284476,76.00763102237657,122.41307210101431,44.23149268248312,8.79909499722957,11.930918452089369,219.66238468607398,312.20764475625117,252.14753834435925,1.1132716988069133,70.01420361924004,65.24573986236169,122.40740453326589,81.76807849130968,57.53005891232509,0.18313634276611745,1.4169249767904084,11.92065797777224,1.4353273473310626,0.3369017241067627,40.86444784863975,2726.687770881888,50.74511395859584,0.6460725596813153,37.932994255452414,495.74927218581615,1.9695431574446558,55,2
9899.65548118933,127.74598181693923,100.8273968390633,99.44491933011368,166.93262708267793,240.26846807952342,93.8786859409108,112.94492443939085,84.49105292639229,175.59540596069974,84.40051380011867,92.93385341373052,44.76716903175029,6.115143914404367,11.323192950675953,174.07152341834862,431.0601835353561,270.677536548819,4.37673806593741,1033.3600108877906,46.03626414683008,140.48433292952961,57.07272386675124,69.30039682395935,0.15864991726023858,1.2021538535239649,52.211098734794106,15.737673732549005,0.6149614920054363,-77.07526127980731,4085.266930498284,56.65408946735413,0.8343481918474008,39.20408573903228,651.1154353587249,2.5991061265486044,55,3
140.45721229086377,0.0972623603925476,101.46384851742698,76.00868705134428,86.78952033182905,91.89496832270872,97.75559957506563,98.30250960916322,58.83948211599775,105.47928424281926,83.14246793928356,95.26946351592315,57.15781953792714,17.628795715715178,13.797160428874975,177.4776952036032,218.89438880849735,154.65573678747373,3.8764889454448683,-4.3806103673727534,40.71479260041025,14.58503587992108,116.59647477565781,31.6971877654723,0.14699614607938322,1.0000000000000002,5.343184450156707,19.076697150544067,0.4794055115943326,20.48583507654272,3084.5766065609228,23.924458457099647,0.650929903750459,24.220432811557128,443.46799304790665,1.8014508054950233,56,1
1599.6993233741825,87.25448626570613,110.1586831574832,78.72492392040309,107.13039463788022,66.19840031999244,93.98559248975235,111.01210827651644,57.85268244318677,108.37615500263112,72.15845284431556,101.82155510475674,44.902737141326654,9.64227166716423,17.428801598549235,162.5177803710926,274.67873535174175,171.18918589371108,0.9171722489734594,87.02317557049525,57.68262226979806,53.59961042218991,86.05914126703925,55.42500624591277,0.19632173244311202,1.3294142357305296,7.020934884705624,19.343868010454642,0.3889177645773947,59.08780531770745,2810.2056469436916,42.941666199646406,0.3875441885871844,26.192275323448683,411.5088437685275,1.5710541220042973,56,2
8747.397885131515,122.8525447013005,107.04443429502473,103.30644254912411,218.7349295088344,208.06385174278853,124.59696357258616,135.70317012008488,81.79812634109658,171.04969846306352,87.09192261929564,117.53211190167819,50.66842797741726,7.709696726618074,18.324178546966692,167.93914048856274,346.8459370778966,249.90260853936516,3.4506953734872123,332.87351481169014,55.3119248490424,69.88566912111332,74.63949258597972,74.38528494318513,0.20648216230719466,1.3957907013545083,33.88726009590503,16.707621741932503,0.6468206570529167,489.9714210197662,3938.388211649653,35.29752047871334,0.6256612181330755,27.669662783006203,589.099678448006,2.5232444821319304,56,3
-145.05230245567157,1.2018389354300263,87.5370043018448,84.33877001724562,133.07895838071127,124.46391971848792,106.99558942556267,87.91679964838396,100.61866088377216,88.62650077112312,95.62422963593218,156.65143611520736,61.18648040246911,12.454480509492043,9.350219215949016,168.26020786894205,187.3583871036406,192.81275289101023,2.1419326176559985,15.037828553546712,109.00246400804619,101.27446133907598,66.72324823675612,40.58678071946437,0.1929799857889123,1.0,11.514387394315062,-6.592534565621291,0.6281794852951659,7.140416546985659,2459.2077356701707,6.58612793129803,0.8849804971889497,40.933922771449026,367.4824236257625,1.8464640068148357,57,1
-1001.7304894706531,25.70025983591878,80.1348068349887,81.64847047981652,117.58648128236345,133.3594356762678,128.48159280276423,78.79476563653478,66.17039737987785,99.65191797796695,94.18287204649599,152.68204693009454,50.95553933866735,9.735529148876594,12.912790629417154,199.6964635409661,301.41103687037753,181.60486456554455,1.0688813023975194,46.85040115307154,152.3738343771168,89.67478351362097,43.29018940284978,66.50490156189603,0.21342663022687097,1.0932871585381394,13.942669791189406,0.5845151845412211,0.5764296299152801,5.884648719096937,2789.0474040533177,53.915472391377904,0.6789404612475658,44.125705699931906,492.6309392946876,1.9974265651522287,57,2
5421.457463457171,62.16566799041908,114.14823601006476,113.54367345272982,217.5195900593424,240.0387440820039,171.99187066798348,119.65421053405986,111.82433207799153,141.18899651684004,100.48761878363966,160.8424698752354,55.24028888185403,6.435440917383069,17.310163123468485,171.71068803412342,406.4427125587983,285.3782141337016,0.25795398857182317,1140.666010387987,154.0824359851478,120.98130227672767,8.973026955171342,75.80526345195267,0.19638657029536344,0.931164422314084,37.36015144517452,11.480286796069066,0.30721351160500693,-141.2399232868451,2818.426915971482,53.383940656221355,0.7306354879765862,47.37225340237827,484.6366334471304,2.2973771183335816,57,3
87.58625589948494,-0.5978591127053273,90.62961130861738,106.80951093582692,62.784031785914195,69.37745079199827,106.85608409870517,68.3961460496091,109.3400746218925,109.19968380116224,86.28604541188855,79.20825956734309,43.47546923035945,11.364935101067694,6.527165062557305,179.7724270086987,216.29205614560175,204.37520950750857,0.3053533048656354,12.782784731548803,38.515549625275156,69.84585663136308,74.5996204412181,36.37041271508572,0.16268831751795917,0.9999999999999999,12.288317588366244,14.149259957902245,0.3095302064697175,14.538152427596641,3412.749325845786,35.90829313782998,0.6594600291836089,33.56028207917354,428.8219259831893,1.7948025268336467,58,1
2857.432633821705,44.213171520031665,103.79398125682809,98.23390198448658,59.11445125349248,89.95094569479929,107.83641124900376,90.45613220664858,112.87573478796082,186.1525779295438,74.82210267274888,56.508520608622774,41.736227308862475,5.451077770326045,12.026014582452415,161.10755929233378,251.28924095659812,208.54411309524724,0.7510818966126291,28.01847675093763,44.70373610308499,86.48550876913977,82.7730618102775,41.24752654450163,0.16054009176877193,0.9923938677119458,16.252715883848825,31.694580079590597,0.22682718118594858,50.94319141307217,3148.839341482353,43.756747787989106,0.36274583475765576,33.97600260325861,465.03618094841346,2.2214020251345827,58,2
15786.34235194079,167.09762197587105,122.36175131838883,127.24409657433863,114.73305907011894,213.52698094831956,155.0392530376484,110.30866223406474,111.76708992063826,250.78382304546807,81.9718526405254,58.50437541405431,69.62530753180691,8.48760554980001,33.47694121924443,149.2011314585678,380.99253099101304,273.9961753882156,8.567577661047878,74.63069782640179,44.379274569777934,163.58414641509705,74.56985473071822,65.65381431661142,0.16628899375448752,1.048991708134896,52.72014138515187,33.05193122068947,0.7671942565426643,794.7055596415278,4292.975819336241,58.51126529418243,1.0599497795718427,33.789196120727155,715.0250924556943,2.7888632344374003,58,3
117.58836703685857,0.14238289522404063,83.2056009748294,77.86010458390064,104.28873256420393,115.81182698070558,100.5220053199036,95.94302954904929,94.0090630292225,137.50326930568937,92.21102611618448,118.66442140442415,42.01761798692555,11.61632389540453,5.583064982062963,181.51588858929543,227.230999081775,179.57259120092016,2.0771360319871754,1.0065746606219008,48.978076984588625,114.45250510225893,38.150305694727166,39.10530353593084,0.16640525055172428,0.9999999999999998,9.101291805095936,14.728777280331183,0.7672869620356675,34.436913694766844,2424.2186558707126,33.07275923217851,0.9226727509797314,36.868662744528336,567.5449991513705,1.9119553079953615,59,1
2337.1223979522533,30.532835735396418,91.17996390095345,75.71929522517668,97.78350269819649,153.36661448088248,123.68693146399204,101.49679746936953,99.69918747727147,188.72475048192135,94.96276410010267,114.22363775022424,33.62330106375548,6.597351361878855,10.686069865755943,161.99071920533987,333.01399016306357,204.0606695251858,0.273367083789654,8.821503407777318,71.73345677051877,104.14941964076009,58.23943770733278,57.081113677263076,0.17213403774723932,1.0440667007177766,11.625734043263423,17.642393962439474,0.4674303486451182,31.50615595098846,2579.8631727900984,39.558148935925075,0.8253051244252347,35.842094477807045,532.7365599443642,2.121390185179304,59,2
11014.321300929996,113.61105006324846,103.12496343224511,95.0551954626109,141.92245810593965,238.47959351486375,147.46650079610671,113.26283952220004,106.11017013147904,231.52821143580758,97.824263600011,106.43651655930289,42.87857438317014,5.606400240277795,21.48842064671607,141.15346840003437,445.0359586145745,226.76435612414582,2.5316999649859895,658.895912556927,88.23323453793986,122.49333835627223,34.14159724606654,81.91156497835411,0.18833885498196518,1.1632843085472029,28.801505115371263,11.382336067815851,0.8475689996621303,338.32904131162763,2460.523987183147,68.16606260247939,1.2128439523931078,36.25692805104367,525.7762171338557,2.566656788149382,59,3
-38.26947302552338,0.8266089354044471,95.68060197484523,77.34102093565765,99.09020074024471,103.16024225093923,129.67695756775652,89.63746184412062,112.02835795626252,136.65686309429873,92.2522912826992,83.26671879081812,53.41230745994569,12.272727000896131,8.927309601052125,117.96628445451442,219.19876649012693,167.0680285853327,3.5509961678395725,16.05369715223538,69.08880791187804,103.10190696834728,79.84477361484886,47.360924214991115,0.20752524714651843,0.9999999999999998,12.623333218275839,14.153484145374915,0.7798343193784799,25.198092203918247,2688.339370515528,10.042401326316575,0.6864986558477773,29.80470604526119,465.52428616347174,1.6463757749227905,60,1
3001.8588243166914,63.425821650155434,110.1176955083127,81.32132368609996,126.34897475199138,140.4297866708498,155.1198077423309,110.46956887425262,113.53902938868126,241.81353903498567,96.13168744918009,98.74384555642875,37.17759329410956,4.016637972714494,23.745511120866205,133.58036125711675,349.38735952019744,213.09867732476366,0.29411202275850756,10.420286266770216,71.42506984823262,109.35137154167035,77.12632852080336,72.69313243670055,0.20560806471654602,0.997981697819009,14.061191876475291,-3.1837819787782564,0.7091417189360089,31.294417329624576,2436.815580744736,13.750770550763217,0.5525371959599812,23.674837907837492,439.29771608826,1.6972806401392897,60,2
8614.014072115147,126.98107468003727,135.90651817346506,109.36649679658007,114.50453566622573,127.88461992850029,156.51495466196852,124.92002243118377,129.04190092270437,273.1864425486898,90.0474605368665,90.84937332909998,72.22052934628128,8.271742070527756,28.899468684667664,150.08362832136535,471.70403915731174,208.65936976361365,6.937878981205182,202.5739545869743,87.16777828082434,142.13213952250842,72.04251003450432,81.04722896744596,0.17844158074409602,0.7767544864315379,25.993775965828483,21.34532814050675,1.1457969083768313,86.43698526268037,2566.6772670473824,40.976620806996046,0.6029564982733835,20.63490022834657,487.74746722400147,1.100055711536597,60,3
134.44966963775178,0.8820191166326725,94.11197139727561,71.75458654776274,115.27475206638503,93.20476700470107,114.60867932193234,104.03498638103804,103.52744248594333,115.10635061737564,90.65330127621837,114.42887321686123,71.00319502778116,11.198478924009208,16.883869864095317,209.06020321575693,257.8804708644693,236.89951884278807,1.8437636503287886,0.9107078518124387,69.39559804717945,82.84179549495192,117.19036335429851,37.789750070267154,0.14764654813993097,0.9999999999999999,10.844593503575327,-3.24828478259251,0.6743270156217378,43.62753863389521,2982.08895951489,18.067773342038407,0.7192499504987614,24.405386468623174,424.8838325263625,1.247771659493628,61,1
2273.9808123668417,64.45113852452513,92.69164335025611,72.82185992873227,140.14410336248244,97.15996932372515,114.83355961007663,112.46980443818813,85.19568220465729,128.82465319094823,78.88027637522379,115.88582634593573,62.78899668350306,6.895869298336647,15.535281175784839,198.7809396460303,335.0457598430836,254.29043363096034,0.8134877062874525,84.73157906236828,107.16321332436897,125.07477665556698,56.09533893979671,64.25540396768092,0.19403005362927178,1.310248909791149,17.463306319273734,4.367562624078075,0.3655063805591067,36.671237063715004,2982.45844145166,14.187948337000691,0.5618416546334202,30.061051246056444,372.96891897178506,1.3461472572317412,61,2
11921.387030548936,177.25322701031092,100.18781253893759,84.96024022615003,192.10784557125427,92.02534734998594,117.38463000211148,118.4789076025459,57.362494555654635,118.08295100049803,67.45326087645137,118.68759211517056,71.25039277757426,9.462670206905479,21.537523638863007,180.03292853246458,431.0738304322062,244.0283767998228,8.696045932981061,601.8411651975608,83.54163459712746,156.44141687504506,52.431105206862874,88.12270378763574,0.2039751580820749,1.3686563949576513,48.78497410518535,-2.511219362150033,0.7765032587381331,-406.88706903636484,4041.4153291262082,52.65024344824458,1.2829298888636558,28.564369434290523,637.9357404980998,2.3492457642408113,61,3
-52.930784400318515,0.6526835164888377,115.53500972956718,77.4347340923007,130.08678157602094,106.26881791269076,156.13074082273727,114.61926351629644,105.43810134922825,163.2851350442774,98.25931545291054,141.73717926709037,56.102779424112825,16.986113916856077,16.343088066920146,233.02014741857442,324.78449883185766,220.16178616859708,3.8726185400447495,9.524992548644821,64.3619090690293,71.36214169762316,94.7980503182911,46.619414709785495,0.1539666899418759,1.0,9.462118628247726,22.99322726865108,0.7804590042454306,29.90357392151372,3274.1361313555117,23.780920518144526,0.8831274528079337,32.660454973113495,488.0237568184615,2.138355622366003,62,1
3278.1509646385093,7.749771243515141,119.82885769147869,63.53048473143998,145.1762332957187,84.79660413544956,138.07971959588266,118.24718943271412,106.02624428458238,186.00909178988329,88.36086089445935,139.88729173820022,38.03139962851496,6.791340885624103,16.903169948163494,180.57753710013506,374.6233442780131,234.59845419611867,0.5066439273167547,34.33636564619065,72.9962221505888,97.11855325396867,49.10290132529918,67.76422839789109,0.184871329201931,1.252762949237046,14.201483402315706,15.44149821297443,0.34290946029255703,49.31858172482316,3189.889281203245,28.814499004615755,0.5587950976822431,34.02168187154868,418.29968897091237,1.80443883407565,62,2
15008.987566226462,94.60514424882828,113.75251520095199,101.76826511464792,252.00804129501302,243.2139793466888,161.23587599975798,135.85585836137304,115.22362496266071,213.99381390950856,90.88012271622718,121.52754689502387,48.499036395188604,7.386820347793811,34.76863625430428,179.81456701632962,459.79149670161695,289.33581817235114,7.713172640723748,-11.142676870419848,68.61497840450856,147.66247125966908,41.6223230534859,85.15655351438336,0.19399374430277871,1.3474067165235037,51.022145756016975,19.18434923655623,0.8752059175113683,303.39346225576855,4285.486846923802,50.663796389895424,0.8001090869755318,32.03058262425147,614.1245904860199,2.924606926497353,62,3
-143.39846764454376,1.2362515176219175,76.70347597661737,126.82400860027042,117.94442792167172,77.7027393195376,104.35066542193144,84.97944431623638,71.45887512537637,82.35100774646756,90.78324602273791,104.48254467756107,46.35670004631561,9.560158945916562,6.780665847646095,109.19511636324194,246.62778293709343,160.73060285366157,-0.9699973509935043,13.487649043667306,58.013256150650015,136.48819730057733,80.25373344147233,36.72076597173419,0.15362743741699456,1.0,11.178141233461846,-2.3823956009037985,0.5657773512198289,28.10287337723795,3302.958363475971,36.8140308623559,0.6747416808736116,25.786300392773196,504.8459020545923,1.972788680113704,63,1
2488.6851015712086,51.933268625411316,98.6139817913384,116.08439206277609,148.25634672771125,93.90233916722889,136.20058692973453,112.24780909314796,71.18453578340198,177.25108782674636,96.45092255720122,111.70843382718503,32.79856117301311,7.355342284706342,15.210572541012427,122.09955811394042,347.74281361917235,223.11549478450232,0.5080681524624353,36.56785103255704,84.64799431932792,116.11080097958052,75.10020807540286,51.14775167201555,0.14925216730142035,1.0266487227042829,11.580397107319376,11.236242294358886,0.6157836996533713,50.993267468180406,3460.6443536993356,61.189036793323496,0.5492832992690017,26.15074930136666,564.9813336830322,2.2995503967142565,63,2
9669.574748474652,54.81090734170793,128.89482037558577,126.59712276608747,227.26012379707896,155.383604421156,175.4897670604829,128.86295382684173,117.2701144836104,121.64905180386629,88.90409818241604,86.0962746299335,37.165440022280436,9.713712315824305,23.056353270490398,127.54929142969108,352.17846627545805,264.4526305522519,4.6359800303312255,554.8064404250533,70.92613293494844,151.62462661135095,50.11134874627665,52.66999714546098,0.15660981211626102,1.0475158749895568,53.64676601431676,18.975239145755836,0.5301138740066114,754.0195588103446,3826.3197499027137,62.19115011877852,0.43763212346255675,22.610705001677307,706.4709601268858,2.5763483634013866,63,3
-339.33254394668086,0.1391087539805022,112.1073298944133,83.37510191581507,121.74126407643124,97.86505044038995,111.63097700627134,103.77834709656162,110.5717861472068,120.33782684301313,111.11461313599162,169.49502806675744,63.62570600442604,15.368557938523287,6.997646648730992,242.21551907784394,255.6188057269394,216.89941070181123,3.7069712693263717,2.886201578434465,25.62077512093058,93.1294287932694,69.73873960137834,35.72596593073344,0.1391653989513183,1.0,8.404732815887112,-0.06891297727437617,0.5793896608036568,47.63349571747901,2762.733555251068,20.69455856662092,0.8773207232431021,37.72366371324982,519.8360205957887,1.833854413063436,64,1
1923.6747173947729,21.758603073426357,110.39866219841964,67.40558510582379,83.5685311047823,95.8949147710427,106.49774853138672,99.311989154212,76.39411890848058,145.46503957077033,83.02579832570947,125.53254178025915,48.51191827018447,5.13091988090091,9.21873813184343,173.99930171543164,269.62005222131893,262.4780531122316,0.4990737840576894,41.454306908864886,32.10952331825574,98.04479979938007,54.87029809831327,44.47879396153097,0.1640909768591158,1.148361745284524,8.122636821774417,17.754555337826474,0.2702850770036051,40.724220564870855,2416.132307786584,27.07153815415562,0.5299365408266801,37.88975315861913,439.70580402220634,1.9077045731817588,64,2
16825.106517485085,75.81299697397063,105.34425313435155,68.8120751468189,139.54797657899923,196.60726317883365,121.53984715800726,103.82092659495117,51.75115699916974,187.76852956984197,98.81911772700049,113.14116710373021,53.85831760179425,2.9845171404309054,25.714441862699417,148.99547025302311,404.4230874921686,327.27525727884614,2.6636080774532025,650.8312003220174,23.69502224200167,96.14697732794397,39.48057772117569,63.43280231722222,0.1540866445969461,1.085038765930534,44.493100123679994,9.595447876589846,0.8253439440261233,441.84300754321737,3305.4803738046153,43.63359317680066,0.41361324488767837,39.49235553817541,463.45401209313707,2.1852308743267166,64,3
78.7500779385418,0.5113472779760782,88.63188988838965,108.74555287968597,93.54759223883615,108.40171269135689,100.27712350099465,87.57434645978643,88.9582834885865,94.15040914447022,91.82488103622919,113.12218815714748,67.78295672023576,16.866059456870705,9.769654375378522,193.56872674683848,271.67537572519814,207.84385652707178,1.3356460595040573,-4.444697828262129,32.49145953280002,81.53111460573231,90.11312245362195,39.914966526960804,0.14580059124631495,1.0000000000000002,9.735209076872003,21.238334051124326,0.35138645393371837,20.337375833083573,2245.696400878057,42.52666369434257,0.651074910560523,30.608347758336517,431.0667603005989,1.4425145706514717,65,1
3588.085989227713,12.279693407062698,96.23925671213897,90.44841241736077,97.15501794129727,128.32231540077876,98.16086047870328,92.67028682919552,84.36259432996331,114.87560239161877,71.26566367441197,109.15310216619335,52.95608665623937,9.160207240942146,12.626005985584493,147.34454298475112,301.70883238526693,243.36335991443684,1.1933363475903984,35.67026242965272,49.11256697773176,106.46133977731718,87.83549570520239,56.565871328753495,0.18709312768257907,1.2682313714346398,12.969177951950465,24.60932958047235,0.1964968812145337,38.23931687338696,2158.611586829566,60.05539412395085,0.4969295873905704,31.36112348174524,359.5486238165051,1.217033927195776,65,2
15612.093960426519,136.16330212493602,92.32288978184468,87.51144521554625,180.63716379102246,219.25896047471485,112.47991215677054,105.76381527099434,53.80495185753288,98.40980884038386,80.95018615828536,95.40966176425437,55.454519870156126,7.321216759620143,30.87137424134001,116.43118514496044,449.05167739378925,282.09910026759127,7.702664679848331,457.99310896778775,51.986250309672954,146.5680123051306,59.16340439101387,79.35100260878454,0.17618053979094117,1.184635369259575,33.17633968332114,-8.037748777699875,0.691769882184425,440.44802471646307,3318.3153678635013,60.06111602736679,1.4757506309833093,36.7010080064831,574.7271799766006,2.779267924333583,65,3
177.98018991033047,1.0050205063938167,105.9427080876384,94.74021855610104,124.1102915432021,85.09355585458478,115.02088452992548,114.43604012995098,101.46503601233523,112.65323531504191,93.12386559354077,121.34064942003779,54.674215266258194,15.653311006796876,12.66306218723273,192.83221362678452,279.7686354588105,226.1506939080351,5.064141907224613,10.389188101987067,25.985209292489163,25.217953593170435,110.30794034538863,27.35745836024169,0.10221678825432193,1.0,8.232504861453473,0.7754047672792659,1.0217281745053652,37.51628517123421,2941.822426563666,37.55716981588624,0.6423805911673278,28.139290641545408,427.9569044679012,1.3000439148855483,66,1
288.08979924414757,-23.94413538432938,110.56268448257681,84.97760374803303,121.22920023422986,59.67569927992355,107.47864148224514,113.6010241739975,97.72964996041239,195.79911707369325,81.50267178407161,117.04069614280749,45.88127165856008,7.742718190769371,13.782997758736848,169.97497053414574,331.74784812274737,208.49156441202348,1.0142861554725464,64.22808023572071,36.60826931174514,34.37188023711512,87.20560123391168,40.2013584921536,0.12245373324716075,1.2304208351963433,5.900537262272018,12.322648178708109,0.6176018568773456,39.96560507027641,2795.4483756849468,24.735364180950377,0.3977427106684133,31.576457063165723,318.6523329146474,1.3026529873370865,66,2
8932.042207636741,61.80189318238155,103.03874170532701,82.49749364683292,181.28480205787022,79.18684619923633,123.69185893734499,118.2028214531222,87.75486711867816,171.637985771158,81.02432652403695,136.20932574199415,51.52912288068272,8.805259062191457,13.210214620840283,167.6802992540715,354.65085521463527,225.4016791090194,3.8317399086515174,462.0409314965621,22.83641702423415,40.73048858773187,63.47812510118168,43.811160162332655,0.13260289147466037,1.3534549450951399,22.64432790120415,6.693811902899004,0.7157169493472841,736.6485271895581,3142.7546686002925,50.895268989104146,0.7330059011468784,27.935561966621762,509.72748749542956,2.046717874612871,66,3
-129.78955661968763,1.01449311780876,93.33219683633423,117.01602405344323,161.65828909713446,132.25046884360657,108.75887672715437,103.31930861122211,72.5877004488024,77.21122839824949,89.89428053406446,190.17350145371054,51.9375263680834,11.891952155980633,12.182485934410636,229.00397748187476,310.63928896310017,233.0382550724151,3.962751437072043,-3.3520594416124307,50.44054332550832,64.6939502740914,48.679647189291266,44.67605204406393,0.14807902505831252,1.0,6.222912900902219,24.05338428698211,0.7662299672152919,49.329088742418364,2152.610906775164,21.798942296978858,0.891389566197422,43.370212261701205,618.5149846879261,1.4911978431897686,67,1
1008.7244032790629,15.755676776472498,99.82382779243531,99.37501201798982,153.07684775059073,141.24570136456276,124.89756306977644,92.23078248532441,58.96621733249571,44.877290678316825,82.77542860097982,175.527719521393,43.04060089211933,7.3879077882091755,17.44091156980719,193.719832534899,463.50001824890245,272.4198832339529,0.2646935357289215,31.252332261081808,74.62561349215201,70.04448996033,41.095065538382684,85.17065627824522,0.1968478855707067,1.3042149116903057,8.43784140429502,-8.023612344278856,0.3217758314086714,34.46210085036512,2258.7717872774083,31.434433055569727,0.925044765188566,49.8154501893199,510.45997511929085,1.3340765495542652,67,2
15044.396770854702,118.1796657776828,87.606837804734,98.0219509213039,249.99428585131892,226.39292116511774,133.42743022610674,101.95621016952819,34.431797362168915,60.99934564551603,77.39661501747328,133.95424733343793,25.65547001184066,7.41027965707379,48.17492653348218,135.25367278438927,483.32574932086146,260.65984074029944,6.8140486027433855,891.9223851223193,50.069117217996165,77.84190606459671,19.791880331732926,82.59121344762922,0.1741952255878355,1.1450179688054245,31.33786605195158,-20.053852734462797,0.8729228448318089,51.14456021716438,3737.184514194498,50.93686950132658,0.8963318361913083,53.6531912025324,606.0045280631339,2.760924144402672,67,3
294.32457994001913,0.42599804887545484,97.75035687985263,85.4977110534487,96.04046578676564,86.57059857982439,91.38780470144334,87.50703560872212,69.52268536715003,105.66996360035289,83.65051261239287,122.56106240155017,44.79514726407464,14.77969067070977,9.61104132235312,203.79259510676317,260.4109302917777,204.94037039368155,0.5236939797018785,18.9622523291484,43.18990179502214,99.87161593810637,85.97044016772358,44.57354896752615,0.16713175218696086,0.9999999999999999,10.829326638283261,21.659832758640675,0.2809335257185367,0.7064049832368902,2655.547040598729,24.048174950798384,1.0626484044246425,40.456365314499664,504.82007825834796,2.3718862171424027,68,1
3237.067405535974,43.47028223205436,99.5847427928003,74.37962090945453,95.2414710019848,122.81743221115748,102.31332854167957,94.44645807383918,64.68319314795492,133.372074742727,76.3375085015577,105.8303629086161,38.56504916730502,7.998630848401028,12.271233776782111,147.13011162245016,316.91317043792253,203.0046869068628,1.0134561075582438,21.90157412076777,56.48195977871539,103.68162085025729,75.38297121229058,46.233055036458275,0.14302405958985612,0.7955267858369788,15.41605558209855,11.761722866129048,0.29087688612351426,32.62701275887361,2587.436754358905,26.96168214071723,0.7734230886260387,36.019919236473854,506.1840667118611,2.6422497857630254,68,2
12299.649849634166,158.33290795390036,111.56070375873765,94.75364192900703,154.606925592739,204.2307331799907,128.07279022552842,112.82574759737832,45.121824722222016,191.6956234191748,88.04961152822159,110.54561049605157,59.10771461508568,8.396773019476333,43.81700323475938,150.6572063763875,468.4959873271299,276.7721855159173,7.025207813263618,468.32977300230755,68.1931847974485,150.50040526467492,65.3530256510406,69.95079055067761,0.14671602520227262,0.8153766949369827,42.0961989437333,9.683645090968595,0.7055651592725833,717.5382726615504,3526.9689386573546,42.51307741730341,1.1910615897776988,39.507891938260194,643.5280716886473,3.0945276224267433,68,3
-51.182947662874255,0.7720389252228645,89.46726426757573,105.06421652721383,108.53944055628764,119.03793140753736,123.42067332937135,105.2619094363018,77.48261587719061,145.3145757747147,88.2337821115443,88.92768471850312,52.95393623826197,10.889021801986168,14.275141361410528,142.90722577004973,221.2419288742051,199.283483639475,1.3002419012923854,1.1787069047383056,59.57500189203435,106.99998758108812,101.73495518387016,23.858485900793042,0.12432344945706378,1.0000000000000002,8.41221459384527,13.624159291694284,1.038979633638001,38.014012632305295,2314.380223721846,36.101583307119824,0.3927651305566744,18.969798096923363,394.70422466564133,1.574117056082267,69,1
1521.6227084546945,87.07854460949997,91.74862675597413,97.3686287448297,96.62669324814699,105.2114914167431,120.37805859433564,102.86811031118003,81.70516146101573,243.19878077836887,92.89992169023367,89.94466656016209,39.63518665539055,7.977923460835883,21.246785702462784,148.47078192264755,295.77139543218004,159.9249114881518,0.38275659476271706,9.406092699019851,95.15513448279354,95.41728999746695,74.32648238202533,46.332592310173474,0.16156714070188158,1.3488144453511557,6.923640358439772,15.308088407489375,0.8560426901179654,49.94861171297201,2550.704872247713,73.04940269204391,0.3489823262278767,20.535456028539627,410.1020619464122,1.685467189687027,69,2
10548.557489934381,68.38689057622088,118.24247177447091,116.92969734874237,194.07214950113223,163.53234425174222,160.58415150636404,128.61238174782687,120.33583388443547,219.3104513385945,98.59964116216773,115.75574261639186,48.228442573979464,7.647113186989384,25.05711249837692,155.9776538545187,378.01082315567226,244.3683247447464,1.5424499228065112,406.4373043515474,95.66954432001921,112.83973512670295,38.01487400670733,62.97498811994396,0.17224813490139418,1.414500489160772,24.93167192978104,13.629676094233659,0.7452384198365462,410.1175106561962,2752.0080542625997,60.24200242161717,0.44921564953273646,20.2073354579958,492.64877463803447,2.0835627436892015,69,3
341.4227705380815,0.00017347474620665881,86.28010121237446,84.79194211791778,96.32477226816012,118.56124472554046,119.84235700809748,77.33582432284994,139.73978841938498,96.76870836111024,88.61734926968329,130.93205552336948,65.98885010915245,15.600623949864453,11.942786731896863,207.78058319277855,241.76015426856569,237.05472818806197,1.3265848129093032,-1.3011788894533582,72.00391989404493,54.517019519297016,75.74022304790705,38.15118829465738,0.15433726285480046,1.0,9.390868926378072,23.06441202004045,0.36195107244628033,-12.356023799806263,1683.4898963723506,19.0740518426856,0.3992549491592996,37.81256125843744,314.89818099098267,1.1551369039368533,70,1
3530.903135298268,-1.0996254132145253,92.60389682406311,84.0870867327067,111.2673782977779,185.56611413903363,154.38788999551343,82.05538362633715,129.8077111928292,123.01838273978814,77.16575914611225,123.85595514669161,56.24428618757017,10.234936907817595,19.607675908063307,164.50586923532873,358.69823212587545,246.79721320658894,1.3465113267441688,63.6900003872187,92.96806828124605,75.73293472888471,68.52291555262182,68.78888817221002,0.1917407506488119,1.238559386032247,15.521229187629427,11.468396757257652,0.1769336248104451,11.708272862302707,1660.4252517199573,31.963117125137867,0.46502518435508033,33.39583042382385,285.7330446666474,1.1826978329825786,70,2
14063.20789866599,186.94540033160595,87.10138310954578,85.20333419241,145.7401163407179,211.01367580303216,160.90104649317593,100.98256512606201,71.4032403605054,175.48324041935052,72.88600289121413,119.22524492193986,72.03333242887537,9.978665504397311,39.958651388517005,140.718918492236,418.9869469122663,283.7094013821438,8.10599857246858,332.5931249902586,96.7760958181255,128.92357544200752,60.933396681801604,71.2500084277224,0.1666482706788549,1.057034776856848,17.39286959642817,0.7871789816292694,0.7032048176203243,100.65929449651287,2278.5699778459402,40.201519255217704,1.440223754691436,40.05026111530381,464.9133162997135,2.213317404846337,70,3
306.9877661618479,-0.5025116346545558,87.3635951175196,97.22608543453096,87.71491910145312,74.98311634674842,78.47843746316941,73.97481885525373,92.19746192788065,98.46000892507715,86.16594549967998,130.4014267536478,51.76601714027402,15.081813137167188,7.107890828002411,208.3244636596835,298.79527239521053,145.40812591301295,-0.6160047852155013,-1.6261862480772802,77.65102069675028,65.97597826434429,68.97648867791311,36.71744969593388,0.1110861947056469,0.9999999999999999,10.257061166487084,2.5809581895995786,-0.12223656714080933,2.245671950308271,2847.072876518084,18.690343692521374,0.9302208563432213,43.40542722737522,604.4103151061637,2.2179124719316032,71,1
3262.3010048441115,28.980503052544243,99.43866628180001,96.23885372964465,121.8697639150545,122.71127844367497,132.02652369696315,85.9767631906062,90.75205248911215,101.0910932429976,80.3429206305849,133.67724956327143,44.45105057824638,10.40612167153541,10.639726804434476,184.51555117720105,387.9289586334869,219.47559449304708,1.0637056810200676,70.53181922411427,102.6974772843169,75.20979087765986,72.52018514147592,59.44231971984723,0.15094897875840507,1.2724896507695778,17.294847952602264,0.20236778381210208,-0.06413350511698868,37.79302106810092,2531.6892133748925,26.851352417299804,0.6336685778668851,41.26371500673147,535.5579202152811,2.2696532052247336,71,2
11190.850245337017,142.57912631130588,109.989139738579,101.34991304752106,180.72369704751975,169.82002444175185,123.42302147330427,101.31335728377609,61.38258402167422,204.33216975229794,80.4300455188348,100.70360656615891,56.65167877988685,9.72389129461919,26.480552914630035,153.58983941068703,435.44491964519926,256.8860562663287,4.3067929952336295,485.62797432056647,101.05809885581924,144.09904722120743,81.24280405351958,58.642052068678055,0.12775930269663155,1.0858223007309689,42.600587693855935,15.675289459194172,-0.15883085199100788,342.1070274844917,3291.956946104371,19.425476833684233,0.6261437376235555,47.380931097612375,632.7263143287449,2.502093913802555,71,3
279.8111306211613,0.06397328939115665,97.10720309217875,77.64743945721328,125.82218295668537,54.519573281085535,118.42992472597749,96.10856689672698,110.37437349462807,119.33044351178712,86.5618767413053,122.6307580929415,30.736414707684883,17.051420482163103,6.73373311177202,206.4804373897845,268.1497549083224,147.66832129574323,4.175139531107647,1.3533902361416628,45.45332672779143,65.33508649136802,83.0060748971925,39.44471843017925,0.14884976463225513,0.9999999999999999,8.974876980593471,5.916396376238257,0.6166879681401759,10.539744979386652,2717.31695139945,27.419267356799555,0.6543461085550064,31.254236455340706,526.8327555756598,1.9335237413621447,72,1
1353.2633731219694,5.356120363975769,101.51465876115788,75.93366257789008,135.85406010145098,75.76258916333299,136.16246054289502,103.99821033319546,112.7604591920622,162.15437466764146,89.1228345403545,122.50721971309902,25.200856246478835,9.202908639978633,13.402593401149545,167.58245507579156,380.9765346110709,170.93523794924792,0.9667305123774255,68.69385894344214,55.953040519589564,75.46315070149572,70.79571654869008,57.38487226456399,0.1478171801670871,1.0399236570656885,10.112458406063062,12.501627977730806,0.31431945906030884,37.89461542432455,2496.399239869165,21.48221872612269,0.4827021168898134,26.932997589639374,430.7116612887995,2.0825507490296387,72,2
4758.767155553066,123.2515954546953,88.48973091041557,78.11274188869076,186.81628972170043,97.74231970805467,134.78285782560445,102.43052993396351,90.38233190194684,170.82946596774545,77.68099750911439,118.019110535948,30.664841946966526,9.337608478739197,10.072634229548806,164.68926547710188,378.86158464577636,153.1537411788275,6.162060563483103,175.200779014258,42.98633656188752,102.9593933796,70.8168156478436,59.44348160088333,0.158669470140172,1.136935467250677,37.05795376501825,10.488287311168245,0.7538764803041067,590.7397709677514,2829.8797219114495,39.2178638301808,0.6380450262824178,22.47133145634165,630.3018236652724,2.940368601049396,72,3
148.94196667413317,-0.5236636762011381,77.95290023985802,113.52127911586791,92.36499832258554,90.40865115237506,89.58255000402706,83.70928114112766,119.7989802609095,90.20645342243806,109.79420644014598,115.6509763837381,57.02794874707152,15.23593434529145,1.9485727670403667,207.16282663780095,183.71652132406837,185.57810661456645,0.9586459872548493,-3.6376497510111,22.1062159969049,126.91875884473353,64.19389988987457,36.498072741844254,0.16799302507743,1.0,10.732340317208829,2.125167321366698,0.09780954277064802,28.095583700099315,3114.4839701156725,38.75278743789872,0.8250030198259743,40.394616057775906,610.9550369009064,1.643222464205805,73,1
3062.8356498886087,-28.457370018138263,98.41994733378569,97.17992997320395,108.85558551050387,112.73755471631476,108.42107572701418,107.83865908101505,94.0447457750479,127.11806629056626,82.06338390625065,102.27706649011118,47.758996033350584,5.87018799835732,-0.9965072523190592,131.01878009748899,246.7029337504986,279.170864538598,0.9713243796492538,54.71496166866938,25.388905622888664,126.61250400252443,80.99842632357371,41.65220772723511,0.16763451129385978,0.9354415987694525,13.808287653751625,25.72155244412717,-2.438090046652519e-5,21.979119555260553,2895.8122796557213,36.033027975026826,0.6010464630984923,35.42809742813245,474.2340478119025,1.7377451513470388,73,2
15270.2771040331,99.15449173818618,99.64053370629291,63.64072986443932,125.69898830814407,153.4780288315182,106.5871405996185,96.18282560307048,42.59088604968976,127.46180850498477,83.66284875535997,65.44089458431188,48.73846951338275,2.3492285725786006,11.814050974855311,92.82705255775969,362.6448851288784,271.4025405331692,6.184451404121146,349.2928981576018,19.39651076176905,133.10233210879184,72.79387145007293,60.25243888736087,0.15907425361580158,0.8451640554653198,40.13577640476385,-13.296238278205575,0.737613444042884,349.0490081167207,3460.3130318049903,51.97867523988242,1.2536928438009602,38.280151539272985,609.7185611667622,2.51434637262841,73,3
170.8500988269914,-0.0023714591044208255,104.10275747127965,81.26417336422786,103.05588903368945,65.48928117345834,121.04719062230295,91.36363476247885,107.54056224829031,127.05910782530233,90.19196972466837,114.99030319769967,53.68031116053895,12.738230026443144,11.590856167733605,180.8593660394901,274.8577392205449,189.52271950958644,0.6263377866921351,7.483035146857285,73.14622967151801,108.39697445655716,112.86381959509558,35.37578393662804,0.1350078924160919,0.9999999999999999,13.943674875818427,12.163493683020132,0.2776850240318236,26.793829572647308,2532.723456953414,14.444843669164804,0.8139475420274092,30.317762184625593,476.9841011868655,1.8474059047480045,74,1
2850.9773621514382,102.09060983013916,101.00428743416924,71.1266558875029,98.95924246944573,74.91059965090601,118.79210729585698,94.51556369661489,92.3054264099512,156.17030577447338,76.84321260808656,94.64634544034742,48.15601905352975,6.552459643094774,11.65488944862359,158.85508113839637,295.44801056789413,211.08185954527687,0.9943234066599064,19.11972635486561,88.88471082165259,137.72521948696473,80.83382592335091,48.55573893784125,0.16440566909490875,1.2499507960910858,17.3514994925396,-8.613328134261977,0.3614598090682169,45.92824677399932,2375.4792686844116,19.620589310645755,0.5153316773832699,29.932503205396515,416.8151999859884,1.9678137482716682,74,2
7699.768046514256,142.8708307581665,122.62839347303915,74.01624182568654,138.24442048091123,-1.2073270365365545,100.07482654078481,96.48185131261326,50.040138131494956,169.80625175775015,78.30835348585386,93.34377933280126,71.43485897386084,7.345124016449264,17.015493999811127,156.92194268512694,437.739034096566,211.86549648792987,6.22901756788435,98.29665347231423,84.88019483801686,181.3251702932151,68.37891050201924,73.74623559472246,0.16388427484954737,1.2308937258384944,40.804555343414265,7.381712746406648,0.31899350707346813,48.766599501106725,3462.020909392841,20.43977502126905,0.7935648802758779,30.235370185752355,592.8366669545454,2.257073594624582,74,3
51.360314290279774,-0.0231377572672683,112.92024313171824,80.95033458368069,142.18918679371302,48.41861373866549,127.94714549254834,118.5767938972049,122.56502129377529,87.58293289503499,104.70598486925776,200.29268973684685,52.320283945988905,20.83596613201511,2.6890021180074717,241.634846669697,247.78937031255197,244.6796599158366,5.685438850666226,-1.4600247237835822,54.00230158219511,39.20264882964773,94.75976045694902,22.433904413165077,0.09204407576541598,1.0000000000000002,8.001019633942695,16.279700864516585,0.7233054414575504,17.038945038627126,2413.634692077569,31.09960113795742,0.568128316854104,42.049155665555375,379.49300149222546,1.350239542267934,75,1
1579.5175346134242,-0.920075113308144,111.00111861536152,70.44705378466479,116.11087559359078,91.28587783298414,124.84387651076202,111.3686155816116,98.50421854937902,111.1804910973661,78.63175996125256,152.12151926342324,40.49391137717686,8.716070846951059,3.0612418484570885,178.73840549513378,329.0101838286851,260.72212435955976,1.3703106239468525,42.232687094395,66.1181178794696,62.445604408312164,90.39498087525357,40.68017185489079,0.1233629110478223,1.269454434782757,7.586599896303824,-0.0038036391738689446,0.38947090102085985,42.740328100385014,2718.7709407305542,30.820570557104055,0.6159257838948956,43.614357157670995,362.2479293588704,1.8450421972737094,75,2
9940.656299076518,101.24867934272967,85.85122344825794,80.84891853696068,152.97799066540193,216.09226507218466,123.78750668664011,107.62387386394379,104.78400053464682,176.25207213882206,82.36042006962315,119.87328073879112,50.25824460942604,6.990171177559726,3.362060900328281,158.0785591478246,353.0751739936111,261.47933487274787,4.970121607218073,470.61903792164856,47.8439904337332,59.35063163074844,48.22145590246222,48.01056856495579,0.13996691788920368,1.415304517544132,29.806737866175588,23.823623750065362,0.5920058057983496,490.4119833934388,3525.0483395360543,70.14069869141342,1.3082072540762213,40.59928403674565,635.0603866740468,3.185649187862244,75,3
483.4414432969502,0.17237272208798077,59.65673024864768,97.32561457471365,49.527699748537664,90.14097281165782,67.6939199173238,68.13165371568076,97.8584529215528,78.04408715492778,93.84551571916765,89.47831164973401,33.12830352618864,12.975243145133378,6.044297810209984,163.70734660631382,250.07177781182202,104.06414264594504,-2.3066522113487737,-7.7891441301097615,41.858105397342555,113.43354416570557,52.585798909352235,33.527002713084705,0.13029584507040656,1.0,10.075102832072028,-5.743159224470427,-0.1437831242020169,11.884341072839105,3121.3526429325975,47.47957873362423,0.40258767477736535,29.674949761074103,572.3341220075691,1.878678781396382,76,1
4162.281602485322,-7.325266207999455,102.9919968105132,103.37527635064262,105.64851879908979,146.24904917866647,132.83755187496274,108.9019706980481,119.62582957225204,134.48296638160903,95.79409726103012,107.21854301879175,34.10176266226189,10.345053099380571,12.6417030656417,121.89484023225818,364.6077651920519,230.14453470716583,0.7827223326177297,64.86082113988417,49.31755322096274,111.47833878419284,86.02804621453112,54.04046126849179,0.14978776918659276,1.1900651327226106,15.433934779837339,19.869059710274243,-0.030726380883304705,43.61092597454983,2930.154203463146,48.90745717149284,0.3661101451639961,22.55993769023752,470.5007947183946,1.93560110497056,76,2
13575.7613525452,138.72525956506473,107.81923236638004,95.29768207133324,148.92468154398708,221.05656815275515,131.7029831739757,114.79741952927168,101.31557592409084,164.64038371759617,91.42423954664108,62.641899479476024,37.93817778360878,8.118651264793955,13.390162755172662,106.05608019855667,361.48788155593667,240.21065842654127,4.9135288515285085,283.28924836165874,59.196955462959416,174.3141469391396,79.70655322259057,53.00880418020513,0.14701427668439,1.1485583880013768,41.420007493827164,19.3567511660818,0.07804942859503006,594.1081150730016,3012.186195787173,45.93403134913221,0.6873099961699923,23.539496375562727,631.8242086911393,2.488020787671238,76,3
-46.91628610673624,0.7263322147129713,87.36025093829275,92.24442870220614,126.80760957616212,133.62076787001422,88.3142437259664,96.32847176481758,96.2681842748253,134.22825580574988,91.64121717052339,147.26010760470874,48.73656888139272,12.37755351893257,12.09600847249245,175.74447809305823,255.99245219759658,178.4170657392013,1.6643627376004293,-1.94418800826105,26.926926714046264,87.67716325543077,61.54575366487701,28.22177839059423,0.11593533032258582,1.0,10.487402963030558,6.203119297004605,0.49500434038197483,55.260601921039154,2617.7423078545116,27.546288295555303,0.7170053769772086,22.834614019824507,446.6710873094587,1.3149423862831686,77,1
588.5945068790581,29.782142911577218,94.73024871323011,81.65751811458787,103.29075885182593,121.2018650118473,92.36904641558404,94.57715885172175,79.69153625957526,162.55235392966097,83.36838402254814,130.70425963297558,47.72325295415824,8.098524879182829,14.131513073966955,160.9226254628872,307.5493866479323,217.85539233114173,0.6158530444843258,28.154607078291683,40.35113131306308,96.69436449009885,52.409824002615615,48.011663680310555,0.16047482317747136,1.3243589609125943,9.017235497249459,0.8656206513699907,0.3270722466080391,48.46680993799288,2270.115565289698,45.102455202579485,0.6042584632902752,26.37853729858606,350.13567571517774,1.238119185985113,77,2
13313.081583236923,104.33131224267382,102.44994626427022,79.18875554334497,222.00285344486483,171.93887846734856,95.26733730892744,101.2067694545802,61.00254813689081,146.77668872094642,92.48152692718153,118.15335349282174,39.08632941532548,4.396335022504198,22.58480324855892,116.73113344306431,443.5520627876776,238.73682913657657,3.3983420250951504,760.8881425633476,30.426815175077806,135.64459953504672,31.198820528149955,66.19581536619162,0.14979644986758536,1.2375486031342628,36.067873007961865,-6.694858598255248,0.4345274461312117,237.29047002313024,3597.2600553275142,47.67112782725532,0.6229197804425347,28.964996207537737,429.483671968045,2.468065196140379,77,3
223.6841376875405,-0.5073607342311993,89.25671155219277,90.68031452626656,116.91847866361138,131.16072734647793,124.31768339253134,97.0539344924637,158.9314418303363,91.14797132244378,107.39708249630806,167.08839861545468,64.81930980985783,16.44120925579849,11.542838675880654,190.19664315330263,210.15053516258092,241.02284662210639,1.8261175366875078,10.252595357568747,60.69237750248878,72.22318467890653,55.201659270564065,37.194343244869096,0.166960599907825,1.0,12.217691633022103,1.5169013405987712,0.5792917001678856,25.697924517245106,3329.4624977465255,22.69039305620528,0.7039631569685857,32.94439795366927,449.37276518843055,1.2924241183222456,78,1
907.9585524062663,58.781857224007965,97.70105954087822,83.1865629941968,102.04527722640911,162.43960406596412,137.47109198001885,116.79017605241188,138.21060706706385,90.14371361332032,89.5912919336539,120.89365611513176,63.13056040425086,10.931549344954778,11.205089559951892,163.0342168602964,310.914821441552,277.47427758043113,1.091616247723766,77.92542171717653,65.65555963157041,96.94938181500162,62.115123013477046,46.951901801553795,0.15347431752635976,0.8465637434532527,14.100356002713271,18.89609385137419,0.3937069565600476,44.44545751649499,3181.726583121642,42.4220614233399,0.5563120377257104,29.06587562808908,457.66787107902695,1.5934185758312827,78,2
15579.173896743541,263.82214923710455,108.83156193721877,95.60589841954597,182.21909016711857,298.90145374858247,178.71962275207636,121.20836413216233,103.54228439132098,129.07871089216735,87.04147154423529,87.53120150824998,78.40450498975886,8.973929615672327,29.575868894586932,124.06839780143846,348.3800779543289,303.8495876554908,7.5259054722847285,805.1596008327454,39.48001672463499,150.89597069457358,43.06153873167864,59.37516389901927,0.1676015450407451,0.9358579873147446,56.91177150174245,11.063211566309388,0.8711847817958986,662.9998000997059,4314.201120687727,50.532870021249956,1.0222608220570346,29.14506712265893,699.6651839231024,2.7825811126950697,78,3
293.6937950004921,1.344336080307396,85.48065933848754,75.72296486024504,87.66908677970525,131.03982892781923,102.03238540403672,90.72190010618685,143.23412962436163,70.63221771716368,97.86557198312008,143.07438968087573,30.35359345553398,9.08658693807617,12.43669999197774,174.09530618160102,241.1843028126666,219.6837037218627,0.6380227016309783,4.9024585727488,46.06064033837153,97.85292512000696,59.006063653249036,41.341353579623345,0.17478705530011773,1.0,13.59883567719078,-5.62442640806902,0.6138986976723557,39.802323066482714,3087.705080644026,20.110916140620915,0.5147826469308094,27.39481370537605,366.3715392900251,0.7995730274455438,79,1
-824.092977895471,24.928062631345327,98.41305018970753,75.68519735804111,72.65713654498809,132.25460439063735,117.59688455378516,110.9168818198241,134.4641363815334,69.42250161684207,91.9147118096567,104.52177720178702,45.516329401332705,10.434964699851914,15.822360630392453,177.93478761872743,327.9994106202289,253.71707290458144,1.3056301767875609,104.2067639671219,46.478055653157114,122.3998688800892,53.38222375201349,55.54894165444503,0.17517314410326287,0.9781942525716787,15.670427607519542,21.38366599719769,0.5092197542022209,40.24021747163492,2972.7545972825865,39.91360049742262,0.3984238453009079,30.439890782982612,371.19086135068744,1.0499474450613238,79,2
9506.072226461778,185.93323206085412,109.67520753532749,82.00707950677985,160.39558351117012,189.4368443766024,155.0959445503044,121.07209708475838,94.69475120811332,74.80873552955113,89.05226379772908,103.20774659812625,41.11067717188512,8.146712467735028,16.233671835486597,145.59249140166074,357.1748317503649,267.1736872758913,6.1872195270931085,1077.4419729823776,28.6149179532544,179.4087744621796,28.373637841031393,66.26273929842327,0.18666516957640325,1.0645542647143542,60.75972365578744,8.98845576276977,0.7665422907849602,543.7264716731438,3997.845459238655,38.47212046642639,0.8064267815107939,28.46112850688393,614.7265176483538,2.210060540896451,79,3
-31.833046962695533,0.1973290433684296,81.62101233525274,85.52248266567715,100.08184559727954,56.67761128172874,88.40284596666848,88.81710415161272,111.52180711322747,94.816679317868,84.02653714143304,107.24657584820949,42.52652249890352,11.537472199311642,1.2002215810792976,181.2476045239132,215.49123614985504,149.9994549423066,2.636908488146316,-0.12648063951380184,34.87972241337704,71.26979911184746,61.39471963833587,37.19249397931084,0.16570381469652007,0.9999999999999999,6.018402113982826,-25.048256935333704,0.6516837138048023,34.05211654673679,3104.45859813779,40.90704382804137,0.5309808352101644,22.75874321817644,400.2416541902493,1.4248142584314183,80,1
1146.6828324575317,51.25552571878568,109.66899672032949,96.43934999673024,115.13516780714595,123.5175432515902,133.6784080068766,115.52994917119385,132.72712305631168,190.8300180231136,94.3398860737731,115.86941066121709,38.997605553839456,7.672457555802816,9.454382619583008,181.5703879766629,339.4916450118865,218.15771877619824,0.4295701926799449,67.84776350658663,73.07232426616905,75.18674878778906,72.47904989064136,59.543376746497664,0.17494103242847903,1.0616422720689207,7.652073283849915,38.9169487917199,0.1600161340340814,36.84438260328831,2751.323026603208,56.970510832125456,0.4481123078169532,23.811438788603866,410.8365656163959,1.7589437110827688,80,2
11293.89762733678,134.80719035039186,118.14645760804065,111.60080072508977,205.12103111819928,202.6049754340435,182.59556271005874,130.40587394310424,137.36571713377646,181.01853698772297,95.36326608148636,121.52171270118791,38.45177140167002,7.33323540242615,1.9185463735961825,160.29102739460467,425.78661059676864,248.32294352861587,2.1193045107101547,813.744125402284,65.05691804500324,118.86431596052606,59.99214800198285,84.85371424215201,0.19967357369164423,1.2226484079037365,38.52545689978063,21.481683370969854,0.46834935813227907,574.5379303271019,2818.4784075508005,76.19261245748959,0.7856327620946608,19.78177368874087,522.0956127395456,2.4779944860627716,80,3
106.07100601020986,1.1480718348225716,91.51807395563992,82.73257642182847,85.05773720508222,106.56138044347276,94.54228048787607,90.26670988349422,98.27057606419557,82.32823642820912,92.6846389460895,109.01771492060547,42.297165572456905,16.551396897067153,5.746360167826252,180.4520086204312,193.43721365157444,166.37818497540061,2.833398055687403,7.295294775293915,45.02132396763002,115.37742845357644,100.9441649159146,43.314673973193415,0.19373682028409583,1.0,13.585333200700642,3.8961365298406223,0.48415530253851397,1.4578327462091778,3096.22894833914,20.44304658868132,0.7860613501278602,41.31145153044478,483.00804054508274,2.041094567362531,81,1
-65.52778677852211,-13.019648886255155,98.23896569316142,78.19251998644901,87.7140616728456,130.3920334608988,106.75408938619644,97.35385643509325,83.54843037434141,113.36792059642006,82.5467509996043,109.66318392717028,36.645043375972044,9.756768766602613,11.834294162389103,192.0757584411532,287.196679666311,197.4176157190984,1.774155789002306,51.12975182034303,51.42503556543238,128.64819235716894,97.03624927879395,59.40948349801857,0.19763992268524125,0.9778819532382844,16.016795931752934,14.701424811400964,0.6067506372722606,14.571101438354269,3021.808117913093,65.95965643863155,0.5707670303592989,40.74525586202449,532.5856201177448,2.160537673401824,81,2
4219.447705741421,85.71765887749876,114.52334049442513,98.10439008624752,148.57419737895796,252.7665248038606,126.77117252030035,124.99622624897762,113.39930835601389,151.29586326477894,97.38523568172249,106.3514649592971,45.89263743289463,5.276317391689114,10.413704372206846,175.0790973016645,441.7222754107661,263.5094942063397,4.698979359703934,832.3092415931213,62.33634974145004,164.9441623010629,55.962418665973644,70.77632252234551,0.16952461068581529,0.7483161146370869,49.05765486824708,15.278575563031378,0.7844467232567223,379.66001937923716,3604.682518296061,52.89176809469869,1.0816566254688755,41.54399210655242,676.2558384504813,2.6111052753995825,81,3
12.174695300521464,0.7562711596407136,102.05684897446574,106.52457000266689,122.32063468732294,89.14416339183288,120.37305726977311,89.88509105138336,86.69053026372471,109.22057033816121,90.58948651592017,146.19527362519145,48.252882051618855,10.723108845611469,11.288732159121917,192.52175331067565,286.90262243583635,217.64609980644934,0.7397805183450546,9.631683204473166,69.92247076769308,78.17857945423235,75.52380491351211,36.84604803309827,0.13906658589957413,1.0,8.71419077831899,18.879588723808972,0.5422349652203778,16.271635914260116,2226.6385701390427,20.039770579498683,0.7371588107797686,39.28461139036502,398.5654318804902,1.717311871642716,82,1
1939.0414848943533,30.871900544873895,104.77899731602561,91.26768930171083,112.81888349515194,79.45858239230296,127.6986832569027,86.04846062570633,75.94640633928913,146.06129304017895,84.36837516134,123.19575050018366,39.4543909533022,7.119571106850538,14.307896696881114,158.52346806577683,343.13024112385614,208.46039717773647,0.6275686367985555,30.184659969244713,89.65160076769646,70.4937739366285,49.6926611029774,58.33084615429879,0.17279482761566187,1.2811582560427464,10.75761120641666,5.300206852358623,0.37176752095091037,33.22362454389895,2421.787815958486,25.251100579412665,0.5292414828907046,42.735448441781585,387.34214414626183,1.7862119362997029,82,2
11223.762099934482,43.122414039308154,114.83970110028169,97.94693931759168,201.56010233062835,95.92904105630274,155.72291383056603,109.13665132060865,59.052956486435235,174.55435839391907,86.86453055820529,135.83632282135662,42.44660023905551,8.0342224313444,32.91342947769316,156.26834499069327,378.6231158018781,279.8864961149523,3.0283935302543328,270.1203298797551,87.61665930880912,99.2857464549798,37.236338730285375,66.40128856613602,0.17458259149432748,1.3154704434034945,25.929071846597676,4.944615886287607,0.4239983022208198,421.32323912788127,3002.5682996033966,27.046539904004067,0.5036760012127186,45.81647130360925,461.01103230806837,2.2941516146945027,82,3
85.26674981298345,0.492020114957181,91.2400978759619,109.76582174658142,92.89735182287761,114.18909821946599,86.57416017671402,87.04655125543347,83.97596498013033,114.94833870286962,88.86869232431219,105.92728643138696,40.078232720269824,11.797683150474574,8.554577521759754,164.2415569654618,309.9765425089788,180.40563025650823,0.5454312714491354,0.014723336567068479,53.83882271732869,81.02190820173008,45.08423250788028,44.186904279093135,0.14097648015590641,0.9999999999999998,10.290371007554917,12.399644047708694,0.5030859946401642,27.170276025895095,2784.1208469179423,29.631367876432176,1.0985444083247482,37.898426915077664,566.0793817034679,1.7685909799062773,83,1
1906.4269781829298,22.757888820339858,99.32692437260083,99.12609835730973,100.19641766576608,124.01314413299569,110.71778224683085,97.78342221296629,93.3097885361899,149.15416907806485,86.06613192266329,100.80033469615671,30.627537922827784,7.922069225840447,15.973364075741951,176.18119439032776,365.47799967594744,219.67383250376835,0.5217152175853322,45.84073774600714,70.05292089750714,74.71612623510643,70.43268268973394,58.52776553437599,0.16260456847335567,1.1630546786718865,13.646200673258347,13.746257552355303,0.35943803127475993,39.47825833884047,2685.2505775819313,24.525361224855466,0.7631879024212399,39.811048786744315,517.0725076627534,1.7955713968197888,83,2
9710.446811146645,101.61380747448779,116.1985096060673,115.65454359413285,153.35494016843293,188.61144549363257,127.33063556987035,112.95310259849623,92.92561775011097,210.55358665858358,84.74199870823311,87.51968034844391,40.7637349032443,10.213831411019129,31.907332381828144,147.34954025436062,425.3877076175339,231.8058321946071,3.987916286840192,808.8651505124571,78.527426592713,114.49425933047317,58.00703574242757,66.29849465842142,0.15673086647859796,1.141315070943618,37.86491315630659,16.11057387966091,0.5471680465600878,543.7272755178685,3026.951776757358,43.83355740015066,0.8565530294524298,41.679572332244845,563.0470989588421,1.8709057500199284,83,3
27.10961246984077,1.0794722942025456,101.72277868877616,117.87799701334889,105.83276220517185,128.3522923372858,86.33559094541737,103.94177346773307,66.37654535747336,134.57019541870577,95.8440527751296,137.88384485786915,64.1906493650432,12.339367000184694,10.23819918225638,150.06028379873283,268.7303084453406,197.57176489163407,-0.3369299671413688,-0.31103652080185373,60.156215982559154,89.01407172022995,82.71346239330197,34.982702411315444,0.12800497985532272,1.0000000000000002,11.055430470938235,15.658825223981278,0.6027125375746385,39.24972393658558,2927.831851948086,8.013300089702856,0.9216469484602299,37.2524987569549,473.77679319195914,1.251504596560685,84,1
1187.3090935757587,64.96588654199226,103.83379614795638,104.9794841009847,117.32830227431508,99.59747737460987,99.71200132893654,109.50172681842012,51.82454591013687,151.42250176923108,86.24255096399268,119.26784015184761,51.30592358412147,9.687914574172762,12.202479193750019,162.17320366829333,336.2731132207775,228.96127060244183,0.9828251295999595,79.3779940211173,69.88001149577718,89.81979658596698,53.136907074806544,57.55768938900048,0.17818239655349472,1.2852015603554583,12.006618546754526,5.419985309838004,0.6215844275032365,50.62252534215153,2843.208299246193,35.06636592810785,0.6154575030445211,42.933006290721515,448.31200058912066,1.2286780262531607,84,2
12383.260393985418,66.59820389041307,131.3756334164683,110.92758099284514,233.6902192714211,146.25764000935425,128.07261903176362,135.73677915714606,48.250297404958786,217.30995137332624,95.55940628115854,122.49842175129417,47.96572326845235,8.119961856574959,29.798508669750284,145.4480799040137,427.8896442746055,310.07101125548047,2.0535183333144422,907.9357332663626,61.40115617171941,127.3912178235564,54.62075974623889,66.94193027342715,0.159228036365508,1.1163513176322033,38.848054057362205,-9.281239068690038,0.5739807514590881,530.37624803472,3991.097807341412,5.854104533249583,0.19417724482336984,50.85606601790817,491.5290980629995,1.5893405324947953,84,3
193.72340842656445,-0.07473064581783384,109.79681190279382,103.0920818622569,115.13892788163876,47.71410029052821,146.12692084660694,101.36904063789235,118.72704746312098,145.12594779991164,88.39472639377706,116.92176277520585,45.399968066137326,15.802026617420868,6.468792123167556,211.1381108448665,334.0402871815218,224.7803479353957,1.6956739484421524,12.848804559932184,57.92444624988688,93.96440026803793,93.64245359853655,52.40384996268406,0.16595350292907718,1.0,9.98055255236213,23.078025949975334,0.5131784312348368,26.893507440819,2565.218308127185,40.746969145313585,0.8924420765873345,24.73234613937737,425.8160955935108,1.6070003656865517,85,1
4844.2072444486475,48.22976437946014,113.8369317965357,79.52208784443609,126.48417272183787,61.16075445870399,136.53011853734498,117.95574268847494,139.83478855363532,192.2371846095116,84.02282560673324,109.94459476796628,33.34683463795466,7.612047637193914,4.1973144926848,120.77988735415077,340.8679701729708,227.99516397336936,0.97435749567609,42.43388083626794,79.68639504779772,111.10727700667333,66.51042349257546,46.70250674242843,0.13952434481109602,0.8041349446123784,14.363399388508553,47.20682648740254,0.030344310406529074,58.1106279372639,2271.926273352356,50.56694413220254,0.45645215344967366,21.07267913598644,332.8194071124593,1.4218015446416765,85,2
15559.290943371863,144.4880531275353,116.79907495437462,84.78599978761847,246.58632895548237,104.20786124007749,180.6199840076887,118.31702110121891,75.03914154634532,143.11608797833748,86.05011545831749,111.71721183272305,39.10038881721525,7.726448873101635,26.719610420654963,121.94642182181802,497.9313691630449,266.3476317739369,8.924880947458156,-29.505947684171076,71.62483716742747,188.29945995993685,70.87717206650088,88.04890932280256,0.1779616145678196,1.0715612116024187,51.200717792852245,-1.5858192182065505,0.5597823207144305,1087.2622901094492,3485.3041850567042,46.475776303215056,1.2062192927054611,21.519813567371433,614.6863366844319,3.164762591657805,85,3
164.91336158410581,1.1688245074692092,90.92876348414788,55.63145013145912,103.71487051516424,44.18341281560086,78.53377328157583,99.83511167728561,53.67787036593439,106.59978812405753,95.55492341873473,162.99501422949942,46.391490071072425,17.458221851637173,1.612642555974996,203.79549705601318,186.724454367109,152.1604082021933,1.104205131796344,4.721433820890318,51.189580243473316,99.46149291650585,74.06984854002226,33.99374387906526,0.16645201968324141,0.9999999999999999,10.145003407818333,2.7630925231274865,0.4690889472997648,-1.9474827654673632,3189.7920974674175,30.01513888937701,0.5791833535140729,39.260011923483006,301.8138894333017,1.9753809866655754,86,1
2326.3168724812426,38.38805603910483,99.21062648387789,63.778363102706074,106.98651200331292,101.49922082577856,85.40014417447321,112.80914356118224,44.81464515673576,136.54368913662194,92.27763325167476,132.05993209826227,40.159559711354966,9.759488507039942,4.5616056017359075,167.61796826945357,309.3866172061726,188.67355606150224,0.8933216044125757,38.62878086435611,61.02348905091514,117.58218084103936,53.12457203409089,58.376762281844414,0.18455950330904522,1.1082537705016733,13.986335971075,10.159514797245643,0.3533187591855263,42.44713519473297,3811.5826584478855,22.63018088882015,0.6545549598541822,41.65280721452171,431.3891187324558,2.8304852657214328,86,2
11415.226468751578,144.70435199985897,93.82989142286378,118.77118670333769,187.5236938814296,329.6370531716627,120.95495645822837,139.30790859626674,109.69868418677567,240.58442605399136,98.45571816504297,126.66044036822979,50.652433318713356,9.231493565643504,5.1583181468884725,177.58652720121157,393.4478036655487,257.16030832246196,5.702558672373783,544.9117655802838,66.434417889473,156.1455004715148,36.08106663214244,88.30679443532416,0.22641336716887417,1.4087579845952685,46.77196158965053,29.073009802405632,0.8476236552566196,289.14437606751187,4220.823522016649,78.07666384032865,1.2250933022510473,38.39781404969763,692.4854624837154,4.139703608447059,86,3
19.5976774384486,0.3381760395458554,80.55094210019581,107.42904808215482,84.72790152676754,95.11077075344708,84.01737720900641,70.31982530569397,61.132190082928425,110.81178090987352,81.60512047955775,75.44705697392934,58.31806993744925,10.052136396975895,6.6168756782910885,149.49671163375214,299.76111465047205,141.65569542930965,1.8173206445171637,0.34230136089817353,24.782061464834182,68.86246567451957,39.477880616342325,50.03023261784686,0.17152432653059746,0.9999999999999997,10.331032127582697,14.829061940919694,0.666297426030315,44.790607374414066,2619.227321970037,35.825275836330945,0.8873120822857125,34.94620720856631,688.5814528376916,1.8063909015796495,87,1
3457.515686010095,40.61787894685506,90.15366750147041,101.02989147271967,99.94938030826937,112.49916978410339,106.54969777102627,82.23090046803848,77.17585884551785,160.5573980913957,82.82019624021987,88.08230746263818,44.89111754275985,5.616421107114367,19.754085746383744,158.12924953421714,392.2112710373915,197.93621203209247,0.04143143159877971,31.3906437238811,32.033949781016545,78.99626635652783,63.75142169106593,76.0226364831206,0.1999273805534315,1.1988289130526264,12.904862880698662,18.05814384605296,0.41226087840473485,53.00129556690491,2343.1124575230756,20.383558486004155,0.6063882861139029,37.87756025752459,573.013273293196,1.748995930421079,87,2
13687.518354302647,161.74539259192554,94.79181789154183,109.61832145386835,125.27349578279174,138.89601854075858,120.74352663873,93.80517137884989,54.78353845917076,180.03965422541825,73.51964777988073,76.41282032593348,57.27204641450186,11.339989496033853,39.665272781370035,132.85488508055985,457.4974211551648,180.80916568992032,7.728976925162719,452.77869147590064,35.90816209257969,119.31478142417696,67.2025622523872,86.09586603298148,0.18706616240812787,1.1348601329709347,34.2101536389052,-0.8148679593380255,1.1325123116952986,591.7716887000788,2849.7746168006497,44.84488833994058,0.8188131125865918,39.499124250255775,643.7091364026884,2.1670430134863206,87,3
351.44203945080005,-0.8966962574715326,91.54325459999544,51.63351471618628,37.0290546246211,19.36547822664876,80.99475366000308,75.20099575940527,141.03125757443274,84.12488319737386,86.21456060600191,118.51541694745104,45.40416355068611,7.313862267749275,-3.7443843602053253,213.47404637570924,201.73028294668347,215.35070965369633,0.357333654814596,12.22421900212133,85.44263186900739,83.46123043030384,81.52389866514054,32.08457265783021,0.13742727213029882,0.9999999999999997,12.179289409214288,-6.455971943383625,-0.06897575788061594,26.778712099692523,3192.9281145427467,6.624567743160544,0.7815775891687995,47.90604432527802,500.75139109574184,1.4797175306590047,88,1
5341.694890833618,76.43025036595084,124.84816844634578,77.98555779893191,89.39825633988075,166.49559729451113,165.59154065318899,113.56781395216785,149.39868874094228,167.6784638047628,80.13171466575146,111.87039094976839,50.5183863453168,2.2730368457230687,0.25819213923997886,188.6139639897005,345.03298049093763,322.5249178594219,0.8974824807838777,45.08808641444277,114.68739332016756,114.3833561618058,95.58710180711495,52.69641837962754,0.14390593883616895,0.9946902405671663,23.503436101555053,-1.3111700763217726,-0.08135042587252056,32.90122338045524,2772.7794412124595,8.471030495969153,0.7321824181681227,46.039068505358166,512.702399727588,2.3134690548021046,88,2
15909.725323306626,204.16184512611972,152.4051600318681,103.84568457388296,26.557503095959788,148.66759214323298,158.57151950871568,119.60447580903872,114.46004064091862,346.39433287299676,86.92375934304393,76.97222425267287,94.1622943944783,4.932959470087967,11.072595891993664,173.50997984171042,546.045482727307,326.0626555066265,5.9531660825044375,506.5435948371457,126.30915945517296,194.01774443268647,103.01846744698936,80.34129710960815,0.13082635811020532,0.8364057002271844,43.69205968766448,48.885923549333285,-0.09017730076284713,-32.72593240472975,3561.538077733066,46.87466533381696,1.4783598914669116,47.5537934177036,642.7392033114021,1.56854235744904,88,3
-11.100153272509516,1.0958761286703,89.60174848928823,79.34996878494933,85.70858780868315,137.15964168406245,102.91671017197604,87.4987840089712,122.8423612402264,145.054108776025,96.48668034887905,97.01884957098862,44.758443638128504,9.341535517016844,14.84043642383293,182.4277821571555,355.0103578264423,145.5495987393563,1.3913168606225694,3.167448617991696,69.8597193801954,74.96465093936145,36.79649208807976,54.13300596009843,0.1657984317153254,0.9999999999999997,12.283708192012824,-18.74856466044903,0.43623772055281496,61.95323536947183,3657.000071507092,33.412803002172446,1.1713894925987773,26.02966230056878,540.9479410224973,1.6838331823445445,89,1
675.7058468385901,-26.781663905578554,109.08166407413925,74.18801524945613,106.69896394570408,87.04356231301065,113.01659150405457,103.42423626418156,142.0630492252161,159.77602994537634,96.80638097037253,125.37115681507251,43.0853505475371,7.011102407860339,12.932586934111395,212.12044676555152,350.2983654552802,221.6186731214684,0.2800780311725336,63.5228419042197,89.96347760489512,92.48625781974339,38.27785592518112,73.16929524270013,0.21765979286816717,1.401513367771413,18.233070794285354,28.457579544025727,0.019650629277198184,38.21506449756041,3161.9445308852037,31.925151593517736,0.5143880502803374,34.53239162162633,404.9403930599803,0.9075253478747618,89,2
10818.066434997087,60.430104376409844,130.84975071341262,98.52328481388548,235.1169493273423,164.544183922978,135.76780383230485,123.55503822866366,131.03696065261835,152.30526789798893,98.3443222768677,116.35985047057045,37.38233299999817,5.726058208210844,7.114900973445327,161.2277727642386,476.9108743007339,236.64730182932382,1.823158417841304,725.5362422057669,101.91331807369485,176.93539065661037,28.960150481439012,99.20935803494773,0.22182243720962905,1.464457818239995,53.816632576788436,15.161779304368611,-0.07784097917973243,9.966443791023039,3399.699844893574,46.3614020079696,0.6612183027414815,33.54327694843823,427.7866822491437,1.614337486472199,89,3
119.67784480322247,-0.3462126720912022,96.15447937182611,85.6813028977686,126.65286791237223,137.63438194137595,110.78999049633751,99.9648151251544,158.69804343173848,119.40860789317931,93.3021715015544,142.05335193804027,64.38906298468672,19.247431267269576,11.669737195892496,192.86902076793237,215.7258755327383,229.7625495145861,2.530433064696112,0.46881079142755766,45.24762300541515,59.84468292532395,80.60278434265759,35.78088182940555,0.1563409038514029,1.0,9.679871875221952,4.790619215373547,0.35321087582718014,1.682261889278216,2879.011603016167,20.32755506923585,0.9283280667563722,30.45593345769144,296.85803323242345,1.3213024742051491,90,1
678.4036625334099,24.796534234001264,109.26983446462543,79.24459404791524,126.5963984627459,191.51584593669696,128.8691824822855,113.62328281125437,140.77289259360668,151.25494739093602,73.7322589484991,125.2143535087385,55.007230323352196,10.183314469949064,11.64910565297343,189.38073552522786,273.71057364067786,280.18626092501785,1.4333113250999958,56.70853918738377,65.08295746291998,87.18836685241845,89.4252840969726,51.1518957678784,0.18029201377576973,1.112620436300743,12.39528219102563,11.954827892001068,0.1558608157742991,7.220860771945198,2455.3098150421974,40.069375494842134,0.8051697138236795,27.654802937524543,298.1794201204667,1.3041312788833892,90,2
9527.737412441107,167.365798386574,119.43856267530713,84.00225565440053,213.7853641878526,250.2393377073859,136.6588586646972,123.92936231439955,109.36805387019976,168.59417681824553,83.6291691479851,112.77096297663682,67.23436383689568,6.179462677155032,19.430203106913932,145.1915028798677,434.58477226818974,294.8705830861529,4.675882892510053,820.5788647875935,64.44626029828488,128.27936888069272,60.78972130512333,75.33965898234801,0.17206116729794196,1.039605623442826,28.16118147020959,4.949989799590067,0.507222734190901,82.3874041975804,3388.1876469050835,57.32852363146866,1.636045870279868,30.231743141359743,419.02628038767,2.2630142096749397,90,3
298.79772653457644,0.17070421419061665,89.97385091106784,89.3000489250596,121.94631932146245,140.60839722189934,117.4468032928095,99.96962329342266,145.80039843430737,122.55239250373992,87.55313526449565,126.19921184756906,29.344309308929937,13.646668369107479,13.99500242828892,176.9412120436953,268.7554188435886,219.22178275749022,2.833050591001464,1.0089182301427382,52.12764775954842,72.48046747274343,69.9493921612971,35.9421765265702,0.1302366170237996,1.0,12.990832047638083,13.456327891650654,0.7455630070409365,34.60749201457466,3020.9515321447966,19.218772730391013,0.8378698406722018,26.30748060485433,533.5455112522693,1.2745787548396414,91,1
-418.26639503822844,8.132484749324952,88.3993530346832,82.54335876560432,117.01659949588517,140.24843025512695,133.19768240658502,107.93269494982313,137.5107918838661,132.81465811977768,84.89549126198602,113.91447571443034,32.85945193494933,10.726564603354895,18.91854189789996,190.16121045231733,366.8661586948289,222.94845923428775,1.356774188246611,90.48392132060872,65.5522816805341,88.74551321310807,69.72049096473533,46.179387253548725,0.1252293076302617,0.9653115560450443,14.30048726406715,8.709322058638397,0.572940879154558,43.995372951920814,2636.463947815073,44.72775237935081,0.6633205824924127,25.192246696699954,467.57191123150346,1.3631740774464294,91,2
6227.051146206193,179.3822693375478,97.50322789410032,87.9431131494136,190.64843048060283,193.77849221734633,140.99552263000695,106.41937460048776,111.78109651486119,143.1975393343234,75.28325181788972,91.51482527609267,36.83751437102063,9.229708385218512,26.895049826387,145.35011404649762,396.823922602736,198.65549918569226,7.493837847773235,915.8506528410088,40.96313546249,142.68824262265787,51.85083041659366,43.621926223117256,0.1166780988005146,0.9033103007766945,57.05282357518672,10.431573141794956,0.778848932936135,579.2494937807213,3865.658587037543,44.888643031828096,0.9820610331687042,23.704303383323264,686.9028352696536,2.3988025081424604,91,3
163.27424496651852,0.9896214640598064,98.93222013439369,86.29487745174114,98.25981597563288,88.67175449509752,80.77541937580868,104.33818702923759,100.93825659770762,102.23230903410654,104.31824144357273,149.77163416803324,66.93695547893016,18.347296715766035,5.409381804032343,190.39958620819598,241.7623536586437,194.23859158313624,1.9179253275494683,4.077483282239797,60.631112710930836,99.79125602267169,95.27543876848327,33.2546760136928,0.12575870612603307,0.9999999999999999,14.251379257257273,-8.12848167614289,0.4898842582252722,17.8799980466169,2748.5779011615077,17.56727161804342,0.7089503480317928,41.133682468970406,439.8058266275484,1.4162321097978925,92,1
1484.887983509783,29.083515103788272,99.19647604703097,83.63994026669279,95.42006303646208,145.1334055111206,100.87472516128447,106.25272074544273,80.00780978315981,147.7305517277234,87.09978805727877,125.00237666594022,56.72493459447736,9.806218330139721,10.513650253937085,184.01132507225063,340.6413931705004,243.13986992229678,1.3733386879060416,44.10872841366736,66.61462227231912,114.89438530959335,90.68524525686414,53.076423045890095,0.15303878434936352,1.1638305432069804,16.008989775816225,-10.160837840937852,0.5230004081794281,29.221464761312298,2731.3991588210783,20.963706466523334,0.5908662244454199,39.316200656760834,418.159217708184,1.8680133028270791,92,2
10954.558104575139,167.8219533384677,113.217113027053,98.31353985135102,104.73423543323561,195.69811539670258,84.75451947422161,116.30686981076171,78.80422502557802,231.1402397390848,90.70923819438755,104.17851730337526,80.86722819749677,9.50864428932445,14.925325543727421,161.37855924437204,477.2403430674709,254.8078881613482,5.870983109019756,964.321058425554,65.88544426206526,151.4013717450713,70.6062996251224,60.36984922129056,0.12325395911303794,0.9217729519120007,36.38353274952918,10.843860445927497,0.617219772133527,122.78430272722045,3287.6305376711884,43.7566175935551,0.8553657652046933,40.93876662293394,590.6594065735962,1.916586440993351,92,3
139.8678290187306,0.05976379358534267,83.31303006725874,92.71392775668802,124.12767407552742,79.6955064258027,117.14281896450376,95.65731648063768,135.61014570850972,91.20920096533557,92.70810357195788,136.91873448760134,56.476714037952604,11.879297394500195,4.661320569153946,120.8694523588692,211.18821855161127,240.1516866198947,-1.0182193092127645,9.055818958938843,76.91418251545764,127.92663329767818,79.69501532970483,28.40514078350562,0.13257410562580216,1.0,12.008114206655632,8.504698555156518,0.59865769749152,5.1218549539193425,2652.417446277047,20.545998608845842,0.7356332473438049,31.810889166077907,363.4148463114984,1.398612176721112,93,1
3633.2987769938873,92.84287394776177,97.24716193111298,93.97611113977493,147.88843917517212,188.41551540708025,170.7316837754685,125.11115674242917,123.26381314740084,184.7879298364271,88.53771666336671,110.13561206404427,42.946995302923725,8.058462873768537,12.32075537460699,135.08810432274936,338.1129834445564,300.6781601614854,1.061248154612176,43.03850088923511,109.25558389461462,127.46933731981258,93.81159409780719,41.2597671532275,0.12020560092393279,0.9439039898402984,14.990089818732928,-4.610484844919323,0.6664112280733456,31.521462037138825,2983.700561391571,31.345009242784066,0.8999375668630207,27.367398022330548,491.3569618278708,2.317765859723796,93,2
7584.612992235655,166.87211263275793,125.50273032045895,105.02933201222532,136.53579761991836,166.90060868967333,181.04627724513085,125.5267752474374,130.45991864451872,197.4493325876404,75.21012170004323,75.3739747495352,72.90636464243171,11.525729555511537,20.78281824993276,137.31715931260436,355.5748503378947,280.8077957270576,5.815275529186845,783.1971127490519,99.790147044304,150.6431121134665,61.68320895534853,49.74783706633301,0.1401240919698638,1.0529827228144588,38.9910694462677,29.651729939825138,0.6679338676337659,422.741014980266,3152.9933128017433,68.06915579519286,1.5445244419837656,24.109749175578116,652.6720567074013,2.273416113877149,93,3
-25.171740928169527,0.7991361762059861,102.20466102555983,75.76288318321741,91.02205117690048,34.53699247179937,107.42955041457309,94.64846293293652,97.55643099704167,95.19472685121097,99.65650395529995,124.52604856408173,55.990419254975414,17.243318640329072,2.1610039158827323,200.8201577041088,290.33960698662634,156.7847603715652,2.827667737064261,3.9860690425487917,63.79432577553952,96.14345624307394,109.33753866493407,38.55210085213196,0.12701669973175525,1.0,10.468761736656948,-4.66477454117501,0.3085903232833555,20.3264473565951,2717.5849072337924,28.648689438454927,0.6472266778765449,34.028225010480725,499.77363482170585,1.9566790397636593,94,1
4371.514917662291,-0.011868370727654565,113.02252806344084,73.69927844753565,123.19254710183223,79.06401372990842,136.30616652417345,108.0791164667045,93.5054258029429,157.86719216951983,87.19768508574717,135.2887995388986,36.894289222909045,7.146086748966119,8.630438304459599,151.80164502462839,346.3359776443016,237.77515642147924,1.1614612089122136,57.97984794895919,83.10647326933315,110.11296482932234,92.23748473723347,53.15301568655342,0.1506662914123028,1.204170985876943,14.165555147679648,12.088381146993642,0.21859829280134616,44.119126808403706,2512.9794529563083,38.170107193681105,0.3756560394250156,30.954386357207806,434.70595063335077,1.9865212394023388,94,2
10456.250950785368,58.283915041265715,110.49214183244676,83.0261594182184,140.35447376426364,136.6566001206551,127.4634840359367,114.50908035924427,98.66026389368105,184.6812763345268,91.43271777473105,106.868757606011,52.052269425273764,6.880382496055102,4.7300946482128765,157.09486778452472,445.4356017915183,270.9958755981537,4.7250870326516505,342.25414972016006,86.96312300544389,142.93219648266611,78.59326104403631,60.78816779393641,0.13645918028555737,1.0780243169261838,45.115452580956266,27.8409351633078,0.22990125313138082,443.7442568436881,2819.9749533958034,49.17449562687454,0.6783063095834867,29.639814244929116,598.5842541239623,2.190175345801907,94,3
150.53354286325293,0.21056598173066565,70.85317314393782,87.16369312842066,107.31689846428692,102.69920854556622,96.13611246882594,71.8979543018978,102.65874702897669,95.48318491146182,79.06132893969718,118.4583535655295,40.62405047887303,8.653157930376892,5.138979466624338,150.56949658189308,216.47964495385327,152.16691830621886,0.24377682113931365,2.054724508206297,32.475805561907734,114.07017914854988,58.04213159479243,38.108010507980545,0.1678060295069284,1.0,13.26387505276601,16.297009413647764,0.4612157766654982,22.541099998532193,3348.9852411101856,14.412782785517527,0.7855596714248978,41.0241954088364,654.0689998871932,2.0476017866359006,95,1
1965.4512059167562,16.69244632386588,92.26105479123127,91.092251902058,141.894570065297,157.03794880299125,148.76678075441282,94.59055642494187,94.0637024863431,130.64917554911108,82.43896139845434,121.13372892342484,39.472431832474584,7.481854363427252,14.283710228962807,180.02989741285128,388.22236026130474,245.32481177982524,1.0488737047979482,55.97940981660673,38.73663863600744,130.94597397179115,64.63506262702612,71.41874649053348,0.18715055249339668,1.1196870990377676,17.34494643846654,-1.9478046189212872,0.5581503669010424,35.75682483175935,3207.5894377632358,45.24566455118229,0.8405175051845074,44.19490846174962,674.5518158713634,2.440341917390508,95,2
7236.848464714276,128.91385833715378,103.58896953256472,94.45924123366746,186.84853849311165,185.92330160857065,154.31354829987026,107.20586812602663,90.91910679838274,149.48082338987555,74.12308677888109,79.84651942947211,41.811981155758644,7.38635861453111,24.117259182570344,152.2187139885954,409.9545296005346,235.75106494305177,7.1988937476800565,531.3793139477481,26.21014832488367,181.76322054714083,50.88506107774889,70.02216596890801,0.1703935307777225,0.9850839136539067,55.64219068044438,8.095460201341648,0.9215005901703035,403.3614220939788,4293.652912256921,42.98522026171143,1.0993885306895617,44.401438000489506,792.1758377913116,3.1931593940056358,95,3
269.9437138126757,0.37285597409435445,91.86651482380469,54.93228738418556,71.87711665507251,25.57346511854624,103.50794247253063,90.03707011154225,65.83994107164341,124.24376248345544,83.74411717758363,123.40072100827791,24.155649626501205,6.204624756155228,-2.0934051928405104,166.50886744646954,163.64301034437608,177.90707958456275,0.6147464444617218,16.68535085041002,64.18089940683753,111.18022496257143,69.11505708840417,38.2743384202467,0.2012684512685548,1.0,12.298030749412135,26.41447681333765,0.5931541039670577,44.07683580247058,3509.658530200701,20.847964332620517,0.7511396858610828,37.0048487059683,435.6592906737379,1.6460270593446538,96,1
3091.7809061119965,100.16599750933167,104.36481287820295,63.33357449201035,84.36058346422342,39.86452783661407,106.57289614631932,117.95192182237696,75.09333802632221,154.72616019747116,91.172361651838,97.65825127459144,32.49752810343504,4.463665780973077,-4.701867858622501,136.65986153150237,272.5978913589546,186.50549231016242,0.6816634515177452,40.2689395837076,75.482805924706,136.93595519019223,37.756298703352066,50.372084862497836,0.1829726407835191,0.8141512052385608,17.66674940472679,29.527273018543198,0.4644765781547915,74.82000167856503,3906.6646661337263,41.237903406080605,0.6214443614142822,44.69271002573237,547.1007623923736,2.409197909381553,96,2
12217.50121227674,126.8486210629861,125.0143557688602,114.8438043496202,184.39144361060357,191.33974171869062,181.87208410344357,140.3420233451284,108.12639215038179,247.70622140997327,101.83631678567946,108.8750422996205,39.17167299244154,3.9927122036307194,2.3278376130495637,155.53124731910444,423.0262752692453,265.8528359892764,5.593770271765385,192.64616025828855,76.28068714623481,204.79612220932006,35.809018922637144,104.15375597052977,0.25044641835933956,1.2681331490950096,64.77884095437332,26.79576192259512,0.7775424236887345,757.7681749630163,5112.569263957788,56.125449664927146,1.226935876290598,42.449095254611514,797.7253550379189,3.895542144678145,96,3
67.64634573128134,0.8507933401770605,101.77297088977531,94.14386121061835,101.83421781551169,70.86004442597833,105.57454282931486,88.5880130037176,91.53074671767878,95.23542346101831,79.20457343970723,102.39619222799831,38.80232112293813,11.659245868181308,13.972090057428401,239.0534041562496,341.6623691435684,228.59107413598733,1.5140495898801167,5.912106184854438,32.916105128664825,70.08632663123367,102.9564826950211,43.75066924691503,0.1266882960889632,0.9999999999999998,8.31161277595685,1.8688006836303126,0.5073571245354265,20.266807244100878,2724.839253794319,33.52790688340697,0.7953278661752647,28.4521254747593,472.2802859061625,1.9073188276041118,97,1
2654.4227136517,4.808318454597032,103.2562187671733,83.96103599467946,107.85004798086449,86.01409077701621,114.80325800168731,93.33750845274182,95.65268042582385,140.8701583921094,72.96835378833238,99.2628602577478,32.64325771243383,7.0994740626254185,20.97802672282406,196.82503254419515,370.9776390486553,226.30829476561397,0.8487878598456557,72.92127575342477,64.09013071141594,83.00957633220708,73.25125720534817,52.512985706409516,0.13834728511635763,1.124062064526331,13.731690827385993,24.68214248492725,0.16584280040623653,37.13792575817196,2394.0366727002565,26.70214988997307,0.4765236071851513,30.076180987926023,412.68787877885694,2.0110025316390225,97,2
12232.449761006825,124.89685436488934,97.04276176152632,93.18147150654715,166.20457570865585,122.31785986933805,133.14578262809633,104.13405614548478,59.741690382874566,133.62313826933678,69.52653194884388,110.51647365003677,40.153173673963046,11.126756616585016,41.484453721723824,186.07124741430312,432.8373983961587,259.69275098223676,8.43661638107958,522.9607119467505,51.03152930592482,127.8526311066792,67.9365123585361,61.25437589714586,0.13779826641331808,1.1555802662288692,52.41344741921047,16.711241436150086,0.6643529002438259,565.0729586656142,3379.6599524674675,52.88263349325655,0.946948938454341,28.59556764489272,643.7285571815997,2.6023514060495154,97,3
287.95177554083745,-0.4737035305974968,108.78256152092248,106.69281045537616,98.6975754906991,47.55343565554717,116.70333338157447,113.46223933736661,97.08091750083204,133.97525400582072,97.60588374269128,147.50222653027814,42.02565263477784,15.714752277720274,-0.350024442580386,264.2053867382969,293.0829042513976,229.67030551906208,2.197551236615841,-5.317202683273111,64.80917284800579,95.55834436987136,76.8403607881211,40.24535361308559,0.1258205165976371,1.0,8.910724187556859,21.61595828432418,0.703639656685187,24.201281388981478,2741.906788075913,30.894131668178773,0.8688813842544226,52.747050401507074,627.8768277803194,1.7687959566655524,98,1
3749.2807949470425,23.988331790191832,112.62144217312172,94.82612577030697,110.60485349221706,100.96389859808012,134.62121526681972,118.1064754103966,111.762300566706,165.44537850588597,89.78440832351355,121.5344394748142,30.823938460974155,7.669876411604803,-0.035412564267902624,192.8098988739553,413.0113098146629,249.74734936235436,0.8759536798876584,44.38574432200171,81.65127621947465,99.11794517056953,72.32780389734279,58.71219040784114,0.13975851028732023,1.0682347614447085,15.172892840333526,24.95787613467413,0.25487911553783016,45.16614504144799,2953.4449597012485,33.14923790544982,0.6989991490288637,52.9627731267224,550.6962307899535,2.198323328884158,98,2
15400.047726592165,133.51371132657252,109.37046875061117,108.95280484288458,150.38563363645068,203.59048890037,154.4874754850665,122.96979512668052,85.07370866732754,281.7613634709222,89.04640403703745,98.78745189560443,40.9733497188707,8.12020715096741,21.731622688644475,173.675344726578,489.5266884894697,272.455299109972,6.4879961696346236,341.4841322580194,74.21035152902068,137.91042188666188,73.4428498757718,77.19833367067501,0.15441972278061075,1.1745942505948914,42.54010869369182,9.893501613307542,0.7988673597643907,676.1641341575355,3604.625605174482,45.31544701404495,1.106848281285219,55.18978368502817,753.9684485173343,2.943315583786603,98,3
341.9169723044805,-0.016019243362944913,85.52704294507116,113.63747365279144,97.49219071152969,117.90895904906489,142.66885382565906,91.29548472649773,128.1526269449354,139.9766313029417,98.3055752216621,84.93076296382876,59.8599544432864,12.625373181461317,14.394258745830404,148.0653936172469,263.826040737499,188.93886324867253,0.37898793322576196,14.395565019761253,57.675673835820184,95.76827523115226,85.16080204710373,33.39396267991127,0.13918003743467652,1.0000000000000002,14.468835615107366,8.666724796371833,0.8250925708777466,21.89104351588754,3501.5109533620816,39.53169867508761,0.6990700960042227,35.269287428564276,587.962481849094,2.083806743608686,99,1
1477.4957162809992,-5.622357092634616,98.58789708972328,97.42914471848074,111.09616484205496,87.72619009871799,143.13057058412357,102.83017741789213,134.0844982353338,224.60442834972457,93.13134938183583,87.4404715910515,51.539683618085846,8.882466260827808,12.63602230182744,157.82895628257833,320.8131378172144,191.53029288063922,0.9888653480074991,26.48686463687762,57.481767351457606,96.97838722371877,80.72436631341883,48.40742255817184,0.15537604404527997,1.233607202036198,15.498736138995227,17.58376637583424,0.7502481332850159,38.79252797391616,3603.858166124074,54.36470852492526,0.35282386348080197,36.322842857970336,530.484345212334,1.9713869248281324,99,2
8648.22819965355,81.28738204605929,124.11946417803837,97.94879688815243,183.65436410504984,102.02891575032037,172.39405831979076,118.85792729935517,124.24482427985993,188.75903801356685,86.9834830275118,86.45993722512573,68.14917714808006,8.831005464539386,16.184892612040205,155.8325392507751,318.9971288110651,232.19728684947847,4.074370425429335,-98.45086010225174,55.84543594055441,150.9069685017329,52.61117564817411,52.87817602074617,0.16851825749921787,1.3730972869954328,38.065239255307304,9.101947743788687,0.6392578367606071,791.3891278889287,3541.7945354737863,35.56891749831224,0.6878626643427909,34.73739263182864,675.5252981080382,2.484305623835031,99,3
214.23003406161698,1.5303420779627945,108.24451720946543,69.25971727989713,58.741346260992955,79.05813047468024,72.33600942392192,90.00104917932735,77.01004762959695,136.47285305433755,86.72300976658367,106.17496826514565,28.11013647921896,12.975858990709492,7.047335940063357,201.79035258920874,352.6248278478417,151.9558911681725,0.4253585408531553,14.480209953806764,30.35928047249721,84.9498004892338,70.10919379176144,52.05993578337294,0.14970012879595163,0.9999999999999998,11.521033321826348,-0.061155469126710216,0.2046251735318152,21.582316215912513,3389.2472070381395,25.069122918775673,1.1175247060814457,37.551044747886095,472.09949891238625,2.1087405049363945,100,1
3157.803102192953,-20.241845448073896,130.01939346988155,68.21063693361222,85.88746761093276,98.46733968849456,98.88042590666342,111.20487495076381,103.4979129894426,199.12393650662455,87.16294363771163,110.63885158830404,25.864507961016276,6.8395139853660565,12.49846442681896,172.56116345010224,366.20902586602193,219.69974975841396,0.8154928901139714,50.02216379479965,25.414469233422295,92.26921304445835,68.93313567981437,57.485029724577984,0.15508328763532808,1.0434129565291475,17.159341618855624,23.061711154416003,0.07878166612343562,40.33312203558365,2825.69072848338,9.838779485924377,0.591489260471813,37.843068664941484,399.1381693457741,2.005640472931407,100,2
12651.464728809357,70.56113691583383,139.85599537513718,100.71879546206371,159.62566870624948,183.4986958056349,116.76507413080768,135.6393870948607,91.57531338896115,285.86918435725806,104.21436057294656,117.57652420822689,39.46141407245608,7.58976462453918,25.065526250410116,177.53000441454228,541.2094116378029,289.18401105883135,4.05486692029729,563.5297551509042,56.00920888294817,175.7853998062597,76.29112287383035,80.52953346882298,0.14896249657204774,1.0229425826551632,47.692009245095726,29.38793716831248,0.2595607360299589,801.505461195731,3397.1734185082087,28.434710748053657,0.5968357497893148,39.01701443122784,462.00503216483094,1.923497249034757,100,3
