Estradiol,Progesterone,II,V,VII,VIII,IX,X,XI,XII,AT,PC,TFPI Total,TFPI Free,vWF,C1estInh,Fbgn,Plgn,PAI1,PAI2,α2-AP,TAFI,FXIII,γ',γ':γA,γ':γA Fold,TAFIa/ai,F-mono,tPA PAI1,CD138,TM,NE-α1PI,TNFα,sIL-6R,TNFα R1,TNFα R2,TF Initiator Lagtime (min),TF Initiator Peak (nM),TF Initiator T.Peak (min),TF Initiator Max Rate (nM/min),TF Initiator ETP (nM·min),TF + TM  Initiator Lagtime (min),TF + TM  Initiator Peak (nM),TF + TM  Initiator Peak as % of TF Run,TF + TM  Initiator T.Peak (min),TF + TM  Initiator Max Rate (nM/min),TF + TM  Initiator ETP (nM·min),TF + TM  Initiator ETP as % of TF Run,No TF Lagtime (min),No TF Fold Ext. wrt TF,No TF Peak (nM),No TF Peak as % of TF Run,No TF T.Peak (min),No TF Max Rate (nM/min),No TF ETP (nM·min),No TF + anti-FXIa Lagtime (min),No TF + anti-FXIa Peak (nM),No TF + anti-FXIa Peak as % of No TF Run,No TF + anti-FXIa T.Peak (min),No TF + anti-FXIa Max Rate (nM/min),No TF + anti-FXIa ETP (nM·min),TF Only CT (min),TF Only MCF (mm),TF Only alpha (deg),TF Only AUC (mm·s),TF + tPA CT (min),TF + tPA MCF (mm),TF + tPA alpha (deg),TF + tPA LOT (min),TF + tPA ML (%),TF + tPA LT (min),TF + tPA AUC (mm·s),SyntheticID,Visit,Cohort
-124.5463567117612,0.1875269288352706,100.56240171635432,96.0061785586939,134.5604075490908,76.89437585590923,108.70600657837802,89.69340023386277,124.6609220589948,126.29280266574034,90.81182585161294,135.2753162756738,46.726248373213636,11.81395101520719,2.30140946430297,200.68612888422476,265.71206800560844,167.47954310192793,1.4440298175071213,0.11884275615633744,42.61937477218606,114.5063446366816,60.401742811805846,42.60271553174796,0.1636787409248285,1.0,10.74918398324591,2.5955484199013483,0.5516053743242405,27.39245036649136,2761.1969755314,23.70305415729125,0.8973198867353969,39.71424582021312,482.56605836282654,1.9605448342489278,2.820208433822832,262.64038877470114,6.2651890683613995,76.01623874753665,1665.8133885687823,2.5529529877279895,146.44683058717575,0.5624765600368824,5.155861012075189,54.29103208288637,735.065224807408,0.45390896072827314,20.737027630775568,7.0829579869875,28.693952888256455,0.12197303484623401,29.53089768853053,3.484935294300057,478.268690483959,22.666382979007167,9.712370407647555,0.38196045314272986,31.63274748774535,1.1904521077596875,149.68615341561605,4.535232616180531,19.782567132988685,53.44353014696346,2033.6350747420245,4.366533821834737,19.664286095368862,51.03054053243787,38.08175454999727,99.28042431098547,57.279745321282235,1948.3487985101228,1,1,PCOS
1885.5778600093788,72.45796094991636,103.02448669452647,80.56209130856023,130.48925372530897,133.08831839157233,127.86459316237521,95.09023313632675,111.79093790397681,172.78677061603474,82.66891247058632,120.73250310570718,38.686362709689895,6.944840991941809,10.04463579483363,208.45924569981284,334.78223860514055,223.79617617098594,0.6708075432464917,35.4813118742952,61.51963405505019,123.75399342146787,62.85468414697522,63.89545737924951,0.18962749585050476,1.1938921382751568,13.588302783721542,8.768500551574729,0.24967188147113692,35.198032346252496,2612.2667871610593,35.62092150420231,0.7579660831241795,39.440376271495474,466.29808137251933,2.229075958601927,2.603144851419097,430.47382121596075,5.2026538963827225,165.63193247980226,2497.2544830269953,2.7249157856851225,324.7170769278282,0.7686684815618545,5.000040485404689,142.38766701836323,1753.514244564912,0.7178912290424321,19.842618011232137,7.580067404220288,50.514574427023106,0.11311485103702695,30.586178774348994,4.143402809732351,994.534544530856,20.657506950312076,10.949547661930453,0.2846947862622312,30.491869655488706,0.026171586339160946,267.0262139985086,4.5529903082827525,25.080717781410744,59.22537410379571,2527.5539139549232,4.543153687362254,23.316040905094212,59.51887679355371,51.316055514102636,99.90574198567322,70.54363045062946,2333.000829483753,1,2,PCOS
10504.482819993986,143.05715894860668,111.05926909589799,88.8616816461053,206.5144138280657,157.9786811775199,138.86544059316455,102.44510482547865,101.71141306705223,188.61745894119468,83.92857394337106,88.17095533494496,42.009113497533264,6.629010058963647,16.231525215440197,159.10707169351792,440.69157514094286,250.33478497682117,5.697847833115959,553.4260448307974,44.495123250423546,164.3802544977134,51.35072587719348,86.44229736779128,0.19364516677547577,1.2276983400602275,45.37837208875991,11.184026914475272,0.6900132330459782,238.11189833087099,3543.9653678931245,53.13497328071175,0.7628998910676696,40.21727487408146,577.6638928133425,2.961632682394308,2.706293488783504,403.9419947191185,5.447307202571273,152.31769108675508,2446.3535082207904,2.4772336741466496,336.768293730874,0.8341309591799231,4.992063882946377,136.27889747072848,1815.6594408025621,0.7441784411333869,19.991303177526866,7.313039519698265,70.96694031056015,0.1770947254420455,30.024560059925648,10.791637805084825,978.5738478180047,20.47575909736714,33.64330738998061,0.31295467044524106,32.39037972563835,5.203679379719049,472.1268169157027,3.552073807767388,29.409510834591845,65.14523821604088,2930.3803725167686,3.4624359488011396,30.940028905723942,66.13471038035071,112.47406634163617,98.91752830576347,152.50698437357224,3126.340167863383,1,3,PCOS
522.1063418717308,0.19062075143623494,85.66617104281592,86.76439781785305,89.50054317309731,84.88214214244587,90.84705483494875,106.88806286094244,94.01300476545201,94.1289629563606,85.8797898904687,124.60145830452744,56.02611433468653,14.540827513069615,10.754089850640316,177.48392622015632,279.7950041235957,190.63850500388705,0.560831532495371,-4.639088399937274,44.69481359665416,45.35597038507871,84.52874834170869,28.644978565060207,0.09763711398351946,1.0,5.794410843838362,-6.047000184153578,0.8525395263034163,26.482265398387128,2650.5127743502885,33.11940126711814,0.5318321094907168,36.37055501311621,665.0339325402178,1.715983392622047,2.7653845101131194,224.16840265337714,6.189057010783208,61.20654161882497,1352.753011506151,2.544119763139496,96.59499602442014,0.4468269961055103,5.059832537625238,39.82267884397433,495.5988778594419,0.3604706672749777,25.26100728295426,9.43511835192989,14.132551120557778,0.07406555560833226,36.22079903117637,0.21937304554299963,331.44593033352703,25.78337962796374,7.812514336783989,0.44471339095339,35.95548454826472,0.5914467542151649,132.1034685163562,5.478099283933444,25.610682962432186,49.384422754932444,2562.036305270743,5.759253851514757,20.141892567222314,55.65155312856566,9.952413996869225,99.85857030163857,12.94858707217734,2005.0317295389777,2,1,PCOS
1611.353584215473,53.60989271969484,99.42091481055915,96.74229105420106,120.7878350046278,132.64653085136806,140.2279809101769,124.24668915683935,115.78315233605683,139.23380850782047,94.20505864052546,124.06667540689946,47.35265894791492,13.033943094196964,18.16569201888264,180.03614219503154,446.1674397114792,214.14894103695474,0.8845397438118021,101.47916790563792,73.66512295284275,45.7697918007881,80.08211556313499,55.32988872519539,0.11427512630720513,1.152420655465477,7.009505524305067,17.73394198839728,0.5784801109678953,41.565332371223136,2816.06556085499,43.65050808793782,0.5771895988962104,36.04834492280238,605.0429796540451,2.0092686880921113,3.1176312732593727,303.86315519166465,6.343539179555944,99.75561002182494,1913.5699159858673,3.0198071104019566,192.87339602695417,0.6392029331796849,5.59309729454805,75.52869208110874,998.769814076184,0.5148552928256448,19.402844241034323,6.1400464070788985,-19.91676606074798,-0.029394793373739903,32.279501962850425,-18.732905421429216,761.9633079408356,19.539093204583956,-0.12875086264319435,0.439512786154101,31.078636299054512,-0.4757565979479774,47.38230299135307,5.186141360542397,34.10775590412349,59.44397794534157,3456.2860609428994,5.241031484480479,30.447083939253943,58.1301289430614,28.524666979303753,100.12379025333023,43.26302902395744,3163.0746902275077,2,2,PCOS
9329.664792569689,181.92958692446783,97.09028994772255,96.55903665618578,167.8212151356016,176.38506894377954,159.70194541440958,134.5650524087512,87.66983073386393,210.03689334439275,82.70003227030334,125.71142199206224,50.46388956261702,13.238906007388522,28.832542012355752,179.03988706233844,366.36022741153766,248.4832484906228,1.1941084655725556,847.4248679090891,62.34512138068164,49.21793102330575,76.23579394709822,49.806770743017,0.14050283337208122,1.3529261102984445,22.711890235102413,7.660558167577257,0.5673532545418649,1044.8894183777638,2646.6130957364785,32.38782499440964,0.41488764858057275,36.22110175131594,728.8889730867241,2.3048868722923155,2.286975354229358,337.20013435867935,5.30378793301996,109.01460024078037,1861.3677177455725,2.380683502226217,163.55304873642302,0.5213423182788469,4.710396877161741,66.44803192544846,725.667680457044,0.43167188316125693,14.572517545568815,6.375322864651708,82.95981394302042,0.24017743480375092,25.14957511733321,10.762051145271558,1134.4283844848105,13.66450389075732,72.98641440921398,0.6570861415851152,22.877236775440217,10.573465324056432,979.2271544059663,4.011406580214676,29.126689353163684,63.46541101577627,2903.5548249538692,4.006353909763944,29.11435423335607,65.76789693983476,34.17904846084036,100.49586855718562,45.57428708311807,2936.984800976267,2,3,PCOS
146.66249977935112,0.6068991637925851,95.94519366787563,75.55239671785151,126.42760937458414,95.4161298019116,123.74067904091127,108.89317687029668,112.84347341465629,111.76983506756218,89.24913221559227,164.3544969932623,42.1411514657212,14.548590810137155,8.16821325602336,248.5992112752685,325.97576206081754,191.90181643362803,3.8786276503616266,3.4623152230856427,44.3043337648255,99.41229784652457,79.15852123821627,40.61675153098666,0.12166174711578186,1.0,7.785535853510117,7.9200420915496075,0.668841520049014,35.86694818555397,2478.359988983021,29.866813735759127,0.7269568617546611,40.56673474179526,661.6456170066417,2.3016748595269854,3.0647694759668163,322.14478212037375,5.904681612056758,111.67169562020418,1922.4579122388864,2.5948439880504344,128.16694960785887,0.3902139577575514,4.884761078266136,57.22038393294118,565.1979126025313,0.3040347021400128,24.02532396605676,8.502630456172854,47.68357584744991,0.15173155271199507,32.78953428147456,5.99019080821685,599.4203863784851,25.81203206966203,20.472734916197528,0.39922506681644754,34.425546259954466,2.410521540867423,300.39107474391307,5.12373617306216,26.308306007489097,60.34738076047672,2664.928696781969,5.083142990127115,24.493481802932937,59.96550931640624,46.25428276910426,99.63678663906359,66.88698229049308,2451.801787912632,3,1,PCOS
3125.6756385529598,-12.602996896643532,116.9999603616907,70.50041787039152,151.35334512001248,174.4977612239288,171.030717961712,111.60126615483614,129.55587964082395,149.52979441858355,92.03828464487515,179.60829288787278,35.790583322951974,8.096398805296927,13.2364823237562,188.48413668775507,484.35953357516155,259.53910850379015,0.8200118280650942,16.940380647653388,69.78376105994721,111.965061619141,78.15773935323135,72.03586473974963,0.1423353868002044,1.1902179987579655,12.432865969888425,4.6923171980018825,0.268217353071829,30.71030690875046,2349.309956856975,58.02117871430221,0.7544902064444692,38.42756627648461,531.6595167060351,2.2041415032941867,2.9572882967557024,465.52407011741974,5.565338867886405,192.18788557916804,2763.19726696681,2.790449373951112,245.4032708170147,0.4630122464392341,4.906256617347263,125.34498623027531,1194.1136789098489,0.3983644670409282,27.304977234933496,9.621251709293983,16.314379664818276,0.01652942851571454,36.53536995978899,-1.2874993553799712,449.7799496952409,28.26170369935193,1.226161404354201,0.28862855110543834,37.87034487610805,-0.20833584794218263,43.35004719769222,5.1955835086046696,34.97522379489872,63.42362994575609,3514.3796385296164,5.123384022354849,30.669437895677635,63.4404583047607,46.95086289899921,100.19281119766288,64.08709616039148,3103.6317240077556,3,2,PCOS
13112.768464814228,118.31339673460755,105.28233385449195,77.0240469629466,218.85554871740538,242.88074557500147,166.28323051103285,119.03313952452224,103.44500248519088,154.1218210093838,95.59432029346432,127.79901186819285,35.69985530702306,5.345567935084873,25.562776090291248,163.9078525572669,541.7804916437988,276.7045192307564,5.220283185985574,487.7210172683112,65.34083458446818,154.49579420053394,47.67837707766124,74.00300969786058,0.13298779671766306,1.1176927537165127,38.46419720367729,7.113997306262659,0.4889536127813497,411.4507805212458,3054.6224374634517,59.044361169191646,0.9475044859044028,37.61954508647441,650.2698880637411,3.2545500372368346,2.9583077996501648,453.93743712863284,5.010627994507269,203.8701956766638,2264.479393368736,2.868716823771826,339.387368038219,0.744084093353409,4.947543827201745,160.3880575719956,1544.253916158954,0.6712371123848118,25.60641846420329,8.94040924457513,42.068055738984654,0.09318446533995539,33.88338208679622,4.837687479903496,657.6476367076984,30.110402469032888,24.57483839951977,0.37763486110052136,37.7949351456395,3.645915003684133,301.7936287756098,4.249229847703088,34.9838311579657,69.5948618401027,3494.1869742156655,4.121498628364747,34.89383550041365,69.92148413189514,60.490070133113385,100.01859132581373,86.98859849874569,3483.753289768817,3,3,PCOS
72.51287651546704,-0.2929105520382406,101.7949054025614,122.19674366284606,137.52428876939808,111.08337261875307,126.55170370546128,98.42286484456568,162.91128720928472,71.80382387075258,99.860307602488,152.34349971562065,36.32319874889359,16.24868302585804,11.58781634979157,241.23876459209117,267.61850231080433,254.3164651870409,3.438070530463988,0.33595454098410027,57.62276058858774,78.93854193533086,69.76216915095078,28.5268383830473,0.11080670575831082,1.0,11.147940855350784,2.1739641017368214,0.6358653251182943,22.982370598256036,2512.0500382720024,34.580692910340915,0.830828192824655,37.505089493621604,490.946189713864,1.6431341655804212,2.787675734228614,218.14328892609032,6.404362388486246,59.51801910954326,1482.087811241557,2.103591459576938,75.03033665017577,0.3529135031144553,4.708732539270057,25.851297257863898,391.2724199052436,0.2750147313811918,24.79177730511452,8.45223155524507,4.469738756034545,0.04900976828439843,35.038529445944,-0.09356309345933767,228.38115492791906,26.704538815111764,-1.4105786889955585,0.3093074506814837,35.88559781342265,-0.15556299407565044,14.657824889824695,4.688051171053589,21.01562594886278,49.8759276669631,2149.670963564659,4.541690045399054,20.275114130903884,49.76788413998932,58.55182568119453,99.32663961972223,82.03743780945109,2039.712729815079,4,1,PCOS
-1888.7402046800198,10.314577713729133,94.40816916334082,97.74730911000705,70.2431850250729,102.45872652813193,117.2537879868319,89.19406900329248,133.93030721012022,105.77865684350351,79.14132809429054,100.2466839852205,37.12815066866999,9.764170192582002,10.95902538908892,210.7341390245724,299.1334992264371,231.32179388159014,0.958040939444986,48.243349308652405,79.89759397098459,63.45823061347432,81.5369263121596,34.40975040940015,0.12149722141051836,1.1550646567985432,8.517643770317248,6.36092906835114,0.35216476538000185,24.734437817597154,2540.2670543790773,36.10689565262849,0.6001817029762786,35.81025836925656,449.91183800920106,1.7841166807550493,2.376866402477284,370.99431660942207,5.172444422013994,125.34023424387931,2068.2790882556665,2.4245284632009696,292.98495126872916,0.7842603595915261,4.866675830286145,116.68759199021993,1570.6340620524184,0.7376423451025114,16.068662790976095,7.2103403176811,64.96418467751845,0.17777683476721565,26.724447820649814,7.274804941604516,1163.881650743893,16.773217410836256,14.334042944878608,0.28022258211100837,27.57530318261399,0.25330565822077755,341.9009755702725,3.693523778254193,26.287659140093428,65.08331186322397,2666.0328391228545,3.688213977112457,24.595074229909276,64.39926018496547,52.50033360621569,99.57734516960898,72.51715081312872,2487.562369916717,4,2,PCOS
7940.987044143925,128.61957862878447,100.81933682086674,87.72391756242531,126.36182263771266,163.17058521166726,131.3195188708749,84.67129960189735,111.55480896097606,119.36277406802779,78.29567171670388,90.23016027069512,42.934189633522536,8.428072181496267,20.74662663459508,159.86802000289134,319.98614164319724,233.00913429234373,3.286999983061963,818.2173789940496,50.18617466754115,67.85014038977855,37.597623627296436,36.97364744061592,0.12333282565161817,1.2135192720903383,33.94202483673276,17.43436793699712,0.3187971107312969,518.4648857013693,3019.4379440051516,50.82162836484346,0.8010882659309332,34.47219583810546,587.3499936199964,2.2646643356042775,2.558750815116307,303.1457777782175,5.580353640077524,96.16209597811766,1873.1263077178533,2.342322481408818,204.9235449271057,0.677295790680717,4.8942168957717005,74.56652445684156,975.5195461183598,0.5411802816264628,17.374780130067585,6.837057858145757,100.62330124766692,0.29746421175502,23.63258677514553,18.293240224021154,1109.3128672120547,15.890292369710705,94.37310647991865,0.866439694950526,21.446846346977658,17.10627344424205,1061.5324902505524,3.7788785053534233,23.448663126266055,65.67105024245254,2373.217028137211,3.689077303353128,24.331640926026246,65.82625748789111,81.10469526848433,99.52498428624946,111.86571547564836,2453.715667121498,4,3,PCOS
162.99970010784597,0.1325344103773373,88.24803384628225,100.9391439230744,143.44538852564844,99.15826083087798,119.92119345653875,94.5446458552851,118.57709825027587,46.80086561820063,90.77807770078122,157.01913620870494,60.10556669463693,14.08618321512479,9.010777265019348,211.60768142253755,245.0331301908749,214.21069024952712,2.02705218078628,1.8660182364184688,51.58330158027125,107.61614736381648,88.63318608564414,42.68661851958969,0.1822878505430336,1.0,9.708377029811304,-0.09246543323488865,0.8059467632970274,-5.981168861112582,2732.9794289912797,33.546884190759755,0.6068944548697617,45.27164891184248,474.66141658512,2.14693429655262,2.676784466621856,257.8945533932853,5.562625133690791,87.14483909419414,1341.1027521975352,2.207562908559247,142.1521492954688,0.5623448516847044,4.583138115182605,57.326878821101246,646.5876636876342,0.5032683789751214,17.893966244331814,6.506304392165276,30.48142854763818,0.11959390784125304,29.064138561473392,2.801784898112387,520.6178451355973,17.290173655125102,11.52331093183124,0.4089118548424401,28.24979579941482,1.2036672735457956,204.9324378268534,3.539745973799286,20.124791682553123,56.74114111088417,2106.1078122690715,3.1700020808899714,19.290324048581894,53.73395923164639,23.50142610402036,98.2969503808751,36.412775783635155,1861.1335431636278,5,1,PCOS
2093.285130646666,118.94065919723427,101.39695869723766,97.43194795775048,127.41051542277182,224.35536028045817,149.30267892129228,91.90325915542827,126.81848027047133,108.24810324638204,81.39809065488897,121.91151259308339,49.873502913197626,10.397928695964541,21.08879305365318,234.35635621076113,390.6741649800691,257.99766016893943,0.7571971187858273,12.145707304766507,78.99919761075967,116.20992845213948,89.34123161210944,81.79034273205247,0.21497500869774386,1.2774201547872424,12.991890826101011,-0.2344971700122418,0.5315467353113116,23.88527276132389,2710.006554868856,53.22903861829371,0.7327812806443865,37.46939434388787,516.6475878625022,2.3645238913273805,2.422422697924937,398.43438102673724,4.630387035354734,161.4573409988686,1872.6457705969574,2.426448392141074,215.99759740353016,0.5329285409060702,4.351958069903871,109.60578866574059,944.4171893796516,0.5174807437228249,17.762457766048595,7.278281346523292,92.51660013838504,0.2563601322009581,26.28596139109633,12.745031708752162,1417.6761596710628,18.670664258323647,34.82477383733795,0.39236659999888474,27.221416419506824,4.212653352599503,550.9319993804107,3.8562860901903107,27.76243167550807,64.57516011090785,2888.334525916836,3.8917210618496556,27.55185104799155,63.98027220114996,50.11698477721316,99.76211362818448,71.62060245753061,2745.563960481678,5,2,PCOS
13575.892671072432,279.43424265980536,103.53510686465012,114.59593251596229,173.95484679002078,290.36434985135486,169.38836045767195,107.54095017794626,119.09122052173576,109.7329046490064,82.6201744542365,87.57820347939334,70.68322006525167,10.655309892916808,43.13135084834388,165.04255804085267,485.66140403903455,302.6022190601383,6.937970204600043,700.7629796651377,49.55345902659391,150.29641816102884,58.37249857653641,100.91419927906365,0.207406343789299,1.239883396901494,32.08734501936773,22.8618233432016,0.922764879385063,294.0881912547162,3557.7182842503485,63.996156194629314,1.2392430921846802,41.17304076490015,687.7828728114924,2.613434453063195,2.891737541734044,327.8906133731444,5.8804399933020335,113.49322080430454,1903.5635055164216,2.690102885759968,182.19157785110139,0.585728722747443,4.966763600596796,87.68142019184606,681.9187422255334,0.417802358967697,18.825257791289314,5.7426657591559325,92.16048875741765,0.27305286029247394,27.80951071324992,16.15094387193986,774.4777188174221,13.464673054611705,95.28291071164453,0.8568480824354612,25.05598958684488,16.92846654319119,1021.9453632767936,4.124109710956726,30.509532305044566,65.29662942646293,3031.3792266286678,3.8922807864004847,33.4291568410973,69.04614778133364,160.27778771659575,99.00295803371071,212.27855781276367,3382.331718186853,5,3,PCOS
23.70694129132133,0.3470330045051129,105.84595467683441,90.44053748644166,92.75963745047488,78.70105374152118,131.55113773029555,116.77439031127516,117.2827308117764,137.30765243067074,99.59236117193971,137.41292637761782,63.20256866925088,13.850810240978667,3.145318354077059,196.26748205791503,296.64623445219235,180.3551714140819,3.3877290320589943,1.513934985314699,82.61143245090814,100.12402488563521,99.87134324129664,39.76327514821728,0.1341688565243129,1.0,9.47697429108661,-1.291991765438567,1.0455156368258645,62.44569446643621,2516.0149099413575,28.755042096043727,0.41263193578577667,34.49408505495805,606.6109622255923,1.5047026248050577,3.1592169753899273,277.3204401716024,6.462480900403568,84.35247031305481,1718.015048586496,2.843868356212419,128.68495541408652,0.46499282117236096,5.3558763376512095,55.749785655313005,602.2861496489893,0.37717582710220965,29.581795433788912,11.177553158122027,82.54527388813847,0.30992214866234397,36.926750812309116,11.165348194332683,961.716347508101,34.81968612326396,30.972576912174816,0.19055788828314363,43.23605081048411,4.0775043722409965,433.183764972985,4.544357293794989,24.23452672791759,60.478378170601054,2396.641939994834,4.763822646380517,21.267929238559116,58.493999844704376,39.43865348809971,99.99114971962412,56.8500622292838,2130.7131306335705,6,1,PCOS
3152.7361638894236,81.67419223333417,117.2217875083159,85.41568943279508,119.20015995791827,121.71355829566642,167.07340234280878,125.51622236637303,144.11627140820175,196.615479417376,106.06865344403496,154.7119218687951,50.053726330653774,9.613410119137962,8.683678495091073,171.19982556044798,426.19918160950124,217.04515290945616,0.8790862615009153,50.928435199195036,111.67065398508088,112.29198586229984,74.89034405698735,67.79625558185403,0.16282597547521466,1.2112286178333889,11.247378446833853,27.200307095576427,0.6391718300402902,64.73516067161606,2432.106226879797,93.69723581846725,0.2812348158014113,34.359574682480535,524.3737116552617,1.4149177606038452,3.2131194554378935,351.5006516513062,6.241169249790783,137.9342038641651,2237.9267237413037,2.7897751835740783,182.7229383803916,0.48475421632199023,5.218243028017435,85.00394816273348,887.353560589206,0.407125256866313,20.85653539829267,6.719404323041521,7.935973463652118,0.012819566853154107,31.386402348959617,-7.754524340531653,627.4177664010352,19.439412761518284,18.601162584028472,0.561240103519332,28.190947773071468,2.9443948842286973,235.2033648113062,5.046137071133522,30.28703167904598,62.674020752134936,3032.3284457854857,4.844067453394391,28.558300210622427,62.39290508380728,48.021431939234766,100.21726370371903,64.05301682553957,2943.4238843360245,6,2,PCOS
15342.853670572566,131.8026799414309,133.60927743144066,98.96571049816013,222.0567496525933,180.4892571520727,207.15983101194237,143.10515191974164,132.87892681464058,219.29396601247754,113.9342436356593,131.4220262264596,52.65398410470057,6.171916244048175,8.11916758994278,163.38738919899853,513.3712591355822,306.14928841082065,1.778117767173744,562.9357619851949,102.91971319972424,168.71393972489653,56.86206627369266,80.05846533527927,0.1617672639555715,1.148018012950192,43.97010156267169,11.608565404165537,0.4058166709506315,758.9342317767446,2929.8031133381705,40.287000299716595,0.07567989287554533,37.44190211889863,660.1367983074658,2.2844955490280965,2.9646547425875927,401.04579078109725,5.512422364228865,158.18827808592027,2110.3968879279073,2.959619257546122,266.8750264659313,0.6586399706669669,5.139505026628236,124.42875110208833,1237.9471114715561,0.5952061824081456,21.01307129407506,7.594118918922898,50.46508494974209,0.11941096382491248,32.86544077827055,7.240532984828054,726.4595776126989,23.748993958392777,27.85121873852944,0.4443293943301987,33.11522828107187,3.8309710465788336,422.94960953208766,3.517182945646493,32.78354207494362,67.60992042777013,3288.344696656795,3.3859279918715606,32.94162927900768,69.72074679876971,33.63991525659621,99.17437317754408,48.0664835977619,3273.4574969495015,6,3,PCOS
87.95576759120945,0.7829331875784238,95.80518805625508,109.21133665797947,109.45842403754334,86.02585099521546,110.94831478023946,82.09550811566501,103.66228734466081,80.88215684371276,107.77821735232479,123.0661012176035,52.71863905467499,13.632704410015947,6.244325953029751,178.0910151625176,239.830541578993,208.43811690190591,-0.5202395800285402,6.864746824739964,73.76766011828302,140.18143701172573,69.51266210453443,53.02130064470367,0.22503485418872124,1.0,10.75122360838024,16.11674061574716,0.42327786556358754,-4.463451883749141,2177.080733686872,40.93146115729927,0.5782273593415542,39.111169070620356,265.82834454717283,1.4839072165608986,2.7298260036201754,232.72328934000294,5.69463205286782,81.69601191089743,1089.7984491806687,2.56397612546796,138.59504718105907,0.5631218825656824,4.853320691256943,60.05361102407146,538.6017358472678,0.4729180174780774,29.005784435256757,9.955367143844503,36.45170679361175,0.14246487795678237,37.163508661233564,4.61060768066793,321.7435530497721,33.71012381845435,11.595413810623555,0.25201295716168676,42.108702277894544,1.34468037156201,99.42147037616554,5.952581894152653,18.44001032381496,46.54297348474488,1878.7988687796776,5.808549645821803,14.31553145973471,40.17464357196266,17.411278755236932,99.03729791412448,37.546652147869096,1459.6429029068008,7,1,PCOS
4223.182738054018,67.46021614759498,98.96990272978971,83.15809026246956,97.84341861132599,109.19560437761652,104.54022334028019,95.55268651707604,89.62314257042921,122.9367472923612,88.98477036258633,89.41276939873522,37.05211652242137,7.962861120731644,13.343070589359131,119.78593704971549,237.7679295056675,213.45029676967937,0.5576636923336715,31.813832512274395,81.02824869459944,125.51228125640944,52.960442006502134,59.41838037257053,0.22644491283499865,1.040385309615264,13.97929752026531,24.980994122045875,0.30750466139038146,31.81713619909067,2590.7361906997658,21.450793700889385,0.4515310563943675,31.273666301218615,300.59148553451746,1.7717319297807212,2.4038925380252176,335.905651470136,4.953775149668409,118.0072796576705,1901.2947922550438,2.50426163032195,192.97908032448942,0.6025018835792528,4.683595592215962,86.16221027473033,992.0530851305359,0.5253647481915932,18.156929960374747,7.483232108024994,25.605398381981722,0.06817793263564849,26.206113094488,-2.3392715993766924,749.7685867170488,19.550666202668225,21.3003680717248,0.5741005362013667,26.577698752393413,2.5435155395693294,305.07826930561896,5.453457626029979,19.449776250184534,48.98912916105495,1978.6816888881467,5.489607522050586,18.44010246713248,47.71298178999778,52.32408202309285,99.8298982949022,71.11083101795079,1877.0763889718364,7,2,PCOS
15143.348055438666,156.348446662349,104.03974147230399,91.15462941956665,141.0578163019852,147.36008696466712,144.62963166024304,106.38694638602455,74.49481534615553,124.87901281564643,89.39647209007056,96.67551734291591,53.43632550437784,9.645501857026156,29.469584440637952,116.85549913926417,325.4756955896431,291.32427589224085,6.653241440503087,227.4485995230985,86.60817431518211,138.25229054985667,45.37908429746641,84.90797956370827,0.23732730474988945,1.1264480506230918,31.15474812573047,15.243523087767983,0.9053420622232409,284.2061394659477,2587.5034103566504,54.68577957367461,1.0585796887845023,37.659904792982665,499.6986233316653,2.398572898227201,2.6065280073564665,322.67726455047637,5.332982001493296,121.40831152339376,1988.5291505924508,2.4859688900607435,234.80520959451914,0.7392090773131593,4.8573576725899805,99.8986865988442,1186.5730304965232,0.6121282677954839,12.103771212228246,4.353012368068892,178.63491165491467,0.4863224553407035,16.733579870321382,32.53740777985895,1907.387105083451,11.00334101324455,130.99513574423088,0.8210924752604319,17.912529025458873,22.548325293785503,1549.2168769557727,4.883848193071139,21.069171542791445,58.85487157178447,2139.905266104291,4.610880877604521,26.033994395953872,62.435420808421696,116.73940353072511,98.97187484622857,160.72423826266217,2621.826507857268,7,3,PCOS
163.19794760837925,-0.18518197689529453,91.74591921791102,91.89893569400934,113.29622022255913,106.24123368689291,109.76270212228442,90.2917976914296,105.8054218927749,103.07861353431421,81.14409558352695,152.90314209575223,30.257411051000222,16.491555355378107,12.399133081632067,254.00588870750522,281.8913039052687,179.72469794226018,3.1766445264382592,3.102180198290206,55.85500383601685,75.74059274308625,69.35237966721726,34.21344278533298,0.11364016569993768,1.0,8.040452150792806,6.939704489688751,0.20454238923812174,-1.3686136863529832,2504.200037564436,21.518239301347865,0.971762464884019,35.24635693635051,538.4721196161795,2.6254032296654275,2.7860828139724934,315.02310099199406,5.600782555149671,110.66759789127303,1936.324972086386,2.2395563985758162,152.66189999215015,0.5078490564433668,4.749979910451575,60.99341798489954,752.6802657196893,0.4246437717628231,13.021175993557726,4.808917298611418,36.89246368422862,0.12992790862927023,23.233909332908922,4.3962376147620255,635.2742717948058,10.431107329631125,18.467944672127995,0.5270235578179728,20.835365191486765,2.1365454222141924,324.37050615956457,3.887281992124375,27.347052409680117,60.657929815569645,2764.1140768427426,3.7410451252942067,24.803048037490285,57.174853038769236,59.365619377960506,99.64888547905055,86.23393304659237,2432.5983985260277,8,1,PCOS
1297.7127113884217,25.440703880187705,104.50324678989064,91.865244089442,112.92095407640457,179.31497450053521,147.52511776826879,89.09909181825397,118.14197082965183,143.50398212761928,81.52047496978298,145.83490630979702,33.385374903786044,9.337567879621702,15.66405894555163,201.32095300034422,427.4240144030853,208.15073549683038,0.7979633062568986,15.862832243837747,99.19985394879527,74.73906580971534,85.01991047295857,58.71111256527033,0.12619000921009915,1.0844084105066245,12.282651372054637,-0.6566574746607685,-0.004722454644438934,20.99790511923546,2324.5896717118994,41.91483005577631,0.7817603160779271,29.014413996000613,469.9030586138999,2.509238765220033,2.595243242207963,412.41857700045483,5.43856254297352,147.1491687677807,2550.0284624251426,2.3124000329822043,235.0699012252856,0.5702800024155122,4.720040080239981,98.56222023401807,1212.989932045043,0.4974247043154123,22.686622598940772,8.958269646141398,54.221185714288424,0.16218150595111264,32.963725245074194,13.205857777169568,525.774855643887,23.981435989501342,14.844843857607424,0.27898419349852666,34.434832189595205,1.701697742210651,286.49436380838006,3.1232965021525065,32.42834263614888,65.29871292293593,3307.947117697345,3.2808149970484735,29.573972368004533,66.7858165757844,47.055519914446066,100.26783900462354,63.5702436149096,2991.2287807368352,8,2,PCOS
11832.69755672597,149.9600554984027,111.42998881994431,116.97562004378523,191.6678810840117,315.831531625401,157.3364383196792,105.36255970833034,113.27475625320274,205.4375850661817,92.71240959735563,108.28948225909986,44.75826758015439,7.412785891811018,40.6647648393042,156.12326618865674,534.710646034819,250.22123510128984,5.4909372158970635,666.0222647380849,87.99535505800593,146.40926103432972,62.61941328190378,70.45907447722232,0.11939035729430124,1.0362669818939474,34.09106057760167,11.281446013082501,0.19822330092820883,449.78526252601375,3262.3053001121584,49.74956515422152,0.9082033311896685,27.486400276687142,570.7408866786986,3.0324586708321073,3.1155935451037062,396.80502195269486,5.75161085085284,157.03363435237847,2211.8375119119355,2.8558509401443697,274.5090190816144,0.6639364793375919,5.091482071716136,129.6335959640257,1256.040905954999,0.5420284917978825,19.383249653517613,5.791484152893565,19.253280363466764,0.054932281671647515,28.02098747165136,-1.1511225750427752,641.4787990543693,18.68902703024078,9.80760328949351,0.6347685938165756,27.317914711523624,0.5472139058145222,183.8860180249049,3.507763528889948,36.228050780277066,69.43927739269554,3606.2266307990117,3.3260705586907946,39.39441516263915,71.36702038467564,122.15336344560629,100.30856660619443,166.90951993772154,3951.98469033886,8,3,PCOS
-28.82249312196734,0.695292002992068,105.36002724550079,86.80860197676553,143.91650392754772,149.87835865470464,169.9893093506297,114.46475008271682,125.39963399118463,106.08940481696634,102.88700898456844,161.48256798488833,52.80060505239053,14.661348457738683,16.4917431020117,211.9844095035394,331.40605288986535,249.64534017039009,5.078159991881314,7.56413293207768,36.59967737398648,97.36222842976416,90.13264708815439,44.16307105371657,0.15800148383100948,1.0,10.163831908143399,36.52299327451638,1.2644881262063485,33.42303034785704,2492.964057479749,36.54433747923094,0.542744748974094,41.59052199623424,583.2970066949374,1.9626919215921734,3.212309720093001,274.8283895091729,6.549972756958599,82.4026188610473,1765.5442311046224,2.667919750566651,54.12932017333222,0.17095078774142802,4.754432984643324,30.89404147631504,204.0990421243036,0.10992904486204269,26.346001929417113,9.174774607916143,51.71719483305254,0.17979334459904067,33.57799942368076,7.196096559877713,575.2056972108458,37.406673082543286,15.874936100064865,0.19785167020119054,43.8677817325718,2.2472059242193665,195.45566766575004,5.694487779267642,22.414626214891534,54.3563270814013,2306.8859788991776,5.674218580985814,20.835474973769823,49.93221021376101,52.86834520416586,98.37479564745605,79.49996073582044,2097.869742937759,9,1,PCOS
2877.1008315556446,2.855765092579645,118.15286090526504,64.62639557742033,121.93449065574973,160.95598622692083,165.0418534245461,102.14246164553474,126.17301108593105,143.3078151079621,88.12411441017194,139.21179777742455,37.37076603842864,6.854491174706797,24.027106891398994,174.09459959775134,397.25224770557935,281.46233167690957,0.612492631233256,-18.82591768767209,19.165551541824932,116.02338879875353,79.8414250016571,75.56109201431278,0.19925335025935503,1.4406618536054443,9.950873591777174,-4.605314936774311,0.9632376844731352,41.42807912264573,2409.9801922589586,56.7268467652094,0.5689424014036539,39.732922699562245,495.83045080905055,1.6223463634059125,2.931373886301617,443.9263855692469,5.069657472372757,201.3215517084655,2502.0265850400992,2.686359656253501,230.51539876145284,0.4468126155075455,4.728532058078041,119.3480875496409,1101.5563419026648,0.4075284360289874,26.49446189798231,9.518533635466666,70.84212521699527,0.14346331245725172,31.764144972037588,8.298213068077157,1172.2114195418262,30.738957722171087,45.342008736795385,0.4825253708281187,36.6730858682962,7.769112366611882,546.1221498335489,4.256250556910209,29.277486635764618,67.17955992278443,2928.0135110914766,4.140607909647644,28.379731732429498,67.91533477376628,54.689708941644035,99.82275332592822,72.11140722648142,2790.445197169202,9,2,PCOS
12474.039369739032,100.36064423861092,104.06275187105675,63.00071560951896,171.7615120470101,186.08870357535466,164.88367925827475,107.99460851265195,100.71091518776043,85.8052869183085,88.11734505105683,101.46761125243921,48.18459936840335,6.202905466348147,36.3099346077684,156.5181352558355,398.27757089967986,288.88083782717433,6.348893448983925,-4.43831175369229,18.71303913090162,118.93570035099307,18.14455664987929,68.74843439162363,0.17772563116710738,1.3506751669538923,32.46469729730589,20.875986698272122,1.2967438013384092,404.9607672738664,3231.174105762722,55.40555325915027,1.015354774140251,40.04302485839045,599.1217096708731,2.3641985398922762,3.075655936121482,355.3276376372172,5.7666233795033115,138.88781895937655,2037.9916488470592,3.0856143843452313,248.01885810659383,0.701398792830693,5.1834542136373996,123.30576906934648,1092.533058052818,0.5596345615534192,26.228167742669005,8.768557834936951,64.2406309126382,0.1860381102335723,33.88813543552275,12.653522826256356,566.974649812236,32.0384042160105,55.54859572893769,0.41075695972937437,40.70949096861247,11.525261883028627,524.5528136674218,4.085100473410532,21.686276770491467,65.53683291794887,2179.7478155308872,3.8842084081748696,24.478943450918266,67.56103931291389,107.52885924798957,99.3707762906229,140.75092721424934,2393.3444175693003,9,3,PCOS
-155.60145420058703,0.1663215163364414,117.3160185112992,98.51506766343442,118.3086497966137,113.75737387758815,120.48063621771479,112.61369001694553,101.74078274309244,149.58938997469656,99.61296138780452,149.37161786755854,60.38316132546404,15.880618996441072,4.9994740786026055,239.596386642711,297.3948789827605,233.9182743576696,3.016995513017119,-3.06608640974856,55.49462926139468,119.58369435313048,85.29971333690827,50.94745759987093,0.16872537036695318,1.0,7.775475625308139,33.28231007946964,0.721523662572091,28.762566633821894,2134.3885039706593,18.97138614930971,0.9941277298111564,45.84736517455961,507.2819841795283,1.758731065721919,3.2813988596578074,304.8132340896349,6.8633718972889515,87.42524018374284,1901.500701072418,3.0593465388897942,133.88667290747193,0.43416379758093754,5.5460559137324585,55.28747467561086,611.5510920467137,0.3182428076547585,19.586070287030726,5.9864375434267005,53.74628639280452,0.18348226907104237,27.790137064421604,6.727941922336715,643.4175962667448,19.546844243647136,22.616341192966715,0.40974362786334506,28.568895837439868,2.690435107329601,297.1378731711867,5.856053402145739,23.363239226574674,53.43400205034359,2347.6569473017134,5.867995401159125,22.40795424920488,51.39916287171329,51.57971608634027,99.71707483819743,77.78439473944066,2265.2511143481256,10,1,PCOS
5064.720239569295,51.55877945689922,119.18923699856497,75.4912004254672,143.84462774333224,171.79847201497097,140.48027334744052,118.3771825079963,98.6162400054694,172.620986535326,83.79822273124867,145.4892269358499,39.431087098091226,6.213952243227078,10.226515589337502,165.39189409870932,365.3167452119067,272.58202270374477,0.7614892031724186,33.72630489927588,75.74120347823528,129.11924026232563,68.1379848741799,69.25043721116126,0.19253089129312695,1.0951598893456584,13.430755151136964,17.190461641452334,0.36567802121979626,33.96351252447278,2161.564370258386,41.86183924695666,0.858061483795403,42.34419553740565,437.3725704101323,1.7631293860293247,3.0992391517700875,495.4038927814192,5.745507370331579,195.7129269111628,3152.0936440148894,3.0353836760346407,313.9389770201058,0.6084599857870977,5.417343898870882,140.52148020469417,1744.8042159299264,0.5376706687746585,24.959663617478146,8.31339152066663,-15.803937341668153,-0.09757901656840981,35.882850274852984,-11.949897045359837,347.4996721801092,29.48015115748151,-7.479924208381302,0.27017019108768847,38.73580760460963,-1.368717524260194,-125.53307382718975,5.560256084819472,29.01692377788175,56.11139751033426,2855.0757156395166,5.495462152435865,27.503829297271615,56.67700473612066,59.45390666547878,100.0324431827812,74.27979265819928,2765.395116472674,10,2,PCOS
17369.652111601717,114.61981677649948,120.91588243085933,85.01581403177899,203.68423148876425,221.72677918130978,160.69770199326382,128.34757199068798,71.96769417762971,223.72508427010334,94.82576840653033,110.29657624929789,47.23404792053141,5.740149777535997,36.08389028128631,149.54081326159778,504.0975716884379,336.5402733246675,6.824910821028056,508.44475004844054,79.11136362895027,152.52486771760755,57.48886435342002,88.71432240554661,0.17803651433718665,0.9613384930182816,38.02623700959113,0.0003014479678515869,1.1074093845698307,194.06024290751407,3167.800806181177,51.091137744755756,1.1537512845353777,49.67534256555201,540.4283740729186,2.659161347191577,3.379958676353545,458.3387522678057,6.148595157228765,177.31489091260562,2769.3944447073427,3.217523383214538,346.58029554130815,0.7514699060756052,5.684970523293004,145.53850813911959,1851.262254268379,0.6551356961070562,24.873004272609563,7.475685340250524,65.9722989301412,0.13331525737501695,33.92524843529627,9.99157916451126,986.1192759215764,29.32485208910628,7.128995141008701,0.11618184381691288,41.04477292969655,-0.1545906067722509,191.81198439436838,4.862112115175734,36.15498527614025,63.53591337192415,3641.433095814181,4.783110047627827,37.38317090485323,64.77133776815226,114.70190867809873,99.35454783217523,154.00532028420616,3776.7243194073426,10,3,PCOS
371.53992109689375,0.6990367617877818,75.79794177554551,75.84025853950506,82.50287248098248,73.27456401275433,80.31522582693944,82.66198922476114,62.21342504463337,101.11589280595187,79.58944172841781,124.53511302525239,39.554441160583586,14.063180882378028,11.581911139817215,209.68820664506444,325.21251939770286,146.91749360266124,-0.5948180344119198,7.535125284738939,35.74913552981993,102.91773532926084,69.5737220115503,40.44062001779012,0.11755134347705938,1.0,9.765225433133221,2.7277076476632036,-0.0001416928147770502,17.482704033935466,2821.2037446730496,39.54986397682219,0.8955618712435298,29.223465601099903,640.3132936762611,2.534576250208477,2.7906046233894894,321.70039728503764,5.116713526545065,128.20653224789973,1740.775868051766,2.51342759569312,170.23015207815547,0.5481858937958064,4.7935575934008545,75.37592372895628,762.4277540524124,0.4655845180151234,24.177103921564342,8.525181837606926,39.95985425033184,0.11506120868618169,32.500754783938035,5.00451665743814,468.5696060225152,25.795843823382402,18.63475410759662,0.42670835366072707,34.64443371966706,1.9660233057423646,247.2346062229174,5.004067015467934,30.76870795490529,61.20366608690084,3089.4076770303823,5.12456307173601,24.78610986025359,60.93510884234407,20.013045241061224,100.27228619509538,26.469842265495185,2488.462829216407,11,1,PCOS
4365.598849169179,-2.138525769650819,101.54644387365856,78.12734350871197,118.63670890563694,119.10370963099719,119.33909887644765,103.50057594693189,80.43547421012036,131.07939761501936,85.39462883951349,137.45781047021507,38.512039448876585,8.621937934429559,12.804963538638336,137.13008867092756,431.2457232786421,230.5503875929047,0.6321596088395481,19.75759836513452,59.433481781001376,112.68453394723004,73.4474563601514,56.51065763723894,0.12143165232525571,1.055650070400821,15.764540127704034,4.222766675895908,-0.016646721685172727,40.69536530333787,2810.8761052099876,27.337283536670917,0.7550063710214543,28.935627049202658,550.396249678836,2.6328319783408785,2.750595280429769,390.9463522481112,5.490540482652053,149.84182605449288,2505.3587030118147,2.6319374294698816,245.361604969656,0.6370104528094921,4.913600638596588,112.29068009357341,1217.2091444196283,0.4975557414475476,21.87186797968422,7.769111598199832,50.31519670803509,0.14359023687064248,30.30212819821303,10.427261566094378,512.7665184374473,22.865833738556567,25.289752058452244,0.5099213108053301,31.555275634445884,3.193008784207141,392.06596485623646,4.391391103748226,34.584661148449015,65.15371498049436,3486.6559427506827,4.4054473356086135,29.783687077830418,64.47363467289394,31.768042898530993,100.2866762705006,42.69913925458361,3010.0759369918937,11,2,PCOS
13033.41254791772,135.7623470605693,100.75375884372775,88.31463415652665,172.5677529707922,194.37937816388745,113.71847922336084,109.35694401311095,51.672462988249904,145.01262620351997,84.3111202611992,111.3985189743044,45.31365020708314,9.220014111457203,32.43944579983789,142.1757820301435,507.692654382126,225.26059274370138,7.055892688771397,423.4981731824461,73.03115922603865,175.7793640390282,61.593012174860654,71.30436863277231,0.13529416087020305,1.157041565456979,44.10152390376212,2.530272105933956,0.19109529761527938,598.1806369326457,3351.934869304476,53.45525408798816,1.1658534044568936,26.152693306048533,704.3311672095334,3.5100360460846125,2.577188840226199,425.42728427231384,4.662884138047047,188.72456808376015,2248.9336261079316,2.6296987311406608,353.1841191864561,0.8435243108496221,4.596642056546382,170.99967952261022,1730.9359355598012,0.7569127250448987,19.742964038160217,7.683627381382717,60.91005055426381,0.15496769106805394,26.423983857164572,6.162436360257941,1220.9012322240098,23.64826091260683,29.12102622397674,0.5208011822739391,29.473509595667004,3.362182003212093,483.0018419789218,4.3215404190787154,37.31703557357686,70.73530703668868,3715.1728034296298,4.281296948523989,39.076095544211014,72.38967058702033,54.29171486759833,100.75375470029164,77.06710480194361,3885.982746573302,11,3,PCOS
86.03352710224341,0.840912279928879,98.79496594675571,84.2842297142978,101.1708976327098,50.042024570308186,126.8156118153857,94.34180417394154,112.78831903712893,83.04046258043779,98.34606342375271,123.96157389098101,75.20576931255896,12.611470568000557,1.378942612868272,180.03372553244049,312.35979373724393,199.7173451288974,2.695691373104161,8.854835804666925,60.69186071951889,78.36652283201605,69.55142984055887,55.6224719919357,0.1880344714033718,1.0,7.6650536094840565,3.499414828541216,0.7128673449796636,19.202131193868798,2640.7344693118116,27.92392612348265,0.8011024742905867,40.55411241073287,513.5265200404065,1.4925192489763222,2.2669738344772576,257.8020382988653,5.025763301436122,96.90468414335024,1203.19092775779,2.0945554418879055,154.9183928510233,0.6009994793526056,4.345855529232149,68.48618613369992,631.720746222983,0.49538424681363635,23.030424629021788,9.581989871174903,31.6952251894934,0.11494351708708625,34.15795716307204,2.547549759037227,426.6134859516237,21.32761613026436,14.632869103421855,0.4625970764772129,30.921009113050168,1.2857404411602222,180.92154895741606,5.690437284857864,26.377572844849993,53.54555440706315,2649.3973290109293,5.76885016959416,23.23605069946048,53.41221316282166,44.761417782476485,99.54533134935394,68.62150606246132,2316.439742286494,12,1,PCOS
5289.715717709036,30.588301529912194,120.9854806960316,81.98034614288864,155.53654457671385,116.6836692509947,175.4153443140006,122.37271613208759,124.55358507629147,143.71949094837876,91.06027132404714,137.3624862780567,48.614413964344195,6.1244574442458335,9.419145394091796,148.46801892726157,426.38586459526493,307.2344095983517,0.7888131273504532,80.66008190779084,75.61573458071953,93.25634697145324,78.55929512428658,79.81551957842858,0.19470271524608468,1.0365414715268861,13.784203619152605,25.63259638524793,0.34197918317345044,34.85289501818694,2691.898725793808,12.5057090743551,0.6076165868921589,40.74390119636011,479.4890821148577,1.6477284429512127,2.236582385292058,424.48726287104824,4.648237222377399,176.94780491573152,2338.2818689463124,2.489926056510155,353.7810318757049,0.8826546785396604,4.564889173979566,165.0645779713143,1775.2764183488634,0.7602159961364923,19.82467638668146,8.61628884969607,70.52059950066959,0.17991803680906918,29.74025841458907,8.96573215025776,1100.8936726589598,19.43636466461526,29.343997572666417,0.4679921252891993,29.086918722029825,3.1558422182477974,491.5745553220127,4.968279312484076,33.61653465569944,61.95479426018441,3370.8613217940656,5.057933240714914,30.147402089820382,60.054864271922845,44.931550883644675,100.1191014492177,58.00545599527771,3066.5855545993077,12,2,PCOS
12241.394961206168,107.61269716712518,112.87941744520978,83.45894856608969,150.59241998643978,115.03349603875341,202.43359155748234,128.33004859219548,90.86137351253055,150.26035058927818,82.15520367017953,115.4594141189134,61.304591658305064,10.072576223986026,13.328613941085514,156.02672018429237,440.61354880149366,305.0225549028996,6.235655378966878,522.8188998397342,79.96613131449995,114.4399664180185,73.28684875384683,90.99882606907644,0.20720897584907888,1.1384437140973727,32.620516531416655,5.388517892573743,0.8600036485402089,748.7052955585812,2445.974232367675,44.46321392054706,1.1421063460637988,39.16302335161722,586.0368137476914,1.8675373267043627,2.3418149059964875,350.797593377513,4.931307700579838,141.40813508057371,1891.9227239268303,2.4004373674502046,231.96142469524776,0.6643399732055333,4.50484757598446,117.2825253795413,1064.108590943726,0.5882049275943042,23.03915273152257,9.366168450162975,64.54393149493502,0.17629410467599085,31.70409793500082,9.855004461097051,921.4480837973667,25.764649786749796,26.021970404775708,0.2614047022197714,34.75658747090828,3.6447812512168865,389.17543862269645,4.383121664528813,33.099541981977204,65.59410704158235,3314.885966054102,4.362530341966076,33.399277706617525,66.72468010139845,77.45826335779557,100.08433681369903,102.5733041261754,3362.983002720719,12,3,PCOS
77.82500009369093,0.012800251689805475,90.27843024966691,92.90119634606506,120.34956330058823,123.29618801391648,97.61451287878933,85.90695857449008,88.75919019622643,108.63866953627048,80.97352787517278,122.24590475072915,52.76002279858802,13.404326662484806,10.38801455160144,152.46632117316966,224.49419892341024,189.96043475193372,1.0143816895606532,1.8395681178372274,26.54490467108723,76.44485687531926,71.56226554159582,38.091416886870796,0.17089227508768784,1.0,11.470213744716633,27.523273812213876,0.5915370774797832,6.642904093529452,2923.071913011848,18.068202391781007,0.9406859107262687,38.54921609391688,460.4242337112708,1.8243132180907033,2.816966126410228,244.6727500752292,6.546514132648853,62.60940060691408,1611.7832513895482,2.5120214002424546,105.72093317729431,0.4385125337336338,5.079680078040141,38.81732764472089,581.4597460893589,0.36467940998748044,10.986836058830873,3.762562959616229,32.583135101845905,0.13596671950420222,20.57501380315118,3.4252356890987254,612.9951064357393,11.301903768158152,14.815659719935017,0.5184813052939137,20.431783196459833,1.7841865113484328,239.2232098292784,3.953859372713306,18.175684820406573,50.32773517476763,1860.7792306032072,3.861057139402942,17.42412681709193,49.89067788034277,23.588196015716413,99.27483556763963,34.49381335228358,1733.629504927983,13,1,PCOS
1274.580115722952,84.3792788735915,95.91203229434618,87.58264678379714,110.74767041624645,164.84332479705517,107.10610467438275,90.59005616923096,77.15718738355937,134.30825331821987,70.83766091982015,93.593920603772,44.92344574914447,8.387996713602597,18.42050747921309,192.50030630784693,305.41929802934885,230.79238983222535,0.9457156405678615,23.522498850139012,26.307776722884242,102.78614360250684,80.99934886321743,63.74342126407016,0.2036507325745382,1.216493143002749,13.276963038347247,-4.842108767709545,0.609183952004474,34.19488213584543,2715.1484936089983,33.0412555643839,0.8710161648229278,39.628592553466326,508.2511988532487,2.052151829413777,2.7382821527229284,400.2911352301749,5.364943844037492,150.0490469213055,2334.0247788225674,2.6578731439821794,317.9606455622228,0.7977912431164634,5.082602862801922,131.07822350368102,1740.7099813562638,0.7445708535987482,19.12916512276299,6.804017858342399,89.68211293212065,0.2331499319863656,28.994370289396397,14.210616541538158,1292.1704176556518,22.977796175397863,30.656118222945825,0.2578156765662415,32.95156034265303,3.8072306943043004,483.8441740032962,3.2589750999027887,24.932909073985176,63.46857900908052,2507.548800139301,3.3271901909243193,23.93757718506073,62.71426854094027,34.06676828088348,99.59689843219613,46.775637544105855,2314.7356943216882,13,2,PCOS
7618.5906077148775,175.1014830992268,109.26521555024192,101.78769758037201,182.218824335222,206.7791712276117,116.79597037497703,108.53401668409828,73.9846424923904,170.45966360526162,73.51673984878151,78.65855775732047,59.0364074496578,8.894777821870054,35.18250776327823,153.37518354737426,404.9960884718513,238.70928092849553,6.88972036107735,543.147031230825,23.0446496057218,138.1039439034177,53.76458702108441,81.89621753493392,0.1974072642353356,1.1886367839157903,36.19364809185551,11.597065402815353,1.0841879441187978,298.42082910210013,4158.370298655812,45.47657529974181,1.307771587985259,42.22597007861596,610.3946276547795,2.6452825626744865,3.061876382843561,353.4821519265129,6.3379000400363426,110.46678382634485,2417.487284270129,2.8813820699423665,276.30138522395794,0.7798046312538898,5.348770462147598,115.85534413442782,1494.463474370511,0.6174575229513998,22.991195215331725,7.237258711460824,24.424138936541574,0.0746067996647689,34.08416959863901,1.5276452187523866,510.67534813530614,22.956572915978846,-0.9762619412869995,0.2369953320186736,37.671295798362756,-1.1307533827495941,73.57161646218844,4.006824101978864,28.548328767411025,60.738240558584664,2842.300988417604,3.969691541711468,29.824828812848665,63.07571523360146,124.95574005739135,99.11266282467177,161.07002481831591,3020.2453052561536,13,3,PCOS
292.56872604305926,0.5004714756653958,80.87923924635997,77.8187488528911,62.32243370078462,99.73701889604096,78.15559838464698,77.71375291483966,37.61925406036055,117.96119110315384,80.51809701727518,89.05702207219912,47.93287619294143,12.589867795801574,10.902070297671738,140.29193032976795,250.0474423830932,143.14012008265456,0.3697015237469037,6.611077452530951,36.22119925341304,83.02330501468194,81.35366858499914,39.11988783496351,0.15731958261897713,1.0,11.790201950784786,31.321291827485158,0.34616498873037665,26.997677030666054,2844.2743846268377,30.585816181257982,0.7800335341441609,30.821558670891047,571.4014695670296,2.023745671580935,2.7105438845251273,267.51372178240075,5.739765540249261,90.59396494596955,1559.323154896605,2.725841096853763,134.11418222962558,0.49767067634048673,5.041760585487711,59.7094063157618,652.2509793022849,0.4242729648605664,18.129289057157216,7.11009002543676,58.10251512278438,0.211500213903698,25.603682594264452,7.770293441439279,677.5736926888916,21.105731822097376,26.40665790640384,0.46135389597001364,28.99300214437286,3.2960667342116095,336.2606201734708,5.224969877676878,22.468051454050947,52.293315858331695,2241.8660263441743,5.454537198017979,18.19592576123885,51.11660514607326,31.790810088737597,100.158146034853,48.249526383409254,1855.9493530738637,14,1,PCOS
4156.164384740423,56.13700421399531,93.00786107728426,75.9777944211186,86.07837850869478,94.64139741769625,86.91520594497007,93.70914266837879,44.553649498855165,137.18135617092622,78.22318922124985,93.13887294654046,43.44366339508908,7.480211898634229,15.81462301264417,113.59418378092866,311.6212067055455,176.85538494589105,0.6633486270079265,22.918158935287362,36.17601866658468,108.14965054535944,70.56245277736024,56.68566480917802,0.1816320746421667,1.171845653771604,14.867241172997325,4.7694550163946685,0.5364453969997928,62.922208588206374,2796.856966903536,33.38758805185583,0.5967084649273335,32.70596775225864,529.7624559851433,2.065236024553852,2.851418047731229,332.5418370262652,5.669457375596327,123.75204823772688,2284.112066017562,2.5734955658694076,229.99920573645198,0.6838534552684656,5.092881608579278,94.46743317371401,1264.8208414838098,0.5650158723491177,21.961502987332473,7.777141926638808,40.800946497027766,0.11931267669723877,30.497702439109183,5.554237848459236,564.6428499224869,26.880870013986048,30.781291252481367,0.5256533623132894,34.66235988634109,4.748759775500094,386.46851566545,4.277104264003486,26.24326006347974,59.213416404063715,2606.7782359201024,4.256203709753094,24.105662701597005,58.535711244403146,34.28999546711087,99.96211182845636,45.15974679339612,2409.6252664992167,14,2,PCOS
12084.795796545735,141.09860144052863,104.9340835660211,97.1989146830338,141.44025127452056,161.7210827430969,99.71556827431299,111.63019415894188,44.02721539531761,183.30313200538725,84.8381183160747,92.30594293423003,59.666791361344316,8.766359701997496,32.565769330336586,127.35270943047706,420.8167863058998,215.72918986816822,6.7569793146562125,207.71929916703965,55.61403888289837,154.876248560695,60.89684476268296,75.55738504499004,0.180553702047493,1.1597820366686131,40.112198059359066,9.026362301438962,0.8335728734090175,556.4722604263187,3748.4247730627944,39.20885069135218,1.0716580082713532,35.88515806558028,682.3084641673597,2.8945742238182963,2.9844720893040684,349.89888385672504,5.967377318448326,121.73456760137866,2358.2722823735576,3.011208527245659,277.21865981448224,0.7883671811963867,5.2972924567824045,125.27643845606407,1550.256603814286,0.6548990016003768,18.918388949429968,6.31658867474042,58.318785721554946,0.1641014700283194,27.845192189204656,6.6079611409342895,1062.8976827067004,23.653690089073486,14.352630412915811,0.32244625003006755,33.432733697771006,0.43313970373005883,362.9703920113567,4.316884675718829,30.696387018106694,62.176269083275386,3063.2842321110907,4.275461965047889,33.159847453815786,65.29141149102077,90.89797210553728,100.09514228239459,119.65465020871974,3294.4023865497916,14,3,PCOS
301.56002492346806,0.7733975025939417,103.66702023757331,65.80950462111802,93.18348930794738,93.21064396271383,131.76977621399243,113.95667983384027,97.0533818672768,176.292177787808,100.641869477129,117.46996226855381,79.74135921717925,15.330339699228368,7.906902080018702,152.98519172471737,351.6029662398303,150.2058510331498,3.162774452360059,7.270958112475835,42.81733643390788,53.62230961501359,98.35743088795486,37.57667046346293,0.10517735460025437,1.0,10.158560149557376,3.5303882236935333,1.1941690856506137,27.469915054196896,3254.8323611121896,31.468835902173353,0.5347616634363619,34.92696714340902,511.8996095350013,1.7629053876803165,2.5103612900858403,276.3355658640606,5.355426175446385,97.43287009237298,1558.4209682121289,2.5590251904064236,106.32516157290566,0.3799580902972273,4.53024965951187,56.884970544234086,413.3502058787077,0.2940081358590903,20.481524449650312,9.246662234335853,91.3492928644645,0.337110635398977,26.46940745204238,12.234449669182016,1045.7801145506917,29.84823252057731,36.56149224256679,0.3887698151675562,35.452474949708034,4.711829186256063,459.50276754557535,6.932734989859123,23.073461415490236,51.764927244498104,2292.694206148925,6.865436120179363,21.54992178366705,54.102370255976766,46.14920491716825,99.34539057778959,74.02723563048754,2143.251757765396,15,1,PCOS
4938.042723696347,-12.030992778512392,123.36445013323888,66.23220937328777,153.18414984984713,127.53937075910493,173.31286815592392,121.64781415188176,132.84426307337517,267.4872440215446,99.50757719102789,143.62160584932295,55.97664181598252,9.798370087878677,14.850502587136019,155.94642096510282,435.34074832701066,219.46731240531363,1.3085101523395875,62.380427999975915,34.644663629948994,87.92169687669042,86.8929891246998,69.55953230762891,0.16341348076034445,1.5214574610409346,13.744990661429997,23.13954199735777,0.9260728820572464,59.79962863310695,2948.6022429376826,46.45486245595656,0.22187763567021906,37.26133015944676,395.0111420261208,1.6194036336500077,2.7180670496767743,387.91108664117763,5.361629977960744,171.41438929211355,2536.926891560156,2.469709274506536,242.4094975480697,0.6093340911129267,4.806641059306595,112.20993193417445,1240.4258122619199,0.48868202741000877,17.879263658259422,6.5839203417164365,131.67035946103863,0.35038679700780334,22.86988756905726,23.553091652162657,1622.9349713174665,19.038563432048665,79.51829578306287,0.652292113243213,24.674123406243254,13.1156774718202,1025.8679065504969,5.524981946608178,30.742992937128683,59.122814930792714,3021.261592242505,5.40851369464783,27.32030224465755,57.481286735427865,42.971234858388144,100.05669189974047,56.05497296436174,2797.8105244636918,15,2,PCOS
10755.432274096234,62.55254129088787,119.33194031044786,80.23849774491902,212.02852513024334,117.55195129924925,189.08188853018726,145.52051538381622,116.20614219089052,251.96528194675622,101.94926540371108,136.74673347638966,76.01844535421657,10.094535209706859,0.9731173068603454,177.4618413559346,420.59047914650796,281.5072326732741,2.3063200472463823,92.68602134561831,49.159028046578506,155.16205738480056,71.77425506203488,65.62988611561681,0.16151056798735106,1.554477437714169,35.505917454061056,16.86509793334584,0.8882118630444598,1011.7362999399743,2586.211145746008,26.78304393796627,0.5521194066863094,37.483197410127126,505.0019739820885,2.080693121016206,2.406744412184553,425.95619229390906,4.533103450048372,189.02477268134825,2185.787868786417,2.7047839891063656,298.4060193473595,0.6886934347072182,4.434554304282607,166.5442822795809,1446.3710022894943,0.6720845258930898,11.24651406852373,4.959565634271193,157.9927665031036,0.41240437184401046,17.456025890794823,25.831769104163044,2008.327076816062,17.213486268808023,95.06871086610897,0.45635121912074944,22.322013029100695,14.987650758208487,1309.2356683038547,3.774913389893061,25.82703682608148,69.50922468624968,2559.0638931696203,3.6402357901790605,23.88288126007359,69.08640938681296,-6.082489979431571,100.27873252153523,-9.64487824516921,2368.4228068725783,15,3,PCOS
265.7602416110452,-0.2970873486170847,77.39660705519908,105.69552199942045,90.31953641478908,123.49975837842281,103.66970309375948,90.49375200267347,108.09000146887202,103.71661348467234,91.29241142409022,117.881774884942,30.34039708685175,12.235277744315091,16.986029220901223,230.67162217317835,260.6220094782709,174.3171182415943,1.7872784831298958,-0.5066833628289498,69.00260028929084,91.860747853362,67.45235800378006,24.779560870768982,0.0882250774036917,1.0,9.607435554999746,-10.12755504498665,0.2745481751034453,47.804134896666895,3149.9180160773676,31.9428136458673,0.8355010352748802,27.841659693997684,754.7673927330591,2.526835222631102,2.5644940415805877,253.5840109409039,5.289494747193496,94.27295976536422,1541.871816982522,2.2355638952560444,153.8256310996067,0.6100862998346487,4.706822985994148,64.29076390890413,783.2539384440665,0.5245940795044535,25.610735944405494,10.278580634144591,4.886440897650846,0.051998005926757004,34.52333452750196,0.9989507827653754,227.48473326559184,26.644195799088777,3.5541993574433572,0.37607200835633253,36.11835822114553,0.6480801230540136,116.01089875832811,3.536252131231463,24.238167979619615,59.826541713924115,2435.14301549431,3.6169390617972743,23.007499671989056,60.16560131299273,60.0950878961407,99.97404403751106,78.89410960362794,2276.0413756011862,16,1,PCOS
451.22867757790436,49.45405850441817,86.10402674096431,100.97541993913586,81.1897284347151,114.5317066795742,122.78021668424242,91.62861156729518,106.9808256519712,126.66301964611309,88.94041212722756,113.59149502280444,39.4851062787488,8.917589093097721,17.154509868105386,193.8280261415223,381.1177461069285,183.100806598422,0.12732128088279104,39.86721182539105,116.20403918328307,80.51663130065354,65.18794454062953,43.96506920215689,0.11016245459947388,1.189829145294089,12.025965951108088,2.295700855029204,0.11345555796357004,48.205997712525274,2901.824133889627,48.462942607123104,0.5440583338646832,23.876930311230204,593.0276247161862,2.240256403003431,2.434249983945934,303.15285647314687,5.040046758807072,126.58744069434405,1703.2429143803436,1.9892540006156711,194.93001946608285,0.6499346584765575,4.478498547817604,79.47023880760436,908.4046218271155,0.5912274912259401,16.383620353789023,7.064943074238135,76.84355019476553,0.25013272180491586,25.10368980543545,16.964325262425973,791.0452221848559,17.912495694624393,35.28383566420425,0.4791411340863405,26.464738417566263,5.093418367547015,550.7887503921555,3.082144105665373,29.876257074518012,68.87056141873249,3039.3574824933644,3.0821144751543477,27.844638290260967,70.52483712789301,48.121215599890135,100.43327563525105,66.66973295295541,2874.9974794418877,16,2,PCOS
15572.46708739936,178.4066884621248,107.86939024317009,117.908041556582,146.5287492558058,265.10025101678065,125.73517285870416,97.34276461839302,105.07350326009893,191.45373501895187,92.68413837854634,78.84722522413871,48.39689135167691,6.651432240051685,41.56246569830726,137.64189641140027,465.41746646275544,228.1300639869299,3.678572956595981,747.4879533200365,88.66878551271098,128.1928920915687,58.37033453526349,50.84168279121678,0.09976114587367718,1.1016396416961216,46.9848869526671,12.662117374629883,0.045993057641849244,379.0728374143084,3610.783088530096,42.160454232233135,0.18571008720503457,22.56972772264548,692.6926622823224,2.2877183162677825,2.3026248217401455,343.250608397695,4.841571271874104,136.74743307987268,1749.115897526552,2.273519192618615,275.18530344414813,0.7935087320878628,4.465717768502337,128.6895962352371,1223.91417406652,0.6905909212651449,15.276476115199024,6.849970249711246,62.295731953381264,0.18671141412591843,23.942652437037488,7.987685363824513,992.9776687907823,15.838608801102307,58.100286091862884,0.8670652562610119,21.569585485744778,8.85370324315304,821.0591567758847,2.1015225461382165,36.42863575650975,79.72769137761513,3636.0610790317796,2.0164174679677753,38.262896901513656,80.2046204325958,86.73313679886702,99.91108460710322,117.14154882932502,3802.437963538844,16,3,PCOS
75.90771431138172,0.26897964864663343,88.60054304229757,93.20333195189855,84.76675634914199,126.32760963554641,89.31372135613911,74.45346371316968,54.56737274426701,123.31211280165526,82.18554329946784,103.41173491381903,27.260647459455353,13.697842496927253,12.09296319267511,191.4587719423756,230.72675278309845,185.62604236852104,0.9112744558228681,0.44371363811836506,40.932874521886994,110.09313268250088,65.871551402515,40.67943499817642,0.16652791260734764,1.0,9.02932517326321,54.98862373631685,0.03385140074370896,11.118663916891647,2033.552474842401,24.142205837752286,0.972081288097885,34.559933563508494,498.9783686305979,2.2667550682770905,2.9972320660742087,279.0827811719375,6.344405613365628,87.36073278600381,1730.6646575262598,2.925203480761595,131.9670662394661,0.46934474651596286,5.333243031060489,55.361668639316235,645.2762783649458,0.3726507999014925,12.224763581113207,3.6739178076905743,47.843818280919486,0.18016190704930948,20.095359329115897,6.53721262795076,585.2272969829087,11.064467434392114,25.023059021013015,0.5725171688707816,19.535847422330285,3.115933184423894,329.31362571269847,5.132113090316989,22.03322859119798,53.62099551362463,2215.660555289627,5.281898827397231,18.504088778225686,48.35201167190382,46.278051084282275,100.01865253109956,72.11727935847492,1906.8758152956095,17,1,PCOS
4697.285221175047,36.060700972980825,90.72836989941077,74.55189892310096,93.18217496384787,126.07071457467511,87.7444674311443,83.85369401560557,36.19233247801789,123.83912516445005,68.90812584615522,96.4418623948154,23.137382015141725,5.204470806997133,18.295683510336012,104.23369600523414,274.76939537612554,186.39276893224047,0.3329990169074833,5.041863693521705,55.71506033327491,111.3325519103569,58.755556596882215,50.5754056671216,0.17791155854240104,1.0401809556386896,13.315180951564797,0.4805315357488311,0.15948751525529453,40.56976834055118,2160.9939121866464,19.045087265446703,0.8803930016658033,29.508455147145646,439.4200389343632,2.2072506683326627,2.833236606464119,388.72533803011737,5.572130551499794,139.8248211467465,2652.000584245403,2.5657354345104566,245.14503256293335,0.6393563232491799,5.108335879074177,98.66251657817925,1447.1071415060085,0.5562080909008152,26.92058683408013,9.852143994231387,-37.86914873121017,-0.1152846735922419,37.743460878962715,-11.93784943133921,-111.08764232022236,34.12195591682479,-11.840649939648625,0.33304283370690857,43.36329630944262,-1.9414968835219937,-167.0335247814723,3.9771737025316125,24.267302753434294,54.84320655943681,2411.026219830788,4.09063287850738,22.495903867610238,56.44132160253256,46.08012822789083,100.04738992984677,58.82270807048181,2237.459060438364,17,2,PCOS
15175.787962778359,114.43450862812122,94.93394810270131,95.67090386705317,133.94130473750948,243.98449354576235,90.51519710439148,95.1545525047339,40.478654535743544,203.4344656114096,80.69678860293799,75.36678550232524,36.152679352313285,6.010988097303858,56.241456937774686,101.8001771353051,421.60772809996735,240.90308966730473,8.984596583084178,160.23746679097178,72.61374605425013,131.36249758343226,53.54502928965383,69.75016082033767,0.1628979741687606,0.9182538779311469,32.45797544397276,5.895949597013757,0.9778906081741572,137.31366806878674,3427.5488446648324,51.96188039716327,1.3378456507511103,34.95760613577095,564.744901603792,3.113755696689357,3.2988306828434073,368.78578169411264,6.324765645265189,131.9122149860681,2521.499325528316,3.1079184062736136,309.9350424960174,0.8331985181250388,5.603692350926899,128.9800102830404,1730.4750572817122,0.6689967693093024,20.6348578288263,5.852272635442145,44.188527199848636,0.11904984710559048,28.737760533345835,3.4501838273959917,966.2037562794777,25.24429047697863,-8.628981325220153,0.21336609914544952,36.33758282050119,-3.5929833929163326,70.50051898392002,4.249380095733382,31.97634632310532,63.00247260941775,3214.9729225916503,4.040856166355319,37.62048382014253,65.67582708051297,160.45548420648902,99.99132070586539,214.7953512785458,3763.5620979637547,17,3,PCOS
189.03249403393838,0.5414478436869956,90.90456124201262,82.5597770390145,106.91277362102846,137.8530474542273,123.62755325365909,105.13695430070578,103.51772918624565,115.45021881049584,101.66937010887555,152.0603487401002,38.37448312932523,13.523998240732798,15.456701294464512,250.43236693957647,298.74732961833047,198.0322386744983,3.203691412158765,7.245529023430009,65.04664391080786,120.13047302699539,74.07686749719491,44.60200883988287,0.15470781779040071,1.0,9.772367713549936,7.045889063257407,0.5932883309565764,42.331568551394824,2728.716278193183,33.095089296830025,0.7061780257391916,37.33790875859415,659.1864206984048,2.28553295312902,2.949429516743471,316.35588830381266,5.32842720504731,122.12622934727958,1742.3180665962823,2.56407604571905,151.57908494092467,0.4783921076502128,4.737422256328328,71.26412601100836,635.2113493162468,0.3998818933506323,33.296486531021465,12.48925845564215,29.139517274952404,0.07957464957708549,40.71310423103471,4.3962361825095435,273.2220906084455,39.34028551268128,9.75865624469915,0.22859683507574607,47.28714393950513,1.3175396073060912,135.14604534554587,5.5254559507443926,23.15322444543442,54.19537366064986,2336.162220031593,5.452274684067842,21.627772409542185,51.951189283475976,54.025251177738646,99.51759658970944,79.76870564461098,2167.5886676767873,18,1,PCOS
2447.8291261306413,-0.7058229428446552,107.02608563416004,71.02615831992439,108.7958592164371,153.41391113876293,141.89241913002982,103.32781477886668,114.88443072089552,124.29783191068523,99.10228428103127,155.40977814840107,38.03085365772269,7.9197097299916575,16.126028894294272,171.36378652283048,407.53836539073654,223.03588921076658,0.43801963037006886,5.002703932618367,83.73629068494282,122.1705945469476,57.73287116307404,67.37314691738375,0.16872293730762108,1.1344568743929493,14.423201362512323,9.04950862205268,0.3027854476885643,36.17661200679971,2602.2195036064,58.71731315892447,0.5353889123210649,32.4109334626186,503.5721291628238,1.9495249617361077,2.8190867920588376,397.3391105094845,5.280979989446052,172.76715195731992,2288.79777890627,2.471497147489447,160.63394807832466,0.3517205027857641,4.636546300883211,85.85147091148052,668.2286569374577,0.2952566693189234,24.392189439118315,8.908223840016461,54.7922301505443,0.14037459317058637,29.85521488409306,11.724708941490514,459.2128466395703,27.05876963528246,29.028292901461402,0.43445618575963835,33.40408452417606,5.3172656713114845,318.44087691989034,5.421073416494006,29.41969688798107,59.68044089699301,2955.085676604543,5.302459880240331,26.470901165472874,60.28484109540696,54.7905768900803,100.39703172431285,74.71071623406473,2705.4239734843463,18,2,PCOS
16903.710100389944,141.21340073124938,110.09112577279674,84.99888112160316,192.32720958558514,262.78862409411573,152.80552866703795,114.69723009178651,89.58006511912147,135.647640771098,106.84214987376656,120.25084906504054,42.6549775940819,4.1617331870943115,35.52828011466697,142.2645774643185,504.3827092816891,277.95773527539393,5.110734898568918,401.3058148287288,83.45812224820061,169.8864331485429,32.1517077873977,74.7121776118839,0.15148010946709622,0.9983358458737913,45.708282418497234,7.2694729064961585,0.5318031487754555,178.50333433927455,3294.960818578459,52.044375214966344,0.6487370174557219,34.544645863368004,625.3438299670013,2.7865995970251682,2.8772930650013486,425.9562126811379,4.908700225485905,193.92082454035312,2094.870099227769,2.835327667627933,332.5947604690111,0.7822860437805339,4.919582276075115,157.78931666070767,1498.596915569455,0.7064112370614155,22.026977863681267,8.032182554795924,79.92715967067826,0.19316788747797725,28.450126347448585,13.647146516770707,949.6963514638973,26.93308307491746,67.71223723109473,0.6970389849742727,31.645934882677146,11.689276604221638,774.8793609820555,4.249006075439042,31.73028793752991,68.99815220717218,3184.617848193161,4.180487206043345,32.86517449030806,70.48119964677946,69.11617217031704,99.66359612908,100.72839004312462,3258.1971094073974,18,3,PCOS
87.02165044985551,0.2820713898237171,95.76550103344546,85.54379482307489,129.38896563798255,138.3734747014083,109.61804340094696,109.81820599055938,117.21422567436434,134.93383686616016,95.70584948746837,145.03397654818062,63.70938403360715,15.088099655555604,10.79187724085195,180.7994850429162,246.8380362644961,214.86839625358732,1.4736748354186755,-1.4704075009357886,36.25910477064508,101.93241942973009,86.1430194364261,31.93009964827565,0.1355503253264749,1.0,10.586214402400847,13.464066292134108,0.8988581850059767,33.0855622791685,2535.137304537565,27.688849663174185,0.555477623496818,34.574356378166634,446.98642687886826,1.4321606351325855,3.025964077325126,279.3856488272283,6.447655524464999,82.32273297964058,1676.514279362823,2.7122021728900885,114.48171224022195,0.39554177073708674,5.046328228732716,51.00027657639113,524.1671210634217,0.326228417882321,24.001592109979022,8.658995786514899,54.37201294851638,0.19649460821293446,31.021368926102664,7.0194221529053,701.1973260114386,29.830450156516534,19.36855056319234,0.29769878374902026,37.447595332768714,2.5164278290042215,270.3532911774685,4.708338730555225,16.56610687917971,52.84574473224638,1672.577709602056,4.521592739422626,16.58642424444429,53.38927014122966,12.381668694985645,99.25930550549542,18.754018793631673,1688.5643658939875,19,1,PCOS
1797.9640104637897,48.735775848005694,102.0468323206133,76.20520779240697,118.5299425492486,187.20184984487565,126.82250026408971,109.25977012107849,109.87449030912802,177.37065039265224,87.5250172178708,127.07344118196087,51.907706156044654,10.179783055928858,17.055372631590348,181.5379130167705,326.2572395732407,241.5475006579394,1.0811390466032962,25.092149007786382,42.25185725410768,120.00257559714946,76.0875485156626,55.83418747474679,0.17339964758670132,1.297799051396906,11.341484380894121,7.931148489084402,0.6995588298495325,37.18550721952738,2376.2857321097235,65.95317162806458,0.6175510789954057,33.58880015260146,426.19256756435396,1.6328144476326063,2.8685484159953982,431.59383215835686,5.320659895394957,184.1817795066853,2382.171052613924,2.6789849059658413,289.31953773906014,0.6248394685715922,4.9222819243643885,133.46634852134375,1480.1418425684612,0.6016930262314244,17.295523519946318,5.732464101284436,78.3921531701994,0.1748584443952274,25.248020009249345,6.834153818899475,1427.139465996989,18.802915866647076,36.89563974686826,0.3775354580850243,27.038958851243954,5.680621548489832,487.8402403591168,4.72324654011577,24.170338451826186,61.98588235771424,2413.3217189919433,4.558067097447982,22.155357878522615,60.018727600907226,36.85597852699178,99.55098512683631,51.71153455995385,2191.4999539610094,19,2,PCOS
11869.797602674349,162.48205782363166,108.92102181536607,78.3679432884961,213.10833066347038,218.91934473392257,136.70253156656852,123.9587542259991,90.7326500187856,174.60340298745083,92.88981518041744,113.19876753895618,59.19570975219948,6.831458785005566,24.05152903342676,155.65795519282364,413.7753510739371,283.42495997725473,3.929640246554343,593.4437836242854,41.09355938953766,149.41465916648653,38.724663329268466,66.24353933540216,0.16373384558481158,1.2170166140987997,35.3879777568524,10.365445681847259,0.8857356168818384,247.3468543250379,3312.3635664324916,55.94810060742559,0.9774789409548221,38.40733900693998,542.0020853394591,2.6570588617876525,2.7991998991100893,432.5388235736163,5.167403348693006,179.64648782570725,2348.987417293272,2.6896643844634047,341.4370625790097,0.8058496461376239,4.91253394688534,151.450468456221,1655.5469660339977,0.714934562417723,21.22323083226029,7.672152035433001,80.85425062304722,0.19831595155127038,30.25661928554496,12.645478940942368,986.1012070906202,23.873690755915696,51.91357783366957,0.3937094570599987,34.24193524130704,8.456909427781206,621.1891321978763,4.4170590162400325,26.269981998860963,62.59550945170194,2628.903519764255,4.347946941073662,24.963226589275205,63.52650101117075,34.281071026119996,98.54172669974739,47.29078312762008,2519.175577556289,19,3,PCOS
398.36064674463137,0.4281254537500889,75.78957263745923,92.81658004525055,129.30643577211137,89.77736933620082,92.46825429279424,94.20796887715177,79.04268219688191,85.99748122920911,81.49197332677034,141.08373769190754,40.61806765052202,13.417253896273346,9.699195592622356,163.1754773620648,241.06273413662169,133.5289711941615,1.0737431261047128,4.74567413027559,44.08783984919269,91.8056804475319,96.69430798190234,22.218333758756945,0.10442583919222781,1.0,11.68122697032613,-4.339459123500145,0.5812156715639502,20.578634392639778,3311.7154901904187,37.79711884275653,0.47627013758038084,36.31268569337933,548.6267394399171,2.434943020882554,2.914766056908762,242.91203662937585,6.197682051353112,72.64978213759203,1624.1778907913429,2.5016211758755,79.08451787557023,0.3461639625195268,4.856631210424575,32.98466082796023,436.8821887024309,0.3004588218338856,17.943981640038242,6.438107042003172,56.928316399729795,0.24318696111817517,25.474241209788453,7.960162282123196,817.6255630134808,22.63408581616674,24.52346909581768,0.4092078321171554,30.61592911349435,3.433143825921147,393.3422282874732,3.26634455774835,18.229233141625162,61.51486105804259,1873.892562495646,3.1181997992666513,17.586244705451364,62.40314872577084,14.841995217837468,99.44813550561241,20.141328972801304,1740.4077114229801,20,1,PCOS
1162.9809111380414,71.91442001503717,97.65202490378216,93.51883157693632,129.41871052286263,168.35060480904497,124.67592967323485,90.00942109597261,94.02023832166115,148.4142246199923,85.19444859375234,131.2036869844644,45.29383577739925,11.343602394515255,17.022251646492826,198.6074438360621,388.28720569913065,173.70361830003324,0.8559395500376467,-10.554089177792136,63.61043061308198,111.71466021404086,89.93547442967413,62.72552138399473,0.1616336533495529,1.5258123988804533,12.973802354911415,-12.704017300737426,0.5637654166790171,48.61307105168859,3059.917098893507,71.20751564531952,0.566389833666339,34.189413365732996,501.0405050001958,2.4994863925620394,2.7850851401731354,334.8453217960598,5.353625287695982,133.23473331448372,1872.4070334629312,2.336079978671526,160.63600571642974,0.4724642465253082,4.5388483939257815,78.97142408308612,737.9520929123272,0.45255714633327243,20.037392872579968,7.163432171917408,92.38945153008049,0.2769309159201676,27.418786157347714,17.018082088317527,1162.316874563221,19.905519113567813,38.209178245249916,0.4319585366389084,28.323650755038347,5.2276574954628625,585.8821329356517,3.589228238571208,27.23763098084684,66.20760307061231,2779.6185299412646,3.4864331615220006,24.879787109699237,64.70838438537407,30.85026382589454,99.66322668426189,47.61335702806149,2464.2648025437006,20,2,PCOS
10124.77221625485,205.93301713449114,111.11063134924673,116.17673452768582,233.70579723422298,240.16700303754823,115.60736028067994,113.30820758736729,114.8387619348073,144.75759749016356,92.07722368958723,97.69843738710058,60.45275007073387,8.298412553268712,22.888787289546364,150.18841467248194,472.9053596849485,222.8331299033312,3.669892924979253,345.72453244003134,43.2578196826335,176.75610947897377,57.54011524443516,71.63443207127601,0.14955728345317992,1.4349508515289315,37.27982050396681,26.677125919826423,0.2800077836501272,304.1737580933941,4059.1168049695725,54.442770662235446,0.74492730082693,35.97362839960231,693.9688585394443,3.268944225512788,2.77644979675998,376.2532904465074,5.105088248337769,157.0763963628741,2023.24654678453,2.675016862087155,303.6333906464293,0.8233414657129472,4.671397526987925,151.84767657408372,1369.7789078779706,0.6958770434091822,14.869256567060136,4.8793354081763365,111.20045541259014,0.3233217008966164,22.60350147528554,17.19310087237294,1237.7849702586104,12.99407352462,95.39410322899636,0.8176568797863055,21.68001558840509,15.37618646268654,1245.7117422663596,2.8877987179513154,30.227486415331118,74.97182536919877,2993.9937398560087,2.5229431327626455,30.100707700920523,75.65616334814526,50.34389605834015,98.9656802828945,64.07260485355835,2989.393223953641,20,3,PCOS
111.56354142658236,0.6474926453904645,91.01894786497996,95.24534509789899,106.33702703175425,114.50967899387332,114.82761005034878,100.11562854656334,103.76581634735771,57.48243008655466,92.92682552957882,155.96490687517206,35.28935555268711,13.685939569658132,7.068592625239677,248.16700939053123,247.78570142139017,252.73509084934523,3.6145581469351082,4.844146302418898,74.64826819807796,134.1550473071949,78.53092633676292,52.339214279779966,0.1999704765264181,1.0,9.229680088325646,32.80172103545972,0.39533333614919375,43.6281317113284,1968.3646492429575,27.05050461376702,0.7813815785410607,44.64294612530203,652.8326398259214,1.695876240295304,3.3160675806378763,298.4771250432797,6.303566984325834,103.56619530874791,1644.1233633073518,2.7247882139092106,130.04268108371522,0.424870387890267,5.195739093105762,55.77551586677849,543.4398328228211,0.3507809077646131,26.360383023763468,8.63973471915334,41.615831160374405,0.12487986619867827,36.63203722794322,4.688065936823352,462.814021551071,21.45030681046558,21.043655600386337,0.40726239510642714,31.43235324078937,2.360814599438356,306.0790194785729,4.266575919221847,23.15982243805759,57.9543665413529,2324.946133204396,4.382614510960165,20.96296752195793,56.01519852869191,39.58147055333986,100.348365014765,55.43067766594659,2167.98630418089,21,1,PCOS
3040.490166902729,12.205673584063728,106.32092478292599,79.68238432362261,111.9096333707274,162.54431523947355,139.16274805456808,110.81373206988992,99.09301306111067,34.79570668281201,86.78719710109914,158.98685158988462,31.17363152750493,6.526639334470304,8.816680400074318,147.38279228083653,393.14791479368876,285.4308217758195,0.7819250121640083,13.446844787146144,103.27639913807381,137.39304712257712,68.9736311952378,70.97099938518122,0.18476643577535298,0.8076091858813765,14.880666315280168,11.287800602152783,0.15748357485136105,26.039252765482797,2122.031238595009,68.02732200342078,0.8756995902544321,40.79878313459493,578.8750948317326,1.6189369695050109,3.0937880692397552,423.31860126169545,5.873177234449854,158.84243750273944,2407.2077609704284,2.867118992833049,206.02515688815754,0.4157436874415803,5.02382884005455,107.46158545266175,981.6039166934131,0.3741508969195232,29.273883718649756,10.104061200621372,-50.074284754008396,-0.15888458798314262,40.58208875922564,-15.641513567847603,-338.59794710636334,32.057265906425876,-39.510936235689314,0.1543362909572883,43.378199395737425,-7.0453791164300466,-525.6457411092765,5.407377547645585,31.582344762451648,59.821008116891676,3167.8405076984177,5.304568128592918,28.12940770424849,58.60013947373848,45.86831690669816,100.04038451959285,61.26375599818774,2818.692531786129,21,2,PCOS
16422.201222732423,156.5064618110663,106.80585351715362,84.64799466025447,169.7576008883649,287.7749596807769,155.39968197820804,115.7347754556806,72.02612126482316,74.86603350974,95.1023398466075,113.70529500753709,28.032739162524905,2.678441988031751,39.831381454123544,122.77068771304187,553.6732222995678,307.1929368370974,7.995089828726664,712.9774092121069,105.22998117846178,154.00128418996192,35.1191851382855,85.998670663827,0.16039290245014873,0.5543186395587063,42.627900528878484,-2.298939512529536,0.6132746372192052,69.71940252107692,3463.003353956065,68.14983108112173,1.5094988065821653,46.45559641005784,753.3254435485535,3.0315395752558882,3.514914390081596,399.6644652893417,5.928796050501704,167.3464630496437,2148.1090386561195,3.304238118795486,304.37193818175945,0.7735693383520085,5.640848059880604,129.8296450771341,1347.11469930703,0.6266694097515488,34.983613949623916,11.211470738684483,-6.4650847536303075,-0.03661348789404184,43.8981934784091,-1.9115488490644168,-48.984706463105454,38.97845548672233,-12.458633078034246,0.3390065347609065,47.98418805971268,-2.761236577610143,-199.90865239201298,5.541198408040964,38.88725273562456,63.339742265677245,3944.464025885365,5.472038854545248,39.02968097582061,65.02269508688089,94.1346925872981,99.50790351979991,134.93063543676405,3925.7828792492073,21,3,PCOS
295.45412668136663,0.3423112049015833,82.50844575520341,92.68578558840015,110.64588783179761,100.76041240482755,88.09003744649459,87.87534400810546,115.87849653463911,53.19043762361076,90.83037417032284,136.18311714377697,51.50909505247517,14.915818271104058,5.64279445146493,198.3285075503382,194.57403995108194,221.20794508085973,2.8969319810971594,5.104889542516078,60.34724876666898,86.58022399162046,75.48196640716687,34.158918240637995,0.1573254641099215,1.0,10.842918876099484,8.352079776041794,0.3213790517172455,19.109519649508933,2432.640151830385,26.890642335439313,0.7249037753482288,37.620721699164505,433.8897794742369,1.3626251286310358,2.361666052011973,261.30153128430646,5.168664907822663,98.34603886784943,1261.5546239494668,1.9631714967457268,141.63569683031744,0.5328377029564256,4.288753564466535,61.30772659279993,598.9071395574771,0.47246643301164304,18.807022648620208,7.888093613979504,35.48743761076667,0.13272216275691376,29.48539868165301,3.370721895693947,525.6805740514666,12.735144671321398,19.17447212819419,0.5505007580001289,22.422460535797693,2.097312871928953,294.89859151221617,4.1074121329202695,16.418764907341366,52.930082525035566,1647.386198614102,3.835425001219721,17.304439629758942,54.99931719794817,37.91361857719974,100.0839025816101,55.43406616698803,1782.6415112054485,22,1,PCOS
1051.935773715287,7.245770131448708,93.77168567029274,88.44446072714672,101.35632027626123,161.87143487371176,119.43644896616982,96.83292801151819,99.67750168422845,79.37668929961927,78.20127750548784,125.02867231315355,48.1723983870303,8.97940180208142,7.735611281093618,162.69556458001992,311.2218060482068,247.33248738800984,1.3117262414272612,47.323255412744366,88.24954966391037,95.09978141335367,86.89475091820282,50.68887128856217,0.16155937963170053,0.9891396149749284,14.127960281974644,11.29410367104739,0.21302759491917395,20.59426064554898,2376.7786116392426,43.77179182363844,0.6966293023950274,35.04473939009472,416.14953417230356,1.6365603374106312,2.1159575331555787,408.43095154909975,4.633495403724147,157.48557693472935,2048.2059967723103,2.106431331558979,315.63850736602774,0.7637362743531677,4.232902588713004,145.97395667934128,1580.9684280954,0.7388778569676849,17.280596234741267,8.016427253874712,78.74955706026262,0.2174271565865783,27.05076461578094,13.49533520618416,947.9195370796692,17.83331987592658,9.31434517059327,0.18426804146829576,29.108593881273322,-0.4480195653034955,235.70142077025278,4.614263685353725,26.05002256726354,60.471319972971905,2626.196449499819,4.574458995225782,22.027900224148354,56.33323640462326,35.753923666537844,99.45542437284706,51.15346113827186,2209.390635233738,22,2,PCOS
10825.61667863599,173.47222312283375,99.54321384059784,94.05442036312694,145.4932545597598,249.87280939049492,133.80009574584375,107.83516738064289,88.91334548671051,113.23820725777641,86.46039334374163,111.84892761224327,60.08480921810526,6.3563804080368,18.58598296302779,130.9401609458984,446.46886321962387,264.73597147691873,5.370537183085558,918.4715618329395,83.43845928410246,126.06491391594746,54.632349378525994,65.25009403779153,0.14552033391490812,0.8323223304083658,32.54242402838173,7.508558377107677,0.38546614756689057,197.377675695096,3057.243969696783,63.31284140970733,1.6122357174920487,38.945191749388236,591.4909136222213,2.6093217098539396,2.764082813855372,367.617348736091,5.050228160758571,158.83813468666827,1942.410732334281,2.5284744127665166,279.97018738395724,0.7633561326884756,4.7747991940504235,126.23029314470753,1227.7290095850196,0.6456773383639807,23.394427200851474,8.449525789472343,71.56851323030622,0.19680874370899068,29.52489222401728,11.014535695094649,833.7539138389526,23.89213356879466,50.66200226608579,0.6036469390257839,30.40717331846469,7.5210322565581755,610.1314478214348,5.1273562384007265,32.81396482698931,63.25176577141335,3307.5722746373804,5.06121689266066,29.855382096039644,62.85159451956488,39.519879869735995,99.25646207296434,59.85150782285433,3045.8876397502677,22,3,PCOS
86.6759545447005,0.031995840626017236,106.1704819092158,94.12354232232893,121.04546955723058,79.35619480327244,90.10312680872227,100.24123035525386,91.77010474129983,93.29199121158805,89.21350498226333,145.08241581775462,57.13233951021477,16.050883140689827,3.905301423189414,232.30840979234233,270.9278256589005,218.5147361300096,4.061047971796181,-1.403872163137077,36.24185497018637,60.67049642213175,77.96993978589379,37.94304884594825,0.12924716716682694,1.0,6.186625265051276,18.757687117541277,0.5252973927730717,18.118648387554604,2321.7316316675324,20.776824261248223,1.0913129702954194,46.50014580113485,523.9850853041272,1.8561196094670318,2.505374653729154,270.45677614681205,6.010528800634851,79.00290441885247,1656.452086628622,2.294548477581992,119.65533168542237,0.44627133816614273,4.7216837911152485,47.52354863008841,589.1262650906914,0.3381736567793736,15.460557681793018,5.7100529088507095,7.093857907767315,0.03157462216488657,26.750805266130797,-0.5757863669450742,236.87799295665695,10.101859668684506,6.9912463775441545,0.610706419737445,20.48878320647987,0.41382256829553876,109.63239705282611,6.094779488957629,22.806315888185193,49.35422783347095,2311.07894348188,6.07751108998856,22.792428953123856,52.856935465244874,69.89524144727358,99.90307667096408,102.51333172312894,2298.6910960340088,23,1,PCOS
3202.423869001532,24.197509325935002,111.76548728046708,83.55114636582626,141.196354100816,149.80226603144263,125.65951238710456,108.08695369756448,80.35691258564832,127.38800953962769,71.42260525577235,135.7009692073421,43.646495389796826,6.440996342734348,8.155138431152114,173.91100777445513,369.44618459044585,262.6595834209507,0.8274372444621293,60.59715689725617,64.07352281555569,70.3877880180166,85.41368985592037,57.76511550002096,0.15262400254472044,1.1254014644850647,10.15371880996921,5.3025402137395234,0.22073005659684308,23.915642122105773,2345.56408358501,3.022709406403429,0.9658637201228097,45.25673778052618,444.1731627349297,2.104676611968105,2.390579166881656,506.9534938080014,4.865429271263297,197.55316317304903,3034.696943149375,2.655695779621807,423.5512226094979,0.9120303880345921,4.963668424972214,184.22037355943104,2346.326389535092,0.8307305799836966,23.74786321231434,9.900868103204404,9.179066050711377,-0.0073060029880847865,36.09490042872931,-5.965313206860271,602.3515896766273,27.736978828487878,-12.967184652766253,0.13469775542943124,39.40380145480558,-3.587290248977354,-88.16434932650895,5.168957337543422,31.654174233481413,58.73320355852504,3141.1006616691884,5.238370419375847,28.3326747428011,57.48228434373087,52.25011144572729,99.69775226620298,67.80513198353097,2867.755454073209,23,2,PCOS
12001.602426360703,124.1632470712107,102.24030415066134,85.91073103682598,149.27532604520837,178.13592176259758,128.50322275378048,111.13738730991416,58.26330959576681,197.00188131900364,76.19674430437948,111.3235240032177,56.439090339225366,8.71475687311565,27.354752031295853,157.35047039624976,430.3953070642044,272.91513429222766,5.473554971774156,740.2026303980301,56.82777857831227,67.94464590486197,74.9350385570279,67.82356337218293,0.14993415625060827,1.1147523233483732,22.6968394604189,3.114539152111792,0.8324960764489497,316.33854481725496,2836.9922463452885,50.474992198530416,1.4111625730606003,48.00409520545024,546.1381017419819,2.636135345558097,2.8934376183579085,393.34690965164236,5.875020000065232,141.52828860664857,2512.3803799432453,2.645008114421154,269.13740451015565,0.6618663300345177,5.254455657316659,105.11692853115368,1471.293589239269,0.5603336472493972,22.635166632113325,7.6022435630951515,75.33973092317859,0.19440277425295285,29.955251172965003,10.537292257927385,1085.1807105087107,25.473495250417727,24.381764238994514,0.22085624777058238,35.37415997390518,2.3213701766445904,425.8941408245746,4.860077211445692,35.71465724058777,63.04845347830408,3579.7723553624764,4.856249477099089,34.897791542637655,62.7944900166137,97.34636508592956,100.00686502003359,128.39930918432634,3542.930275833449,23,3,PCOS
74.04172374822434,0.6408814858321658,105.01451683813238,85.09468832907426,157.2603807370704,80.8045695201672,112.17850639357918,101.00099243693741,98.83250322020116,123.25608097382509,88.17423858056233,163.7954421512374,60.30565894652422,14.751994266215325,3.112543425942892,190.00873053709,310.74436396486755,175.03497897798331,1.6237769219553693,7.602677611192159,29.558943864576595,82.36816051209433,65.9137403123089,53.62070401170023,0.18396065976915582,1.0,8.922284169302552,10.108690487071303,0.6291862072916092,-17.85624542496259,3199.626399267421,15.001759567302711,1.1563581866394264,51.918928414364245,395.9470372775226,2.1206754899302114,2.8729739746481737,279.88960262632503,6.37810435499721,79.45325609139566,1777.8890520988616,2.4780172253202037,101.48918088586213,0.3745198733607323,4.92379306602397,37.7601764807224,481.21554425177214,0.2715867232117216,11.356893787987222,3.2196125083186686,28.104163925276993,0.09744199060064401,21.529512504972224,2.3279591030286175,543.6614522306756,11.085918360136585,13.878218437141456,0.5798102666537984,20.0271612962462,1.3778065022187866,218.73281192296363,5.462181971620479,22.109555421616786,49.89468828532718,2275.2788018614697,5.155698691248,22.063111341161218,51.6577857898451,25.152871318540086,99.11825254252196,42.26909119551693,2158.0872338801114,24,1,PCOS
3248.894228291967,22.4738265065849,127.7735418029411,79.14890733900178,201.34739557870387,199.37799928822125,161.43242299214435,111.38552898618325,109.59910722672082,171.33747159969133,81.48417979178993,156.0332213631113,41.18729146044276,7.855378863181368,11.074674204943776,215.70375492192807,431.75455788423744,291.7162543826964,1.237991190930383,29.685116995938788,28.386254887622556,113.41647456355865,83.51077996726437,89.24496091278394,0.21732867417681762,1.227040458288156,16.54257681459958,1.4851928258719802,0.3314271505375556,7.913591944243258,2963.911548221354,11.035060162018898,1.0251246819977773,52.133939553345186,410.18000886747865,2.374499505360887,2.7607434328648006,508.11385313567223,5.321501354005402,194.78891212617728,3018.4303539006323,2.9669274715659633,352.1233311153638,0.7170364899660876,5.1257239928422536,160.0731012048621,1894.5901438908072,0.637518898422248,23.930808401843667,8.267391261200418,106.09452905185847,0.2594893246206843,32.61685212192761,21.47515136489548,1226.0680952773903,25.194894737412557,23.798378769653368,0.1217085297404557,35.500725476106815,2.445254421331528,423.2705770917026,4.948385594616635,31.86270569939295,58.17984320118224,3178.0319023155653,5.081700799246665,28.165216135678268,56.63997098296723,38.75361192311658,99.84219050974505,51.784583505806076,2748.118825500444,24,2,PCOS
6623.54133327384,112.85062391662984,122.96574801481597,91.88945663927785,274.4380114894266,181.98321667975543,162.96347375336467,132.36711447982628,86.26983388520213,175.86305010091164,79.58276825252405,116.70069537380036,52.113039868483725,9.161195247578151,17.99988414490943,180.46300560492216,484.7787531689919,285.26116720412494,7.008858285069321,404.83423739504883,30.535124688745007,170.40531394399463,66.50200861125916,103.45819337329175,0.21871223018723673,1.273351714017828,35.07715077429595,5.926977649083877,1.0189258831132724,252.21046055029274,3744.546125358234,45.55467425372783,1.5219209389738464,52.403297772568166,503.25515311673087,2.995919875284531,2.9775425879605177,464.9525942123381,5.427130418573392,191.68614093128272,2668.7944746767334,2.833411472872136,375.3021882421656,0.820751289135973,4.9955264172263965,176.2112415647281,1937.1270429921813,0.7358587283843852,23.205027841266613,7.241453562259282,77.76585424390339,0.17988183718086134,31.09187067575433,11.530191785028371,1085.9230185043843,23.36378501206601,26.468559583494592,0.1600439832246674,36.15682944586747,3.392417550336905,435.54618897807086,4.527302254663564,32.44210563820922,65.27495852325222,3224.28502964713,4.416026649022234,31.112190829825813,65.07495491850067,88.2429893811359,99.47524708229638,114.13970961897782,3175.425703366081,24,3,PCOS
353.49170413436167,0.758221225048558,90.31842232954442,92.41478424764172,97.07470571611556,98.50775844550203,115.69415082047095,99.30356328808666,63.77927211082564,89.0264708950228,98.32734120255505,107.82380501830954,72.94010455215188,14.740295889452916,12.00940691118222,134.23153468539954,279.8238437975222,202.88791003483811,2.919858885976941,7.297614245082002,47.33227001838762,38.09417579113599,93.08937389436952,31.886492826707375,0.11832328496002216,1.0,6.269119918055801,26.27826857238734,0.7746685563745657,15.334531457029618,2805.046663773676,34.24826105143074,0.6491440241649288,36.41499616667686,499.44126695701505,1.7090310733221676,2.1866137947403264,205.86583837763848,5.538162602079924,65.2189875570985,1164.649885561563,2.1761357023236005,57.7562919705217,0.3140978932091177,4.12334891324451,35.17009051889704,232.26085082551208,0.2342395327030281,16.886054088780497,7.699364777635003,32.061451063698655,0.16039688517975542,25.809269524905766,3.6609041475296245,446.5168569490789,19.42356309592528,18.057468294279104,0.5536076110842898,26.83269967895658,2.2360017250348982,229.0206944621458,6.176750875010359,22.07283237294064,52.385829948235525,2202.304392183455,6.415651707033044,19.90160985665177,55.65985001714779,53.08181145979243,99.60748253411955,80.15928174870642,2026.9039607347263,25,1,PCOS
5679.968546348822,11.785443729323752,114.05451206298507,87.18255844246764,148.31678585397725,114.2055878012352,145.7283308924689,115.36153443733295,67.12622229867256,154.56432259382697,81.0488992297976,111.65108691565676,48.99032357348289,6.671921531618553,19.46545396490145,95.12342288511401,366.56754900918105,258.46811850323627,0.5033564182710155,53.35938679991652,48.2913641093851,53.943807891215364,91.19392701483027,60.19501892403455,0.16684181550559182,1.4321903598107417,9.10570683001402,3.299390510002943,0.7199531221045459,49.19358884900757,2838.8729356674444,-0.8623742199753295,0.5210161605199808,34.759061952567976,388.5623849625863,1.5728356375180323,2.1387025686026124,382.27835456783873,4.19522714401962,178.02602534975975,2196.0378559084165,1.9841510372618945,332.71631870397005,0.9024297743267785,4.226946657810564,148.37766164974346,1740.1315032653838,0.8021885494598886,20.225779654195478,9.18708981447627,88.5270953436738,0.24363228219380784,27.403219190251633,13.442474418269612,1324.3216255880668,23.746406827767327,54.90213692863523,0.5901818623083986,31.381808321784657,8.657631527098905,754.4067047725703,3.826742413714776,30.999932340080434,64.73098459769362,3063.5005997667013,3.9219965440485796,28.11988887813576,62.57067114683768,36.01052446954314,99.72870974795948,44.75835696933292,2831.3413583536403,25,2,PCOS
13097.40619706789,82.63153208887597,105.77447498571809,92.83752888062504,123.76197824436389,126.02710066530378,143.43110256126386,127.47267357098765,63.55375826951102,175.3129822060055,77.44027400053857,101.98185388389031,78.73986620458652,11.498228927724542,31.324025449655196,125.81799369580429,317.86251227965613,277.9146154798125,4.52164924121269,70.62831746636931,59.09895143174254,41.72819939830343,79.427819755139,51.38145910538261,0.1589296485061434,1.4173272526088185,11.663219962259106,17.1653576218749,1.0548460464268112,623.5170481100421,2442.958861353944,35.53611121932654,1.127298557869063,35.87159381542913,487.77665480513514,1.4113098240634878,2.211330009273967,302.96823058613427,4.887583402669915,121.1431391027391,1736.2775893981923,2.37682267430377,209.35085580839012,0.7090626193528476,4.294089641733357,121.68936131117566,939.8855713860733,0.5955895518032811,15.438339480762698,6.454334873798613,130.27699828152868,0.39035838687862867,20.70527363055288,20.51847768626663,1648.0365908097715,20.063306609000044,72.2442749877307,0.4007142902259601,27.016557372081518,10.701230414383932,1091.0589208073966,3.355806931455986,28.841491692979872,73.68966538195342,2890.1105642626203,3.098300710341546,29.086614517645287,73.12213534944891,48.068104396335144,100.06459049125753,50.71365196118103,2878.8491842913036,25,3,PCOS
140.10933736348403,0.019330876818259846,104.13072741834517,96.28962184389167,88.27947370005327,92.57406726914859,93.65362266711874,106.01710061740103,71.16200392763791,135.58719703783353,93.73843776276162,129.98811343076653,70.35441505130866,16.847673863970268,8.096577674707927,194.415310945421,299.8176713440085,186.05021197153025,1.9662438233541022,4.092236915966662,55.92753660908359,71.64737842766839,96.00715568392484,38.892045622799316,0.1216496408465314,1.0,10.103708198528652,8.663236826983185,0.5801452244112747,26.150568525830778,2981.735339299022,24.48878339224311,0.9905050859989233,36.07380610316378,515.6014074309007,1.771711598727408,2.7908488212019344,286.498565160215,6.080738529365981,90.52426250757246,1780.4773452277927,2.5764220269800173,129.55634200383585,0.4517247244911685,5.019644573034868,55.30798609240281,632.7049480728077,0.3624412860836113,20.1015246265486,7.554406326426915,50.63564843295627,0.1817281272698456,28.188064727892474,6.377589330158008,665.0364204900736,22.04755128294076,21.066408450972293,0.38653302663923567,30.932234064797697,2.5500517693544227,292.93368663697095,5.396808846653733,25.420088092185267,54.36334017309011,2519.9549364155864,5.504440111780216,23.24097301347679,56.37600055404858,48.66577802259671,100.26528164689216,68.39896551355156,2326.520627206653,26,1,PCOS
3610.468102380599,59.28555983482677,115.03978477719038,90.88684043647771,117.25912108193886,125.87623811854928,118.54697823997307,117.0415042542074,85.29832819424412,177.75046062434143,84.97718668219892,126.13435331850938,56.87360841689034,8.823524637735181,7.515003143111998,157.74937575517663,365.4108437229517,236.84101734847917,0.998635988382023,45.21726711580232,73.35476730015117,93.32142481707386,87.35972020677389,56.43653892746924,0.15559799040538982,1.202840565942765,14.003167407175999,12.809209195782952,0.4642283487053413,50.545676915725664,2814.0547921804273,35.77614765057223,0.6095068697637549,37.62299147563835,454.82901103459886,1.8139591711096716,2.7722833820671635,419.54605593194765,5.522251772188238,163.17298323833677,2755.9345955105214,2.5884975416523233,327.01322263158903,0.7924541355033438,5.132022875196374,134.7985404832557,1769.9682310683131,0.6756158242329686,17.37849239301747,6.24281861355875,92.02334231533553,0.24143886029307587,26.09542665785708,17.333984103763754,1041.929635841228,19.650868467113327,45.51268354509838,0.46969218499685694,28.002613103754243,6.784097695333331,614.7171558649547,4.362993103941653,30.875421187444232,64.45499671639568,3046.490707276843,4.2909069446086106,28.814982615955266,62.982952073096264,43.098545255082946,99.89889937658639,52.96882090850139,2901.2869645465694,26,2,PCOS
13702.060728711342,125.23494450471037,133.77205772404227,106.10808888504445,189.99953565628456,164.42490098458583,142.44304408131438,134.46371434512477,66.20681453544053,224.08071509184362,95.3030131361883,118.55751366607355,75.32990371232812,9.489318876721047,20.143550165154892,158.63724969900142,477.67484195484445,282.45072816670756,4.241366870894279,591.9122972433274,79.28613533051697,152.94474876770124,74.53070742278231,75.52053277652126,0.15548117122822644,1.1871438168025736,39.42263195251746,4.535806678361686,0.5576414896158788,579.093299777361,3471.279137698878,34.05452290352376,0.9319706801943284,40.96376373894417,572.9826101676908,2.328982198493421,2.9737269461513467,415.82991860171603,5.741741186656065,156.5247661333906,2532.2021964749824,2.954393888461332,312.3881362671346,0.7397544086003212,5.183295494339835,145.40592293861994,1668.8459890188087,0.6548494320479131,18.937423908101724,6.379767023425701,81.17457145171748,0.19810555040863245,26.987968925860038,11.645794572344242,1332.2095766774144,22.017082172324184,26.687302085123818,0.39062300883553275,30.61565531430829,2.6172479728826303,539.2162806047139,4.264584305279542,36.95981333466025,67.67061179670021,3697.808322834991,4.285222575540471,35.88959035742243,68.64211961804142,44.304277626422824,99.76354492453416,54.69305196103532,3595.8948746733195,26,3,PCOS
180.47335207615902,0.2476032411258855,103.96905301091229,113.07665797563604,104.8685749154882,81.54879551796708,101.70365097426406,105.39078417540613,77.32768116773838,114.01905609647565,103.24999908125446,128.47475405192597,72.77534165964721,15.028748523811107,7.006639222560835,204.10805529238598,330.2069850655659,201.6227204933888,1.4609184977089067,5.938683030151721,59.367903052812665,90.19267918824477,89.39371577448634,48.07477027684948,0.14194352988815565,1.0,10.65179933011703,2.5537902857845545,0.5575381088436714,22.577550169726052,3598.961954986172,30.171624897361372,1.2308960227163968,45.63811825285242,585.7404359852569,1.988468253541119,2.6252866002500563,244.03378359057007,5.853889790344893,80.02515499343488,1468.8062754361447,2.46546435504782,111.68853358422572,0.45940143421566304,4.8238984228663275,47.50629977374149,514.4575448579549,0.35413759858369787,21.627454901651404,7.702999642588253,17.906488810535084,0.08078566169043427,30.592529249222245,1.7651876697816462,286.8463379252594,22.233912240507763,8.939309664246533,0.4416829998032679,30.961800045258883,0.9765543596376992,116.06917005472017,6.037030617687275,25.22693642975193,51.18743855808754,2536.9586292030663,6.070838929938233,24.888459146729723,56.22946396436316,56.349304639705466,100.04639715245636,77.97686960674355,2480.942235146451,27,1,PCOS
4521.979945582572,40.218956285575864,118.30936207962348,95.65757779728025,146.4635021550381,108.18265218764488,122.5449831238366,119.22141892718876,82.5497096297769,147.58550399002164,82.33302379200154,119.41223014589902,54.11909790113563,6.969744321141869,5.363998290870761,172.30291355163516,373.3314369987257,282.85182867108915,0.7528274103165453,55.57514224330415,70.7839080643259,108.21122448246632,81.76267819258824,65.52019066311883,0.18015502499941866,1.2571609164949389,17.486016976316918,11.702421266080345,0.3795597036560472,43.72440837625954,3449.8741081347503,5.8377124776909,0.7380073196543829,47.25715986225093,487.33427599804423,1.9806008008203762,2.4904853355247942,424.38138449654093,4.904230618295457,173.8963219850128,2623.5136477234987,2.545395577074296,345.9850528930541,0.8610318199630014,4.925189290305594,149.01840571805383,1833.959809924936,0.7420138430576924,16.44313808523703,6.509849070199943,126.2750957290383,0.34204463362589654,23.61243023471195,27.247375722168037,1223.7446917023985,19.69391285738625,50.00496373269797,0.4343522404521878,27.358470700103727,6.648239211943326,729.1555117742062,4.940630950928705,32.61475846905058,63.44649332513753,3202.775131734721,4.883994910654217,30.427802525684584,61.68498309526181,51.5552842609107,99.95258141182609,63.17287481833252,3058.6585008749284,27,2,PCOS
14828.051816028845,123.04638120521972,131.29868045507126,103.48793158596258,174.93614721175354,117.98489394969431,132.57331450997106,127.18201834659077,54.075788797082396,175.11164262079566,83.37829639535323,95.57765113065597,76.35307023748251,10.398242130928097,22.013728952200065,156.07556865746602,456.7062145499224,297.79534524535495,6.2006707414247,515.8787854536321,66.24432508655708,149.17954817696892,81.3017096518816,82.41082326197059,0.175488019465407,1.2400444545236842,46.24365261504026,4.569808895159663,0.7439589565922581,410.3814373742557,3791.975086932345,33.91427057873017,1.1801342986184205,50.311651199668376,623.6422550822218,2.023925499287171,2.565036352508729,399.8146168109518,5.202158839783132,155.99835563216593,2386.4713076157545,2.6890349747777953,331.6038631141813,0.8374456277179055,4.820267623662415,160.01935362080425,1754.289700570645,0.7543452834375606,17.414828428396465,6.668623107462429,153.6952462216168,0.3973078831280872,22.247516822745624,27.03636968688,1927.2457854366658,19.87731954754187,83.7083753793917,0.5192271048856705,26.285643034006128,12.750685424008863,1246.6203095188487,4.059980537724148,39.31400163664102,75.99959005130283,3943.892895079116,4.067820201264865,37.09186781680947,74.7377306069731,61.32340095795117,99.93558542966124,73.82605472577747,3729.8293200596854,27,3,PCOS
152.98780209358324,0.6614651169169428,91.25215655044123,96.47811006569297,116.39173321239286,131.45726304288098,131.268014326275,99.50359132529529,109.90650048992904,144.63931604960817,99.61761981724992,121.5932426578867,48.04090627765566,12.659466254833887,15.970907165473477,174.09400392583916,315.05168975213667,203.8783974545383,-2.117942200650954,-2.424471088725584,39.721887414658774,132.55009421574078,67.44404109295104,45.11249799374684,0.16039705865575546,1.0,8.928151294954452,19.346724168920787,0.7816319332684241,12.151723339288425,2570.0131924449547,40.31020193285312,0.5619986602051145,34.43752009371316,526.6425573733748,2.0216952450282224,3.3384743014389784,242.38650572003186,6.690446172616269,70.28527527404121,1456.4500521913396,3.1613113844574783,103.81512638055247,0.42630483242726164,5.506235209780349,46.073222803360856,450.8608109529107,0.3270205354964305,28.191175684716914,8.689685980884239,38.478613678277576,0.15244400145518264,34.88696442683753,5.1885331876063745,442.90580125205673,38.49559700597879,11.976547164133727,0.23470366321148897,45.66996327205324,1.5466241236045104,125.50840708344491,5.699748864951395,23.85224014871781,51.27612910934083,2429.14656283728,5.7826730406388815,18.03950944240627,47.88881860504186,-10.483634527930683,98.69626563102027,-10.447047107792834,1801.362591567579,28,1,PCOS
4222.314352144981,51.126706375645135,99.32698696674892,77.50058354580246,126.34921266381755,140.48470865160084,135.2185201763101,110.14391699611319,111.33880573177699,183.02034715518536,94.85430305680751,101.96771833740841,31.014025231270203,9.858786940816488,26.68780423631167,156.23623312627333,359.6819707159547,232.83403804265046,0.3397118737571821,34.889864713669716,38.41258560262158,125.23305269966043,49.002665156083204,63.36552238580869,0.1821280628690228,1.2519407787608692,11.623000974421231,15.08853341886222,0.5909212080698268,40.45725708478984,2781.7628150286473,39.78530316754607,0.5900937754174227,29.695928591733963,493.8460715087959,2.0842023280306186,3.266414976477872,321.62289742996575,6.007800875108477,124.83573204914919,2015.2277065735595,3.086583038851987,134.84974143860754,0.4548419113151352,5.477321939025599,58.4096348102654,681.0716218933568,0.3579403527048786,19.89871582465231,5.541659296806412,9.620799550761774,0.013922673379369088,28.034613867732464,-9.999644798420796,972.2729772691949,22.382080104656094,30.045584224173595,0.6379545026889474,29.090209657086692,5.2408301126384975,384.00464969771707,4.83987746813396,26.126521465452004,56.56605480612408,2644.28466239524,4.864754143260463,24.882553360002714,58.07977013294394,41.011451722498244,100.29012429839702,56.67151393855158,2513.9119488359165,28,2,PCOS
13770.024796463662,143.03905243239788,96.64585823011713,77.73675521090783,190.7006286847924,173.56198088284302,145.81709924021757,117.21288716823406,80.63363319331461,177.15189836263974,82.35596463722543,86.28900659493878,35.24030474401091,10.542113241952546,48.12227803009284,147.55233316389098,335.71202718321376,280.7557863723876,6.056948572383654,129.38997139806787,41.54531813026209,134.3719541345636,40.6194608448336,67.93157645594252,0.19650121861583192,1.4017377030584077,37.181574109598124,12.35663879481032,1.1696465472346391,579.5553766246334,3061.2395648938236,44.99533909098889,0.5501185320673911,31.75129211857898,610.5341687079308,2.5342069910688685,2.3548806545527636,376.5489080156498,5.00058825806033,144.09527043789052,2070.643134184101,2.528562384795943,287.415880303748,0.7904348340353733,4.653670563373296,131.34391709989666,1404.939148346237,0.6811559517805003,13.067982082600524,5.5149050214282545,130.31578352796862,0.3491954506236252,21.6250011599176,21.54231301448955,1603.4854130234462,14.3193358057326,97.38565197313655,0.5942381454244725,24.248826912265848,16.66433367336952,1186.6723058283294,3.553719435612955,21.519016719019874,66.66339920216778,2152.3577982743595,3.337054318228831,26.973269011784936,69.91348016913764,106.01755348076361,99.61107361085948,141.38912502016817,2687.6423597978396,28,3,PCOS
107.05293387651206,0.2575849746338723,106.80423514389624,112.89639916403239,146.82334562779187,24.633540838810276,109.26702225992783,102.69360333971018,100.53612275443186,42.835932441916526,95.04774639355958,170.3635470172431,55.156823055630895,16.020946986799434,1.8489583647047363,219.14403265949792,293.9634679390437,182.91408010410848,3.1789079182881563,4.345149987372326,55.890399534489035,82.98706367903924,103.96294081963187,34.66897609720289,0.13024416350625884,1.0,8.40825894532038,-12.319586585448835,0.8805700593199489,9.332775048867337,2523.8144255131783,45.87070516441712,0.5235704492703923,46.866032525893,436.4198758402731,2.115261204949076,2.8017637091187093,228.66527254438944,6.426784157052198,56.66660994708052,1547.0615310593912,2.296363814866292,74.17710930870304,0.3479728027865988,4.777058760060882,25.525154366087126,403.8346772992968,0.2730841375455416,26.951967110540586,8.913451115976926,21.515750558005962,0.10724940741240666,37.09466943552111,2.3663326840400947,323.6921939468866,32.145851923327385,3.111091311155544,0.22400069865256061,42.37157340633921,0.3436655797060604,50.38594827397998,5.343120463669205,23.712240612361743,54.783115342426626,2459.634418007772,5.307383727980896,20.392869993138,52.72022001379908,47.19003230580267,98.83988204453952,72.50241591492819,1997.9633523687264,29,1,PCOS
1950.538861907689,114.43514753033047,115.80191475365811,98.94214354357668,124.82916395088142,121.91498962468863,129.09814925684287,98.14693080741877,111.58834645124544,132.55928219619025,85.12659667669499,129.31594282379046,47.45781455787469,10.015615189103023,9.655933095143183,203.289083459204,379.29203072526457,207.27059703971267,0.5967182505378656,15.039263934066216,83.22135971958501,81.32959399167734,93.06186219578089,65.37134687617687,0.17272826134300087,1.4405023855160408,7.1140309315242085,-0.283816034853416,0.5182058732401735,42.86242287816458,2774.177071324346,36.410444260537396,0.5235749708686644,42.746954139748496,429.7902604232039,2.4777127739773537,2.5333491929955816,400.1439266937531,5.050840513456162,142.74095033389088,2314.6415307012594,2.7097374200002595,255.12918242530012,0.6477241871131424,4.820304481266425,116.32596708647907,1320.0547285009698,0.5788925315453956,21.952195282865226,9.037622607779081,17.799073091609564,0.04531338216234079,32.58871107864994,-7.519586790318396,951.7862027303735,20.988410195254826,11.512700213283221,0.49746178551425546,30.060918976391747,0.06015619946340767,252.45445416974835,4.704024134799133,28.965419387541782,62.217672704048894,2972.692217949945,4.675707268125173,28.300002380971787,61.35628884153403,57.847196522309495,99.54775687074489,80.44389387914165,2875.7106809010356,29,2,PCOS
11527.433163278327,196.59426645093342,113.276355272026,105.25912667187127,175.02449794151224,112.60776186565046,149.93427083610143,105.44788666665661,107.79416563645233,122.24802941667743,86.21199664254436,113.51820472604551,65.20673318126228,12.480027857088446,13.68762141564701,174.5326745887421,389.33693760446505,257.8614324705694,2.789418708610384,420.0248855253102,49.67915236071505,91.51156247348827,64.06076678121445,79.89489478510016,0.1932794337458574,1.6316946957634961,20.725450647051023,29.590192182582708,0.43629584758383844,590.0902515768737,2842.680184844503,54.71285962152802,0.6212594479813958,43.944255872976,637.7265841869046,2.8773666678139334,2.8070472865856857,302.5639278344859,6.065618277061728,86.86451815061815,2073.4259312361,2.527313400270083,144.7446471545765,0.5179291197334172,5.096501101504632,53.222029579039855,738.0910237857709,0.3819728109090683,12.796246604755138,3.854941837749855,159.79335356509955,0.4650276869930371,19.51202815764193,28.888166952218796,1549.4230730804309,8.47888134964614,138.88067755697847,0.9310691599854277,16.95496951217626,24.400062255715092,1646.9177351217725,3.8875409182524376,25.456567385683034,64.49892925483238,2534.4410761455406,3.5583119130396605,28.826144470231636,67.69354174608787,111.47020084810748,99.16488711787163,144.72799841049675,2865.178275391531,29,3,PCOS
379.43628781020624,0.3533529625192259,85.98148082605019,66.37767808152925,88.13491115110746,71.84418349086356,78.04432122536153,91.88970538595697,26.901445686625337,59.48557428066058,78.05111499516556,166.97562320657147,44.105313750153464,16.663068554795966,11.10466056683023,206.36091311236572,242.22053398422952,116.31200134404737,4.95845877544025,20.265078824995072,74.31016872864029,18.501003806079737,84.81696170377468,37.20720290887081,0.15159996237408488,1.0,5.888522702094123,-6.773857518570882,0.22383612818684118,-1.5960878777270473,2740.7005423850933,16.501249109826986,0.7699058747548746,35.7850770843099,469.45440687363475,2.4612841867771222,2.294532072472089,335.1877593109864,4.757261787579395,123.54045186851684,1972.8394020911685,1.730675883184718,151.22158435889762,0.4727193151127283,4.053922762689188,65.6925339314636,760.3607953205309,0.42012900490021676,21.62168212228143,9.973014970861298,16.16857367622722,0.029253904713362575,32.73313187243855,1.650251524612108,328.37370305315915,21.538703734019244,8.968236450323381,0.41147505689503594,32.82615948929721,0.8786311779052145,203.3363367706976,4.472352437303988,26.92105552306073,56.48451321617208,2677.872640322196,4.589244040297572,22.45576254749111,54.33813036595661,69.59499013604847,100.22387866051554,105.93074127780386,2183.3423990262954,30,1,PCOS
1307.5685803984707,67.51713169881629,123.86391620937904,93.97025167701068,120.65344485611254,168.2771110869024,142.31304863288943,100.35238057524681,76.74607999184673,100.64777892001726,95.54090287652498,178.76577994772535,51.987504286181334,9.487466953192635,11.532635806954243,152.53415270152524,467.20808792355984,169.18936605437892,0.6579331750520894,-5.352026866662712,110.36358429192711,39.24808759102872,94.57818283524225,78.34882573385742,0.16556803710808923,1.0615357278279287,10.30902622804697,-7.426460753519777,0.12432660294118336,29.27022493168439,2543.971610801351,36.842025001825526,0.5375770301858971,31.331104493762563,411.47350979813245,2.2915561207663417,2.430832684950958,407.04555632065984,5.128681321626516,154.0782179424217,2489.8200727533585,2.0143107021391584,233.99795674850566,0.5681412748246186,4.290632556230705,104.2676323119176,1095.1526025624846,0.4642653759252223,28.23241706956781,11.60283578130916,85.09087483529646,0.2661205902995023,35.96799482251225,26.257661661850857,297.9947199945025,27.499706038028275,37.02532842196722,0.3766633154880576,36.81373330826887,6.64800776959197,460.1087311043385,3.4716399420566537,34.4722407558278,65.0281528672934,3514.8268983422454,3.6685409429223927,30.522057456590126,63.94375801693539,33.691117141138925,100.2513081784388,46.993602448165795,3090.696913211404,30,2,PCOS
10841.192328178533,161.27578007874624,140.25934836879833,138.84215941222453,229.46020730943866,283.48210444436245,176.33436929205328,140.33456677465009,86.55639672434216,176.63969532149167,114.42932255235412,168.47537693481416,72.0462063329813,8.136909595057043,23.265246176881508,153.11880923177267,563.9920421237853,232.2130370395377,2.005478345426736,506.30968311000413,120.49470817878202,130.51034495248257,70.38067480212237,94.21937949682368,0.1705150230448334,1.059325360751719,16.484226666353763,10.768922933694942,-0.07980178400490223,414.97543084768097,3141.3740958216267,34.196201126018416,0.6452845944320736,29.74307072586494,504.1409969340858,2.7987013686872584,3.4137504606847693,373.61080984107275,6.074092561225013,148.71801499530454,2127.0843723168414,3.016209280022292,212.55868767111406,0.5274820861306072,5.217184950075644,110.84263507341647,923.1432091367801,0.42261889747216275,23.411869312881514,6.497768209673086,-28.16717225008533,-0.0662182314679938,32.86043476107858,-10.14363284119988,97.63113364365654,23.570418700695313,-22.49756372153385,0.6033617019286603,32.599297838708615,-5.628736582532689,-144.91215692422293,4.139468425853035,37.000807017314145,61.501974310916815,3668.4038511894432,4.035474201003161,38.473766702664285,65.96857783693201,61.493567189056655,99.87989883797364,81.07420634634171,3804.611021528701,30,3,PCOS
121.70376764061643,0.28900285321438796,96.16139912094418,104.59484194205339,109.23845152408627,112.53766464763258,126.62354815259857,99.94208372753437,146.64818733345106,122.57227752266863,99.0848989222986,125.67787555700667,53.14945394116214,15.059110121201075,10.325643015967715,196.6416022641555,297.27943956999394,240.81874924313854,0.12299428877107288,-1.6216308836055768,56.228864313788606,100.13505634442176,63.12151851489185,39.61030529105727,0.1313484012912446,1.0,9.419697645955859,10.81082062363338,0.5541463610871789,19.80949036059089,2397.7719130240216,30.739873820328672,0.7873332602843468,31.836553064936428,488.3514906521313,1.3780011620777202,2.96807804478483,243.99702911736392,6.327121701631516,77.06876849595625,1400.277726123563,2.5805402470212164,114.80256457792035,0.4607939990974095,5.08619223101251,48.033114852797006,493.1792621869844,0.36062257178296064,23.369499086606982,7.845634805752589,39.311778784957696,0.15775041652667363,32.34706270762791,4.2268870591659,565.6691285324803,24.653298402787865,16.392078845174137,0.3855386644632276,33.02640976350166,1.8269619504497085,222.57749765054274,4.9228980885697755,24.647680167184774,53.589321632972904,2459.983448469133,4.956265049620479,20.974852176701894,53.84656994489998,14.249074031791302,99.74262599886931,19.38129593241245,2129.619400481799,31,1,PCOS
2282.205109468959,-2.2926019740868853,100.94069785574885,88.74504019412842,112.86806705319825,120.11096834671864,144.66809259247322,116.2600520059627,134.02924078056407,159.36330891219336,88.93903905565485,111.38802938636955,37.20606536033167,9.676599209339786,13.748875155506333,159.2035586116283,351.98227012020664,275.6929919218454,1.0299716808112749,78.43160873209803,73.62702299617892,92.09986486649603,69.80902533439675,45.391559354078474,0.1307500700177393,1.0061696872209263,11.871373770726754,24.897062138692426,0.3025226129321793,28.129926922207048,2490.3562400634837,36.71862961166243,0.6325601469363267,30.777590798654067,458.97242398345804,1.5523609472181825,2.773480795537542,362.67488198857995,5.727799699038328,130.02787301961806,2164.6995421854053,2.7327598445785046,276.2720162651143,0.7622623735871915,5.220781616844821,112.81926428068721,1469.721120239286,0.6648460225226218,15.33469735949113,5.334305213180558,42.87027267183208,0.10809721180676413,26.325523887823323,0.17934761355968476,1094.3147707653739,15.228230892836166,18.40400267008127,0.42112858538051856,25.796893701726404,1.7092628731832369,354.33725301722995,4.248852842119711,29.23627478633138,62.24606914801851,2929.8468045730565,4.279485000307962,26.063694617680895,61.18210171352347,36.005517671971006,99.9948982177287,47.71673429221875,2642.3079253519704,31,2,PCOS
10584.497285243571,96.03313563098402,104.18559335478035,78.63714784445662,162.77279354658634,167.98207362403096,162.21954079685023,116.72674015689843,95.39664479026418,176.90131424864532,80.57250970055173,100.06476378063391,38.608797060675634,9.12968831090295,26.364186959843426,149.6942502332541,363.91587388175276,282.5907455095063,4.8918671866911145,697.2725457570702,73.58990743443108,109.78583079870094,51.30226213312907,49.386992149254574,0.1411740100768629,1.0917121366359959,38.00088747885536,3.6959266001019353,0.6002754458698498,717.244324072597,2679.1735114325984,46.073525058411654,0.9249499163971923,30.353265138049014,566.5174915468072,2.12259825285411,2.3092936854541954,378.79721044871644,4.771451749639396,152.22866529285656,1960.6363509125017,2.3781424721502966,293.5173226607264,0.7873817034153975,4.5201929951780375,132.7704178389307,1372.6937685126788,0.6964887234886936,18.637443827448724,8.042123507784597,79.21027226894567,0.2082135371696702,26.756681084704326,11.76794995873261,1216.916283803394,20.107537172372503,46.881748822278404,0.4828249955064281,27.71268715943129,7.332956153051807,617.7015608302246,3.982142015476313,28.026070486558122,67.49846629912166,2829.79819654248,3.920643532000416,28.660088551033876,67.66842566144487,45.02274711958682,99.88576593641088,63.81780147522573,2902.176862648385,31,3,PCOS
119.06119126826444,0.6192224749627773,100.09154450653828,94.13533933268997,87.69571113687516,85.34757670604591,90.58333710451288,90.2352386372168,50.7475324302107,116.55028957047212,90.48773409479048,128.8600399849876,33.428252898396565,15.53975439941247,10.294885969293826,208.3859096876332,321.7867438761405,178.8000068939654,2.005783525328529,11.059527951687304,42.179311990988936,92.00232323829128,77.38764970383346,42.61636028550572,0.1327847685537568,1.0,11.274709537717957,32.94706411314198,0.17323879296247002,34.33149708171681,2605.316697838188,35.616318176216566,1.0720384292856293,35.5499041989344,566.91333112716,2.1239886506457886,3.118579544020725,287.704446381882,6.501228859696853,90.08590057870501,1956.242204369828,2.7863155811305496,84.81824954421127,0.2625666332917713,5.166033884921426,37.43000120855748,422.7123937933847,0.17227026873447895,26.456098685241855,8.42513367429574,35.58176167912748,0.11378448519516357,33.277701619110644,5.323534842489186,333.1096545509553,32.248521578046265,13.992954120552042,0.3135790686905162,39.3588829248162,1.7897545868484919,145.39732588357964,6.585961453210849,27.435776778655452,52.04591338874846,2742.6489985647245,6.9224895025204916,22.66407943977189,50.93490682837119,59.797063129867034,100.64573160661269,86.69194762222097,2341.712109123524,32,1,PCOS
3583.8074182596783,-21.186357164124026,110.52169452173425,71.36375358876651,92.3271200523718,45.57821605569144,82.87873824807977,99.93031534179131,44.766954116023065,117.65780576454621,78.7006369088846,120.81184642886143,32.00920768707535,5.420315071784374,5.520616477463471,99.5402956964404,318.4560236753597,210.88636758118008,0.5959204525456865,0.9361074488778556,39.12230367234778,103.27160298095754,68.75889357203316,44.84244846341161,0.14397798195061542,1.1101055950911307,13.520367723789747,0.4195378198169255,0.22606774709875874,51.34763125626352,2690.3833603360813,13.515901925688517,0.7100950076645666,39.023414860021354,452.8077257772276,2.059261237941851,2.9490433465534007,418.01443663100576,5.820890111026765,149.0439147201934,3026.750133890703,2.8265815101196567,300.8011055373627,0.7220577158828608,5.3827287880357915,123.73846796769139,1729.7772939787374,0.5799286052075681,27.40438694747013,9.773687936943627,10.0466005052834,0.004187082147113719,35.94367170778047,1.9721823498165936,56.72669185507493,32.036898674265416,8.099531573357712,0.4152826704111359,40.38121506672807,0.7921727250269286,94.96355656240166,4.831399282708865,29.858878903892737,60.573134645334854,2917.086931789155,4.764308697239236,26.3982306393329,60.05072020395855,44.92885908917324,99.89906517727228,55.11163762275629,2628.505999824912,32,2,PCOS
11666.2505965169,34.90738763083661,114.6290373379601,75.02658300264969,155.07225760277618,84.14997402806198,82.7695680999841,102.67312478145392,22.273538129306054,136.1337712924276,86.31001229850453,110.75895258873082,39.11698971900185,6.6321494249766095,21.50696737307784,127.28476336198199,402.4564457851168,210.0908701793144,6.317939763516009,74.9720069409912,61.74265863806719,133.6755537933836,43.44622883113577,58.185752813566474,0.14764646369890655,1.1518787056668782,40.4299873557047,3.2850714815315865,0.44462051023518556,414.0495265284353,3501.5526848276218,42.8254265370214,1.1431981475085207,39.23528733561575,603.0387448918331,3.2347880045117106,3.151963124530306,395.15219967901754,5.826814792437013,151.32722752259588,2624.649317317386,3.078663315949371,351.31329631422716,0.8825810506092052,5.459826668414053,148.9404985263339,2020.9349179579847,0.7715796806780945,22.8650867331034,7.64427659934593,75.99425118981267,0.19215261611730475,27.872770047744858,11.490562230524402,1320.32769883005,30.81752233824455,18.181097656693385,0.2895412333585565,36.332421746961806,1.9933586010428614,402.2517413113583,4.755738477748203,31.105694645682124,64.94538456524243,3138.692354513368,4.719660114774761,32.80854875075031,65.82235439240714,56.575532187527784,100.30804340311406,76.08384923641694,3229.3271599289865,32,3,PCOS
344.59729100926165,0.6860496080977033,69.25496810053855,65.85429401585448,114.30261390154672,119.84397650155441,98.97098638734981,104.63061565033045,107.16622312167353,123.8253238666965,93.69835423392531,127.75415772144201,44.92236864063365,7.884836067686605,8.93923154718898,185.7635165571678,224.9450587075066,126.2015884321254,3.2662146963785057,2.4732243754663865,55.055421892657925,107.80894724888618,74.25717643807378,24.59715936292418,0.11118251874540314,1.0,10.258991911904092,-21.022391145751207,0.7663166123806898,88.26167571960643,3543.1627637380875,28.691181627615677,0.4095394922781863,33.6025160265206,806.1594748586409,2.19000131336411,2.415802413863417,271.93705875095804,4.841997634905617,106.11710872450973,1468.3822019160864,2.3224230299920414,157.92586364616417,0.590656305108471,4.422362513632426,74.67687334718161,726.3587256824724,0.518384493819384,31.590888575052546,13.967479104224253,28.049179695733255,0.12565688385539056,38.525205879971324,4.46204735955985,403.0397445708186,35.44011197321713,13.39936905397917,0.37381220961282813,42.58210730394235,2.0993743193673677,239.3775514059494,3.822883576033645,13.393958566498158,59.014477238633646,1352.4687723925326,3.6668498473187183,17.742803888280747,64.14470428746598,42.81025706004929,99.8784494644184,57.61047580018869,1784.4120843578435,33,1,PCOS
1268.9484698489973,23.05301369504882,95.05337117409475,72.17902168884704,146.12584787511773,167.29448886497323,154.5180386304734,105.78254159814752,116.26788725918514,156.2654483878282,102.90121839088239,167.67875927593838,50.299152106542806,8.074741332325479,14.912844176050816,204.2854826473688,433.7584049215921,191.407210366718,0.4095216164729663,29.80984035276337,85.35309106899393,130.77766340462978,58.42509247340898,69.48131691949587,0.1624260485045842,1.4232312031743104,14.668850228411374,2.4408917795800047,0.44275620902272406,54.08278062182954,2968.354526625476,84.05352456837937,0.4569049115865752,33.33089755266659,588.3975576227249,1.9458923674604875,2.48123224393001,371.1390581138759,4.5659782406600895,196.99592955403767,1692.4651314590596,2.008671534363879,203.0118588773268,0.48441620114893147,3.9766973627215303,117.89188796488958,790.7844666655495,0.507273981782376,20.475395503542245,8.187969655506437,101.1884995827885,0.2824673595956772,26.05706465154354,19.850958585778475,1051.440528426648,20.42456393793851,35.81428735307781,0.34261215326872263,27.868647671035983,5.6649600143195995,491.9586814703043,5.456116755711148,27.67006206652021,63.141100343671795,2775.3557321170697,5.181709517878528,23.149934096742683,61.68038428561848,39.76264838946113,100.19223885055247,61.61604013319662,2386.1748105219112,33,2,PCOS
15167.106079983145,184.41581921688334,104.99375837101152,89.13833993717866,237.94918657156,264.71408823034204,137.36291737883934,121.99733270423998,123.31501233976684,167.99807803242686,108.33243785126953,110.88790010476575,50.31792414698881,1.3403346322836978,12.254876494818962,142.23979243905458,535.8123488292929,243.1933795905247,2.0448810177521097,608.1284604018024,62.69739902243783,185.8900693328685,45.716680888047506,70.25282614697312,0.1296928449411439,1.126427633494077,52.13197609786563,12.382494953099734,0.2861655616565815,-62.06258774963038,3750.3257051325377,55.427932567189956,0.19471994849366425,35.00833263484507,697.796765698749,2.757568466603058,2.144882902039733,452.8364074984088,3.5072284946659815,232.64854819101555,1826.9852395276312,2.156409492432848,412.4033878572976,0.964307921817054,4.0357493966704485,202.11119044324823,1789.0065492081908,0.9479499269976996,21.616278529744832,9.905448577118303,79.34666182742849,0.19819164809314843,30.738431238648904,11.916720870015524,826.7192422635269,26.886886467049614,68.3829421836289,0.5386706510206746,33.14336074561569,10.303871371131898,911.452243868144,2.547586877766757,35.50800441745226,79.99154677328866,3528.775363935721,2.464406479480969,30.426223271496077,77.43806341334356,-12.066933515917881,98.60216244880066,-9.927832142363528,3025.0043296882172,33,3,PCOS
292.2280998183571,0.37479589457932455,87.65443148708951,83.2653836300802,107.97425484105987,100.12248968581724,97.86243644146589,107.2178122496519,88.23279932751625,122.9569596293322,88.28805989140005,133.8132972872288,57.789199506816814,13.195934007446038,9.326921737495177,172.94822784631324,270.68006055667433,170.5187967606611,1.3999772138532027,1.041276482217635,49.72847392947096,63.06441098582347,75.27345790119045,33.13164996468529,0.11747592065752721,1.0,6.6302437191174,-1.9648371803061586,0.6635907646177224,34.22446859110097,3015.692189158334,20.89118365315003,0.7575791492080418,36.35043417783374,621.532721848115,1.864331936602832,2.7345339376836675,256.2546485872801,6.107369879516101,75.89713094758547,1603.9739482613247,2.4809789425176816,111.81373189333138,0.4500360341991316,4.919373268325359,47.45087399843608,568.848896678551,0.35702535028667615,22.05581804116781,8.63767301361663,19.67683085500555,0.09092938036150405,31.54408122844775,1.7676294017223482,424.27374994760004,22.686594071177243,11.366008920021853,0.4728389020186428,31.80844816704266,1.2947994375531644,204.49094564784744,4.62800519890016,22.83003823895824,54.79049474737178,2274.4872623873607,4.787124222621622,21.04512955127182,59.69380871085412,23.545742529658167,100.05511978371703,31.411134865097083,2096.73998528689,34,1,PCOS
2418.126487832763,43.64409314373296,110.75757875437817,90.51868832342498,156.82315382724613,158.25778848652337,153.68140509103262,123.82686489482113,103.81463460255047,161.53097314743562,94.05350089221598,148.5430384542645,47.80239643457846,9.576756825925548,14.960019686943976,176.19910266622455,443.12630489718117,242.2176736953308,0.7251232141529446,63.8930101277142,74.16311888934673,78.87855869410049,75.91424181024871,66.3296429179642,0.14749844207120116,1.2036276960493568,10.968446787490103,8.04978344770354,0.4066172090813774,37.1481038848103,2823.976205607907,41.62299947624748,0.7011789915150386,36.7479440953772,531.2517953950415,1.9109156286321909,2.8725339465868784,387.38919795110496,5.587360108702272,160.76952978093786,2266.0783690184862,2.6355770051455125,279.2368521833322,0.7144018271896967,5.039457667140248,122.74968240436081,1422.2775614437453,0.6328862072424165,20.824767241609578,7.126081681186481,53.015099830982884,0.14713083873117253,31.007588744142637,5.62681417727871,945.8332773873926,20.92378091987833,21.341741824510066,0.3431701995136675,31.406949865492194,3.1794495449319364,334.1761582244068,4.446010857051872,33.109164773807564,63.797534975116186,3313.6821523558538,4.4763134420052255,29.115988023763226,62.50906986450456,28.458083220007435,100.14034376356757,40.10372425688128,2951.607848274122,34,2,PCOS
10967.824040928885,137.90161297530102,118.40878132032779,100.30757642765978,229.46543726253245,206.62201431302014,158.9910825158905,141.07484945355893,88.29263378491292,214.67546900928252,91.07637898039991,121.89955544789603,52.50900684636526,8.399502112299512,24.3174346964532,160.68883981539824,455.953092394245,267.0084461175209,2.6753765227340467,667.2096025521181,70.20533536273194,113.4210920530068,69.95912993007454,68.05469388630726,0.1503247631225014,1.2019958706457199,31.738837227373214,3.7893022995911227,0.541367302479297,488.63451646745,3259.9982541380214,36.710211127343406,0.5811765585999265,36.88598410730833,601.6330301008702,2.3090846844412916,2.4538643951463723,415.7402157074493,4.836273332121577,172.84448881819384,2108.1690910528787,2.4571730924443393,316.8315905486262,0.7728527393548834,4.559408481829407,150.10097201532537,1486.845577256046,0.7076663690159254,21.278756070643393,8.476989147152906,40.462330658945945,0.10003012914357866,31.969368580619822,2.854402411201052,797.2692868155984,23.36486143374463,13.98739778114263,0.3055301773751734,34.12108608972405,0.18110456938653652,360.18175284094593,3.309390208998203,35.144922897227644,71.18385007833685,3502.630297608716,3.269362083556819,33.17761520695148,71.15428888343223,22.165340792957934,99.56203144108305,26.24094746234384,3332.5174227916145,34,3,PCOS
358.5722821829289,0.3354058362740973,100.11384071771353,113.96657688284017,119.81372470255032,103.63662641422283,119.4649562862261,130.20426220145566,83.68573896859037,68.53362915988154,99.4920624399691,164.1308223948611,71.93212046868044,18.477930532675707,9.694065013415557,164.74235521439377,259.9694180720061,238.62891480863806,4.564898269415494,7.088930937658983,83.31482288951491,35.30141151291196,124.31714106462914,23.9682807525557,0.09243140983648546,1.0,7.3478604014719995,9.83648745024744,1.0176299403089104,35.43579537070048,2874.7444087296317,27.858663065128706,0.5305470550571698,41.18301241963053,521.6933040528968,1.2661166935117492,3.0405572635854727,209.83908630928855,7.209683081675202,42.840514221041886,1579.9172069522717,2.370551148111795,-6.34474300337304,0.06746914280869964,4.7708009848137145,0.9442365479398802,21.00130320446533,0.02080916763149354,21.23442644988346,7.904720425689951,50.07675120872308,0.22752079766719832,30.54684408006912,6.047817185164173,758.3124223179213,22.71361963672944,23.892046038854485,0.3778820576616375,31.328618380132504,3.2300838634500577,393.8372937534956,4.0782130186190955,21.642789920886063,59.35688895653787,2124.342612778524,4.3907109343667905,20.45530317557888,65.69586086825935,38.491809881983094,100.45259547287061,49.50283330086846,2085.7560209242397,35,1,PCOS
1712.0504584292948,46.96234663739886,127.14390808076084,112.16080913531056,145.83018387026397,153.222769934048,160.25449921482547,135.0227257630889,102.609943099709,119.93549331323635,93.0511416797623,156.69620199053037,58.14339252945985,11.10058552873592,9.56714036271159,146.38744682089245,422.565641988439,272.79158668451896,1.1896761732552044,35.89709393747298,102.85926769493722,54.75354826679451,114.71999050562053,59.93805957671575,0.1419858732954305,1.3844586704509634,7.681486846680562,0.550934080120344,0.8416147460643728,45.80617974287861,2791.3818987855348,68.02421513621816,0.48652044281917467,41.33941791662461,442.98560257790115,1.108386416848723,2.9260555537274966,372.5629246075979,5.606372083269569,151.32462989519883,2164.3290507525,2.355734138495382,263.41111669879166,0.6705356432815718,4.782457313014206,116.0436110942794,1324.1467741348788,0.6199563894217665,20.844234057519525,7.426136119746014,74.78266014083229,0.2125828036846662,30.137531897859642,11.02417170725808,1088.3184369379212,19.98910114810562,32.79351752337831,0.39894129683684354,30.584818310909224,5.065420335772124,460.2369693441322,3.4550732611191504,34.52652121894678,72.56912411843061,3424.7109228880972,3.348340391115493,31.734886749597738,68.44349280093978,25.324790773496076,99.44226041173114,31.934887461415773,3160.066397258858,35,2,PCOS
11503.747861026337,118.6309674642083,144.45777516197194,118.62921626392614,224.19026103305336,197.90415256325582,175.86670455285366,158.36651996551728,102.00879822761377,147.910263231144,100.67557278083888,139.4241906042203,76.6538120858996,8.913766071629917,15.93442999982599,149.49141417855898,434.490896539905,311.19042104736616,0.38414032255733677,589.4840095033245,95.12308548571362,73.8717087980898,69.75748688176242,52.191906170188105,0.12407732528009291,1.2133172636782974,16.989125483683626,15.387039471052745,0.3334910520042749,553.94287350686,3199.4599371106337,35.68186629041189,0.8313346128321524,45.1738096983406,581.2880932204771,1.5346349618427344,3.002744782600026,348.81858449673194,5.5770016377373475,137.33762420966673,1808.711896617583,2.973469066015377,229.26926014080112,0.6781806696680696,4.905827046519101,126.11345430195544,872.328148173953,0.5510376952652135,23.89079795023416,7.923762450913086,65.41152610217134,0.19840960672508004,31.903360621295803,10.09932532835899,770.4028887978316,24.653508039616653,43.086907304760416,0.5582457218221228,32.86735329412824,5.868585001205227,705.4013660082023,3.494184859557263,35.242847033319265,75.46938621973008,3558.3837299845063,3.2249148375951355,30.66477814673512,74.36254329411116,-33.74539282391851,98.94189093600316,-57.91544171189388,3045.39270336437,35,3,PCOS
126.7038432585704,0.02309579263068806,102.81325472194067,99.48110310963624,138.35409793912726,106.05364823817911,125.66881540571707,102.6035376496695,136.97103770803358,138.85125520411052,94.3421317806048,153.78188221227572,49.05056263423791,16.56387294502862,12.73440665123401,221.43972438681442,347.2148598531653,191.6035207060748,0.62229695335397,2.719927969124752,34.133931748204304,89.21510617336504,70.869612147969,38.145398464650334,0.11160053979846457,1.0,11.896527807915446,-6.9336866039354454,0.7035867004254287,-2.0418888584774777,3183.20390363395,33.189044287356,0.9369244133885348,37.00933192293348,467.5351579768509,2.209900081134111,3.028708708134506,274.62439014301634,6.270554585424067,84.38915648032952,1800.6405952353082,2.5055899761358846,106.36321340480562,0.3882155448751763,5.008497143749345,41.09374921048702,515.989615402279,0.3003818781662755,21.411988145421958,6.722652807906265,35.3044522264351,0.12901595902825327,29.495873916894787,4.332605524162314,563.4842302609806,29.029782682333767,9.474277811643201,0.293191453031973,37.04777812259151,1.1467015176353805,143.31246874862694,5.295246230312346,25.67171641153109,51.9165256895198,2625.818618885435,5.015382326700965,23.074453531655685,51.348220226382196,26.170333993633466,98.86435475304266,38.47505887954952,2252.232613750697,36,1,PCOS
515.2078197152043,15.396428157745436,108.15844881685001,86.02398754908428,118.75375254594134,143.86521009976417,137.366291145533,98.76123866092934,143.26091210717152,198.0476382195746,87.10178572974412,119.38223950007297,41.91411765688267,11.446411493402092,15.214334336967648,231.7057136523461,387.5794969253185,234.48046851495133,1.164457328886756,33.37665941895705,39.793836232048434,95.50038518553015,80.30683167977134,55.27271398711341,0.14094350478446957,1.308486606599473,13.42956851932902,7.187731917763475,0.43737204481020686,26.743531721830337,2995.8692193541906,35.869483686262576,0.6329296289973873,36.854293169190065,450.55846414491384,2.365068465142192,2.8291979318870566,398.507223060594,5.71405387922042,140.7019846514102,2500.05755063743,2.8335711584840637,251.91213456141668,0.6349456410257063,5.270057953149055,101.8200649405468,1334.1225314208873,0.5367726261846282,15.428584373232198,5.13330883889656,127.45288162617112,0.3414274051274277,22.920721196592524,23.982140575755857,1609.8218689613955,15.626017957642684,55.057476824178266,0.4321728539533689,23.759156849021,7.650468265303376,833.7500013899983,4.077090026889446,29.416450214555443,64.04282442865295,2972.9535743971646,4.088235229026682,27.311071074661275,64.21958623188853,45.52241780330666,99.95580136613003,62.26342808103044,2731.7799840427356,36,2,PCOS
7154.531473440871,125.57761369304687,113.38940735280535,88.9057849904372,215.23170422044524,162.16801766273363,147.12246699545486,108.0735870524488,110.40327956730077,179.76837912003862,83.4918298082497,103.68853775829182,50.52280424715351,10.98744669182701,19.958020938333352,190.52122638048826,401.5180982174843,244.39748500726608,4.383589357567765,515.3541841159349,27.533254941044184,159.5741455333227,48.60921437958142,63.51909159578541,0.15584328238258666,1.4921379984511411,44.352272657083944,15.255039488643934,0.5253369128666893,718.2256208256146,3484.0051150604168,41.31835664972752,0.750080863580483,33.89717571987993,567.5626218940189,2.8434514414026646,2.561403822681832,410.55635094288573,5.162905635335009,156.67593469766578,2336.9841884004754,2.557692990100985,308.9558124367656,0.7451320953398968,4.722565293396761,141.56861526453594,1564.1849769832456,0.6595942492671696,12.967277018367952,4.980234903882717,124.46973679304904,0.32701113262418446,19.643081128276528,20.82822390457173,1623.6731990931592,11.895902301159918,97.21459175634823,0.7588388413938532,19.038782529934803,17.08380240091375,1173.6044380298404,3.718399064900057,24.79067403566025,67.59542414078412,2458.771601277348,3.6408258285927486,26.148139883800287,68.64118848973729,71.56612556310525,99.94199572306741,97.18272118075116,2631.275128058236,36,3,PCOS
196.54409666615476,-0.5321420363636971,91.59453733294,91.68940040318981,44.153759295625136,165.99622665134012,77.8911813076498,103.37902245041896,58.69052343074695,210.81315577720017,97.50519349219047,56.98968318835922,71.43600645096159,11.508515316927902,15.022676222209967,156.40113944134373,227.41135748800892,175.1923551173957,0.6850747466685302,-13.712855672039543,45.74205112318445,79.73992427391373,87.57330278119872,25.10151246462359,0.09509357756909446,1.0,8.979344662909273,24.105116406903594,0.7811684613102213,75.52480661415493,3183.043089414948,17.85979841230628,0.9005258329999757,28.603401021676884,755.0179825279724,1.755164128746226,2.4664460012293037,237.1422901939398,5.8469672801351145,71.04683965907361,1426.7361737054657,3.047904883092753,168.13514129391723,0.6819220187733863,5.383415053656137,76.07841212736254,857.863114515816,0.5620877771887337,19.42065115667981,9.034622476876537,35.54300187066201,0.17429963496503523,25.475756797616445,5.186658245456727,493.81591965946194,21.311730955819964,18.538329335969507,0.5122323101747579,28.978051804677715,2.6274170752665453,244.62197903139727,5.840306470408905,16.970309748263528,47.11251816034634,1642.1463811575961,6.11034531385989,18.406928389921628,52.96946172918554,59.337888415447374,100.33869268981626,81.68661330253254,1874.1105751914836,37,1,PCOS
4625.977795771647,96.8688279297959,82.47924150646602,83.65983555594423,89.21360456029409,113.46487843645431,86.20615540074002,113.75010456845851,49.83668444201106,224.58007203872603,82.86105629356918,74.49646064963528,57.46387114024195,7.2926556297206755,19.771142430593976,143.81211177947728,276.9433602270707,165.41109061923504,0.19878773886820456,97.16498947533583,68.67301225713952,94.91961691152325,51.5645101871648,40.682378498502594,0.15449980900621194,1.3440549514479834,12.795600882420985,21.173929198179454,0.746334243553041,80.99149999902504,2862.682579395938,37.65950587252605,0.5174303019977402,29.04366436304381,566.9038425976709,1.5427005584609224,2.79997817445118,327.41191649106923,5.342056131813281,157.69602632845513,2198.5685341484395,2.3423520005359872,285.5775225543139,0.8380285588193002,5.206079481170555,107.91223548080308,1616.3277737781114,0.755022649491786,13.000715710222275,4.607811518854209,46.645618024993716,0.12787916568134333,21.998010893741764,0.7800221133965373,1009.0079586293626,21.52742033538109,45.154409462137565,0.5548202230899002,27.936682265937403,8.258767412444346,510.1069452869983,4.979413147432339,23.456073897059028,56.56603320760625,2251.479891140186,4.8292088124624675,23.145972766953243,57.761836408960605,51.51452454013379,100.27987431706244,65.20879932869553,2427.340008924212,37,2,PCOS
20483.927713512676,163.71315291249857,109.23303355221157,104.3517367582711,125.84500829091658,207.65098513217802,99.34890145293764,128.28608440728343,48.930463503081995,357.65894853565334,93.03637033754843,70.4431474087099,76.70711413790227,7.477489977851565,46.56592234816473,131.32263760628663,396.65668000947926,276.7151449747154,3.5197665352730088,640.4092954946784,67.01109503119011,113.37006578939271,84.11129933054639,52.764112581190055,0.13100543790790137,1.1367854131319353,45.853524460204696,0.9200299183490319,1.2367521931338552,378.8259947338741,3607.2530812183163,20.00756891684725,0.20642225861538055,38.867643587931916,614.9003633180749,1.4920639501267765,2.357138039791897,396.81641336754217,5.428803849286525,138.8780932388867,2468.7109284612334,2.576150330629262,322.3537079410471,0.8195492930483551,5.007132866376219,137.82402649042015,1846.5179876931275,0.759469605301313,11.400861422863356,5.479712035558309,115.31538744739143,0.2879442938484278,22.125723017417698,16.1723829784667,1764.0879944712647,18.499982768799605,39.55246819446407,0.23970912041119696,28.765843062221983,2.8820896685654493,848.7191742057479,2.851471603660901,36.92881860587883,72.43741444215681,3690.4287783036816,2.993298767972802,36.15619679400382,72.35394020650635,74.03397697341853,99.66127047517325,92.28428817468176,3634.385694597757,37,3,PCOS
279.1065826147018,0.5310404148605723,81.30890379173229,87.7429538277027,76.11225271816764,143.02575572280645,87.40178692472657,75.67047902317273,71.82878688229458,111.97138993583718,88.942953223841,103.79673162121243,42.22984069499222,14.536339886263747,14.73722724107271,155.24469233666662,224.04512572301346,200.1184898396904,-0.894891259090558,8.65177972095674,48.01904803714565,106.10457237913818,63.02834587970056,46.90253896056619,0.2005431280343652,1.0,13.277065107342626,38.7148604583042,0.1292623120551213,-0.2533894727535717,2549.188273591285,26.725249879838557,0.8826569966456712,31.04610196449786,387.7409271901444,1.5601887991953833,2.886245286376246,274.2404490960448,5.794755260311934,98.6422260271678,1445.5003558791566,2.655769884753097,138.0037666721176,0.488560152244831,5.01630496181258,61.074029836276615,589.3714875906538,0.42174418409762415,19.126565281731022,6.7037631907074875,52.10831680805266,0.17076435037817939,26.91076356472154,6.518108988194188,599.8823989663584,20.85270180546529,23.4605353573632,0.4377586463675375,28.629629318394205,2.783155174546583,294.624544595349,5.110772563099565,19.67425369564828,46.76287991677708,1954.3888226696952,5.071085404376752,15.54766313654692,44.007710230711695,10.5210373544815,100.01612205724294,20.345610428360004,1613.9523303794113,38,1,PCOS
2587.543090487724,10.713693136411152,88.40294063647805,76.75687851838202,69.65649088600969,122.82983578947673,80.40855047323763,91.27388626527184,60.16400252958505,103.34803022868658,78.89343146427879,84.39477849581561,37.64768113770075,8.709982565918397,15.819461878165416,110.38318936351916,245.09479551928283,209.3934706732656,1.0901898368867124,23.22988985931819,40.20917359079644,117.35363738637604,62.76395503828717,49.60585036179364,0.1935484667957731,0.8984334066193358,17.228075282246945,13.350259720098887,0.3586169742830002,32.18378723738589,2603.3981616091087,31.199964851542365,0.6661887734426534,29.82308736527842,417.70216843437345,1.6853486692388668,2.8048747266006853,333.49249932157136,5.770802757149591,109.32690027428933,2150.9039233061226,2.574607257047744,210.73809339102348,0.6254667484015606,5.099157560266647,82.42691761029758,1149.0286030513416,0.5259056470276626,18.947310393318027,6.46567902871505,68.3517834150197,0.19124145666014716,26.48246537790161,14.158738576050842,671.9114743335749,23.305557115023127,30.763327579885523,0.39877546740386255,31.619642114100095,4.663664063743393,393.8908753444974,4.353266238224191,22.242275717032733,54.87079237214474,2212.052765073124,4.392044517073082,19.622162369572155,53.002226788802275,29.227072257670528,99.83136375457171,38.925462563355886,1920.2535452626153,38,2,PCOS
10420.064331913452,130.18376283840857,103.92794590091538,90.85718469423416,147.61048483581467,214.47126786571897,105.72504274280766,110.09008874765661,41.8240640074552,140.49738318759964,85.21772185176407,96.93054791869037,49.84763729071433,7.70901359416364,38.36525595043996,115.66253068894333,382.2331001623746,240.01733580821,7.972051658840639,379.8142578351563,70.66651024211404,166.84150166709884,39.71023141294142,71.32839431063537,0.18952815274962892,0.8597449491343027,41.37870249198455,2.0531919685203173,0.8550572952595721,343.15625536677135,3649.0412740154425,45.31473364384297,1.545844689520034,34.628704471002955,573.4269010421846,2.769629131524116,3.073142311277404,369.63307065794606,5.7502892465843845,142.0167486024599,2304.4870634701942,3.028807576113452,314.0833250315811,0.8546287794031862,5.2643279235361815,140.25551756249038,1639.8472582977597,0.7087377320852792,20.67197783129169,6.739165952356971,62.06187331821562,0.15785105852629028,27.408664711380126,8.569040963116787,1056.2347956965093,23.754321121619537,24.62735972888244,0.46394588423071076,32.03743649864427,2.9820700255304704,361.8147140314268,5.393101225389633,26.42961661052533,56.61342160104193,2670.24587553896,5.383619969150298,28.455382503869572,59.58327179193492,79.72615790380814,99.76152429476602,111.71142308167589,2870.5422230831387,38,3,PCOS
297.524825752724,0.4368630843683321,87.78281631796163,80.179494943788,80.4449057282243,100.29724195934662,91.26592833223366,98.22882069139115,67.57714219580419,118.76966627610439,98.29605337653818,120.78523426262873,51.24184111841746,10.866453833689325,11.664186361996856,223.83038390725858,310.37083976795617,152.11785031193622,1.7351913755025699,6.199626413077679,52.5314416762055,110.59871810879584,77.38811736523066,48.362592994992404,0.1597717818467683,1.0,11.193637516251712,-7.512745244318136,0.6341228887407966,56.08975141325486,3503.5273039287235,35.88688694539132,0.8888660536220773,40.46247926157404,792.1575781124398,2.4177965369549552,2.598650683344366,289.5171667932063,4.896292002366119,113.55234076803518,1538.9032134306428,2.5816481189317577,178.10364514872367,0.632718159855457,4.814573420120415,79.70083116463822,807.1794842054809,0.538527288226573,35.55054411919956,13.838863498800805,5.671714428811573,0.0014359552572993095,43.542344567011874,0.9554952420013136,-3.5381479754167913,41.194261830726944,-0.1963784520006051,0.2542622448044091,49.77041086288382,-0.07527420069499091,-24.732914103630264,6.401732033525332,23.770004980131166,48.04590445393721,2406.5486938144586,6.4582281343478725,22.289367052552002,50.474871679134075,57.28899122932325,99.76543374877646,82.0151097731042,2209.268106074347,39,1,PCOS
3214.0362429673523,48.35549675436698,101.74431130695423,74.02653395625902,105.52604931670571,103.69125007616925,109.92194534539694,105.84365941784085,86.56974379473284,124.86927735667906,96.1204434747793,129.7207653822073,49.98358519453134,7.490141141733861,12.050420958901851,185.1977103270952,400.6721180870753,201.45499207456135,0.25747513779189357,38.32351104478862,66.64570367937964,125.72222982544517,52.64044674680273,71.465055867777,0.18515553345746444,1.1965368944656007,16.976626232284538,12.616144137008478,0.40598676747118334,56.94128401575934,3330.6754793511163,37.05768356447008,0.5386273032225796,40.955729018610725,628.4252062803016,2.2772888864996195,2.774950060687595,365.1480667459791,5.275766779839067,158.69014268112153,2216.1470271320727,2.681293314940383,193.80080904566628,0.5186937082068643,4.948997135887586,94.51089775933876,883.5494181636526,0.4117521831354368,21.337194640369297,7.767529003582277,70.56366678399947,0.19890388988235125,27.006734077138276,14.007442374098098,616.0077639541236,25.479435085863596,38.0161544811121,0.5092744901623977,31.094894216459345,6.123898106099364,445.62234974678364,6.363128529798319,30.179626193948817,57.072605953560725,3009.2511339198145,6.195884649807299,27.734378807532217,57.31026174881107,58.11946640458984,100.4783883018514,79.13871974494705,2870.0936089606394,39,2,PCOS
16888.635207181323,183.63084884317345,110.42770904287983,90.03803617876956,164.8885844686126,166.1854026389511,123.92771538168155,114.81066640545176,57.49091421722011,157.49438483669493,98.16464908445276,106.94268536790109,58.899201647349976,7.3588284274240685,27.400521019770295,158.69724455120652,491.81807243249904,248.85164360630148,5.1873966486661365,488.8685831464311,60.800497440850826,174.37941099488427,54.761298833834395,88.3070905818621,0.18316941340139986,1.1850686359754987,55.93573865237515,4.6106128055879445,0.6773077422430053,354.7028971280328,3859.9041965700353,38.26258712883726,0.49304393099519733,43.58732093414017,770.4305807523248,2.753302214246933,2.570208793022699,403.46279891295995,5.075933900897621,161.68967434902137,2279.785034546299,2.6764179861797674,310.0256974963705,0.7665772159947427,4.965923872999414,137.01471627741589,1619.2276170885737,0.7092609587019433,17.917505778579933,7.384262556543593,123.48377472491137,0.3091461563404455,24.917388240822852,21.764083090667288,1440.2386119501448,22.719977149419677,93.48826024388416,0.6878303962219839,27.971803433416884,15.19315680176603,1200.6850748674399,4.322482682323077,34.8733351434432,68.40711452097338,3477.8269048841416,4.472470641876636,34.83854567766468,70.24848690610568,78.04895296181886,100.07890150809969,108.68841100280305,3464.415561712866,39,3,PCOS
118.03020328002674,0.4058924632117626,98.50585647183088,99.48629333666705,149.51904959288112,94.46812456641426,118.444462104069,99.59042994823857,81.68502617994838,72.39562284867503,89.1819418027864,166.94044853544858,53.88400751265177,17.184236653063913,13.43471685399001,178.05211532708051,278.2817627136711,201.84921514725806,1.7709385741212516,6.8231584509153524,37.97258227037057,57.096341079827994,84.13583777837637,33.868124751107935,0.13959144652676203,1.0,5.636395578479519,16.585132522562564,0.6876165142041786,-22.205106654287622,2303.861496567674,32.244884875582144,0.6371469462209801,39.01051079131509,321.1322845882722,2.105146829575244,2.872960961230464,248.0842370772723,6.668451578012191,59.977665179561725,1710.1356341285034,2.303705574826391,54.1393039076177,0.23850742319581847,4.652369790545473,21.428701339148684,310.5960110856281,0.16940840044535588,18.662633230752405,5.9563778509189085,15.32833550694496,0.07398639703666024,28.409426382812843,1.4091057685936916,349.38005124175316,24.97811330804858,3.843748678260452,0.3419477634223373,34.362701597813086,0.38697235450947387,79.26721240205814,4.94055508473688,24.276398771630195,54.53607515219226,2488.270308347905,4.981916165001454,19.321876717206102,50.94044372662181,23.81141782883133,98.63946362735855,40.400063712638804,1898.3766366321777,40,1,PCOS
2566.1216514873086,78.5529437796857,118.30729029186308,94.40425210366868,143.41330824849504,175.6580777211937,141.35673165670713,101.21489145962761,88.34778208838966,144.80166894165288,81.66968288521966,126.37249911883363,40.73564799108875,9.556537711068104,23.10903911031884,159.26467372163822,378.1902574273243,241.21125515343627,0.4820555299374674,-4.349326405278006,46.1671701433579,60.27196209738603,91.41303979956304,66.67563940956063,0.17656594417138574,1.371587876327494,5.502084971711293,-12.47804559474788,0.5310825870439234,22.589977154560906,2469.1107520977043,15.112952906454279,0.7238802289221172,33.024356304387055,347.4720936614634,2.2677843496699435,2.5971198058202503,426.64052402929025,4.914230985171892,166.64946992556065,2462.4405134292138,2.5280434822417064,292.6332018090942,0.711398929278375,4.731602248530195,126.31507710846854,1539.4980606236988,0.6375448665018622,23.67137571218386,9.09856777148255,56.378915442163596,0.13893062529378258,32.656561166299284,4.778808426319566,1218.1754531667405,24.35652566885043,36.58302001575863,0.48129065486361,33.25480186659192,5.701794662901423,534.4897243615505,2.8708091887794476,29.33240878559905,66.39439397296812,2998.9940352291515,3.0831343192305587,28.007064644148894,66.17756542410031,35.77047192970022,99.64521271628655,48.67873956404759,2754.3586952657865,40,2,PCOS
9333.71752769544,143.67325714853885,113.6356192592149,103.7691845354855,200.29190568022096,185.9251831851908,149.57072151622512,118.44545536618146,82.40538158440968,144.4692705550973,79.4820962121109,113.65982892430392,60.928772626385715,12.416732481252087,40.261104770698026,154.3007094930514,342.9206381219779,263.14372323102936,4.2614192474285755,169.11101076385853,43.33383911262939,65.30396602784352,54.87728990975268,70.30813394140948,0.19198233122942365,1.5413902301606688,5.746743980069255,22.465001794000578,0.8345051951486302,443.4979178961487,2792.400163654916,48.45247706109435,0.9665905198739186,32.16535702378817,441.90715464642693,2.466405228526445,2.8347650720607627,324.98196828366844,5.931809092075779,108.3107275879751,2070.1086930297283,2.585432475073305,194.90870489548786,0.613103915186061,4.868529131203273,92.93244785132582,903.3411864188869,0.45306218760381833,17.41964815653149,5.178896634871233,71.91805697284695,0.22912996268778696,25.613018626402134,9.994725594012941,952.2277771667609,15.351166307865103,54.1180233347878,0.5500289713190637,27.542591932377476,9.407346445781787,677.567989089709,3.5377386100398387,23.075520987124456,63.66886294780417,2289.977089524461,3.187432689579526,28.07038512675777,67.32573772426385,112.76573467025557,99.17761104547827,139.67127809747126,2781.051371134632,40,3,PCOS
188.94403960304035,0.4101212622779572,97.66649633878359,92.10157163805223,123.56633688730065,116.95935046120715,130.92192468953428,106.12311433125177,141.3609579551925,96.4805569976641,101.29531515799106,139.7171470833385,68.96383719339138,15.107626037054033,9.129183433579449,219.15379915726035,294.0922343632286,259.60209262279676,1.87588537566951,-3.0818036722167914,45.94204044746953,102.61439777862948,77.32359721311042,46.63220717742438,0.162026039189531,1.0,7.748556856980665,13.325087424604325,0.8976686549006988,8.24480887114941,2318.4916257098334,32.0030035205551,0.6952468023768408,43.17740059048916,509.14711454783657,1.5543763081652573,2.685458318182505,263.20408178690406,5.558014268227004,93.3673158482677,1233.6866136505932,2.455504493381717,140.7897971619755,0.5324440489610288,4.679726300636609,63.43651130002555,540.1078464652946,0.43957408482587235,20.98615186741965,7.716507476301458,36.357236786308064,0.12824301326988097,31.41397489451891,3.106085452152147,488.86261184322046,19.650647466122205,16.099989595963237,0.4788966410454179,29.034729336802073,1.5299549301073379,207.26721341360005,5.718700546783404,22.300059615024665,50.59075998340091,2270.500427066024,5.48641844956483,20.834925894915386,51.574634776715854,24.477748859450877,98.85815459908508,39.07808259535513,2085.311141789739,41,1,PCOS
4002.335311196701,16.113543349816204,105.7626870666383,80.50602880900547,140.2200227564717,192.72574628334473,164.2891120704474,116.11539586843644,139.16256512122192,144.15533611894944,85.93493846896008,127.24201955940234,44.93449550077664,9.450450674823054,18.665845831742214,187.17534751801364,396.4837218045163,305.1239368611926,1.0322496990478018,73.62780567389328,64.13094053736518,104.07777650179459,77.56437295178782,68.47001760899218,0.1757448330575989,1.1107584362543943,12.624403587637605,23.08366768757248,0.49929547268988295,19.383220248809174,2435.5784728213584,34.1780516532472,0.7294877743933503,37.913678684128975,475.91432604386483,1.757000768607778,2.5562318791589584,428.2093388886072,4.988178930677061,175.96077298893522,2257.53566137901,2.715757034755514,274.52133876058,0.6377688526139266,4.809553333809675,131.6221255645007,1351.8207498727197,0.5715451484926868,17.491337483971797,6.743821036863114,46.92074503851884,0.10502550697713911,27.025965003938452,-1.7750585326250619,1238.2726196767267,19.63032117268946,18.492633644144643,0.3682109087926051,28.920742213698016,1.9631882007946255,302.33209332730524,5.4965355664057505,30.230514435425906,58.024350188172164,3050.3874661188815,5.510929248772721,27.61705807149778,56.67013154863113,48.98147972124531,99.92802407504723,66.37978988657501,2812.433117806606,41,2,PCOS
13998.367064133683,171.7046975963915,90.69619729644728,75.65361957804667,146.26519685383846,230.7080201199658,180.78672161509925,119.2875947071358,96.89900721241855,156.6673937895244,79.15588458812746,104.3322994779389,56.39866905505475,10.219872504436731,37.74596698043368,162.54783128821853,414.9160135395432,330.54627452101784,6.564505725710417,729.3607146866345,57.58902898778279,105.37194083987998,59.698322199856634,72.44357100452963,0.1727188291106575,1.1142586171583158,30.494175718742973,7.342868474699911,1.1695661328110494,566.4049857065377,2500.5976179027507,56.87351159715827,1.3770142272079262,41.40851271402434,605.1332649763847,2.157547306728641,2.4611175253422535,381.5672124000135,5.0026913153994315,154.3178777243454,1968.7112108637978,2.514194556414646,236.49696289932547,0.6292102968646013,4.669897960525374,111.66763402340075,992.993886429168,0.5292377172649027,19.07576666600534,7.410377511666737,119.19804506056028,0.31547290824003826,26.12115842024827,20.364767038003556,1295.144685640846,19.799277503215404,89.73542695497301,0.5650776650285285,28.0054303931996,15.106046118542771,1012.2199015021024,4.998138682235378,29.37231426556898,63.96856845899864,2950.4221472808117,4.924463890231055,29.771374631301537,64.99391998995729,94.65391380792481,99.95003484122735,130.06939948313607,3042.6116307035963,41,3,PCOS
-226.01772959430687,0.1290484725098194,100.43232798791533,87.8051164599664,135.42861184604513,100.12734520988347,107.54490388150671,86.5085704018231,114.49747992266305,147.2186694688166,91.05367579492382,154.11465449048293,29.82686613378578,13.061536548992304,13.083879803198784,227.42872651067935,310.08282099929954,147.3263494833132,-0.17341201318748856,5.397014672691644,27.420686264101818,126.28236322735007,47.65530574397161,41.01110968430037,0.15049551993068605,1.0,11.982031551457911,-5.0600181480772,0.3883075191536513,24.857762805544084,2627.5997544748593,34.116622881188306,0.8574316335555994,27.937101279275456,446.658119108946,2.3812308132859727,3.1463175394891763,319.0591709633922,6.278880362025439,99.01163945159433,2130.7246568582855,2.6496187354086893,163.3007738914666,0.5169326926011227,5.250188110791587,62.22515072037729,844.1065975289357,0.4194891941063685,35.32593465899423,11.527852059554059,7.148632279149233,0.0011148186687796047,41.60482828416416,1.9657447206467973,107.53022817125276,49.56809545561824,-9.592886410438973,-0.006949046100627576,57.61300568749303,-1.0552310440551067,-144.18394290326657,5.136146551322633,24.573745800358285,52.19028259440518,2528.4163377322766,5.040559868957865,20.092516665979428,44.05274404403677,29.247686874822804,98.81315883529237,45.04314693341079,1971.3192075359962,42,1,PCOS
65.64749945386166,72.31903031623075,99.99791129242647,70.08051527159888,80.08699241519516,102.27463057024345,93.64064865051719,82.16201955281261,104.22493307808284,183.2897495081565,90.19415748907244,112.7523678500954,35.17015267985003,8.007158263763063,15.526746900489,200.68588067814704,305.35454344678135,176.45899652318906,0.19837472039150228,-18.15254599634818,32.57470821284753,123.9838845544746,45.87691655159885,50.35763480752281,0.16459302861844544,1.193275358927463,10.753106887974551,-1.7716805731935725,0.17146712283969315,38.103738288750336,2539.7091782546913,34.39608634991543,0.6162488731280827,27.6152440526764,436.3443730542899,2.5988969669867075,2.834494065506822,425.1901001894998,5.452031478391164,161.4159590574701,2649.293862435564,2.8884316162386305,284.8251426569705,0.6640284628249074,5.242805793807467,118.09644677849947,1516.7082204118553,0.5787666773132658,20.451644939403035,7.099121695689958,69.38800065203255,0.15088920213165188,28.031415313956522,10.767987521929976,1042.5277188921539,20.831358509781424,41.55027844800337,0.5173722677229614,27.446739356198737,6.2068627507301315,583.5968784357096,3.948147853337411,22.74524607597528,62.7592387787597,2328.6750728583947,3.926570039193716,21.79312582869736,65.21448350746147,52.262101271106616,100.10795405386305,72.7669925421507,2165.878671134801,42,2,PCOS
9710.660192971625,128.69563690329298,112.46435767731596,75.22846423269314,214.4821735118515,122.56213220931642,106.92622305887083,86.08611751739114,77.39412060337834,156.46058978738267,90.80958023142806,100.34271324336166,31.82261302907283,6.991745812462276,22.21746491457715,165.25226318229542,384.3259097233078,193.39006963338505,4.6756124210766625,292.27363905490995,26.911691754968317,178.63542362381315,14.958020431958673,76.43790741131005,0.19409746766635497,1.4556642178016888,47.98581699458043,12.533908456550282,0.40100789388687974,255.6922813413202,3606.300896420539,52.27529699458824,0.22208250641220395,23.652622773611647,516.9037862949965,3.561191003110352,2.7209816162735754,416.8695586490671,5.4726460439783775,153.57535171585815,2623.5997898147225,2.413696886789405,359.64623718192615,0.851527355447214,5.035971004534762,135.76581419011902,2038.817543145134,0.7666022706928315,17.891658721494235,6.800485752842409,52.36732652858074,0.12150841991420226,27.598358910903727,7.609066273254778,944.2320437673566,19.741676025974453,38.38871290303156,0.5110454696213883,29.946444117193675,7.92444230636977,401.6266084767334,3.517935110026296,20.37284129148445,58.9417689542815,2008.3387514410172,3.527174709902148,26.450633698094524,63.366853997994305,114.28339710042204,98.83475805922807,158.55349580707625,2600.376805476562,42,3,PCOS
262.21570394268446,0.7835428815250056,77.58831053593033,90.88211582057096,98.46080152181128,163.1453928101638,123.75578297888316,78.89790115162268,109.31179217602019,121.36968284717872,97.98877580724873,96.60206861879308,20.474203874736265,10.295468467575166,18.152846763195047,172.06951413962648,252.73764959934402,202.70934348736,1.1961604572308184,7.047770754079856,45.86696445977894,109.12597167214741,42.639753419216646,40.85122968234295,0.1683367311489683,1.0,12.101939237410678,38.04325523158411,0.3161375903317336,32.717751383074,2908.8361298418677,31.002151263631692,0.8516556637970403,33.16520095807278,609.8130305663078,1.9994492956470846,2.7279920225145458,223.64232172755175,5.6997362818640775,81.32912663420555,1285.9126891555597,2.5535142135420092,90.64194002219428,0.39627615710360825,4.718977390543026,44.629512034253395,368.8299493503297,0.309045563652514,23.212563690700215,8.708809504575576,19.0926666719486,0.09341126392710537,30.432279504268212,2.954782953970986,237.05179234433967,27.66381475655925,11.133771245342393,0.4688280403800562,33.366578329841204,1.6421198856849855,132.37010692889888,5.6424678511191795,17.4982807926114,46.269240305729866,1768.3388620362314,5.650460397469343,16.57849166546937,45.35803782556053,44.098901723741335,99.66669549983133,67.02476467308301,1728.3110278689676,43,1,PCOS
1861.863451639124,-65.71925671723939,85.3385566516668,66.77390040745242,91.41775250356659,84.16374561309514,110.84611607473096,85.2699718248722,79.90032370135069,104.95994799822469,82.80041621291775,92.36709265709274,19.819201241445292,5.531682406944322,20.58706830068737,123.61012474848555,282.0294266538394,210.00205121369777,0.44723684256379365,29.605403042446106,33.9127259759299,108.01359982549593,44.36281418167844,48.52525629542792,0.1745280736964115,1.1073361786388276,15.410944126438258,5.866404162351723,0.3535922256717679,34.61529120186932,2821.3377567122902,19.628498544568522,0.6295665645179407,32.005933668875585,477.2939546383345,1.683682314740997,2.5654527280462878,313.3074998090873,5.16042105394066,127.84846564998713,1859.42392769732,2.2791973535860506,187.7557239952821,0.5996853528700626,4.689675991272714,81.23851007985758,987.4244642164414,0.5374100062583722,22.93046182971228,8.923899017807814,58.70452670815665,0.16780159621371699,29.11694893102206,13.063364755901645,592.3327968316037,28.53952446913709,22.901326118543892,0.3440469487421091,36.26314243812866,3.521911174968852,326.9977805380265,4.5107129662738625,23.42601716699053,55.54053850657103,2309.6425059166813,4.546577814528445,19.852284395391774,55.81336197017958,40.941539291220025,100.14810456063857,56.40272534532046,1982.8596279043418,43,2,PCOS
10378.94031265119,57.562256941412045,85.02176170732596,69.1812663991384,130.05926451320255,183.65836726537324,99.90261663974823,88.72951201430729,67.3150267138426,121.80741972248322,78.73411137015063,70.56074051919236,23.499269105587608,4.11461913819625,39.03497114781595,105.66183745291175,314.9282409411169,212.29702720901668,7.362448690565644,81.89511425016553,46.06528133320585,118.37400156015049,25.553150099793513,44.22380983401963,0.1526245385750465,0.9842988137326161,44.79676264900332,8.413217947130857,0.9204659773451398,186.8363917520416,3471.8951563858327,44.463701470556465,1.028319312839926,32.15230063523063,582.8021810883082,2.3824029493874894,2.3800813875925657,343.1644228902252,4.634883237671971,151.28883785255914,1844.9683527400352,2.4924662299508498,339.6510033043806,0.9843075698595476,4.5830077112775225,158.21219896618487,1662.2500618569013,0.8679302648650784,19.68547973224456,8.328348074372922,93.3917389123369,0.26168195825875307,24.75244226643403,15.495085621962678,1224.3849040252087,26.360394561733738,59.813373786875914,0.4742572257632447,31.247150811196562,9.827237193140542,781.411070642282,3.5904538628527063,22.861646617373736,69.9565897186287,2319.2195209757274,3.4677954745523785,24.540907532298398,69.05537607756992,80.22843800760283,100.02518835609477,112.2457298520963,2440.412696160871,43,3,PCOS
297.7248439716311,1.0879690517550866,78.23814059757548,80.60414258472697,70.86307923238638,68.63003492538651,97.23803433303429,74.43066242792749,57.62008350719962,88.67594028633509,87.51593961850678,84.52903393644536,47.104387238033745,9.951099155383304,6.2224305690163835,145.55059532228944,276.3859186667818,154.30325898550146,0.5341214994305703,8.009367120240507,44.38612332095778,106.0153804466825,72.08647757796369,48.35812868146297,0.18099182377226342,1.0,10.550969121324714,28.395714529672752,0.36499479592563816,32.046334398164944,2764.518831741311,38.977068155957916,0.703538435307236,35.922024414127584,633.3795219045429,2.0331728659841772,2.544497272783953,239.85440619254396,5.305727600154935,90.92904588345483,1197.4618262637894,2.631378135496953,133.484002891849,0.5425919874471149,4.792595783079909,62.021203131030596,566.8419098065846,0.452702317914963,21.576392382916932,8.361910717353314,49.139658608981534,0.1901648486538184,30.011552828904584,6.227167683804999,510.52216012441033,22.588622296864024,24.48545648033547,0.5060076193012075,30.298094914244693,2.905970221983595,284.11088737655484,5.713424592344037,23.56148850385893,53.743111642195004,2373.3389416118366,5.969097609120313,19.21694248716221,52.55869324527557,33.39506882366521,99.97656922456197,52.2620650402477,1971.3053095518808,44,1,PCOS
6114.201908965408,23.92554483485143,97.14696673310567,71.61923651140022,117.63345959525265,73.60498261632176,116.53083757062932,99.68994113412774,60.49495077531856,115.02603487485088,81.74627822793033,102.89901337222416,34.84795970334451,5.278084029940382,14.514099184157544,99.53776922376707,350.9183489969989,220.8994700658972,0.4016735008581116,40.15742022660593,46.376661664875186,121.87300508670924,62.33133619566872,67.4656036016132,0.19529165157643186,1.1371887888158545,15.918148113016393,12.243402838292381,0.3990033789870857,59.044476295397885,2895.2275155750112,18.74849950325221,0.6100666076057029,36.49349968749087,553.6113753589105,2.0581493708825525,2.604402457547352,330.3567810422803,5.180685475077197,132.3290351201917,2074.846947997772,2.5462138993061822,223.09664993895288,0.6867305557230599,4.784363796523553,105.33641190361651,1156.7714099593106,0.5655328949359473,24.17230203206459,9.320823056850172,9.271468619514245,0.03314367738300353,33.08957782967931,-3.2588944767628103,381.2106407051473,28.15617912025558,12.828434741099706,0.5436410927683808,36.24183197982543,1.133502376385466,201.96810076444893,5.1066070421955025,28.708583367541568,56.8678057261718,2860.5281410401417,5.1104089332000795,25.527706165376905,56.028930662879816,40.19253126243818,100.12893115719879,53.39826327725772,2585.2402376950704,44,2,PCOS
13772.045587347744,119.6494817193895,91.81104631377505,82.11711989379506,116.8278018130999,120.46263673352075,120.30079871402948,105.67038233272245,51.93186748464006,133.69683410926183,77.3167015448163,83.10633350945254,47.78423106966668,8.551849021576098,29.78773800162365,116.66628057385626,408.7895364870761,237.1871228161596,8.314414539002243,72.08135645835551,61.10319447889573,139.74647431946914,63.34619783352208,79.94645394112085,0.19524480317505266,1.143464486400203,40.47491319155382,9.807083393556653,0.9373985747921281,570.5454436826798,3227.8367568147423,47.832570255901956,1.1981576918937618,38.05807728632089,729.6086928153364,2.730540491689665,2.5328697553984165,325.5921221423784,5.18824641776983,127.49778971700084,1993.0442286845291,2.683625059725199,265.1544639914109,0.8195450030702653,4.817422708638704,127.39919639209653,1374.1404885343957,0.69843220409428,19.48859351337704,7.62543922900807,95.32423410859244,0.27354414006560807,26.732905206371253,14.590876477318325,1287.1496640373073,24.864277075201443,45.92856014000541,0.33400531417445006,32.682386426459686,6.268186389183843,708.2867730028396,4.204980240460921,31.111491619094643,67.3809996216681,3118.4748020845864,4.064199871728576,33.84597015113584,69.13335081430404,101.1005613255411,100.39494236005659,135.0595033788855,3363.8086946536296,44,3,PCOS
21.75151153390769,0.1363189262092154,98.70806463084065,101.67300050916307,138.32237955075965,135.06000529567706,134.14778630690282,112.74892596730731,139.89210756039267,148.27776884828995,103.59807484129456,143.24255472730675,60.79062202817535,14.372991315336732,15.376457869879648,218.95363826631313,328.4210788830245,226.70024550005843,0.09931061560395738,-6.00249044221694,35.41862708469156,121.50370553465058,76.11958472389499,34.26191916629676,0.10502815770184826,1.0,8.919384637116133,0.6029288436076534,0.9024323242509613,30.793924499604106,2765.191517691791,38.36918050885932,0.6891124895493052,33.418730665847946,568.3392006466287,2.0138735239622294,3.0679553277894063,266.12663720483715,6.329732864845841,81.9896854579571,1623.075153378446,2.783172632711897,122.32012318309239,0.45451256122286166,5.098551593908776,53.840122453059095,556.2449290994962,0.3557784630861054,28.507725987287678,9.560235660249138,27.4508514211967,0.11262394581995677,35.39995385315312,3.71636079382968,392.8736646309405,37.47386468443196,5.875955496315006,0.21838459527380097,45.1313805683445,0.8200081265639809,74.25613321458232,5.178632853288601,23.388109651216155,56.036503093172215,2388.271308241962,5.062574076075448,21.711031040581815,55.6060173395176,17.45377893989809,98.6762098557336,22.83996098577416,2155.034803067058,45,1,PCOS
2978.6522231209647,45.735946787296925,103.16677715044702,82.30603578770159,131.3013882311426,165.92154157362188,145.64444498495928,112.22258559184749,132.532817444034,205.40943096112653,90.8585465292945,118.58529135277199,44.40762618187634,9.636089396500457,22.28262095389172,201.47060861065563,377.179225297145,267.5603656630893,0.4380180865503309,36.71842257000773,50.40726237505132,118.14701729396151,65.126808684625,54.35849415223593,0.1454604912166539,1.390639477316249,10.530148749640771,9.131490497121625,0.5382210076371217,38.16066590359214,2692.2866909838144,43.688736646215254,0.6350575278405924,29.867407401051683,483.6280128860289,2.0618680282928334,2.7930799819814838,415.30927164771185,5.0487488562409135,186.78897439483586,2300.9435349435057,2.7121978521192562,272.6920514215216,0.6490172961545985,4.956552770776546,124.07971348900764,1358.521234960859,0.5926582794987887,14.80857161738503,4.9701707405097935,82.46942723811753,0.19168099209340803,22.226454143833163,6.788592169338274,1633.0544944008775,16.296886985454083,51.163698086974776,0.5677892885123761,23.00610047171549,7.896422316320983,719.0705861325042,4.311801717386099,28.12119043303012,66.0423936038109,2833.2114648618685,4.221503077143247,26.917968694117807,66.94624717887423,49.562372042970594,100.03661470455894,66.75446521035849,2718.4389520423765,45,2,PCOS
15131.888318829482,153.6996017991169,102.57801310985725,75.56247330372713,189.94231395946298,189.5960578683196,143.60026124412266,111.54335133026666,96.54788286960891,186.19804234316925,83.51593812489666,87.65164107758697,51.65558291931963,9.362696293701205,39.02989295676348,164.7581724321306,384.89407944574,295.47814067542754,4.721590820749828,487.7820926514194,34.288012905713046,131.57561500345122,44.21179620730772,57.927675311224064,0.14845028156617668,1.4562695917174628,40.11925718263899,12.871304890056054,0.8999677810538895,425.00588030134423,3071.775958632711,52.726109408235956,0.5622544739824712,30.52790735366086,568.768891567197,2.3389014352800817,2.1634439360113915,416.7240156285237,4.535449630152613,172.67432454029083,2139.180339555908,2.25257982117482,331.1458084021209,0.8142270125794453,4.361902005159656,152.7618372478865,1569.1004320877173,0.7367820358931008,14.726911671845757,6.771067302874588,131.2330422905956,0.3434134344917562,22.614147269824553,22.119217886030597,1594.378606360095,16.512885915375733,99.20481499445927,0.6093898004320029,24.910218967308236,17.340839376649193,1193.271804656238,3.1406445034635193,26.934817856066953,73.35779016067744,2684.5773328598702,3.0230619254673026,28.89127378951766,73.97698649134477,75.6212241172195,99.21563159066761,99.35632176249736,2888.2161774109154,45,3,PCOS
166.32984064184092,-0.1264973241692232,94.8992985827391,93.9296748301184,109.77785794433129,121.50607124272645,107.2163396669521,91.79600973579082,123.73345486807604,110.16194350224386,89.85708377702827,127.27444290449534,44.75456084550013,14.06390750955519,10.207561961127833,220.6854959275318,258.95956904948565,214.8427035045748,2.3034370573466068,-1.8568890986017896,43.06124446658991,82.0523925210639,62.79554329920606,40.85708356789799,0.15312091594594457,1.0,9.94161585531739,14.161190401926202,0.5701249148019538,14.413147136042378,2697.5439633164606,21.13564149982323,0.991317881719805,41.08713689048344,564.1445165507731,1.9071068707578325,2.655106904461878,259.72294077211154,5.784048643744902,84.07348504248807,1494.5603466693522,2.3855084080507165,142.21414898916592,0.5515273221026087,4.905459670949544,56.218174656363246,674.9558992932809,0.4560041907389304,16.62457767472121,6.234206052845989,17.990453062746067,0.071815670037014,27.29028548562725,1.1178042792590581,384.4420886578322,13.890911039648682,9.615804737452134,0.5371463345064529,23.668669283685162,0.9105090819496335,157.93427043741005,5.136790080958557,21.080815051641036,47.15113307630661,2144.697520104859,4.956806722631894,20.52648347650171,48.15275909965027,48.26166808798013,99.4235134219467,71.16481457324323,2040.4458349275312,46,1,PCOS
959.1796274205708,25.70637533554136,94.24375435396048,84.53721801322352,102.50076592782969,152.73911230844183,125.352823116891,95.23685481806305,114.20441889868638,128.08900766687796,78.52560586398859,109.65344216623605,38.88339522705752,8.89594169864138,15.097445582116784,208.7843630787978,349.69865790252686,230.97666196172258,0.9872909103053806,65.3638694524391,63.29143899826603,86.46894054843112,71.37045281890701,57.433338676633475,0.16362756899662462,1.0465057113083909,13.433860101376725,12.946665983826296,0.3359691084996883,24.049502780528233,2597.067523716507,30.25246192288761,0.7953644590355604,39.181919469198405,524.3203140216917,2.0384410424367196,2.626119026776421,392.1832379026021,5.485478602345715,139.45934479600965,2314.0268075251133,2.6690320049590097,272.25553985577596,0.696446074161562,5.1174507165302865,112.39550745813705,1466.132415369762,0.624741401648528,19.010395589151823,7.324633393683025,48.77426738202352,0.13295707065320284,29.735950144691806,4.882961030614343,861.8919973117505,22.66311250010533,7.882474135704896,0.20575731998976035,33.20617766318468,0.05696451256374635,185.80863177136985,4.744280964799369,27.89143404015337,57.26138353579228,2808.3212959696953,4.811780896109759,25.545694098535662,57.26442976666247,49.48808863306003,100.01130205735798,68.02661061236168,2594.2938925638155,46,2,PCOS
10044.798416414567,161.40890231773548,96.89913745350462,92.47067381703596,149.2102696737255,231.79695860416425,141.82614769185926,103.2289300127794,91.00654187021364,190.0682694780853,79.51761540283441,92.02785648764268,46.518217268618955,8.327266439388843,34.29493651210733,163.02576627529254,420.9519530040011,255.50032092909154,5.925631135696243,815.4382502270764,51.54026619674561,115.16861859279982,57.38173127830165,68.1052524369992,0.15901850082111293,1.033375915954358,39.592362084586895,6.114671360058425,0.8476212702916848,471.8975342107317,3366.6607333480665,44.71463495748725,1.0901149738843023,41.10785895067986,633.0480565527681,2.5351141277459885,2.7890786095439952,367.3614211456043,5.78997275639972,126.98419586324944,2236.6775666747867,2.6741835511166596,250.88784171286002,0.6747760111741359,5.168426633500314,100.41798295697598,1280.6731231955105,0.5595091271184768,19.403927627823936,6.879280629273347,67.76027965225141,0.1784340613746168,28.100185635591384,10.006362973048615,932.1162915180939,19.798644590564674,45.31341081011277,0.5161050744219101,29.197821432656283,6.842129374930825,566.4973595546912,4.451756170406219,30.26278904318734,61.83480731661566,3030.1165944483205,4.491124823452751,30.989186616367007,63.06641564438576,117.68181638121982,100.09709104589216,161.86385631965567,3161.036696960244,46,3,PCOS
11.007282457053549,0.11630914602152465,104.32281985049796,101.22336201383273,146.52883317855094,117.92244474138805,146.23328631219826,94.75013649612173,145.95807281249625,131.0899583696489,95.58081130058022,133.3131998361982,44.55117050169165,14.23266895851091,10.998902765410884,211.85261491128696,324.18892928033296,210.1123793188943,3.0026634033512916,0.4343785457099534,25.637451888841333,89.12501792910064,67.72960983618567,38.427118399605405,0.12669460008450611,1.0,11.56403989887974,20.24926262421892,0.8472088537433778,5.4145346534944885,3008.667143598729,30.8248150859976,0.9502329053758042,42.442106432143355,512.3861138201062,2.28508926477188,2.772206011847281,237.77399245858035,6.218343165277725,69.06636683140653,1581.7059623679454,2.460487982816809,82.26548325442533,0.3577971539773496,4.785559092631271,33.124135254466964,390.5704278659442,0.2617629860132652,12.603120194627829,4.108790806572153,39.94131221865232,0.17561181647218024,21.054890486489096,5.023815574002085,626.617217229188,17.12284838149021,15.43969042942005,0.48669667626648744,24.29758696094109,2.042267432717219,212.72624085691953,5.552491977440761,21.302195938673304,50.90002211656068,2216.7787386672453,5.232992864091452,21.876276255260336,49.177622920042225,58.55114851261947,98.45959363070587,88.23242482773105,2159.6249860314256,47,1,PCOS
1853.2596102503821,-5.075705062158306,103.48445934972942,76.09121638548464,127.56665588214861,138.7576639653539,146.19492943403387,85.04495752128986,130.734274337658,189.03610814729052,74.10051519423051,104.35330817955564,31.924173106925092,7.478778602246707,19.081253641768978,219.77141513536915,351.5920807748975,243.74641945288687,0.9093883336438993,30.525689332073036,23.077372550390535,98.53018622995297,78.88837892615908,59.87636350671149,0.17055808702108563,1.4379557633597626,13.152594460191793,1.0162558039500187,0.5816724114496745,30.647937550210642,2797.3174787584812,20.83820307271478,0.7222557845536021,41.178506874124714,451.36975856542205,2.244316784796666,2.4750647610302803,420.49369680415657,4.939202792971622,165.75248935397002,2505.5004017195392,2.5397833002186014,290.14461329164817,0.7045913028754587,4.836783963070347,125.36832622295164,1588.8276901588188,0.6464643805192382,19.117980338525424,7.803968873247522,104.84404545477456,0.26773789666440895,26.922618625845587,17.671558465329426,1504.1139628998008,23.125932276379785,40.529985799806774,0.3352250195075078,31.245068520782663,5.0249883919904965,659.8394861726281,3.9527855569198644,27.060678174502023,61.900671217193974,2710.114363949883,3.9972960305446557,25.717663303071014,63.124240286205,58.1880018097601,99.82262854535998,77.7417070981958,2555.2508548725637,47,2,PCOS
8250.874262941146,97.71825457212047,94.44696585404871,78.4220903474745,159.72663831356425,161.8699686329877,138.15288020569372,87.62506146000254,116.02807091745048,173.50931635424243,71.05656404987735,69.19183394963625,46.54045591469244,8.901849927904522,28.39370318074672,168.93861386897922,363.73465843397383,247.49211015239553,6.866586568983522,244.17208330837025,5.437706608899077,124.91199143941729,48.9845177905918,60.24835259034428,0.15957934159132509,1.4577396309802864,40.06109343333936,22.050657070419053,1.0812749059439881,531.0508205901743,3384.1563315650933,47.69075523607058,1.0741809889045824,39.59992742157867,559.489157903114,2.544404941361738,2.5783962839444206,357.5456969400813,5.4331236006994175,130.36541456119093,2208.6518579045796,2.580988444565294,276.18467889116476,0.7637413617329573,4.825317700742797,127.92512897497878,1420.1370512122578,0.64380566890765,14.620720786679634,5.3443826001447805,133.80911583029354,0.3749328017377451,20.661906303261112,23.33004656294105,1555.9882859763948,15.984728423634625,93.45000354395643,0.5445329499872651,24.032508735034078,16.577935138546792,1131.248801005293,3.294603214549432,23.22622102258444,70.20060192357073,2312.0666297677753,3.0862458029157738,25.595140472337537,69.74325618232616,135.1764388105586,100.03180625702159,178.86037902356338,2577.988038820127,47,3,PCOS
29.290168887775508,-0.09730979266214151,98.18212345811226,96.14219430208911,83.88842384402393,99.98090880380433,98.30229695506986,72.41591685521922,105.98450183967425,136.52991617764764,83.19866828825089,105.29599412196121,27.881859041046,13.621512330359682,5.363792688991289,197.50758238397748,250.5514703176298,163.2878417897828,1.6485135714167365,5.097468694486095,52.79835465319091,102.38163175431214,59.24232917143778,47.3055804042726,0.18231858144001922,1.0,15.532968982446988,27.218650063766926,0.20410032397236832,13.505862253421048,2822.8057394662264,18.193160653422012,1.1339861078493099,36.79048287187883,474.3075540396363,1.9432398946444682,2.948784281321626,273.9739117507503,6.175145231560611,88.09647274844541,1732.5246511049922,2.6685005748097437,150.4405950503449,0.5518642970516736,5.407206585520731,55.16384179824656,747.7812291934988,0.4594219388792005,12.128901125582447,3.9546025212918243,65.57393870262534,0.2390217048694293,20.673576959450514,8.489322414438991,866.3079213235065,10.856404448800149,28.504714828802747,0.4995603108569757,19.380151267346925,3.563918050746084,396.1489126116718,4.675278416263985,21.108317150417932,48.54136799615023,2125.567663865309,4.527691099581321,19.34981707129229,44.24334864514494,53.8499001382263,100.09348541846109,81.85872952347412,1943.4749465519942,48,1,PCOS
609.2659979910311,28.109651329193902,89.95022699553465,78.89566553607257,61.99439402950408,86.53944206447287,89.49553859972256,76.38566880800775,95.38959341309352,141.82637366444496,74.49688234307364,89.27303493780722,30.95339745003644,7.732352378481183,6.224594403945627,184.3995091995011,267.84098013846307,165.92514580573268,1.3169629720746352,36.59465354676436,60.1762641398305,116.20973811104831,65.80697364207269,50.669138431081365,0.18284229962864224,0.9420185224034091,18.666221778138894,16.456227433610408,0.23671874510854707,41.00554301948789,2641.567373030248,43.4482346555646,0.6725422069234106,38.866910585515164,488.4322040520047,2.046732099921486,2.885051691241299,341.6475904577584,6.354103978056471,87.47129237569519,2479.726666765781,2.759012386012589,222.3714144474862,0.6459304478728591,5.4985162192983905,77.59801492109742,1342.0994466462746,0.5465324754925844,20.18276094260689,7.17575131532137,48.27015511755258,0.14309778850644822,31.01331794631267,11.314308901204683,393.975099309498,24.12785625067646,5.777716621000458,0.22336806430142633,34.405496068588526,-0.7258810290375961,163.1346100345026,4.358295712570354,22.92239402402184,53.789246124040694,2281.1004823580365,4.372341540926182,21.216347958800416,54.2456092930264,50.007067828888225,99.99429881359154,66.49931985157296,2117.2141450309646,48,2,PCOS
7458.571123862128,111.43018682119583,112.41301794865294,101.60909955979957,161.6433823205406,185.49794379669405,121.31380031003869,92.59720014696013,91.77589159694968,201.89409904847327,87.58471446101245,83.04762261813605,37.264017892936764,5.921755413247068,17.810877474411427,147.74836269600274,456.4523205461906,208.6624280450831,7.394275592791075,546.7239974264596,63.28530056173176,201.07601131113623,49.19903373629026,80.13987102563786,0.17733582434147868,0.9010570559996107,58.10390536552846,7.334515359245238,0.5578565611969385,532.4547512385903,4100.690697351313,39.17117846427662,1.101557390900171,41.24226578179044,650.7928458741023,3.1978985628985903,3.421185377897411,371.577280581431,6.592232142492201,119.15503695050928,2618.875856551404,3.2331333187758844,303.65045969833125,0.7942014709111797,5.8295854979474715,118.40007944089672,1785.2883491642478,0.6608938147082986,19.414120641186347,5.568437183029457,45.97192452824419,0.10910988849027647,28.316757395691763,6.029413665630408,913.4738472431796,20.756233136885026,6.883583462902514,0.4229896412752766,30.150331904722105,-0.03630243968760993,185.39948142271112,4.603411923722811,29.205541534548768,57.7037361009526,2933.2359911439867,4.612682801938801,31.5158567704905,59.940665199255854,130.90825489389854,100.11097146361638,183.92176832614814,3195.729753306327,48,3,PCOS
49.42900189876559,0.43360556439524023,105.19994887578021,71.09483414297034,111.32214711799418,43.79804082041102,85.75365007827126,97.26632427273942,84.49607239593628,125.49398557101448,80.64173212812611,160.74185877141113,51.04114048058576,16.154954828845124,5.530436241086608,206.37603956265758,349.8720825722339,142.86372970980145,-0.04102113823616316,7.854190525085931,19.570005553695278,82.70131142444228,73.69198116054915,46.235722379960784,0.14344342735942284,1.0,10.98451711718289,-8.207915005307719,0.5963181352227007,14.922176035218595,2552.06776675212,34.512662690215826,0.8106996632661387,33.836784048434524,462.34228742375427,1.934186157113409,3.2522600608211647,332.7432520667507,6.50439827858207,99.17594012477572,2154.995741291038,2.731114256146596,142.6422696509938,0.42073318928537856,5.405363736682174,53.51728599456414,728.5210449657083,0.3343205136702858,32.4630666605733,10.287570907807261,35.69801479374046,0.07546612564527377,40.752577461320314,4.146378035706705,424.3994152554813,42.43779576216479,5.001418067957589,0.09788049153677775,51.70063794408918,0.21155696005332203,38.23401638925037,6.070568600967861,30.45650148599926,50.701014530518094,3083.19144006482,6.18460343099261,22.485108400900117,48.24223895945795,7.886982895028964,99.58907285056094,14.037063677625888,2221.234208246425,49,1,PCOS
1262.48276853475,61.6864587826398,116.08274132621194,71.89600930641976,102.19821916193958,100.79851130469105,106.92521997462585,109.094695104032,108.70937128375122,173.48949027598727,92.40218790377307,138.2842662765421,47.69279917787752,11.045522174288319,7.461470560039875,189.18784476067793,402.9645160218598,209.571071973177,1.1091981233549593,22.02702317226201,20.728874077654034,102.41854464685017,74.64659703738123,60.41026284203875,0.14774192953904863,1.0763024299354713,10.84389271832914,9.903619670789327,0.3709612182591379,41.04785907052656,2632.1889191923124,40.58479823200441,0.6468988420468835,39.442392335050734,509.62042050102286,2.50336262814268,3.341182749453575,437.40749156424437,6.622775401182677,138.34320835459076,3028.0733155277026,3.5689759409263537,296.6877611106635,0.6670766754868198,6.024819104461994,122.0046269137478,1627.403578916476,0.5018360765265916,22.769269207995556,6.538953899800485,26.251664695518237,0.03580521708224016,33.3849273340632,-3.1859287152137004,809.2324224969706,21.388099047241287,19.469088692965432,0.4721660484002643,30.80538374285321,2.160654999379302,284.8635500976312,5.289824165807944,31.210892589315293,61.24598264328332,3156.8970390893187,5.241373715221427,28.127992616610847,60.46130788928327,35.91192947051502,99.92785806243772,50.22375237614282,2820.0103722842596,49,2,PCOS
5467.6262151615065,129.05465091078335,118.664561212438,72.05535779731431,229.57736496428123,65.43120866666096,136.06335590448606,118.96213881322986,61.50244119119071,157.32739672291996,89.4697699586242,147.14548653442557,43.08920632003835,11.455072978808001,2.804811706528099,200.7831109658599,430.5283291701277,204.70240237286865,3.490553911237254,520.673777605356,31.33652699994267,165.9203582142803,41.198567938135824,84.62700695866909,0.1996843366922387,1.4890070012480632,40.582781404043516,4.563790924044372,0.3407818935782461,909.1032049928078,3306.6626524500157,43.69039693939609,0.6583353016830065,35.49651299382358,646.4929127041172,3.855283794608477,3.055055314594945,433.82049969657953,6.019944492605162,147.07921253182607,2819.8840366173577,2.863107571990704,295.8835347866026,0.6479459726920003,5.444727963639214,107.97567299710924,1752.7101438551856,0.5751617437991943,21.23846231649779,7.237373537352386,35.453846567047485,0.06669997850595141,31.896543949266086,3.4188096076683845,843.5252293529164,22.885907419535634,16.9237889862254,0.36132441786516645,33.66225825512352,2.9724179356964973,193.43066384101132,5.3743640369977665,24.55512485806224,50.05008251406319,2425.4094516837977,5.5309026579911995,27.094779300008117,55.329714737116205,50.680497731995615,99.90241449135142,73.7923630219235,2695.000668486088,49,3,PCOS
175.2710225156718,0.7272279162598194,82.58656991589778,84.52277424148127,87.0027983687789,98.98437915809261,105.06740740200812,73.20972759159149,88.52043467298193,111.99616709366953,84.96837236326377,83.93643075740741,34.52642734052776,9.124825566064969,6.938968757718781,130.42473378693091,238.88262791879967,161.8575285539901,1.238735915144873,6.252301302302429,39.27518336826985,86.45970914768128,52.358362516633065,44.26817529637613,0.18595519330791388,1.0,12.018804305771312,34.85658285607653,0.4364052535804261,35.64294902929877,2919.9995834440447,24.017008090592242,0.8541097330524945,36.28477162508269,599.5231469300641,1.7508183583331485,2.65318254786348,210.46052113848336,6.097016583959953,62.51769241974604,1298.4843660896204,2.5920600660898887,98.89109214910835,0.4632218310270961,5.025307713678338,40.66290250513499,488.26303480296934,0.3688212216618798,16.874894894125248,6.524672750865623,35.55950192616134,0.16138478160143108,25.760496896366025,4.289279532531836,509.21165325628215,17.30723097022399,19.09891316902534,0.5573745828329211,24.586308125712996,2.413701250256559,249.29239187948792,5.102061405639804,18.699158001151886,47.68943264838292,1885.2024995765294,5.288396005645347,16.71359302304815,47.472549810226795,37.77134032094612,99.99179670251839,57.732127865927254,1722.7069202700977,50,1,PCOS
2558.3196753580833,8.472901021979514,91.11879899886232,72.49542848304095,105.15367803799714,66.85250794431408,111.21895388563642,91.44138341019244,71.98940873675826,117.26184027168081,78.32024423503918,90.30575718988584,28.44523405846727,5.328696759763561,14.19074806014725,133.4867688690184,303.5043087204535,205.22750306402543,0.6888656089425733,52.64357605774471,30.535543927738566,105.05147831213877,57.261594643168294,60.34359877826214,0.19728380421567507,1.0888687670178727,15.019085662339867,9.267360921267477,0.4720266981022655,49.04914608394972,2844.2280592002408,22.3557500548825,0.6855216046612211,40.299563275842104,551.9015238410619,1.7762050835741294,2.727632414529448,319.04051146032265,5.636861184519583,113.68579142282327,2037.0226048808872,2.633475527386404,252.03994118239171,0.7697705128688923,5.12476148500445,104.26618218315312,1419.18630337202,0.6774465942009001,23.894052312599467,8.90160806649738,23.03761126642108,0.06930347149640924,34.257436494883784,0.7543515332186086,519.1391861905636,28.11028222472158,3.3695234830425527,0.3036296155152566,38.32369909238962,-0.6488056071738142,124.00055455110186,4.48766335850477,25.198473817836195,55.9255831346505,2492.113181176145,4.544091887860903,22.097042738220996,55.419820818653854,35.39726659387605,99.98998621843913,48.80816600839338,2199.7433240078353,50,2,PCOS
7332.74090457731,82.10620948037494,95.00625601890793,80.17294461508044,141.41403358475952,117.03292285217606,115.45932487486455,100.02915138256749,69.72565875848304,154.68578098073579,73.50196693481237,74.1234271656298,32.03995070381258,6.259183843660546,22.007726512128137,125.64797663527064,352.8213827333232,202.3103335311364,7.136482476983723,217.45314920282902,39.59844295296598,123.8374705933292,48.95071167668595,68.25034251802546,0.19216076280460503,1.0655733547142245,43.906659134395305,8.2152568519922,0.9793823044847465,482.0886459084467,3680.4827823231694,38.98911626136522,1.0342401781351864,40.38413614410799,673.1608600748268,2.5594682770313026,2.6479121016886684,319.98846764863885,5.574393738467318,111.75425930406408,2087.5447676150234,2.680435106349064,285.35042242018653,0.8786832256360274,5.042597380373831,121.90938975161187,1565.305350993745,0.7510666145557409,22.664499873032998,8.673902949955028,41.7275748565459,0.12710319478383736,32.28386051025073,4.932329286596376,745.2781022919737,27.55983879124434,3.0325154552162275,0.13603387827766528,38.10015631862673,-0.9313898502523879,191.0606669060308,3.752169009719186,26.199553863004816,63.56620045535558,2633.5212645078086,3.6979027742175603,27.54445545346197,64.22086826426377,98.10208264335137,99.96331315104973,131.79509885569195,2761.5655822266663,50,3,PCOS
-101.67992825292552,0.6742805918545629,97.93185267692603,89.07984338615921,77.65108379541931,121.3538936386733,118.67657841152955,78.42259663586238,79.82402323809796,172.64236359161507,94.30875601399212,86.4911378404652,37.260468705178766,11.932958356604601,11.813328541697286,132.01375186474277,270.8182085848807,166.36383463354372,-0.4205821359742783,6.01210992450399,46.253106895032225,110.08322442709417,54.508635192777476,46.13444236212461,0.18369058075607742,1.0,11.463610848452753,48.00163481467912,0.3921661463275301,27.938386676845678,2253.43245365841,27.200388276910694,0.7545800999996449,25.437865241017207,410.95602062564495,1.62664852333948,3.131782347825316,251.44214182851772,6.778482262696864,70.26264645650745,1666.2632381011722,3.090176828672911,108.15774419646763,0.4120547626651165,5.521234562113191,47.12498080940145,522.276807157571,0.3058023734283012,23.39471154166118,7.871057463751368,62.17365102065999,0.23923126230363834,28.589231528087268,9.253197492614795,663.820891480568,33.445473462165864,22.97397978865587,0.268814176361394,39.243261108195256,3.1715981849504202,249.74242404348303,5.88937364218431,22.035055143615306,49.152709849031496,2185.4842414709747,6.227332190879738,16.06776401337561,41.402776765770966,27.959480311059984,99.78893850430576,48.54533350229499,1671.4372161788917,51,1,PCOS
4206.5404359257855,30.894760520629262,97.81901945541362,65.2598625123257,80.55098573018788,47.10676377878178,95.93402101976312,94.88685990819046,62.94318716041774,190.2142772358379,86.05904686197684,79.09538268401182,25.352002903347763,5.2768147187839265,17.58857619049077,78.95995546788798,235.8490695852937,176.45285674211587,0.36433260651608346,22.4797572636059,29.067624714229822,114.40051045750494,42.08634106333358,47.20889627022015,0.19278862090463622,1.0898128835087741,12.283765002554018,16.299262812822526,0.484718231368014,59.04345814833511,2368.5574014607573,24.864731571487066,0.4716495552507419,26.36677104967083,386.12207851056365,1.5580719099216094,3.0479495776869205,323.47717804657213,6.0351016500947985,114.13555605151262,2418.4476282609135,2.758486257865269,232.5427297529575,0.7131027490694701,5.468337179312215,84.54940193396295,1404.7796039212449,0.5876148575160983,23.246218295687353,7.764410756330074,0.25478263375860166,-0.021063226884212055,32.29207923336359,-5.744325667398726,444.90336269222155,27.552818261559437,25.840943014900102,0.6050680687672995,34.74932069178231,4.604224756316809,309.01694354112857,3.9822074179810545,20.512702012658004,54.69554605826754,2005.1616279218274,4.035468368594688,19.24723226680657,56.26710174746861,40.07028887714348,100.1417804039923,50.24312364612161,1909.3122885801504,51,2,PCOS
11140.862484405858,25.005512967353766,110.26942937392613,74.93415669337412,158.3975861976404,89.37862207831532,118.76266461176712,106.70513993806314,55.761340266811345,212.4173727060999,87.54932009345556,84.93956571327077,30.171957894697666,6.384082631271085,29.6686240094838,110.71418180705713,299.9910249244548,223.5246980704439,6.447697706655865,-176.966325940761,60.423308050240514,140.69095174004053,32.86868987064791,62.83740613561951,0.2018202202287752,1.1717704378691918,39.53989501401449,8.013130084595062,1.0294534573719196,526.1343090487894,3106.84278656678,34.06209447703035,0.5744635678954602,27.723610587709558,471.9017213860969,2.4864574085427136,2.845296311687067,352.47725127783843,5.8129434313491135,123.68477541035563,2395.373597616992,2.8512128259355776,322.48570372386405,0.9021470081055385,5.236073517456367,136.26451019481595,1885.6131560284814,0.7854166683399154,18.138102012533267,6.605893861420932,50.03848363002538,0.1305098960009802,27.773588667572906,5.773520656137917,1122.5819686177265,25.091104799152326,-8.076793469256437,0.08410896771900961,35.937577559106245,-2.323743975149142,73.4374864788154,3.580359402010143,19.773212782107137,59.39900202519981,1998.1163707050669,3.4372216500532344,26.05558278666193,62.70234253721645,102.86812802690484,99.51840693306266,137.56207224156088,2560.938467779319,51,3,PCOS
-59.51943975247829,0.5602223000034616,97.15452925739557,83.53644901863576,116.91310827522166,105.9707451000012,112.46218030632669,90.47437458626645,73.03463999620824,97.18758899211608,87.87440923469131,160.4066715763562,58.6776910508701,16.98149567182432,13.641299092648694,188.94287926808443,287.09522833752897,199.8746077857985,0.1534385627808359,12.01980743359853,46.09528089677745,97.00951709452428,71.01554181538206,51.86729833122031,0.1987555747439585,1.0,8.011286809295264,22.97539235105986,0.3322177191832467,-19.551596773556167,2022.793087440606,26.35359919440387,0.7882788397128384,30.86886800428615,280.71261698090177,1.8736663531896156,3.0604187181846734,335.1094516954536,6.06987605418391,111.60954961908509,1927.0675839230103,2.4757920498079873,152.35175871054417,0.45140950764066323,4.872587316852519,64.66346907765198,693.7364144895867,0.38028577971142996,23.542380140041697,7.708069049850021,40.41642817266173,0.10087032647652297,32.28164677778729,4.844620006075585,506.9855084075533,29.689581533772873,11.979530845836258,0.2164263259262806,39.437347481199495,1.141794896846012,160.74310082120996,4.532846832615771,28.257590380675136,57.629492596876005,2845.517947247127,4.586872802451404,20.805916956763284,48.907633611266576,7.833845624121061,99.10994824661753,17.13695211409422,2059.835664385931,52,1,PCOS
3984.5776037875685,83.60786993132348,118.93774845983474,82.46307904092679,117.41050429985145,179.75319959865877,131.67557520404225,105.49955511040265,86.08490293923114,140.19044700413025,87.2148594605863,132.00212410638886,44.2884772154653,8.4216262563117,19.415171730071787,129.4657462741102,361.84338516426476,267.5571776576482,0.5923961001418188,-18.99487838121849,51.931117082829196,107.41541428683952,77.36912757606824,71.7885430959175,0.19978461162912928,0.9937105823069752,11.160655045257187,1.236880399826358,0.26847564832251875,22.1725109593436,2160.084861770216,27.957168211639306,0.7438964652258236,26.03542640839406,362.48635037278245,2.0523195227080833,2.7817000164614245,456.18591552394753,5.2380825377256945,176.88234414949898,2722.680824093006,2.6825351363771435,303.37128686301776,0.6742215218541373,4.881282475717582,133.4612055762794,1538.7237125624436,0.5654150799661829,22.60872001320814,7.879748361846026,73.22404283480839,0.1654475181169153,30.603455255649997,12.984460170572099,975.4866296284383,22.88874848807123,47.8085118740759,0.5549330045279915,30.708217593049564,7.93171993200672,618.5386108699398,2.974294672185748,28.74178612888496,66.74266262027687,2934.0444884725634,3.140673421908363,27.276954693001585,66.5737245499657,32.563361726248104,99.96317464901819,41.10985375744527,2655.833714285278,52,2,PCOS
12359.500963416946,143.33236458409925,126.26095194646797,97.53400144117771,208.3590773456139,218.61097863705345,163.7266546387288,125.8400086433876,58.03556579256498,134.14176213257753,90.99610526546768,125.76664462187048,58.3593968709456,9.959476952756583,42.66317125035752,142.7853814702917,452.8885766456168,286.86855425067654,7.20565243700851,279.34201540002647,77.3192181493172,157.4808312106408,40.356841929586245,97.73140333700262,0.21995308429949012,1.145072193263827,23.72902639175373,6.388657840494357,0.7721086056060998,378.1016734218544,3055.1049776648956,53.6698519314017,1.259229905539363,25.84810536519211,446.70217582966785,2.8100950677571364,3.243290165815928,393.8189776838843,6.047884888857875,149.57615364289293,2394.133765898959,2.977261301313559,281.76582696515396,0.7015863096319528,5.197396119290259,132.2689319213809,1381.9714193548355,0.555473241616318,25.55325042578519,7.686854440342635,-13.041410053093998,-0.04231385055058581,35.72927738556073,-5.8525220172921895,318.1726218803499,26.426608177679512,-28.37967424981919,0.2933871908422103,39.685318682727655,-4.698426073832236,-358.7995935875375,4.785481110130012,28.175500328850724,56.13308375825135,2808.2337800789464,4.671624424369678,34.192236798553374,62.28914111177002,116.69753770347961,99.13289491806724,153.07260621999808,3396.99701461323,52,3,PCOS
44.21441200891955,0.5588508998564499,102.78355136122272,91.16840186883441,101.45848645681588,112.9667994652398,113.29346763300094,101.81442007430451,75.4035303753316,148.34619838043452,99.46904190358649,122.97721991212569,60.54013964758894,14.434929401881982,9.425414176976501,169.20544938024625,285.588596341143,186.12120192936706,1.8394195917734777,5.701304365857897,52.85459062202413,92.00959327940537,81.84918395656364,42.84148558942898,0.1546414330023544,1.0,9.371456306819256,27.305481514599787,0.6456267401827219,27.741440334122885,2698.422018660243,25.516233197014788,0.8218587630962596,36.358689203258834,462.2052287184039,1.736024978646935,2.8881767383937644,267.5749843879595,6.329574725630197,80.49727904370471,1678.5826639514348,2.775135490785045,103.75219147047751,0.3782974897373174,5.041698260986364,48.17272876797253,474.5420301766647,0.28176399309559497,22.066023880977134,8.087547323851165,51.30386178199537,0.19529931081240068,28.707929483219317,7.13954621663403,596.371694363279,27.950684965721006,20.9080636342878,0.35810853476020177,34.98829751307567,2.7656905976660977,260.5733961013324,5.952191624822445,21.45069314019735,51.79587675330903,2135.356293859315,6.078605309070835,19.46212550812745,50.59710438606982,43.68504559682469,99.80322166329775,67.50691222370567,1979.702133993815,53,1,PCOS
4675.486296108358,34.1279271219644,114.72476415471252,75.65721699163912,131.5347172316312,119.41888811303092,125.85155063567815,112.29713738825926,76.15549867895012,184.37179379741795,87.7378395208062,123.1524403024413,43.38231746733681,6.487538446517608,13.397803630094513,122.59639034992782,328.9821318058145,230.47723787086105,0.6260216595765337,26.570147582237787,52.465303892092564,108.55624932383151,67.73425752139596,61.61222937579074,0.18973021079054725,1.2582504073853025,13.083735889605103,10.975948283291228,0.5369399698682482,48.595604116087976,2627.526315823837,28.846461567201395,0.5763491556839597,35.75478348991925,383.5231449092266,1.6365595826528645,2.786473053935596,413.3503014285732,5.29361684722081,173.20854921981189,2656.1929998227697,2.5523996769343578,292.65851326559016,0.7070837428336206,4.971150040306463,126.79995195923452,1597.3581706702555,0.615932219870495,22.00606292109735,7.944894316024683,59.315414225855235,0.13625156201526648,29.48146250699306,8.86248454623759,849.4267973563201,25.49383299884863,38.253656883521316,0.4899598871536251,32.67499508752524,6.385761810691118,476.2693507738369,4.6634979622359,26.572580530753303,58.951490633435974,2601.969500056512,4.627529181203464,24.507208004278695,58.38997339529342,44.38780092792568,99.95117790838704,55.50722438400355,2447.4639418220377,53,2,PCOS
14100.958828952866,77.06009644582718,123.2184493171146,88.20198669428045,195.35100941166684,148.81826230450488,139.7745607265599,128.92322125430886,64.9074128344515,207.27494566200485,94.4114500409698,109.1202796181075,58.27465187798614,7.129157468122355,25.51519939724247,133.40511042340032,406.38507576060954,282.2170097586841,5.172716031218316,136.77461051231006,68.35859909559375,141.11401576881116,55.523916497028345,73.41265356109515,0.18214989442787488,1.2023698952951962,34.24161179948045,7.809137623265497,0.9408409955313274,335.1034449629183,3176.626812441401,38.34618903768032,0.8682672083720391,39.60625099176726,480.5903044165584,2.270418880029,2.858112246675399,407.66179468438804,5.408608999756639,165.60405597371812,2416.541891510057,2.8546792819794327,339.70406750307507,0.8397884977623206,5.026534384748705,159.74840169553892,1795.157897657689,0.7527681924567022,19.389596795881694,6.765803581976029,93.0755860749812,0.23413727575878526,26.865742157009983,14.368493212368941,1363.5622417434001,24.960940889193886,31.21046389937079,0.2348290241614666,34.164227047205706,3.943534352895032,562.4052248975805,3.9225792431944733,29.59925715897156,67.15276286983305,2972.5286599765996,3.7857059928950947,30.59264586931265,67.92575132874744,60.84714468641686,99.3238897833486,77.09842814489166,3043.0989090237586,53,3,PCOS
378.7291687887208,0.4244500369552595,83.773701024876,65.83350827142598,64.41318681399557,143.9407722551927,97.29761910078845,85.08149198795299,81.41796760484212,138.15732976808536,85.36132183168684,96.58770598096152,42.12803698858049,13.70832573558178,15.005367551389108,149.08130774878418,238.64848894233825,174.74150290432846,1.8125829788671906,6.706753256846907,40.74663697377082,51.305305124522675,61.93266677926284,38.217512670295434,0.15892003132445237,1.0,10.947507350351152,31.88375207417172,0.5247470074396801,20.70067597047198,2658.988730100903,19.17580865988799,0.7477466304966038,29.86250893900354,525.6712242371328,1.572814395534378,2.597335712721385,269.2921071850585,5.534021857042144,93.40348550823987,1505.1923280975425,2.490915532690955,125.46174591056162,0.45926343725034796,4.79448878056019,58.08380959468464,566.5201359753538,0.38530652555803524,18.36890885567882,8.0700449015616,48.948463858741974,0.16951788727536007,26.782097040276607,5.905570308154318,630.6684455355208,20.63709185341463,23.36944997355812,0.5082684753835297,28.06828299107584,2.8144380699703153,311.03108107172096,5.833783635115848,20.015472931081085,43.507312615475286,1969.5200244588189,5.914557453212482,16.624982522077985,44.07807413146819,35.86203505165866,100.06279056500927,57.823647693120726,1702.6706058216164,54,1,PCOS
1396.9290696325943,-19.55742583287806,92.20808210894529,69.05004903289993,77.42418157729085,111.96608653261897,111.69748743296992,97.78793234713211,85.58159149427864,142.03412536188858,86.57825530768315,103.5533795170213,39.02363860305138,9.309302459092994,18.266257692181522,129.13964090601053,322.8311660474801,178.07309477526002,1.1841634713502018,60.95958277541739,34.11090603134606,70.38186254224408,66.04315462659426,51.63639669473129,0.1623412427338172,1.0009435245562301,13.29920526158234,16.8935930126536,0.5835969270178017,40.58595330931688,2528.8906975590353,38.074720608527564,0.5064138915759361,31.637844111265192,477.89439725689533,1.5273268793348447,2.877285927620087,318.12986848176,6.068386599210044,108.50395160293752,2160.9119741116683,2.562598818724992,204.20979238671956,0.6235574289068512,5.222889684240543,77.10991106070938,1129.6765740570875,0.5097445535625238,21.554087780155044,7.58744790361496,52.17112068685353,0.15515556956035964,30.07592166223137,8.693410523585563,651.1350261647113,25.796594664886054,27.663418242635682,0.3584516654023085,34.99059905093891,4.858583529094741,331.8803519781737,4.766762325074662,25.777537332728418,54.051050880307926,2554.1264484506137,4.82999119532941,21.981465548682166,52.93262671525186,29.303569326969367,100.08421961360541,41.14859995174283,2229.304483149444,54,2,PCOS
7152.221700310336,91.49464018394812,98.98802934250205,84.3192669431594,151.35974532664721,200.53693686023874,135.80495458718676,119.93321808794495,70.69936567490933,206.28009295346465,90.52538764810436,117.78464569315942,46.11590892752787,7.429180015941149,26.530927661074927,141.80564476379345,365.6923398043897,213.66129091917986,4.445856169818491,427.75597446042434,60.62672718441165,116.09815137749166,47.32196841987419,54.49721274324532,0.1598430843709548,0.9914218969154892,34.894198891614224,3.372483805140506,0.8492399020947139,719.7884315679944,3144.4300444883293,29.173493275018142,0.9349027186634218,32.90890931419433,571.9559182658409,2.4292577958084554,2.8712007528508368,361.379101164046,5.643634555973342,134.70248744999742,2162.0237552704803,2.9067960108343787,258.976011129772,0.7086383145718324,5.156569665134813,116.1782252112454,1342.3627233785733,0.6090546332655886,19.82231197595438,7.182025096639853,30.90693093606916,0.08054350744730758,28.838774506818808,1.5574803796790402,773.7648657870694,25.20008020996405,5.387290719845161,0.3344756869377725,33.319752062589146,-0.825401051740644,162.51970546646157,4.77460496331709,24.10404344691176,55.57397433376492,2417.346186839297,4.8521090838848,24.525444037335166,57.78839323700048,48.463065208646384,100.44822662656642,70.87861759361873,2466.0080546293816,54,3,PCOS
291.4150971505418,0.44799443491621393,98.15588852366848,119.3529405410431,117.40504950981219,48.47393877060401,117.58118758953107,93.07825058445803,113.76732611313457,74.42755306899542,91.63336222239856,153.65717871116064,38.106245470714796,17.51330874415634,5.39615806542761,217.91385562490794,329.5311670546865,196.89829422543693,0.09368125434982222,8.304501353033897,79.21079774564326,92.98593477928141,74.57479300979587,47.05512411159192,0.1430173081066388,1.0,9.405068124134967,-1.612080810344322,0.18744033422623202,-24.554305190200846,2705.3634909119846,34.52940421820256,0.9487023251405067,41.71927904517078,409.625662719015,2.0891625316952203,3.152367087833625,243.962805353911,6.494370611828963,76.05164697069621,1549.5757695545196,2.4570711551867563,83.73068811735045,0.3636320140183531,5.128432303122725,28.6273975751545,378.2796843587947,0.27217262665339215,17.470909701607614,4.458277357107841,45.68069669592106,0.18253245326600945,28.087727628829818,4.924174721381824,679.4463521652285,15.879817655466196,21.527944007530508,0.4535134533645276,25.77230322524603,2.3711593127248882,325.590750875549,4.606506689201045,30.705897288904303,57.89943495019367,3090.9496424562903,4.6216455866618595,24.25360465028645,56.32397815259198,18.271569138934247,99.99669234676536,28.459708835448694,2399.422358710026,55,1,PCOS
2377.705678688659,10.996349464495498,116.72068086528076,107.18415201235968,136.61248259018979,115.31970941984471,152.19188544940113,109.85940169769165,131.5229652595204,126.64088686208565,89.3308508001871,134.9317943694121,29.519297543923955,11.18177212930081,6.495127746323844,171.76676247475038,423.966627830113,249.96139604942022,1.2316462776391162,48.116954892905156,108.68618008099088,81.48342929916137,87.89177263047728,60.29581255603793,0.13727917601566778,0.9825861609200028,14.542971135834549,17.142547661375065,-0.008380714040904735,17.549795551124788,2928.060350987911,28.785226987619712,0.6824947076164742,37.81728359839906,422.07801522466127,2.265596387256326,2.907314073864766,332.56710655308524,6.324347579875913,79.51824869692541,2280.823988276218,2.828447491304578,175.43239343033812,0.5791018332143765,5.34334056241324,65.00156001365843,952.183280663802,0.4415066327827109,20.437273332623942,7.01599447026287,32.53310161856204,0.12416573146052709,32.01418116856717,5.986532916934378,496.63158902960373,17.993037720074987,3.8401282788520135,0.3851126230040473,29.719674763417334,-1.3104685878508664,219.34120940925348,3.9542255798176322,34.3793769191487,60.92195869198206,3489.8362656853224,4.1329486309736865,30.71519612725698,59.85239258359037,36.29363795785875,100.12847544597284,47.9577290529632,3101.391561272886,55,2,PCOS
8518.216355780158,105.34977753162147,124.43245760151744,116.54193725743664,210.64427866732913,179.933188896947,178.3645604607728,122.57833108476179,109.355583303549,150.49596588133429,85.93473344641586,116.20811214566223,38.45966832381817,11.83943391343226,21.338389573164203,158.55026000106392,451.04865319048685,272.4062481133161,5.305206724303044,532.5786703754628,103.62466095923138,144.6976237129678,72.26264763372957,72.26332910682544,0.15850386802915598,1.151143155661961,35.0525168111217,11.104846636475495,0.041990867035347046,853.6570528613944,3015.350383003373,41.54404707689126,1.0562664507109272,35.92529153157017,611.7372359452422,2.777060319115714,2.827937929422906,362.4863119285108,5.410945689722361,138.7706186166283,1999.7387953687698,2.780264513673632,250.90776943854004,0.6970731292479825,4.834755628399493,124.22929713641504,1139.7948420008834,0.5731190692513648,14.815973061413905,4.68996453433409,108.13479445451627,0.2997745513497662,20.49884783072102,16.945051719228072,1519.420479601914,10.511266779701286,76.69498155749918,0.8555688527892795,16.74445199518825,12.12707567488286,1038.5831660764843,4.019910155521167,32.788767834291285,70.91663466536319,3298.484670903778,3.7106758274150806,35.20170650891425,72.17211461099606,71.74841510829646,100.52400251163306,97.77239431516006,3548.098328518382,55,3,PCOS
348.5464590668057,0.4017764185022484,78.77832501042577,67.97615507182024,84.99316048709018,99.69329168994474,85.65680581094408,85.38249098411029,96.46985995583216,79.4549088187226,81.40048878628374,128.33280909774942,29.94935418450584,13.685813836961362,12.4020625394432,212.33138843529633,253.5024569762182,177.04010331662784,2.4364783948307975,4.137731482489288,33.268409290274555,78.66547522036072,70.38443415170603,29.91167742317328,0.12226776675085434,1.0,10.516071544806115,8.12559079894597,0.4516003698487754,42.55902578874154,2204.1092676770595,38.6470071668456,0.5100926115031361,28.73369507923333,633.2478275249102,1.9099035147430963,2.6926117828289295,296.8248252241474,5.291332872381727,109.3242303412684,1630.081307148476,2.339360530956401,147.8028148528519,0.49230782986549565,4.669625412099449,65.39992578589542,681.9709634363962,0.4324655427339937,30.36849930498028,11.718166023592685,30.235344791084152,0.08445688083960443,39.37702583559634,3.601539158020235,336.5160320798075,33.7665393908122,10.624849607571555,0.31113457566594593,42.60883089011871,1.112706117659132,136.67913970510722,5.321072752871096,23.014155530967493,51.40453077353426,2320.178896198243,5.387055455516569,18.58821716076712,50.63843783712141,37.01457682714585,99.89545628679467,54.48778635447986,1902.4621511574367,56,1,PCOS
315.13504709340305,-0.3337666816078695,86.28646679226307,69.32373166368964,57.61877873446882,105.69794139426557,101.3099157759429,89.5804469646689,96.99068966344318,96.20268117917567,86.24461446178442,122.36763394773999,39.10281919953636,9.919639936164007,14.911374088921413,155.5256583817824,355.96891001017207,174.03218081876275,0.8380207344512272,31.459430498048768,51.39917012586563,82.70623072309427,69.76694159151896,43.316033344514935,0.11932554279139071,1.037018081682771,9.606623827872546,6.9218894814593455,0.35018558266311955,43.582422353816206,2272.91068809793,54.87032990833088,0.5296541739656864,29.086058159110483,559.0533515075499,2.1024180960658576,2.758592050732589,355.41262847940703,5.701464468392764,127.10696917858189,2140.9396535277833,2.661749638669146,212.26469893235162,0.5643535073685018,4.9863732626911155,95.6888696582125,1059.2318983170667,0.4772024847243912,23.22714680965688,8.783381092239079,-3.7388994830069677,-0.011109013897763087,33.2391924414908,-8.720086124378568,391.0258304496741,24.949181329309674,0.19288281461417967,0.39016426177634417,34.67638926075047,-0.5851267982261343,12.105018746993778,5.127862223688514,27.928106265287493,59.74013082750406,2840.4401131949658,5.044522278640692,23.934951053577745,58.695669812886614,38.11967333687657,99.916486475397,57.10458130402537,2462.2804977594933,56,2,PCOS
9427.0004260596,158.61139136658667,81.39756014087259,70.85503730962415,124.21787853144096,191.7661625301526,111.7798760940067,93.09796497917308,73.9216668221012,120.58019204583314,88.51969750255194,122.06795653532134,37.47253161834144,7.194811975301369,22.84091141377766,150.15813071231085,401.162102298137,187.67893803499226,3.803322150018392,641.4428979933199,53.20075050261493,107.00590735193789,33.41491120269821,49.33422623772669,0.12986917428848702,1.1180454215927473,34.95225263945408,9.281598496883692,0.3029529222794369,646.6975254869653,2889.3576125876248,56.32536058970066,0.8159182818365912,27.922699907797444,719.8963192410324,3.389637660078438,2.76101015431775,351.0796953329133,5.406131182075074,132.42963882258275,2041.266379758165,2.6117220858388897,229.09370720236566,0.6459949088745518,5.070174260015145,86.31132240975234,1122.1953202161776,0.5398453273643973,21.31696685662433,8.18007027258683,38.89911982306463,0.11505364534156372,29.72650266306056,4.076274207107128,623.6877738446562,25.269363371970375,43.788815814088046,0.6324453231739825,31.07945701246302,7.2162211723951,448.98734656069763,5.0188496559831846,25.06544885016383,55.93278560073779,2505.353512993808,5.0757524852644265,26.60523785223023,59.104263796766524,53.20927180362795,100.24897640117204,83.4763133332597,2642.8530525213155,56,3,PCOS
6.606486810796952,0.8761033043419648,100.4139944650217,108.24613767758727,133.8071978276055,83.34858873415894,116.80817859016338,98.02656864326276,97.0178156833005,101.40299192918678,99.53439377094762,150.85424875575987,40.26931977081857,14.36022678492024,8.562923897924252,196.21482658190033,306.5067810140525,209.76721957423618,-0.417493056755496,4.9906579855878,51.76977492099439,129.19867066653615,68.67303922935774,46.204391220703,0.16510237803377106,1.0,8.37901154671586,20.168911702795697,0.4284457167334474,14.787834435112059,2202.475822955177,40.05208622479295,0.7294091327505664,38.56261879839835,424.43688022997173,1.8400174312808022,3.3889555653406904,248.92314871358244,7.131290665725772,65.27207285209056,1663.0297124895785,2.9229987303735134,72.36265955006314,0.28781486045225557,5.383094907154624,28.936432344133753,332.03596828854904,0.18811656295773516,30.834862343289913,8.860502347051915,23.53273150248497,0.09346805285043853,38.33535000934189,3.228459750404787,246.4074697353181,38.479648953312065,6.0311467732913595,0.20563490728781553,46.25635493070053,0.7415619086804022,48.44313664175948,5.727539247137063,24.821689176200508,53.806972768841746,2519.233545542805,5.92600779618064,19.15300919117301,50.148493200595624,9.796283530270216,99.52715182468621,17.916555510960848,1959.895106110764,57,1,PCOS
3846.009068196756,30.94331435184632,112.99816615944428,81.18791735731337,134.24501240774728,102.60313315784472,120.54468061833157,111.11090783609275,85.53367121539814,132.3348606094279,89.37991975646555,125.17165464105659,27.57659019551034,7.332068954566195,13.011654196472387,124.19817779023145,333.9194097767311,252.4051781885633,0.3594857289589958,9.491126571016,56.37242757519087,119.30151203893297,57.93724083139287,57.11755502160575,0.17392163814801082,1.1343203999906155,10.378629395631867,6.877527487755148,0.23926894701966342,31.813079723084147,2550.276743108976,22.936535890891626,0.7251460829211879,35.5975652696229,394.80802351776634,2.0285673756572815,3.035154184354067,401.28113233023964,5.710502444349093,146.77326813312797,2524.4787933696502,3.0360963275412853,250.5100861285974,0.6263926773275584,5.334279665835652,110.34968266495886,1366.1896958969367,0.5314752076829892,25.079592124012052,8.33110391728436,-20.85253721353731,-0.08839504198884604,34.95695263080533,-13.500580194070025,442.8276480198871,25.811093650612037,-1.2207308759119009,0.47147160996928367,34.751073616431995,-0.8227435495482065,22.757106935889112,4.796713368641755,27.460038331477122,58.6635157076931,2751.132192682145,4.815220801335959,24.915266783893966,58.391789478590475,41.01784483154678,99.89940155266461,54.19657194631281,2476.531966672289,57,2,PCOS
12535.715122237432,85.68526083588796,110.5030766356437,74.60637780086344,201.2491578960985,110.88238788587863,126.78925266828305,112.36316037590501,57.91426460801419,117.41084015238063,83.13493455169937,105.53691425689459,28.648760443608758,8.392754395201631,29.981680938874526,131.0703089856555,347.9681703237292,267.4624911353081,5.815278771326777,115.83869134059051,62.783406935487356,117.82170798639103,36.48341340306028,68.18380008176963,0.19161877542038477,1.2788256505168156,30.192588074920792,8.984917083360747,0.678795741880237,295.23490111157776,2929.4057707165052,54.939334838722594,0.8964538296962975,36.633576874635146,537.8378483002882,2.928747731781936,2.6927821787316986,385.5677230477569,5.211982708306184,153.28170278717747,2257.442538106851,2.585199743420886,327.0715005585065,0.865754888486584,4.897175704942232,138.6596668049904,1691.2809653322065,0.7496070484718613,20.062830802446904,7.294050942140846,105.88537900278388,0.2801476715641288,26.714983532790864,17.732994149439016,1369.0918711295749,22.294061590114968,62.91258933240678,0.4327433031976604,31.28286514395141,10.74241533161009,812.560252841615,4.125115952155308,24.954338155186917,65.8494246569611,2523.5667207779984,3.8639246011897805,28.922979544774886,67.72022046365232,76.30796910841944,99.15483885913005,101.3700693213785,2868.718079287108,57,3,PCOS
91.51104875932933,0.6480109547267545,93.49372296265807,65.50733726588784,121.47686887026346,99.31296341173591,100.16074720499637,98.30481310151167,99.94887029869922,142.10881140558334,83.1394182920815,150.66118813501194,50.774745838998825,15.52352965237056,11.426439456455665,188.7854201019052,304.9727973326822,180.09102355237724,-0.9851098053861433,0.18025707450525186,17.481133679750812,88.69742518440975,57.53284787152356,39.45753779098035,0.13603100101768173,1.0,5.848282279836947,10.648640929466914,0.5045813940611416,2.5470921906142046,1899.703972038907,28.16082923655279,0.6312400633204629,28.737916589798996,402.5696724442141,1.8071680791299363,3.1226418163809293,324.4339319576791,6.338530499277277,100.24757839743677,1921.1461291680457,2.7654151520963053,146.17962439291668,0.4490168371760785,5.187314052702807,61.767966548796764,677.4101354206638,0.35167733269222223,26.19447623632335,8.54499374752258,33.569411745439645,0.08706646505444929,34.43925442404625,3.6082398247433725,457.5909810480586,32.837402254701836,10.252263725852256,0.2983194421355255,41.62451569743578,0.8291728065426678,125.50791256137508,5.581319198273525,27.00929984589042,53.760514816750266,2718.5439519662123,5.648359002263208,19.935313902306977,50.98338068171336,-12.584161492305746,99.27216393531351,-12.784844100313016,1996.743974450594,58,1,PCOS
3244.7480622247585,26.68005559800411,109.94948481497951,68.49647715191622,139.79748011140475,172.8952253978432,141.0821609352144,116.45604910623476,108.55042142217701,192.88902413011766,92.45784654800416,143.84068045578064,37.499224423726645,10.339807244716336,20.591351767529986,149.32323849571668,407.903454270902,244.40134192244713,0.7745156275254549,35.36878812777538,28.40424516223718,92.66848480307068,64.40354610726031,58.500939675493505,0.13866716792827033,1.0490024153357183,7.941555453475894,10.59469831230003,0.2523671849424461,21.099853650693433,2055.5539883010124,31.562467128988416,0.7803292532510052,26.8156264071579,415.6035821610643,2.2318023447807236,3.116089802281332,451.5202681493084,5.948239893872514,171.50188408593726,2799.8019423424043,3.169725522825833,301.9039505573287,0.6664056153024328,5.490280947845326,131.5640818998267,1609.8544578572923,0.5500611382004637,23.02819313070369,7.025919102782818,-2.8604381787605675,-0.052531448212675275,33.96959109013682,-12.86905407049776,862.1008330608008,22.38720726062035,11.825763028647355,0.4414831210256479,32.38599777219539,2.0190715739468112,173.1953558865732,4.65635118721383,30.058082934167857,59.790828740594264,3049.686761978438,4.77230916187084,25.94604148344277,59.58392906654696,25.492310485154633,100.07186581265412,36.83404599788805,2603.217839153991,58,2,PCOS
8941.279531297965,113.7040346674676,98.79757805651093,65.68476793777836,228.32743589006242,181.84137911798118,150.9369529247987,126.59246455058813,66.79203047101797,199.60832636434165,84.66750560725893,137.2757531809647,33.1322231276636,10.060945076255933,31.237487984594416,165.85369062987067,390.3536940800497,252.6419030874939,4.3328538351633625,450.57043422585275,48.109254687066354,117.2701832232889,42.779111322626065,66.84656721084656,0.1738676728051061,1.3231548026736748,22.48830830167263,1.0747040220698931,0.7218604791794909,623.2290359673048,2415.0981226694153,53.05750998909487,0.8404858764744938,24.456742159347357,477.49012046748726,3.284311658011912,2.59324882497014,454.10967830664583,4.986701219172173,186.69299642451642,2460.3191733448853,2.455261701070619,332.1041361155543,0.7266280539528094,4.7252726738257325,140.98037849787158,1680.5379715294928,0.6575177263496043,21.04605805820339,7.956487163325839,20.208307701363125,0.030277692473232448,31.91468364050771,-1.9721304780248126,771.7961970647088,23.855234188545243,-3.3440929456348982,0.17271506698542644,36.17977826043091,-1.4164548428256207,-27.225767500069423,4.636111604728264,24.288886878378097,55.860533935179234,2406.1213361662926,4.59866180283282,27.7544349942364,59.58714724821885,52.436636731029736,99.6695291217594,74.61638045982617,2783.107990586876,58,3,PCOS
34.81654966692619,-0.03242854384981403,105.46114027035584,114.82112264133329,102.05943900836711,108.56569802910799,113.90108478023296,113.48196729171949,101.60012023390694,181.76601528991696,100.79379092627431,126.43158422403883,49.90244312078805,14.019745552905288,14.77585366544582,202.98041234353917,352.1905332979408,196.6340620043222,-2.0658521863736556,-6.409327181292557,58.11935754899464,90.7146606004834,56.737229270754334,39.297745179917456,0.09896808132250881,1.0,4.919769817024298,-1.5688540924180074,0.5252466038570578,33.495598795694896,2853.1671064477455,25.433413896326226,1.0608354815138605,31.467765059315806,638.477394949728,1.999344980337161,3.3372265361121407,235.88074592909382,7.375861460051269,50.99331954526215,1795.946442236223,3.0884809016869497,99.56337028400108,0.43484522122742286,5.860576241886013,35.89425828078808,572.7432566040285,0.287806948111775,31.416591483973455,9.683107603345311,-12.837177926542381,-0.014395150135899593,39.404758861140174,-1.8723521819156899,15.227826718633139,38.61383988005668,-7.747240018579925,0.2360999979875984,47.473353857175795,-1.0174761515107007,-94.1793297912059,5.8105587514651384,31.203630849510866,51.83110543890675,3101.3076002167504,6.336637993636511,24.58972180354121,54.071154640188304,15.36381100140554,100.07319553010396,17.05037102752651,2439.0803735653167,59,1,PCOS
3097.7980406467077,60.819713063957124,112.71488693964292,99.88259819614657,141.7030462577786,85.30226004638368,136.02442971700353,136.0419528931356,105.01715668047518,207.51344620813092,100.39966756466063,117.93261380181598,34.312349754494896,9.179547454702915,16.29289903651688,160.70537616944767,409.4244919972213,244.25382984311975,0.01825581220034722,87.92081523323411,83.8506861073712,71.83004745986004,46.28455483922105,47.94234382353994,0.11294379141282798,1.096441219135974,8.278845710199114,19.87650470670346,0.18019109802038097,41.523883365552734,2965.83241677737,12.769070528265804,0.713463980860895,31.144371883510043,526.5159534173454,1.9963023378286975,3.3806835157462585,344.29777518363744,6.521326034825096,123.97428831713246,2491.101256200785,3.2078188554893217,266.41237767835025,0.7991952451368216,6.108758197020608,90.80345100638998,1524.2169668054537,0.6375437217751581,18.606771593078943,4.84802011584377,-9.147494478190076,-0.03026299831635687,30.692110874685504,-11.37770443444559,680.5420700896844,19.266924601451617,16.546995407625964,0.5552377733349175,28.96287883024528,2.984771122229025,260.82856531024606,4.161986790718488,33.512592763857086,62.574226995239925,3333.156532253823,4.293064714892802,31.22387277376237,65.05024553902341,38.61670118600347,100.69292470797886,48.2353501296957,3209.362273254251,59,2,PCOS
13603.426054382144,71.5720938802358,128.59393824105172,95.46099165802865,223.17593578742452,112.6123461725255,151.16319025202057,137.87594289431865,61.96916469221387,279.45914206082625,85.82384641023057,102.6121989844997,29.899356923780353,10.979274468057893,39.56646305396619,162.77872391381484,347.43456338068364,274.7894958557383,2.2671040072273745,538.5370377187046,80.41362853008425,81.86271442143604,66.32158379876904,50.84609138795305,0.14773356682677014,1.363070654209419,37.16106311339879,-4.069259435001678,0.5509282615772797,716.1143115826782,3002.4579129328895,18.633915729698863,-0.19337791396873139,29.11268315728867,536.0462846351311,1.8766762613229182,2.082988334605284,415.42019915401215,4.9256587262767555,148.93148195297294,2311.3955485865113,2.2233307803198943,337.0049751697073,0.8268522135898559,4.561598465672123,140.99314101353986,1822.0022149866502,0.7764294921608211,14.388312753728172,7.059812499989052,71.39748522102076,0.16851734787025907,25.521242474095924,8.353246060434548,1483.7306191988046,16.424487430326757,23.8036093311562,0.3263768940054311,27.32126012490955,2.1255883391091923,571.8108524451098,2.304728511083595,32.27164929772931,74.46498307010965,3233.1597662688864,2.314451681186573,35.41692678461962,75.54874440089006,54.63713626013343,99.95606843689625,66.35988783678397,3532.25406471727,59,3,PCOS
-81.37292586709145,0.2254569089690585,112.58043395484884,113.01452304056406,156.27148562006087,68.205552366082,133.6460685826416,104.7581364995224,127.3245073773966,85.3806951741998,95.43838021446881,170.9143192426548,48.04986397944649,16.809210333741238,4.91454893001363,234.9297984612502,323.51615018378897,218.97925207672174,3.627561557222588,3.5589104546573607,45.52336573741152,98.01208451263348,90.84913170201591,38.04865881310039,0.12445579347222853,1.0,10.037065911659475,11.543359916383702,0.7680791615656758,11.678202862597571,2453.7672927945823,37.34561183596882,0.8038511748958834,44.507415477726596,445.22228844973387,2.079747057985169,3.144600303889783,257.2598465594919,6.929633904070027,65.97481456826881,1823.940511105255,2.5145065194071554,63.99777744282913,0.25133266871476023,5.007506166199211,22.18876479083983,335.069165414071,0.16806080129083165,20.168887761473897,5.717525884693448,44.18701579861966,0.17782070898706176,29.036522221956666,5.647618545417348,611.5676748598457,24.638585994020186,14.379681518122457,0.3050493037531289,33.3080609420348,1.8473856624085174,204.81789946612815,5.024974445512342,24.699955863828603,58.08098946461393,2545.800500395221,4.917939753317075,22.8842334569551,54.8556945693129,52.47510841377476,99.01891948160586,77.13540411021026,2281.1143596513393,60,1,PCOS
2130.958359046276,42.37439145453297,118.0468531406115,87.62763440147796,130.43643838645713,133.50894835615867,141.4759335078931,97.34438059477787,121.29987080820808,152.88518594808434,78.33442503228966,134.0490221100583,37.19453678353451,8.014049775095188,9.905578839754448,199.1306394691525,371.14532385740836,256.9269219672745,0.8668830367024356,1.8572150128801397,60.14347283444625,102.3254224509689,92.07671771852029,60.080517266845426,0.16121363450482037,1.3716018874955545,10.001017282237102,-2.362726305969286,0.44172500405505855,33.55349222573687,2504.728578731759,37.73280043661847,0.7184695255831655,42.52664175816202,417.9775375832133,2.2250120023534086,2.683416955191447,460.1505078108605,5.212597824706402,171.29661008294258,2773.4339730310467,2.756923725956324,311.90665774140984,0.6801402518272306,4.955279738367287,139.7575560007571,1687.141004352916,0.621480600073455,22.770033534932356,8.801656730758811,43.45061099667053,0.08616097245412359,32.82396205842089,1.8287185448404957,1003.3005724656631,23.55229450810354,13.766298244210653,0.36063796191874287,33.0263358198233,0.41702621790547134,298.0440672332314,3.990062933596795,29.712155027095353,66.09554725414672,2994.6657794157586,3.9497809805924025,28.440819810005262,65.9587151149175,56.376829227939986,99.55738212543744,74.22593376897903,2819.3647008459097,60,2,PCOS
10461.479163085913,116.19974249944224,113.7458395051551,87.04444890714387,187.43479057159607,140.41073790656972,145.40108823048473,99.23125414221644,106.81563016860414,126.29032261316976,81.48356977696298,99.3517698190034,49.10973964884903,8.92837531872209,18.766523865246324,166.18491502507484,418.7399400255169,268.75951311606826,5.388571757604159,339.8317301451509,39.57508183771432,123.34391899100834,48.47900634352426,70.29305663602813,0.16244997981589546,1.4280470476972342,31.549064120903807,21.91001092164609,0.5890751881570214,458.65860508530045,3171.5818562514714,58.90461546827997,1.0634707455664092,42.2999706823762,579.4634822751526,2.9490799379040005,3.0332336439863683,363.9904932392596,5.931857831905689,129.09766418808718,2314.8786412990326,2.8067271284284727,259.07308579149384,0.7021860020334574,5.198070512254477,111.57539191000185,1319.8255542031513,0.5657832885192324,19.602678358767637,6.05668980515439,109.12987208519878,0.3064659533023505,26.139064462908323,19.37053532328317,1222.8549358939172,19.381021421042394,76.81464744736564,0.5767082354081524,28.101374595594308,13.918032568885025,914.617425747884,3.8772844975929552,27.469922445135396,68.07108497504447,2753.1525817671586,3.585136231268236,29.901251033859793,69.00177504272364,108.65785421639097,99.34520639451812,142.3596072842691,2982.233671226813,60,3,PCOS
278.5879890680293,0.46318182513970696,77.91804004318757,78.75176348015682,90.47212105076473,31.197878855141482,70.14770984414115,88.93418948157957,49.17955322333261,65.84414364307499,76.38310381430902,124.04380964289702,63.22546992570602,12.547118002165593,4.946369900297797,160.309688651878,276.0821380720174,123.04460586137307,1.2407740499215323,6.957963192546021,36.20978001924845,65.85070605928979,95.3169334805472,28.52116076329621,0.10366598785378395,1.0,9.229033022801556,-13.871070357422887,0.46883222808329,44.88640666145387,3044.8337811109614,39.11154571066576,0.608436459521713,29.643202675285032,653.0884862360249,2.1477095054964193,2.4301899841683587,274.1777531753743,5.365853889887439,93.79623853160906,1615.1760659250863,2.192817136635466,145.3018222363377,0.5412880134844756,4.563856266175527,61.46651955290656,756.9821486388611,0.47638441715510055,25.56097486224821,10.297462215914138,31.889418120176614,0.12206773582073131,34.90961428816576,3.77905521118818,472.5674854469713,27.91659442644268,12.667324021815,0.3469585089636793,37.884200188010006,1.399938686921102,196.51027248450384,3.896204075751234,26.67183501689346,63.850926321032965,2685.6318521618555,4.183295548114436,22.548218541789453,65.7978306743302,28.869909790746224,100.14810325770559,35.31184828918492,2245.376451402478,61,1,PCOS
3421.822594493692,106.83471136750322,105.25643233401779,92.69305196856422,120.7451262696672,108.54962420249466,118.1291925189641,107.68892378999259,71.69507822325687,133.5921314321381,84.3382794719482,131.81611387283277,60.07086050915545,8.645777448813178,10.428466398930404,157.29628084470897,424.0358947986457,218.36856800321345,0.45568394623904296,23.6745537614699,65.20616640503843,93.45839069163719,93.17430788142819,62.24943859484866,0.14196581449263132,1.327113197753953,10.680729576771116,-5.318049852850642,0.4027822396221034,65.81007190343036,2927.258971207004,41.584842552062256,0.5979329807134265,33.296066077318244,600.9595336041801,2.43255452188926,2.476860653173612,390.8521587668415,4.842641783681785,167.79995569595133,2226.1890481872847,2.4046387916758016,336.8777230428124,0.8713604730913048,4.564767397629959,155.16495787244028,1665.0786164369126,0.7676762992379345,19.359040578520684,7.815193278819576,73.10288199224479,0.2040707805159124,29.26018569154968,9.649264827985128,1105.6429599304843,18.281663913687094,39.11598103846923,0.5888142493534338,27.45567622914917,4.804814724249227,608.3118281393695,3.564946445784757,33.65196161859057,73.51927216285979,3411.6631830638785,3.4826880022042848,30.73974198613075,71.42212052375605,29.579804351935557,99.79896185017066,41.508619603599485,3094.8427502680665,61,2,PCOS
12148.265514940022,197.53238405944268,114.57451258178835,104.35213303742471,169.5561474654128,126.75693739813408,120.2255309806968,117.46268786623993,67.49849167869166,141.94698674028456,84.21538252934388,111.05089249801176,74.24282586102827,10.75523693944072,14.214990823521529,156.15447705620412,488.626554073346,216.92310783586186,3.8754908476020447,565.1340074629619,56.17464852985398,137.5501948093506,74.99891357740819,80.46901064178216,0.1600640170252319,1.4411631671832603,34.41561233233751,14.187263067034383,0.18040186812236486,645.7376430159113,3515.24279167857,50.96209974815985,0.7448851015050567,30.916154665269243,753.7619014648133,2.9813980909964406,2.492826737826328,351.7121700058142,5.212615645504721,131.40382888309063,2089.496985657498,2.4193464994528746,255.84281039981386,0.7267789506995117,4.623384068121656,120.27870056333278,1273.951821277564,0.6230911184750809,21.356100219832378,8.42176387671627,35.358253582050416,0.11840496683964208,32.05024213651377,2.107200576610353,719.8615933856337,23.057905284989243,16.89968046161388,0.41945317711847363,33.25800998253701,1.358493728812313,369.9790589268025,3.415293191702766,37.31969688632314,70.19034732964627,3693.1434277454473,3.379716613943282,37.42247119932979,72.58778123588209,43.90583024990481,99.56640545403944,52.20437036798953,3697.496046024721,61,3,PCOS
151.8793690661632,0.13989845192082911,89.13381091184235,79.35025473066136,98.57064431905442,92.14575301667696,62.2278129640411,83.98632283451182,60.21143984159594,130.52116827717026,74.19703050606014,120.89518050469239,38.40181761234166,14.280252510319986,7.376898288414998,170.01762926807763,243.4330453066505,138.34561888884755,0.6161055957539789,2.2367757516328353,13.81728891542111,91.62715706357645,83.65880944840488,29.03260270068948,0.12273940906694072,1.0,14.076577714809844,21.143299133974974,0.3757207947307625,35.08253869683212,2781.674566214136,30.0252523185481,0.828137994699873,32.31064007157188,517.844748223046,2.0063329085556334,3.0981795760683415,291.2408739547228,6.644005288909602,81.98497115151274,1988.835844781027,2.8640506612841703,117.8820762658445,0.39103303869876094,5.432857390377014,45.28592072832287,656.8152514979085,0.3246915737424769,19.019641722539536,6.132398079273878,59.66491761570536,0.20775252453179502,25.677228584187777,8.222551227697036,749.0650092987515,23.928474479317682,22.72122787966961,0.3693348355541544,31.70969932476178,2.94965451770629,304.4680548072811,4.807045053824744,19.497252331202123,52.32049086430611,1975.358941148401,4.810693047282453,17.33417589647513,52.17480868054585,24.84062837110242,100.13725556878745,35.36062677061187,1776.3972259914663,62,1,PCOS
1042.4699180224115,57.24471470715621,90.06573052341449,71.88115907923884,76.29308419778644,109.20331786426922,61.986361390818196,84.56534323434586,53.24481887002036,151.83857886840417,72.17023575154242,102.87004365533838,44.59613672582533,9.1168362263886,9.606641275044835,167.76118648178414,280.4943090960288,156.50017327123055,1.0997393130666964,-0.24320514206717547,14.565791828382189,121.37870668306195,76.65409416793777,43.56988562858005,0.15589762451332065,1.257333794853845,13.568192110834584,-5.320080976885276,0.5062075598355354,56.56263847182228,2611.9448909590583,52.87970625117892,0.734122386204656,37.501416918660276,511.2739900155525,2.368517186283567,3.0896614115420364,402.4061168797614,6.090156410088607,138.1494269132511,2737.2008433645415,2.953100411869229,290.87514446082105,0.690684449069129,5.497515120729518,118.90167016554345,1673.589925180488,0.6120434674369145,21.726113082593837,6.984545836207955,36.16921299363158,0.07662677233920381,31.64905915702374,1.769740623688187,698.9796692490843,25.404366534822895,12.541224697796512,0.3155730279362823,34.718956283836775,0.9045884279291063,190.6741576520761,4.553139994491149,23.5785287546966,60.17285300638254,2340.0542284722865,4.384811195326347,21.28541774470411,58.84101183484133,34.57974888227058,99.47351979203425,48.59605230103666,2082.8187466771296,62,2,PCOS
7752.8791245514385,152.3059087290262,104.47467311902125,84.39816033398006,188.9088177783441,146.79449315946437,63.30381736824174,98.45644954272271,50.96497912781143,175.2792485490653,84.34329531522225,100.23309580214381,50.14301565003841,7.1513626709978695,15.629543306107315,152.64766442989793,430.1806910700403,178.20206658729788,5.27531602284784,440.0085844377012,20.129061262885685,179.0300906242104,43.79483247026915,68.19919857542574,0.15893217576179114,1.2755444515728207,45.825140818753184,10.301955128757601,0.5283966446530279,368.2763522249,4221.290695865882,51.59813918218291,1.0968494449731012,40.44964711240891,685.463739606684,3.9176112285091893,3.285872762904421,414.0976454854971,6.222525787751687,144.14965120811715,2854.072203322107,3.0618212502392477,352.07316493509836,0.8513869206319893,5.651405579204677,135.2885756233618,2074.4750977517024,0.7287557690726899,20.70814044951331,6.379019939549714,55.49716934386733,0.13628283519559523,29.9834005903368,6.443822416771244,984.0911057318604,24.386369116215004,16.194142856963936,0.2956061251293003,35.13863392858862,1.3479438133047807,314.6386911730517,4.750984955104959,28.11058117528365,57.487234531925246,2796.1236803727124,4.769053384974921,28.435781105327482,59.7492760788145,63.603093518902284,99.35584715545876,87.8872965588452,2841.6602088492928,62,3,PCOS
332.73052406508464,0.9872955892687867,79.11459153229164,78.96953862134511,116.01194169603293,113.42696087311134,96.9027251727357,90.925170944179,37.79947542126115,60.625123622414534,91.1555289383048,149.20992447876216,54.22105368021731,13.586993352669452,15.662815405783038,139.1651096311678,233.10028399257314,157.24931231395325,1.5717116209580215,19.821587959759455,53.34697631602147,69.04082004604182,81.14981528086972,42.850203019655595,0.19870558104612213,1.0,9.329208687037559,12.149730523481956,0.5237597493660536,0.540803002048051,3073.948052402109,30.37112147107257,0.5929489409272313,37.21455668645374,405.4357021609834,2.0331583293061395,2.5818339331204014,265.6697445638736,5.504375957939372,89.97003288518705,1534.194599472853,2.13565741461479,90.95038710235423,0.3410228778782005,4.248899244018196,44.52134340231031,421.4645740437561,0.29911889047683804,27.185176637926865,10.71907487114021,12.144624440712398,0.036248509142620775,35.78720459912824,1.6186130120145834,183.59626943798264,35.13936778175656,3.3269726544574976,0.27028811176532574,43.46371181063586,0.4755808426606647,63.77308119512776,4.81408042538896,19.493716310746645,50.89512456864067,1976.029914476273,4.862754342849853,16.00424178827093,48.90957700129227,22.070192854248333,99.26242395925281,37.82246333721655,1588.8053943813206,63,1,PCOS
2428.7241144361737,69.37216366514787,114.23450758347299,85.01086918209643,127.55414376870331,159.80272069287156,119.90433086298928,99.63442467336701,57.00818730243612,90.04392445900872,91.98749509871779,132.7352511365044,50.39417353277436,8.448385898121265,20.258533625351507,129.38228784627253,359.2933313005545,217.30912731526413,0.4263711543322959,-26.408094770658963,44.60293327843316,93.77792067794799,77.76918329378113,80.16197188019773,0.22890554570638905,1.2716070869191842,12.22668428001997,-12.413467373833754,0.5891140474722112,33.959072010541945,2998.239068348448,28.673783670627355,0.5527704987530988,34.272693805224996,400.0648762935886,1.9648159555002656,2.505934024297803,375.96471630296827,4.642265786262399,164.5718062844484,2002.4207157837732,2.1906755192111933,221.94114061991058,0.5791505127211163,4.244908793231556,107.99305784940692,995.2762130906299,0.5140537247159099,24.429246778817124,9.429071456902175,128.20923470367725,0.3575877128470929,28.38402314353052,30.225697196172835,1105.7840407358717,25.73059766606066,65.34067319336278,0.5186843019021448,31.991818488108446,11.16978324785983,814.0340740546937,3.6820811678312158,26.93604700829237,64.05393928784673,2731.3043013868405,3.7582214131363063,24.561719097964236,61.79338991225176,26.960924875495486,99.79900159144975,38.833755835348015,2390.184531978792,63,2,PCOS
10716.477470248941,166.22284706835282,125.55852880574855,109.2276032711793,215.51423968744734,201.29432016352746,135.11841945088406,130.55592425907813,57.4607191487623,82.20373350145285,95.95193129605113,126.35877846071928,71.80192109690333,8.805104839901404,31.999248317174512,130.4015295078967,409.07863933281374,244.76528826334192,4.795727616875411,65.60307068279792,60.80215178398265,136.37994705451922,41.97592143104094,92.20129970087338,0.2276915402422132,1.2703937017340028,21.73665859923022,16.411234465254633,0.737317200125666,110.87282906247412,3670.021281385438,43.510832111788545,1.025363090526305,35.59048348632074,519.4285072635629,2.46296575696376,2.925986180903599,342.29183020133655,5.455145311213202,140.51661411254233,1961.7264640956864,2.7690321928614496,261.4844093704774,0.7658263043712824,4.80019681773528,136.3279048887611,1177.3775563262461,0.6261650632353701,22.674732034086404,7.362049811534367,53.659152906835075,0.16441620346546051,30.07928156622512,8.006918940847104,648.1425135854277,23.963722899590177,44.42325772400556,0.5776271077006748,33.80903263572178,7.460849916059897,573.984587629873,4.1344007992984935,25.99773549795327,63.095932222399504,2587.6779253847862,3.9517210418919166,27.709647049537917,66.81415578030068,62.11490235994151,98.76152098190914,75.64372805890866,2718.9679910916575,63,3,PCOS
16.983896542340744,0.8610237329076662,99.60703102844039,84.59139677808228,117.9101867225102,42.46636946926114,135.98331691098602,97.84017682339419,115.40461443736038,97.95523797358821,88.8695226782103,162.1158494367985,57.460376931939216,15.902668262111268,7.158744845185773,195.48903499906268,383.99961910400134,173.1475693724775,0.20111844694034398,14.117426224215176,51.694734564528865,95.21218058862614,73.30987277691727,52.06380000013138,0.15232991616384586,1.0,9.98009044644533,-8.511372865300569,0.5557754586126786,1.9795791620446366,2565.9801720399005,38.80731850853587,0.6797072422470439,29.704864397221186,440.7383753168032,1.9242233813284575,3.193451807500919,314.84745919138754,6.115467055937657,107.8807549961945,1883.3132857404307,2.4452461254789073,129.88181376998082,0.4061736232346146,4.95036903698402,53.503643055944494,578.4322674177538,0.32723946087438166,29.36849008342593,9.507435477570544,60.23567347743722,0.18423636257952644,38.076203955773494,7.3929129446571915,737.2204071034016,37.97171860002124,18.003979371425935,0.12288650771212756,46.884420235794565,1.9038424884096856,238.08743083627812,4.49868299232797,35.05545738345874,63.925280026276795,3528.9798602682235,4.663521641552643,25.88691182056189,57.791463116587906,2.384309939776678,99.3741122482268,3.8755749142687606,2547.8663744182386,64,1,PCOS
3300.7925111874747,38.6705655363147,127.98328585437801,84.87989880976234,133.69914712331558,113.42534086343365,172.3105550747324,118.70018038668192,148.3970803447686,173.33530275979047,100.01622081256836,152.84805137946356,42.85025049191156,10.053343268930472,11.191235681504743,163.61361595538807,474.60436437708086,285.97926792838786,0.9701717890587686,15.139682366806422,59.92808509409081,106.86672400643933,85.98530054765733,72.53213128496084,0.15049385838229928,1.0683225887082048,12.281702475819193,13.237909771825295,0.27773303854666276,36.07863770905106,2643.952940497395,46.234307985118264,0.5275480209478125,31.420357192624923,484.23448685548846,2.139132460709849,3.004782381337301,403.52469793766414,5.958259680215754,142.6721952272375,2549.2451387331,2.9958017772095484,261.2018557638885,0.6535944575734358,5.219752068534845,117.1589406857492,1268.0934721981225,0.4954846346933358,20.614331958026455,6.610490928887012,82.0436853688297,0.20757031237140428,29.692615922529257,13.668401740272518,1162.9846682404584,15.902862963053554,48.98156320901619,0.661443350529185,24.832176248963087,6.729935543741032,748.6185672586414,3.391989307971098,36.06869596585288,72.17920748764172,3676.5528920852767,3.450436644612264,32.88397390261709,71.55121884631112,30.30912143063341,100.18800381205529,39.54064036833873,3273.2195155025265,64,2,PCOS
8045.101272510459,93.53816616411837,129.8204174714949,85.08580281049795,229.2466603250606,106.06336960258814,200.61957946616945,127.933997968011,104.56698418184344,112.95320061927288,90.50121580744302,135.22654801810108,44.70615269522999,11.376702121854386,9.847053043230435,179.0797644425698,474.38637496199425,263.3296640967999,5.174911566026027,326.066261081355,70.92395867709793,179.8710559453324,45.66250102212376,87.83409487373939,0.19148142396523765,1.3975190692159873,39.49696390390306,10.350910437383721,0.1933293338169509,1048.1991497521524,2890.8532703290275,47.98429333125764,0.7589679707192619,23.60113456488543,608.9480830911295,2.953694678056595,2.720818003897553,394.10281463170014,5.142847340217484,158.78284045215833,2100.1110992990607,2.7183115910200497,279.24503264835585,0.7010705001834576,4.6529357510223015,141.20349955442362,1288.3631223998739,0.6087291540661799,23.268898519242924,8.617532215013092,11.876724621752537,0.03038849873794172,33.3944747759121,-0.5686581219303513,593.1413730459699,23.79789906699701,4.115147009274594,0.44787447409079884,33.149225257705254,1.4982265551941634,34.00172793848651,4.029296717340152,28.333951192616105,64.38313161634863,2816.2759706936263,3.9219150277734807,32.18655487555695,68.56531888099109,50.82884059597163,99.98873388321607,68.96652896846837,3174.911895741841,64,3,PCOS
216.79885582089634,0.11658623923593198,89.75572134183572,85.22811977737865,76.52914399469643,95.1457370187053,79.41207899205808,90.6856351730906,54.3690564329473,100.05342344079122,89.06316162528665,106.45904213222583,72.11480536918431,14.535161965099595,11.769703673703601,176.70533201227326,282.8236395342056,182.07048034672692,1.436872642510567,3.9938052607681933,25.844844475588946,78.83116404448971,99.19184549917954,35.456868214190315,0.1281941617247927,1.0,12.2734388704342,13.461371647714401,0.6564853322855967,37.84959776758982,3000.5424823105304,39.79787371042471,0.8109629943539763,32.1277095684503,600.5582771387966,1.8971189939268058,2.441858304468001,278.52307737708696,5.269205638553037,99.23596043937945,1523.411098817475,2.430755874983076,152.11319675680974,0.539162910651662,4.637713807788143,68.91993174758365,720.5963325249821,0.47254681211678706,24.59318281292087,9.852165620544746,38.273999686495465,0.12690165049063054,32.46484798355982,4.846723872319554,422.15428577269216,29.50316889275777,12.892805628536353,0.31978259449707436,38.13002493742265,1.4775502456943834,136.5471327699455,5.733334652341228,23.465602433217178,51.91606841691082,2367.757508108349,5.825632043824941,20.901201740645803,53.15681441669475,47.20833704473483,99.65800752046574,65.60464142627357,2107.9898726708598,65,1,PCOS
3881.7946677452815,80.99312013071204,95.82538365563599,80.07903912697557,74.74216071519662,103.93881761662918,80.20128565991831,97.99676360474017,56.77142872102075,139.57298353685354,74.57262080033874,88.09367410678917,62.67833417025375,7.988072911368278,14.062990628965567,148.77866583985863,307.8691051938065,220.2584170786012,0.6438469748519298,27.143543340816088,29.296123195788205,106.43562450321983,84.97347933716469,51.531927900678454,0.16850764018766357,1.3236486162829375,13.30153289240847,2.7400849269053262,0.7041930038486124,66.96828283519056,2914.031321599187,27.424222152537933,0.5685489170729775,35.09549773458078,548.6916865036426,2.0785742593831595,2.445266681040593,402.67604237703864,4.709996788390366,173.4712055581778,2429.3408413817856,2.4578661196231972,340.94823186569886,0.8559617855028057,4.765428217449182,149.23872594968836,1774.284299950898,0.7452885169758199,15.599797870948663,6.485991343760215,105.94279420671474,0.2736902016274023,22.53441182511025,16.440608652499094,1373.2113893706667,20.522551298091347,61.85549439228488,0.6230980560894459,26.63697905172484,9.106015284296257,806.4292133575257,4.4297268385767286,27.523251993536103,66.4510510147083,2738.153755822691,4.26927864857124,26.64722927594189,64.85443998403854,46.754001261716596,99.63638503211357,60.39285775132305,2674.802440946751,65,2,PCOS
14536.718953349256,190.73275683780122,104.28583749212322,88.09184068579346,100.60422872858528,122.74639702177976,92.32894002858745,104.17012649324607,35.81211782648848,151.83813882566045,79.94506110185218,91.61116831039476,86.89641383835331,11.166007932939104,28.776476368783463,151.27095756654685,410.4326134292949,238.50939243260592,6.160572266883782,480.17325582480623,32.71933991783479,135.25565272331994,62.72656555749191,72.82996010414922,0.1711779956462014,1.3688786164306577,40.275369244546745,11.835810709200473,0.8908967387656724,586.2537126991788,3639.9768321908,45.98608950338288,1.178253872308114,38.250988021178046,707.5292366911182,2.584634948996884,2.7192088165466504,342.7017785990723,5.85127984395461,111.46934382240948,2378.8988081759394,2.7568290296758664,242.37118114844864,0.7013277303149432,5.1355658522766845,105.6274109937288,1375.8187496996363,0.5774834532923444,17.837483679629944,6.663268001653168,105.5126455594685,0.29283366548921624,25.2108710370083,17.26623275171045,1387.8561210622656,22.20559151526312,63.781288380810864,0.5100760795006565,30.05096187853054,10.13048070692662,859.3549937100026,4.730705349655665,31.64516403221912,62.78177194903128,3150.1212160195682,4.847874808938563,32.47251094915892,65.65465086412443,84.69617349994101,99.87771022575849,108.3777763498092,3225.9034654865445,65,3,PCOS
-104.66749267749688,0.3823184921540081,101.48624144480513,90.2153664475556,129.70804148687967,102.28314301685509,113.56896203437054,101.95883050648789,133.47921056249947,149.1416968563648,95.32435767671491,117.18425005799375,65.80895352950037,9.66859007885709,0.15145811451031754,163.45857930151772,261.08050133025574,196.25701354336363,1.1790307100019142,-4.087231416933987,29.721698570851135,129.40688965829995,71.69256946033926,47.7354460730877,0.18592703116752296,1.0,13.662438920830835,14.405723623779583,1.040672875121063,59.37161068819779,3163.8651883022144,21.798429639745244,0.847742620798176,44.739715717314795,604.1772208094906,1.3482950093526116,3.0393231592359538,237.39056278923596,6.7877377417623705,60.034459223400695,1475.232300893319,2.9609679893594665,126.4433488919822,0.5198750773011485,5.535108856796212,48.40499661406214,612.8513426392415,0.4152883688676748,21.755430710981226,7.431731793978284,48.318413319690045,0.19365579568341384,29.6843128797187,5.7499951200274095,665.9493174618456,23.934070561431135,18.235545763967465,0.39597795478962894,31.527870907258947,2.315031411090851,238.73381856255972,4.834047797363289,14.707697173574598,48.737297828287446,1516.2618017948903,4.6799596410157465,17.31236989407093,51.527853694042875,19.360614082808898,99.38289606529419,26.495470884120458,1757.265362007438,66,1,PCOS
2399.3313573916307,68.79124832835664,100.12684494304334,70.54503349253106,138.62342943688685,138.0747550263286,126.11506453624683,110.32868237084625,114.38138615707939,173.23498329348195,82.69962686946816,111.81022081128825,48.178234900352464,6.82412188765359,9.194993945513785,219.85273143354812,320.4794809857166,268.22502345689213,1.0801600975247114,60.39484552779291,24.805446877616063,162.3824025135017,60.99843225743886,71.68426697334812,0.22448686986199015,1.2537389287685314,16.94276263942114,17.125421589535787,0.7402900935900318,48.78471374217657,2883.8581760831294,57.73763722891367,0.7892622948151384,50.77317615729883,589.9344082772816,1.6763671815427803,3.0114479655259414,430.0396653339873,5.621458879294269,177.59034376037545,2416.755945146863,3.1548603933973696,334.5812983003217,0.7534926369685492,5.422956451981312,154.0856198423224,1800.107869937056,0.7209782579391746,17.907067681384763,5.511610968445373,60.7287782254539,0.11829154184762121,28.137264699274965,1.100624984355889,1323.6919723263218,20.78859983170131,11.497118828161394,0.21608932597360092,30.3596328352974,0.00033892610097785436,232.98284078520413,5.866937851799847,24.004277670894588,57.47922703777822,2354.9188179592256,5.630354106940117,22.426166068847017,55.93493818685286,46.99671093437275,99.66424848712654,64.66045899053643,2211.678119760075,66,2,PCOS
10144.048085899442,155.6072435248249,108.01071166003278,67.12098265617085,209.24573780211176,121.35258750930214,134.0909108286981,115.39874048689009,90.55784472853942,171.33662351544817,79.45830109131379,78.34487554955089,46.552833056120974,5.429571223465453,8.877489940795657,168.50414210348245,437.9070953446332,276.66813313793915,6.568066363606853,656.6207731156076,11.14966239377518,188.00585043654934,45.3474400124803,91.81995808746623,0.21336409264945205,1.1635496215895869,59.51052324992821,5.096968873460581,1.271710798986875,236.0807622981099,4188.051289278825,52.00672540535514,1.0450511663876259,55.78140625551042,718.4520056873588,2.7209689449882384,2.723462602688877,429.79768359200574,5.442412198874471,161.61824653605862,2583.2819664698986,2.7219587360885753,379.5376345438544,0.9223170635454293,5.196608497683071,152.85966534196723,2072.8012534615605,0.8416767971330028,25.553723215515276,9.762372484551166,79.418888140568,0.17968953340390387,36.99695269244971,14.203759244516004,871.6064926649285,29.169899755288583,31.9571045401878,0.036810839365658266,42.704062266284254,4.785239054825534,443.6615652017668,4.328792377664208,29.711517106169676,63.318634776354635,2976.921628538253,4.424934786124322,26.726452338330844,62.79609820089915,76.80860239834713,98.56537938373692,104.20663735372182,2736.7806546353804,66,3,PCOS
280.41672720319633,0.44329524670898635,69.61572520891343,90.02365290741228,118.98651483462925,161.59251325139837,110.12936085783531,84.16301570456993,104.54809981173774,137.6349680151599,88.7732615210192,106.21156424605977,28.81942335663768,10.20450357604286,16.727691974948602,154.74622821990374,204.78385558548956,166.64165696927856,-0.3266333623803286,-1.9609512361842807,46.67815916096497,107.0171599167511,49.34458289504316,27.890888085888463,0.13710498811900088,1.0,8.349469393928587,20.292611401069575,0.3094184369763245,18.282537912036886,2913.0071311411134,22.17148114000579,0.6733550144099041,30.860632410846,548.6589533954385,2.2855201336647495,2.708895340868656,228.77031209117217,5.889987208449763,74.23080169939001,1369.9992853786375,2.5955206882795876,115.55806190141237,0.5068904151595118,4.86986964415784,51.31048834961565,555.2852868782935,0.4171300042518072,14.745784583556414,5.887320744272079,26.242432339697952,0.14648843878362577,22.32008288273722,3.7562793513697663,508.7369306152479,16.18927252896984,17.020875401229045,0.5888110745348705,23.453619927225525,2.4337185400381425,286.60481433344495,3.626381128778975,15.193506252390542,55.41051476581373,1540.6566033371637,3.501712158727754,15.561410817593078,54.92393291402557,15.170806731566223,99.35623558552108,24.150608517565942,1565.9630729511605,67,1,PCOS
2255.1368178572675,18.68016904458353,84.87163989855891,83.37734373006853,139.0960650333919,179.61954214832764,137.9230795881654,90.88544137841761,88.91876456324357,161.7070708013758,85.68644840535447,111.3838128106778,26.439278110152035,8.075589937249054,27.291525889768813,160.77939865716544,338.1906751873943,193.6972074936354,0.2898678383962058,28.85430764614214,65.77407095392509,105.1140366773481,51.8147883482977,57.13886314711486,0.16956518750588115,1.268774971453548,13.112385870293714,-1.160724225374759,0.26838250602463865,28.472491948868555,2676.29242589186,38.9752597465435,0.727607301220344,24.145967932276257,448.36751154319387,2.0915737701896155,2.5742560824110803,321.7865355102142,4.979833717077416,143.8423847203617,1687.6332342051298,2.0784028972770066,178.70591965994538,0.5692228443445035,4.421401321911621,79.94675999751591,884.1422738406835,0.5605284837862818,20.08259341382345,7.554051957262089,62.44534773872922,0.1892939076193195,27.98336436852363,11.05095799213473,933.5926492943039,22.958024160612855,26.153800200781056,0.33590686729722397,31.764416349102074,4.381020396996015,410.581381710929,3.3868884535075803,23.576109839824337,58.79306934137555,2384.927856122986,3.513181596742744,20.526618432478795,59.7017375244449,30.636883277723953,100.21883970095996,45.89712686483786,2052.777973325477,67,2,PCOS
12576.386565715238,141.6188415545797,93.17721911132605,102.45115240933146,206.7433692492514,305.51645577102875,121.68383284854576,109.00916887000818,102.66348920553038,212.01277104044382,84.72763059893364,70.52849018808159,34.13713944134061,5.137529710538618,50.85127423049062,112.27938264223934,394.3902941288685,245.14497948432302,5.690046397937485,295.7659632708777,60.49008735660827,135.07755630577915,49.960729076341615,56.44139945463389,0.14563226647948221,1.0873731895640877,34.871750513324336,13.019017938081564,0.804628683533527,-5.475079546169752,3497.937151355849,48.77370496176118,0.6859807403098803,26.18122351422157,516.715674163454,2.4287814638849903,2.2454141955550027,389.4518058467542,4.313616770820383,179.94731329129263,1836.4613732559244,2.2352436008891923,366.81395377490287,0.9753590907733387,4.193017602017703,180.41731762092405,1649.0980176966127,0.8687959870053676,15.6069053293689,6.5519167408028665,74.31350031387254,0.2102762602566568,24.322214135639154,8.652334137834115,1098.4903398543786,17.11230183700127,45.583165941506614,0.4715463452162138,27.3231258343746,5.953713058510988,703.1989948760686,2.1401240224920257,28.581260076998653,76.98422152368678,2850.1950683509126,1.8173717460124967,30.481097236997645,76.26007131525543,87.45433157587391,99.12647235395565,116.2117234082892,3061.979297343571,67,3,PCOS
225.94214590915038,0.48618988579319555,86.24904681382071,108.51080298984513,129.17888918843903,87.27124375343473,112.9816213729625,85.08427901667325,100.01057701640293,82.24403515482221,92.94985647058473,135.13137145561552,42.74092757001438,14.556422302094454,13.374967532330896,177.73121104578746,281.41771803527615,185.00749724986633,-1.7804321613430794,2.264905032621309,47.21204064302132,108.28452081968014,69.92451409986845,37.27020871012192,0.14852053189976225,1.0,8.106011850729997,4.49434819452334,0.4321993402399672,-20.807088947859366,2454.592721958655,44.550043713839415,0.5579979936854497,34.226977645081966,367.1624076564227,2.2416031185504655,2.9061644274522136,226.6968816314803,6.19071142611765,67.63093610205246,1352.2184951998559,2.5449735082412994,100.2483803089166,0.447942218094841,4.9313308410667185,40.349599700206404,469.0908091921687,0.3648105011370531,23.36165306436806,7.202533365885325,21.70163339325661,0.10737822823528187,32.10127657431718,2.5709425864458924,340.23842096323835,30.19784831219973,5.99917082141166,0.30210357411028244,39.15649351993249,0.6692318010609806,77.95783094918636,4.862789994156279,24.348361728256197,54.31246394060738,2502.268774965218,4.8235678907466,17.91895700432313,49.33538703472828,-1.457207569709496,98.60019818724709,4.2950467936372405,1758.7890824879225,68,1,PCOS
3090.118620237047,78.9860123195911,98.11858728558731,95.59271637076847,119.07887885162731,139.86789478732425,124.04390653778599,93.60802975024137,100.5759487722279,150.90548282744663,86.31959136209089,95.34539272383785,32.85314440531563,10.699927451598612,23.8447768447298,158.8562736414788,339.01857030069453,207.92317439098014,0.3310210654497047,19.332730225650174,63.44811347612317,91.09761300492939,67.9789667853312,57.08488047001128,0.16871637862790556,1.2697635896312351,9.395503708453834,3.7563702132761074,0.3221420148098619,29.11896753600653,2772.746619967961,19.677353975043086,0.5930789434990907,26.09692605761522,392.9719079927851,2.5069509533256196,2.6331488567909207,319.26766425505707,5.23290561635414,110.87448502758372,1855.61379759163,2.592985942661433,173.0940645710935,0.5975398219965811,4.865220069022642,71.10806228475042,876.3450117032456,0.507602364550022,18.26633708610926,6.787266008536826,35.51496644516671,0.1119454714030316,27.282292466466497,-1.3145819722504104,1105.2860428472738,18.291519455539856,32.76132147600914,0.6329843466962622,26.248847498415035,4.541966665415166,520.7548892192243,3.5693507404874754,25.774254138425526,59.9381956522284,2672.1105038759433,3.7471001858931796,24.610884213190232,60.54669132751281,39.15369851971473,99.97943093400146,55.85664980359299,2478.5570063317336,68,2,PCOS
11688.223939127649,176.996066191049,97.61537340434182,102.98441039324011,170.76281815522074,179.46486863418906,136.91916535115388,103.32141860000641,89.91899985655095,148.23238145209416,77.05952545861786,87.30704275577048,48.300640923414974,13.276610837802991,44.51777570641759,142.2597617962195,318.75269461305993,252.93855031439114,5.448975419622921,201.90049234440664,54.489510080866616,105.65679018237398,54.73846268670285,67.55301738937985,0.19391651450365877,1.5091673724595824,22.32297575124685,22.79409191071448,0.6924549410128555,564.8934973342007,2784.209849233967,51.178483126307796,0.7227874623728777,25.99330891411598,546.915671188215,2.669960446471142,2.3124673400491904,312.4824712738376,5.17880799813142,109.32768721172879,1849.8565284393176,2.249196456824623,208.8880256717541,0.6940618438510597,4.457524330360399,97.32062324650667,963.6713963426264,0.5479720785743545,8.552837985161153,3.3633854792986355,146.67986364158295,0.4290873899504003,15.271528599000314,23.892155518112872,1747.269312132522,4.473239400157638,122.75856208204452,0.9113303810187694,13.5431429126816,21.12912120057945,1487.2896902790171,3.271641044591561,21.356434332310045,67.08942327611894,2122.9633941776483,2.8884305698010624,28.314307072308356,71.01384187778513,126.60158681844021,99.53217313897474,166.06027454896008,2820.66882614592,68,3,PCOS
-182.99166817718125,-0.06288189578660208,106.30173116867103,126.42948513156394,147.51208478310895,68.86914943658877,122.05492843933106,98.75457446144395,119.71967897558085,94.64825333523791,95.69130386353584,139.13440081980963,56.09966016389004,14.180682854984454,2.816553553795738,170.9433881119529,238.110878902297,198.82479600692983,2.6514410362455614,-1.720838024381739,60.71912622609682,86.80308563053762,88.20024936586331,25.650765761579294,0.1169700219738802,1.0,8.531851171537772,9.719236682403897,0.7241111216849813,27.547456014171193,2475.7660508753593,29.04775250730741,0.6678337112641954,37.19769984187551,387.83605618752637,1.6873238034572815,2.8348280131297376,194.74374526081618,7.238274618458467,30.695082469125474,1557.4836690016407,2.43248803774067,59.72526806747712,0.347135234087999,5.057321993626658,17.450671807676223,402.7681514668361,0.254087195347537,16.789677761725272,5.508139052471472,35.48118247205005,0.2048551213255344,25.469102310564175,4.789153178942,635.9307695236836,19.533820043898437,13.110419115630533,0.35911934266284684,28.47202561998153,1.991896735943206,222.38344336021217,3.533610277563631,18.805413072583566,60.41786963163804,1920.6183570377998,3.6111567293831124,18.618348370004803,57.65184095541374,47.634069358273905,99.31609064044736,67.93688765507463,1864.9260026917839,69,1,PCOS
2094.518019844215,119.81547473677777,108.28543909723163,104.6486453108821,130.48374468144152,118.3299449760547,131.87067530683643,98.72993689128265,97.66172697941431,176.76553745318975,77.31796659441845,105.81463659526335,42.72046812958282,7.040938438910065,11.703488313636107,175.3978317542239,296.5070239419873,226.09961630172447,0.4108902781770934,23.881198970214683,88.2810450165857,86.59862859627688,85.89928946606457,50.892587137496065,0.1703134318779581,1.4517374616057679,6.866521310219599,-2.494113250882183,0.487239069095462,48.35435173490044,2463.699094465772,36.787162945389646,0.6183595896891182,34.62584061025142,375.95827769996305,1.8568337551573122,2.3695752487831148,402.5321374979788,4.690324425644775,161.96510534866152,2260.9804129932804,2.263628603032084,362.3072807652612,0.9315121530505645,4.607313978421157,151.86829452398703,1996.9406252589613,0.9103491157932875,17.99187637370685,7.8822433948726225,44.97423621712261,0.10581524202372955,30.003036417482075,-0.47594861665971067,1281.2042367593504,17.778024950130387,20.18499079917097,0.4315391358179603,28.051902561641853,1.4470454878059256,426.0002244302459,2.55889768298203,24.49823484158612,68.63544797030913,2470.6598012483987,2.5735755413046264,24.611888596536225,68.50476745364567,48.29874085311445,99.44056872088669,63.586125227754756,2437.489090808037,69,2,PCOS
12008.294339513957,130.88833172038275,123.53227425480246,110.41858735536758,184.42144195475004,134.2530800090409,140.29681846896466,106.04628970950913,115.58328603159231,191.85109186449444,81.29352624800545,76.15294345184584,59.237656367292125,8.473818762841596,19.66325817339522,138.61323269772708,359.687318669176,269.45692941903405,3.444586431330621,400.4160705202405,58.0643555275691,90.33389162484409,63.27394407102022,64.43790026827722,0.16786694304612856,1.4360372451487469,24.22133876262419,25.435468159224612,0.5797952916953896,276.5071149673402,3139.2632700267245,51.380018823778755,0.5586869251355002,36.43484252374908,490.5669129202165,2.0743377799351927,2.6426716410483455,313.614315191932,5.798598942231709,99.90090744465391,2074.8483946989923,2.3574704141741893,246.873600196729,0.7795119823358493,4.84070770524208,104.43105828945079,1275.3286030362356,0.6357699388986605,16.927742329377608,5.931407746333582,87.54322153574826,0.26897611367978164,26.814573091794582,13.789619761506643,1084.8848359260005,15.113330291131081,46.09869622986328,0.40981881392240405,27.896809620881815,7.336778930237138,711.9342006004597,2.1085167976670336,28.285728286023037,73.36915375232557,2833.240649833615,1.7193008854466796,30.83429876591973,73.67523901090541,105.33111803720624,98.19887653351157,129.09581026389688,3074.4903909807026,69,3,PCOS
237.4407528500829,0.027407245506871125,92.58898796933632,94.37849245347317,88.02564800384697,101.81526551175631,86.65498014228851,84.52512036682694,76.06616635665392,89.68522273390785,77.57642492304542,140.6071417962095,46.54409946841726,19.378735236045205,13.147931894018281,175.06449151983261,262.2666329184839,199.57650357229758,-0.2536719548752364,9.736238711465921,47.54051449042737,61.14077819048616,79.28561476469122,39.93017714556034,0.15552728354376152,1.0,11.87632819378721,22.12631761802745,0.18432483018202028,-23.12086458092126,2322.573872293136,25.2957676330116,0.8989544263293128,29.006607769579496,306.6503444843263,1.5888539636182775,3.1509079737458237,296.22812364746045,6.544108333039971,90.09952357245507,1864.4643429988832,2.4599363926774873,112.26187119106804,0.3656450543814616,5.166673206414801,42.01414184048633,570.4476934208719,0.31362661345140785,15.896877872006865,4.651546261046645,58.84186902786908,0.18532816668068658,25.52967412313912,6.700519760612374,821.6367929203285,17.423091351667907,23.26460926340586,0.3596453866838558,27.37783248890718,2.543346660030355,339.7310711538047,4.126993391633756,27.76957942654113,53.203189778971485,2763.521984298276,4.204302874003158,19.92551405220844,49.52744751368141,4.458350384597448,100.09067428857036,7.750942098155498,1997.311783993551,70,1,PCOS
530.8462366654312,51.84715712020011,102.46152218211445,96.63861242406199,64.60790745160253,133.3452695489405,94.82584273506437,97.44082046534025,86.99388586499462,115.47553134264379,78.72726273122683,101.955636551889,44.8947281528864,12.325422015216008,12.300432266648825,145.61626505594032,318.6335751347111,215.62786667450467,1.52536425175753,18.478140213798277,54.346837765457366,73.38326275343614,95.07202274181071,46.250899118348485,0.14556517271926042,0.8879934996932763,12.356925280213847,6.764364010681334,0.3438418119497103,27.149036222618193,2423.147849319466,42.473313702377446,0.6808797140647125,29.523350895681723,425.4091611377584,1.9401149738325212,3.0665179453542835,354.68205255217754,6.521791847308728,88.3289521118393,2482.847564119905,2.859242798311978,248.00702083915345,0.696476332920269,5.5650078686724305,85.34652863176689,1392.3924377032563,0.5568334267554542,18.318889232528722,5.652477028612464,68.5198385931894,0.19687156185492855,29.079496866927137,12.91947520449586,840.6098814471911,18.59193389654863,31.1621789068642,0.41291862783528616,29.49993990046816,4.146746926155974,466.03593988099453,2.8215521824574967,28.57112696843414,65.15411137604018,2900.8421048234604,2.951633844499246,26.296559254485544,63.18048193414975,20.502769267970365,99.66763961442632,26.705607846863295,2572.891026451607,70,2,PCOS
5460.880202847539,141.7266525025025,123.6699486315776,110.6323487673909,181.0232423484799,203.5263929838125,135.94261117997888,120.38503785184865,64.08560585522973,152.25522076530618,85.93072452912028,125.20069557831583,56.79436110949195,11.789880543261978,28.786104507057697,156.58700729397404,416.36242759391865,227.96741639666615,5.386175338388921,655.5067481326444,75.99095561390388,146.3294382528335,50.72765449325638,69.67661567447317,0.16937190642948302,1.0628745075183068,30.556088712462024,5.855659979777336,0.31595596235405016,842.0770537374809,3511.559550245918,40.115935470763326,1.372698747750831,29.475210329835186,576.8178742036363,2.996336558275254,3.4546877348720146,354.0496249632224,6.679992506957257,107.98985350464355,2412.692156219397,3.2350692781506947,229.73301891593098,0.6387447348548962,5.596060030777987,97.78536955148046,1215.1333419640725,0.4685160415454203,21.66060508684864,5.941372650159277,-4.246855452419126,-0.006509256748229858,31.201817533531628,-4.8990843480955935,518.2144402902193,20.007120779051036,-15.525931462385053,0.538392758755984,30.7459862662405,-3.54344767081267,-139.13184031017613,5.32327742657939,27.653676974916756,52.59559573780528,2771.3742630902684,5.315690226825305,30.67731109488865,57.80998782274518,70.77685715292118,100.0309838034658,95.79362829715977,3083.9669273228214,70,3,PCOS
241.0052423534114,0.29788624764138316,80.42181661611615,72.87533428757739,74.98582446663704,103.36222523237545,72.1058811131864,74.26547081662467,63.20365689166338,96.32571217302973,78.7637336930517,106.34948651253266,31.952967947159813,11.51848786090326,8.134066898354869,164.84734255423643,193.65519251400173,139.54626738750372,2.9224592547554757,9.478082751865967,45.7726249506359,70.27444016536035,65.48866074672564,36.70585145672048,0.17432272472619875,1.0,12.764323924900872,21.345266816499198,0.2795208165127804,40.75207158511232,2818.383635507882,19.97072847410527,0.8234415145967249,33.55260947702892,571.3174385105056,1.8478880428511057,2.5016233641905083,272.59305965009946,5.470295611432934,93.01165972082309,1616.42485931132,2.3087459545654974,145.2412008231176,0.5320814154326043,4.771799030346277,60.08274994579173,735.6480248040377,0.4656936893656855,20.42217559126611,8.762082398231044,32.89435302419438,0.11652873290320624,29.443539342105247,4.203256153176792,456.670355664575,20.16644551819104,15.948303848136128,0.4686967603484428,28.869110293205615,2.008568950379518,236.64602630506687,4.660519514907679,17.30037562443655,47.80544946613581,1728.6985987656683,4.717430119387919,16.20458689905477,47.26838776455246,55.55201399147311,100.38568030646437,82.79584809656313,1658.8230096675227,71,1,PCOS
340.659867712621,38.064435944489645,88.23227276878943,74.25294176164695,66.43316445992966,95.08030379350274,82.56019239174816,81.75674687404936,58.490677993010216,92.18548401366269,79.36984594651688,108.06187079003146,41.55233365036961,7.113070424269062,9.787617049699568,149.86923745295584,290.5958720350327,150.76162097959985,0.8682736027160636,24.198079955165642,53.39811168687452,94.8065126065012,66.64609717077964,54.556113294265494,0.18366366479805615,1.0228229342990454,14.481014082150008,2.669470000851968,0.37168845275324414,49.04506707505295,2604.709754669461,44.429093921728125,0.6089176675241366,36.553500237463524,526.6788635024701,1.9080475379652602,2.6259490101905465,348.98822100876276,5.563526710811725,122.74478351193159,2190.277353255744,2.4010828197914638,251.79209086278388,0.6879320776538523,4.881817586713916,104.93207241201024,1361.4282064341699,0.6170439833119633,23.97376879753712,9.379942547687758,44.316721953325654,0.1327103461190529,33.416763536059385,9.686868010938218,331.45820076133214,27.76395362234429,8.429680738391152,0.2420450042711027,37.62965005966801,0.6447595584029364,124.27922334325825,4.577041079247348,23.801241076256808,56.824019624462366,2375.2926455719116,4.543554545357357,20.73333532793852,55.48497326135136,37.33841748885334,99.85173206279391,53.43919665298695,2077.98948156379,71,2,PCOS
8380.379948237196,144.0252932897549,105.61095366186346,97.17390722448268,153.23126014066838,191.95298365541788,101.3095519135097,101.53018462542212,64.96016437896488,157.04647668372746,92.08556804494916,105.57899390263564,48.10719463922333,4.7179590353264835,17.24144045175302,132.08099511734375,439.9962072367506,182.18008475235843,5.080099744328528,531.1178865065394,61.2659794689591,149.27267904382333,44.85743773462369,74.66114365858559,0.1743593268190064,0.9248935412336673,42.97172926180943,7.118609361461357,0.4949118626882959,287.49706965825874,3917.7097822029573,42.611974751237035,0.960994225633732,38.78583428054991,666.582506283868,3.0797201313135294,3.188257497743328,349.6362515909392,6.1207920902481785,122.93764226175601,2326.2943088348793,2.9442080087778084,279.6252560942448,0.7785308994501234,5.505371542183439,110.13374459325625,1549.0863085865653,0.6553307455645138,24.425443404402017,8.129410700859983,6.776847614330563,0.020227982290014435,34.251822292815575,-1.8021032695982449,357.69020693007906,28.584765300842633,-10.855373167244593,0.32849957498820614,38.109951091358205,-3.4606801613348708,-30.561038205716386,4.600925983771683,29.56053719680906,56.60996990604531,2957.7730282462903,4.675860572619147,29.599826377995914,58.96677473135501,78.18424483452759,99.59786485417767,110.50097468441217,2961.3272696370086,71,3,PCOS
-157.59069637008494,-0.10445987096676868,109.29756536407469,98.99499224987086,109.57869561694052,77.58238720424721,105.6235212097865,94.71971716269603,116.91201265022258,117.66231242940964,101.08707467960832,148.2199010066514,55.550461451363134,15.158729983252186,4.736885683732428,248.209446291137,279.6364257683258,180.97482082070837,2.815226119111574,4.970458099022077,67.52448822550775,118.89743666580401,78.15279778636501,44.69898574029935,0.16265690702653848,1.0,11.948675317255017,-8.444800137652145,0.5150116437699227,31.14021424642686,2513.574990152799,30.686575901707087,0.8430615518257496,35.22613191641644,424.562969090651,1.8688036544617863,2.682294406458855,314.83675454955846,5.417403788585697,112.33818016339202,1780.4183938217154,2.350782431284327,197.2112437746881,0.6527165834641013,4.848440221171837,80.21515535906126,914.4941289575936,0.5588795256315503,30.513406185309833,11.376957820505412,37.21837532627766,0.1162193778027311,38.4383640895014,5.2099770111977435,411.75095515684814,35.46115114013377,7.800133100314746,0.14438624658970392,45.015874968270836,0.9557641076141579,96.75832266570562,5.203930891595439,22.655778572006632,53.39295901289724,2294.1961685694614,4.99162777758227,21.29429493419533,47.681926344921756,64.6971282540512,99.41220282798625,96.94408374971849,2105.264718497932,72,1,PCOS
1806.9729549269823,89.47787760135724,106.3326432716584,82.31514669772878,79.04275799574899,116.81838063336767,108.99968582895943,93.09208950351739,115.56124366677032,167.33262673564656,89.48297404990386,122.62331278472115,51.42957664283043,7.826811291334099,5.20659778944046,193.2713988502546,302.96764739477527,198.755017461195,0.6710147415204317,19.879129052449215,96.85608173776178,120.0540222076044,66.5870874632423,54.95809023964177,0.17901866388678395,1.1092447214966594,13.693022158421462,17.922337491176275,0.2026019029773547,43.87909104959814,2437.0060099010493,46.715891145641955,0.4597264990515444,32.29717542122995,394.1401463510002,2.0316807607201195,2.381634872922091,434.1343135364733,4.926216816422032,167.50235970185133,2578.235975254598,2.4377668165759947,303.7701126904742,0.6987409881862808,4.707850629775408,132.74215802138528,1568.2038304789096,0.6276444650336328,16.66262740193038,7.2580919215075745,80.64283314287756,0.1979478118193025,24.955629073531597,14.067469394884899,949.5880418607915,17.1704773766298,37.73916106658068,0.48898803269177116,24.26223411253848,4.952360440436376,531.4503739224579,4.86447986233854,23.83681735233823,59.94964568500013,2410.3147164491425,4.743284948606279,23.251060642461784,60.109999007293695,66.20385284205626,99.95658227100299,87.79498823197662,2380.21593106052,72,2,PCOS
15532.732853619407,165.97923929411238,125.13626670497065,97.69448146165483,171.24904154136502,170.107178695358,149.73600703911404,102.79903667198369,97.0035141150075,181.6299970742085,103.86164671774767,113.00875726656898,63.458642224421205,6.830313525387492,13.061009595084382,158.21584578012207,479.3349262872799,270.8615094674005,4.463950685692444,662.1716217027289,84.36253029359372,184.6015368620784,46.565767119878245,89.34508982148279,0.18548754317244803,1.1441475778799701,47.27267672791995,11.771019366648785,0.34382612624885345,310.066839893929,3158.74587813013,52.35922419402739,0.5820136176224859,35.12448914099441,538.4721461321814,2.8062881301517884,2.981562479238354,399.31810081643266,5.7568104987635795,148.96940135974157,2478.112715834048,2.6785273725858234,291.14798056743325,0.6966953056235933,5.254841844485029,115.50030972670623,1579.6733116367593,0.6173988866960699,17.219063627741306,5.881442743959221,97.85599715024622,0.24022895848642997,24.94078578426216,17.199034696271926,1241.9440668336733,18.014026465571206,65.82589843688694,0.6849995164740553,25.32822172452203,11.52158891061902,775.9203040230245,4.425438139706788,30.20655476541089,60.71920457311503,3020.660776412635,4.4268742519398945,32.73602593717935,63.86000992479124,104.02549472144167,98.95957265496327,146.09460298169807,3276.1844465088893,72,3,PCOS
-51.12055027775139,-0.0664520392869658,103.8754434908163,91.71502411063418,138.69559762425405,99.79514067101893,127.44551430440765,105.35216503182053,162.77889263297175,132.6948525501813,89.06584347935852,134.85558134565252,61.52349672036082,11.57146150837361,5.00861976010272,202.65797179477664,317.8789175885677,223.1360435493536,1.9606769278805063,-4.921938352222906,20.63561223288197,76.79553505971558,53.0560661850731,46.0559602845749,0.14709490721691068,1.0,10.400931860627061,0.34577137696947524,1.0013273275327104,39.54025749199778,3246.3252724161794,15.539272211387829,1.145691464096687,44.20625847711824,691.1673104956961,1.5932012311849197,2.8477666547667417,239.88487088011468,6.602206209032312,59.94328061805595,1578.9390134232324,2.4684107078669513,120.48080191250317,0.5091736081450509,5.219440747980025,41.05597942821184,632.9586309012215,0.3920568878760487,18.742422772628924,6.394466374482479,2.790817418391093,0.023608688220389668,30.238752585561514,-1.6885586356008586,340.2623893157736,17.268112764215736,0.6511836673228704,0.49064209202681786,26.911996467625347,-0.3379918646624076,47.81539068905278,4.728972458029126,23.270059608473865,48.38530073143879,2383.070177395099,4.653794198965726,23.826662273832834,53.76725883353744,30.97224644025637,99.25639105329321,38.09184188781732,2349.2938079838923,73,1,PCOS
250.19694185748267,32.1299924092001,106.26922058622391,83.52620299630074,146.73709454591486,143.06313201077856,159.18688778731448,116.58642617155625,150.82307262629791,159.16148162462042,81.43204141983527,122.19723663901105,45.04814858850909,8.168310854165197,11.887777977955201,263.82767353969234,424.4835902843687,316.204376487569,1.1469903681763258,97.67622483025622,27.51061234169091,100.13678082936792,74.33710655659765,69.6456553738106,0.16617007372291762,1.115664256658915,13.396764853594226,13.82753706022316,0.5280570479464488,25.911908838371296,2928.754832056877,30.77279907730386,0.9750631603768729,51.460661374873695,673.5932438858872,1.9166596893834025,2.892958498600971,449.7766048982461,5.732121598718762,173.0016855927277,2536.0125164766796,3.232459052589433,400.4222428363835,0.929036482177482,5.641774204078846,170.7864023618609,2150.01526718735,0.8462225345659682,17.083735567982604,5.553364430414817,81.66966868484398,0.18914378376261612,29.6138278953426,7.143907246900202,1558.1553080287922,18.365797972184204,11.726420931254351,0.11303319395308847,30.746328288001102,-0.4841182681786429,334.14393425894474,4.665060145826516,33.21029133057837,65.75116097244003,3318.0429638014825,4.670148526441905,30.420264295032315,65.31682074998142,42.354428826235726,99.96428860613001,58.162646580706785,3037.306365852438,73,2,PCOS
5019.469466044203,132.57452280101873,105.09619084052706,69.52030377059033,194.61214222818484,126.14493140393495,163.80641879855085,112.99991669636061,101.72053264999131,178.09834740042436,65.30041826926808,85.34554621541224,38.37583563082898,8.781673790436527,14.868524825641078,204.620786575132,421.78985972913773,259.15026274552304,5.648853027365422,1018.0424556744554,4.2883399103751145,118.01353726831002,55.349838545481546,75.14754493222816,0.17605422804056448,1.2306175594474835,51.75781947728474,-0.18120791474965614,1.0400277948698966,670.8461996496715,3844.9072555732896,40.93801850514823,0.9638884676368555,47.93084022859099,720.1263354756204,2.327444631009354,2.403360851615072,402.0151903975458,5.437887295523045,135.6783044437018,2361.606349416991,2.421431822937198,307.07978369712805,0.7675307012859224,4.917260175529509,120.27875304814042,1622.984420218661,0.6875366629290134,27.376412985154857,11.153673031393344,12.178576371393362,0.014535154049697324,40.35236772345027,0.5732156236643977,363.5552031813661,28.83772924894786,-5.9264841057163125,0.04726646200744411,42.63339882681336,-1.3638116911028995,-40.07079648270167,3.880570716019069,31.638450490197446,64.55861903910794,3153.3565597021066,4.139103577512917,28.997239021433064,63.94425342405221,87.33348862387638,99.79775003951244,116.28664928627086,2979.2972166544105,73,3,PCOS
-354.9243241547059,-0.11748889392889361,112.63646534913582,107.37451787303551,148.5671643801494,90.04660041331621,142.7842729096006,86.57158499814477,196.00706122113763,155.58834596163592,100.08586233138597,160.0536992679896,36.299040665226904,16.136008896402945,7.345866160542391,244.87809576783985,301.7972171264456,200.96627430242268,-1.1009398566891286,-1.5031877769414281,62.65101101945266,135.40822522790967,31.246159739356948,46.20220742498216,0.16558047171156096,1.0,9.332290667161447,-11.652673023331822,0.309062206522562,-21.984225431471298,1730.1875500850606,26.03791793024215,0.7740895159262584,26.50809157250032,154.478987658996,1.7288256485489943,3.1126341425699713,303.7530840267116,6.293903722842078,96.25186702222045,1809.518645721849,2.4836341168695713,192.45937987839477,0.6608864724976061,5.287153538958611,70.1192264124878,885.134774982823,0.5363234261087766,26.17869844862323,7.89077666544848,36.57672330732683,0.12735943019002993,34.511048461273106,4.547554299347561,561.0540482489182,33.235411458198044,5.233288837406068,0.13037862967852537,42.744118029742,0.4501334382198383,79.06181428986187,4.3795039341125985,25.865689048398398,54.38469967989651,2632.606845739652,3.996721621653748,20.091664529362017,42.03947016472464,9.195225074397936,98.43695181843171,23.07339985712339,1945.466281050194,74,1,PCOS
264.5174651752841,58.81055509215595,103.02972606230543,85.93431366447152,97.44673483110378,143.5280207048185,149.42994452689047,91.32429430408412,180.16429167231144,234.21565297668772,96.2147436780495,112.50313381384154,26.406484741637225,10.630461893738605,14.675721175836921,210.92618136401376,304.5720013921356,214.10014305591093,0.8237180087836549,44.721736000489194,95.23431290077139,100.53876573540771,49.223325517150705,44.999477066732176,0.14698462929064687,0.8991018191766755,9.8191820958326,29.921112049956466,-0.1633882284182478,4.990563217628797,1895.6651280647577,36.37530622636425,0.5367571142546455,18.228965915006714,250.12648213180665,2.1666855826459193,2.593510286964729,399.31606755913253,5.702364983474124,121.37727631833059,2411.0694902285154,2.773241060666868,264.11125929145516,0.6928648082818759,5.2223563013556715,98.324520872112,1445.4549421376917,0.608617940823935,13.601475807725613,5.1121164204647345,44.927262932462675,0.09867505175551597,25.359424364053705,1.2454777422228371,1224.5701539390916,9.188862603904765,24.358547753435182,0.47983898781561596,19.039180886662358,2.534938671355322,485.5137458412358,3.465710338624709,21.569636296131648,57.10816798957774,2265.397571452323,3.682185943002467,20.397609288509898,59.61555732501153,52.68297263910533,100.25335835733509,72.9693691362751,2083.3214049096214,74,2,PCOS
8889.485295149587,105.49875092730812,113.5098486224959,87.74388173428476,222.35147122770834,191.55340329452196,196.60673546324793,97.34600655190347,146.37942853688344,229.90673815274909,92.82688461644315,107.57574933487935,21.71733843694154,9.011402210271065,21.144296601783076,168.82351571186848,362.91954903022184,270.89595119362116,4.192032951002686,653.2319894659367,84.45425374311831,162.5672880098134,31.106152370980872,71.42381384740308,0.1887360454190349,1.2366754528604817,37.614959483506006,11.872256632560656,0.2647045839267016,606.1949366480169,2123.303423128158,54.207531953945235,0.2557883676295437,14.28388223562796,318.6927486839247,2.8308899009510125,2.4600155249226705,411.0654236620224,5.072630766211969,157.8988003307892,2262.186641757516,2.1003527247079834,303.5595838962983,0.7139470396921158,4.599925752344766,117.91081494381015,1538.5203107781163,0.6418203665416669,11.329336543575844,4.6180218502314965,68.67139286775128,0.1638066761701045,21.220931451733588,9.433760161699055,1221.452921375179,6.7034461286450995,50.49815078526766,0.6855483090598986,17.12683959374303,9.80598383990736,493.9413166029816,3.4175031347803397,17.862566930940197,57.397953026504325,1779.3978586030591,3.218449095659269,25.830908998275003,61.66297679486858,128.71870059808586,98.96795595632538,184.77347779234367,2625.1510409356315,74,3,PCOS
289.2881297434583,-0.1468655491959293,97.88828329838319,100.82969536875399,94.21962470030866,130.20205703233432,115.13642909501989,95.19249209072028,110.16609359508351,136.5229890071654,90.91085975126016,121.65076027590307,39.506980414038274,17.315646184175925,14.200853856762613,201.6448756767982,276.5293800011601,201.9141534033266,1.201427832003353,-1.8379767795580593,53.073155679571805,79.1935137995894,83.20490853637381,32.987489768904275,0.1195816513367189,1.0,10.75673185524192,22.63016038344621,0.6214136321439502,-3.7475455688676362,2483.9533483060545,29.88292934186094,0.7231681284371376,34.93405553261979,451.7810057340363,1.988532366380687,3.065695288672481,253.89816793506796,6.422760267860052,75.36677130696265,1616.3682199368395,2.7768505488138864,99.59347683666584,0.3952587958844156,5.271509773291793,41.01776504397009,475.05453205942956,0.31586969722610114,14.453712961196816,4.712309515335397,67.15273273891418,0.2609786749122651,22.52904262057004,8.645383693712137,879.1046371038874,17.567808735951125,28.321202362042126,0.44559738358943235,25.813316642343175,3.598813676203089,393.59897229291244,5.372490131959383,22.909389624227572,49.5787195769255,2302.5940831164485,5.271008995638549,19.0007497388112,47.25541417811261,33.83511547841496,99.39025822985546,54.54497906409351,1892.710582152834,75,1,PCOS
1426.0430593693716,26.251615498154045,93.94635842498879,88.18782983479191,79.361337400028,138.43544417484827,118.225959926855,92.26541595157506,116.0360422057957,178.08108346016255,83.40266437464831,96.96847597504609,34.638655352827364,12.01461422619767,18.988391691394853,176.53531301340783,327.619948579151,168.49080732952683,1.2090310449827886,47.47081088654872,68.03971698236587,75.35411699984405,77.80838063828725,45.292079735150764,0.14010413570527974,1.1868149421079486,11.815582919166804,16.352035535197274,0.5469728757445296,37.774911666890105,2529.022615904903,51.11386826480704,0.49679193375586334,30.278531417809674,428.51125649596656,2.0007029839319097,3.053448828321932,305.22547077676813,6.39597520133515,84.09790089310454,2203.920961964079,2.715239661424833,130.88175464523388,0.4697667933050782,5.446904883918177,39.04272841797527,786.6089820515991,0.3723983399227529,18.298243403167618,6.037899309221564,27.506029281521585,0.09629935919907676,28.171891285551183,-0.4100054750865443,744.8407694859882,21.64827496244546,22.07285901652247,0.4449758053005794,30.584863090907284,3.382722448507666,311.6046859671941,4.275616329245943,25.608695045367014,55.083195111664104,2583.601291297112,4.33089339728502,24.219950371413073,55.81053667507631,45.75544606782461,100.01924070537665,62.19705809984144,2475.5337031966733,75,2,PCOS
10193.021576608286,137.82851386373432,102.97938963636777,105.35678605991963,161.79416385907842,238.7393345978822,146.0020152437427,110.97585755721857,107.77731383831137,235.12121797724944,90.63956674087305,100.63338842428448,48.85697881141172,10.430167036884239,37.199404599489284,157.5755195327204,378.9888223857529,251.67276743421667,4.2486419956908374,465.6264772373584,66.2830482316932,125.50044131435723,58.35385930066004,51.90805569329963,0.13988176728892565,1.217976720268412,33.61762626520051,16.42586399762574,0.6965307354570958,826.4834069685038,3053.390642667561,35.626106831908594,0.7484519402798273,33.79754608861132,581.9418734384692,2.6100338526673412,3.016204232726657,351.04872282552265,6.0921707273596555,114.97046654722404,2207.1571575852195,2.998176404349082,212.45573316556033,0.6058008883731,5.310872881885281,93.83474609335559,1079.2317784173727,0.47436252069555934,9.760428381750229,2.5628808635012623,121.01339662011816,0.33392973103642526,16.923490324571958,18.83501768151428,1604.3739762284897,8.84243804191309,89.61365186874536,0.8257159787760466,16.11171831498858,14.31640815003621,1138.6888426107516,4.115027917022242,24.158245718013287,62.15409802023309,2421.7688724136055,3.9078000801831285,27.752076060826152,64.86807162399475,101.79630853258016,100.39225555515593,139.95228302684467,2799.74688204456,75,3,PCOS
44.12701876014873,0.5656295216954768,90.92769483084541,86.20411643413368,86.00127047367133,172.71561163974502,128.0212478700911,91.36382699696874,100.68658925150814,170.6793681311078,95.40698438263914,100.0369093508863,37.613651181824295,12.843344319315575,14.623484826315156,158.6711838849772,252.8954167536594,202.47527061128764,1.7833199912846531,5.420066451016059,50.688850701662545,120.6227323918458,70.66656007250751,40.732699320733516,0.16395287545568674,1.0,14.411418093488063,52.39469654307496,0.5204068303306306,45.97903300230179,2665.6328543684267,23.193676258412008,0.7708587642415689,28.931628308056126,534.5869470907111,1.6097404222310083,3.252382843905093,274.9397226299333,6.557676283635466,89.71946101285427,1722.4797015018216,3.050920396015969,100.74874593451342,0.3396561796235391,5.338482304618542,49.16470922189141,434.4138699497546,0.2651633113814126,18.300017504080948,6.568216194189174,91.67719883367764,0.3371706888839276,23.00164947206794,13.241113809549482,1032.510603393725,24.34850322005653,39.38544967006678,0.3879239568686768,29.343680243340252,5.411363278990833,515.3024520090809,4.747423143392852,17.57118352352472,53.89117575698683,1729.512533572949,4.78963533431379,16.847560458632294,50.19027683933714,36.56493516398661,100.08073506996938,54.57308033020914,1774.6579018131997,76,1,PCOS
2981.498108315336,-24.12144629774079,94.48893177639147,63.00078814670676,83.4667055123192,111.5060914129713,112.47973033187738,94.59088084484135,83.36762432851955,165.67251939371806,83.7120674801249,104.32066026028286,30.99613968007472,6.2205715153670535,16.46370262298316,115.03626645101787,268.6458702732747,210.79359244623555,0.9789233227007563,5.712071855125956,35.7687376688549,141.59039470707475,58.5919278470713,49.72868079637275,0.18543120746088784,1.1517099235845414,17.069389858178337,10.944379140479185,0.6264949398712937,53.84800922785634,2406.510801129007,65.65797397257717,0.5391769914653313,30.35484668529653,450.9272913225854,1.2634784358215199,3.0890371173713267,352.4091852712721,5.919394392134979,142.4873013666971,2346.181385050804,2.490601087193361,200.76864472443634,0.5241111355177537,5.05418346485618,85.72215472416374,1112.3547331963634,0.47140732985573086,21.936002235890207,7.122999564458811,64.8381995163795,0.1554438942389467,28.413888937325535,13.419068341749448,652.4588788414453,27.404077754795303,34.5947829236848,0.40334575360133434,34.54803916057786,5.965917395372236,411.41499356669476,4.095642250997854,22.0228466823193,59.39272192583413,2127.786123372277,3.9430175194970376,19.85503377668126,59.28274380571175,38.35486330310166,99.9395507750528,48.58616552937258,1931.270293195606,76,2,PCOS
12386.845728812894,51.83723139030555,110.6802408310955,75.67056106904298,178.48297786469874,213.6355641505956,118.66969383119121,110.53903775500949,78.84168640025754,177.15593210998364,95.76584932107667,84.41552258980748,36.6733173225923,2.061201788178442,30.81577244003566,110.14677856628836,421.82813582071225,252.6052435779493,7.3000549711859755,85.97609552748833,60.827353509751475,195.17226695318044,24.785245641112816,58.90925382640482,0.15067636977244156,0.8793589196263163,53.391835960534266,6.469827749915788,0.9559339426468179,242.81592710023364,3870.71892266506,45.21503133467848,1.0930396053994396,34.895192895362136,566.7243981951867,2.586029982481529,3.1799083221124924,412.691885135111,5.460501693814643,178.39741187722538,2350.5539351007114,3.2482244227837636,401.4458481382694,1.0058298230769707,5.284709876195896,189.77850165743203,2047.546624701411,0.8880515255400394,24.50032327252342,8.369555814637131,40.434581899828295,0.08904124113979807,32.575692607628774,5.213382076833345,815.7691813852451,33.11637963816786,-6.2472387950687605,0.16539272002260474,41.28669636060263,-2.024795065366204,39.87918941503972,3.9927108889053056,27.00879380808034,66.81306895223128,2736.552702821539,3.874445144171773,27.655371355711925,66.86477294641774,57.96920754512298,99.3582829488251,81.47090387548806,2747.4540841014536,76,3,PCOS
151.96125577502963,-0.080243570608448,90.53504946306587,91.02342041484296,96.82144788064856,108.58979471793128,94.1711356000214,81.47369710256191,95.73541418610903,122.18596109039261,82.69132848162135,104.3670609149588,41.23382967068791,12.88173650687664,9.779755859653815,194.00507947798815,263.19618831496894,179.3730958535694,1.385214235808269,-2.1673133181136217,25.759185619027217,88.07227089344114,68.64845490605529,36.88128722175959,0.13887579981502707,1.0,11.799181068103135,23.090698336144527,0.48420521642844616,22.47736542956445,2851.05961336006,27.075946486665593,0.9846605039592621,37.29207552996424,602.990096268227,2.165539802482184,2.6969635117145057,254.8326611842385,5.941129001777532,79.51448416886359,1566.0930796176158,2.60584254276431,137.37320259464076,0.5385028079370706,5.099177844173181,54.21459615343784,693.9715771682128,0.4456983536312614,14.120535797626735,5.0999204884946625,34.912167389438814,0.14080204354464346,23.2137175472758,4.06255255652653,538.0875859081027,13.887163268551676,16.21650030313901,0.5388933676127783,22.691370268538506,1.9186113838084229,223.75443027435074,5.141452323465919,21.305167187795615,49.5133860757626,2175.784636035081,5.071350144400355,20.078467820112177,49.44723133473253,47.64437463261315,99.51714880584365,69.42049126989761,2009.9576683315452,77,1,PCOS
2001.6616059249977,43.05379876793957,87.2617359230818,79.00206886116699,88.93682916337357,118.52107602002513,98.1416958645559,84.65635920284858,83.52364925031995,145.14020213602578,70.72318775715269,88.352665752974,37.81090337967238,7.8121344885954676,15.86115692344644,189.60763068209127,314.4430849307548,197.2192520596608,0.8064020097351908,45.59415610581321,36.735385864160605,101.4025408152208,70.6949742431914,51.99312019599838,0.1642045491282049,1.1909380781867878,14.123658160326894,5.022937002106488,0.4348044272322314,44.730384464657774,2726.4205487651934,27.338594903420756,0.7830063202921494,38.04035108901759,558.5911290350125,2.316146744858664,2.6919469625570294,375.1834274948227,5.512904263701737,134.01090689351327,2394.4174456828355,2.6955205869618055,276.8484479877075,0.7419038797248387,5.20741834588677,111.80354857220065,1557.514327958924,0.6563638220120809,19.45203222431515,7.336234517361315,42.83284417934692,0.11492250781058948,29.893521931017307,3.103536799234459,838.2669818334557,24.782258753947207,13.971610954524992,0.31290620919853945,34.22971915362846,0.9013594546843415,260.5362487201279,4.393470995349523,26.106017991595273,58.557827815262236,2613.773031535154,4.404566489794972,24.487970398419428,59.161082201511086,49.06095730574248,99.91056346335742,66.52054485186571,2464.894260114802,77,2,PCOS
10162.54068264414,157.942226047423,91.45203485078727,90.04006398146727,129.83892232596557,183.906245190362,102.71649896658423,90.65434890187686,73.03420562806414,196.59748006682258,73.26929446962028,71.98425230904039,48.98339222780904,8.747406062421696,34.43906816850018,153.90970587286984,406.3518112552164,218.40739307487635,7.044531381762349,546.288110479386,28.69046503102299,133.59452349297814,59.210073656399004,67.25324741836823,0.16029689433549285,1.1958836944794304,44.412787331093995,10.759174023282048,0.9204963564369844,514.3951946721681,3760.40877728761,45.233327965056,1.0986981033236087,39.91540891862559,691.8864072818745,2.9352421036605003,2.8290772456160123,353.3171006071291,6.029699722691251,112.38720058213394,2412.7374019115114,2.7664753337040944,266.10063016788297,0.7441433076401903,5.30250298408589,105.19819997078102,1512.2758849653974,0.6121327896060292,17.287370064724612,6.003908468662592,79.43703599379695,0.2192435612978326,26.08737008165407,11.470595135890125,1155.1395008729278,19.313590414834163,42.490922622984044,0.42408387100186845,29.32334516823464,6.070020381499865,605.2782658458921,4.102261326792488,29.59563647057633,63.05457251689971,2949.979207794655,4.105499833091896,31.750344525721346,64.69659325575914,134.85093686041967,100.21081831461316,181.61905777008894,3206.539358122527,77,3,PCOS
-71.59458389261411,-0.10577476717582585,105.13791683526057,105.47705034802561,129.76045791797867,87.51820019240361,127.2810152077977,104.36283712068703,145.1516742017332,88.82880725707464,98.6552411922203,149.03682627094315,55.15952990546044,15.239760427063818,7.7287760386143765,244.9193032476901,297.5549461643772,232.86880601505422,3.5872095362022227,-3.5214848398202783,44.59396716029812,106.63618710465374,91.55067790747503,31.016895578661703,0.10765565225623852,1.0,10.412071798495514,1.70146276658736,0.924517565186034,45.02305329204118,2225.6716846424815,42.971778789117224,0.5715367169883551,35.691245520799455,563.4502607564236,1.8010617984851387,2.8564254606887265,265.44045522760683,6.122497245753487,82.08200588625306,1615.220781043816,2.437401563542936,125.78361720053975,0.4624192426628813,4.858793022852484,51.86303968640889,597.322373795072,0.382243639936399,28.621753009819756,10.108429734971931,38.27178271424629,0.14940299048241945,37.20747967107037,4.91506381061446,476.36204226907205,33.780110472777096,9.16564246994552,0.19457386226664578,42.876695295651174,1.1649294013072968,116.91446773627175,4.9284466377705405,23.10911721807412,57.34112798226284,2371.8285691655906,4.841993605522284,21.661768208102757,54.46205686767529,55.34196048394293,98.94196543442945,77.97203266045872,2172.234417516316,78,1,PCOS
1588.7693645165289,67.5061412906244,99.60610331745319,84.10362376503983,83.45340526510572,123.69899534200593,127.33930004927359,96.05626532720036,131.72282237653224,153.034546068767,81.90469502171061,114.32776281739206,47.02923481628544,8.69977495573002,13.18149695736865,203.12690717565062,338.7356668927903,237.70761884443425,0.6337509754273025,28.88824393453082,71.67204510515387,103.27991843931245,81.77875229162424,46.93190353840216,0.13907822669532768,1.3274365225185027,8.151261615015676,8.168709502641178,0.5432092419758918,49.1342258345159,2285.183152496194,55.75631001711212,0.5276118868025831,33.49960111340269,503.40631328499717,1.9903430258528527,2.502435077409357,424.5148646307596,4.88154286037193,173.32883195159124,2351.12287514156,2.5848213108913765,307.541420986916,0.7141277162262214,4.761313814509605,140.2323502128473,1576.4628866629253,0.6688999698491277,17.21546900746727,7.326474706756865,34.97640469152485,0.06239374570388205,27.43156947164054,-5.574181643034045,1202.691593849656,18.40439730434164,21.424926452291558,0.4989425341529006,26.81169494815555,1.8635509477060315,362.450185845014,4.373551823426538,27.084260819317585,67.00215518921581,2751.8636610162016,4.202969643109256,26.63453058389619,67.17729756950467,62.39427903779784,99.64413446935711,84.4133967026146,2713.5296503736067,78,2,PCOS
14242.75676380476,174.62721804731066,97.37822825913264,77.01460217082081,122.91237057102028,155.52776804000132,140.3470279683968,89.08167312780911,108.46682439063973,138.05537140256226,84.17473219217376,91.87803440259586,56.148686417040096,8.585579110506492,22.90258304425689,165.25700670614904,399.1960958810306,267.0822053285012,4.281235589029979,662.0764771099871,42.50153385570823,107.10894663766862,42.44415829726146,58.37193567430605,0.1414935737687666,1.3751443491267294,36.68400001816892,20.450846238077425,0.6001113532226943,558.0239448162342,2822.3713411963536,63.14715912786464,0.7020533454673112,34.444477949073736,660.08238511236,2.646212324654242,2.650312047921051,337.77976968522916,5.637631443600981,113.84586897971276,2089.1522801269734,2.4858723673317753,211.82082622155463,0.6273789319404033,5.0151011100375325,80.07880703595492,1041.792071516478,0.5080276087041768,17.99304002677458,6.914114531569438,107.17204316833862,0.303876910571666,26.07773362711114,19.258259668867808,1130.9146453462845,18.968983865211676,91.85076730286684,0.7042267726617202,26.411083225635547,16.80622226719695,1005.4753189844217,3.9377627568758165,26.498365430508397,65.22798832583854,2653.7777686190034,3.830716671644289,29.016648277712854,67.2203325077477,105.24591591204049,99.28449448586261,143.190350566534,2892.0648918730753,78,3,PCOS
35.45583079961362,0.309169065895594,90.35934500674666,74.06464814739118,83.34590218964107,88.33151435254219,86.0302533649815,76.67713485547085,71.17934670385934,127.56896130191708,78.74511280524706,105.333231371809,43.37426538899442,12.507600740435127,6.576872583148117,156.25755182843062,239.2021478184136,139.49135091709263,1.3976122365656032,5.415307959227138,31.82602314557852,86.40743713012783,70.40370108089087,38.833567358363965,0.16504225586862567,1.0,12.281245553349484,25.621593986709307,0.4174450644376465,30.637628668702654,2495.694851164722,24.770068024569436,0.7516609575952531,29.821820646108943,484.4735355986686,1.8426540176794812,2.7738101007384968,287.13144277690793,5.997218201722392,90.28182604096722,1764.6822297677018,2.642825139520475,151.31112510371017,0.5283013026058276,5.135684389737572,61.66212489382909,765.1464397726805,0.448683318620073,18.957710336697087,7.262671527823814,59.77505371053181,0.21059393499751122,26.610828258831734,7.9902957774527,736.8154682250594,22.727923616324585,23.36683887792772,0.38142060131352756,30.972639089670928,2.92281932732359,305.2894854998429,4.805419729676937,20.944984766108373,52.32332237568352,2105.2247592786366,4.898287188734704,17.486583658071083,48.051355619458796,36.88068327599956,99.85940387652882,57.4193136013017,1773.2148172350367,79,1,PCOS
2376.7010953744693,68.84501262595349,94.11628105608433,70.39304820087615,78.36084428827328,98.64093082693893,91.92450535783968,86.51634056444504,68.78442587797042,157.6546948689242,78.48073108018208,100.35344856468227,41.6176759590312,7.2126787986118055,12.815364099126937,143.8610687556027,292.1275150030392,168.00578773838353,0.8050964504270708,18.059470241650708,34.788072671374195,110.33568029726439,67.88933161306966,54.81631281347527,0.18346687517028576,1.1258054479643271,13.039761911161499,5.958343424524987,0.4651763800052775,56.35237432864924,2392.9736212536604,43.48770334199537,0.6000946181038683,32.575609972477594,488.8384891096763,2.0504160929930144,2.8108623560082044,377.81057610452876,5.708505488754018,135.35150645313237,2497.1773439397816,2.6824589358874946,283.6187325985829,0.7356537596120797,5.16692878855004,116.85471138307598,1586.5160161784709,0.641143670899995,22.285550122957634,8.09756145101408,31.44166586028388,0.07099676742727994,32.47418379137368,1.3793444198530578,638.650217116541,25.393930099957075,19.366881847999274,0.4220536931648902,34.34835160182112,2.3980672449152127,275.7338201575277,4.149753922203852,23.55822967702431,59.0468729727669,2358.228050629168,4.123077275846588,21.753037676461364,58.8853619983982,39.19090175497743,99.83498067564538,53.38277004023668,2162.567354088285,79,2,PCOS
9300.992884764268,131.118703157164,106.41347597739049,88.36102477978615,162.3283188507272,149.20131605935495,112.37636713089978,102.60238863754938,68.4364215848336,191.01094673146417,87.35844292516995,98.57980952803615,49.467586144575144,7.005650985067596,19.34464297395011,141.61751283569154,422.07153021135815,202.79904515537092,5.912449289217603,335.2303105695115,46.67552290727641,163.14708666003145,47.054080709111574,79.41697180979016,0.18943637867230673,1.1634643592304037,41.288570923461904,10.289708747205776,0.7218239871546548,506.5501415996126,3596.0750625909973,45.8513233606414,0.8967885034796569,33.98018797765657,618.823541106852,3.2006058023161494,3.13837754728344,366.0334196199029,6.227893994279323,122.64443641095042,2529.6698244024315,2.945409613621988,286.86957668710255,0.7660650798742737,5.48745725735685,113.92424088339023,1667.567294715695,0.6434730094600345,21.60029766742396,7.0552589565784825,17.149286616869105,0.04450283906132296,32.663397020801185,-0.6509992072413535,609.342977195279,25.590083265660287,-15.675795912798073,0.1860674616937663,37.54413481341048,-3.8966658969990604,-86.21296368845856,4.340144051285577,26.824591908076492,55.753010701295224,2669.3947238636533,4.334467938504663,29.86000642662607,59.476688041807456,102.76403908513103,99.51647240713676,140.10744934158794,2975.98965641735,79,3,PCOS
-26.59186593926387,1.0643416581985967,84.28690558967263,85.98229958279278,83.26743680438196,34.31701616540816,106.9909698204147,77.01791908621796,90.43605526751688,74.33381950286264,90.61389622531631,95.14175701544004,50.26012077574797,6.960900969109025,-0.4474897787076788,120.48843090209886,247.80959549686236,144.77354610286514,1.6330108348804795,12.60709069154824,65.20719227863358,91.79411134837805,54.25234465077624,48.57738743614531,0.20097753373172716,1.0,10.49057725077523,6.1550325834504855,0.47037710302070834,69.31866787865845,2788.0676607437204,29.256131100442218,0.6443172078340997,30.806654898787123,623.3297211900481,1.3208384477369128,2.461646853804401,212.39938598653862,5.790253292978058,67.18508195743196,1230.1917810923949,2.2636525439696116,128.59471610428434,0.5701742269823822,4.7771134773523105,52.415542125569736,635.6579429843282,0.47142104880615415,32.280769813378264,12.805535419761725,17.267868004979924,0.09187588025229315,41.852125944940695,1.9035939385941116,243.05446043846604,34.66682299300723,6.612765482144427,0.2887690986330519,43.165110446452644,0.7739083650952738,78.4083126882274,4.297821111043706,22.469225024445862,55.42499344509735,2238.1171839114418,4.81568949545837,18.431259181392633,53.749775221460936,36.661228322306926,100.42144292745179,51.50502470331251,1893.9688781396953,80,1,PCOS
3144.5146714539524,68.3924158209395,105.19565651216448,81.46946714467612,113.42669422887275,17.739276841710037,130.3162123447278,110.88168595062297,82.93148956184315,100.84373444326418,93.32973271348551,113.6317235056108,40.7117408896678,3.6722656231080464,5.550565322336173,110.59644515402312,342.7215425442443,240.06472949960812,0.1949789566097785,57.616513642377356,71.55085396321726,108.54061087093835,55.511963518641096,67.34964594387397,0.2006736459674733,0.9979280178069435,12.265230185160958,15.526834350300177,0.3266554519364923,64.06307352260367,2810.2512223431677,29.082382412133917,0.4909020164619224,37.649138389393364,582.8420178269507,1.459235837733629,2.4694859622854826,330.4494958283984,5.089279624360325,135.72816378899932,1847.0237099938884,2.501290664450739,333.73954244447225,0.9694442701281153,4.758581175106408,149.52375052592942,1715.7079119193736,0.8625708380169081,23.08524629876455,9.391528396052454,20.485362865402827,0.05302823540650324,34.59889225090919,-1.615585799681872,574.5069929157819,21.74172757632008,8.65896245020863,0.49577795775049477,32.252337126532005,-0.3431874949636913,229.38539959261257,4.15140704633133,28.377130450268684,64.91857713221434,2836.7201706674523,4.139422826399939,25.163716843101543,63.31254346181941,32.66484418154675,100.06411125221709,44.5670758312178,2533.5269367314813,80,2,PCOS
9685.04014771277,82.64392183797264,117.17252601315487,80.71620953777197,150.4745866523369,22.22643915946651,151.589847151808,112.87000544183617,73.99199966659772,105.96503393396273,82.89824594261529,95.12011595690085,37.81260140213692,5.803128267848091,-0.3440270417567177,123.23258821855931,383.50112570241936,216.4651480563709,4.98873131893229,338.15846805068026,74.96730495695603,119.9068205019664,48.1735233972929,83.92814037672743,0.2184522051945865,1.0923540676249273,43.81052839574477,6.121188762438624,0.47878468563069987,537.9737507549634,3243.7500699987086,42.50188744829946,0.4938939825925596,33.93747949315926,691.4092112614285,2.1505311521195987,2.297974417675678,295.98154994426034,5.077770934842543,107.46482077274283,1787.228424490489,2.260052103003617,267.41713562600785,0.8774221852929931,4.631542739358744,113.0963110486615,1404.1907379737024,0.781209894247191,28.955554327830477,12.30456779980111,-15.767458024432187,-0.022969568856289452,41.5671253096687,-4.749179185009872,114.85805677860174,34.14367458151337,-37.99408637654682,0.005823939636162567,45.63639353167012,-7.36357678630875,-304.3303678486159,3.1773226313659704,29.912159340226506,65.43271932101023,3006.6924402709815,3.1950088352696016,30.89241186297141,67.05093515268533,55.36071938538384,99.08388058788069,72.41965656154568,3047.5552191567313,80,3,PCOS
245.27370051889835,-0.02954420724152529,86.36949389352729,80.71734023576663,73.02551870188447,140.34377467564525,97.67841562451098,88.88976343171423,66.65007912311052,65.22643500758846,84.6239887751792,130.81589135491845,44.99417230943159,15.618191668695768,18.84069777009298,220.1491073218097,259.0794460053833,219.05049351355362,4.295221479880333,10.435190656503167,42.49489732296007,63.23802602628227,87.73008658934978,39.38359124678823,0.1563254750669704,1.0,12.25255052520366,29.2239903819235,0.5241599970393082,34.26281996482382,2618.6129170313156,30.442312778500142,0.8684084916139357,32.95131763208461,661.9066364844698,1.9943905629995085,2.670107966536814,309.25132206425184,5.279261632867471,114.59524094970057,1750.9795075346242,2.2011248012670266,141.0509924050787,0.44425924522484006,4.510467430810206,63.716724321265346,671.5100119240035,0.40318505930385345,24.746419012999965,9.984498152995455,27.043250726368345,0.058502448476110566,34.446929470666554,3.1503065041666893,325.92870815300387,26.87581102722998,9.735294278290661,0.31551994883993634,36.48294201576955,1.04530941276606,140.071423117821,4.9358349312396825,25.009062320881874,51.196582285653626,2514.178067436232,5.061038745283984,21.62112235081493,49.32967299852757,68.38952461188296,99.843010832022,95.6838157269028,2183.2639252887475,81,1,PCOS
790.2153045015264,36.62761881181176,94.5138377536349,79.67203047793558,37.10018970417421,123.06559268733818,90.73641878695923,86.78446228179226,71.05108337047115,55.24665202976027,76.38901399190337,107.4590362575019,50.34074981797054,8.084857618081244,16.540763823650945,156.512394436842,336.57271707901225,218.12056658563003,0.7648067297824684,-0.09309917458917738,48.071171702086346,84.90076990796314,86.41666305130178,54.70988544704714,0.1632245583794732,1.0401920948889125,12.547744574366941,-4.44954950439358,0.589137056524446,48.177495281511845,2503.8171557549504,47.00849943965204,0.6274011490696374,33.92862694039681,605.9195821748383,1.8374974708107918,2.6596823177533313,386.710405552843,5.267101299957899,150.40477489516908,2332.429326548133,2.402160561663003,256.45059068637346,0.6292369367383854,4.782672163880492,111.24046072802383,1268.0429136081095,0.5360977861846515,22.499163207795775,8.860127280675588,81.23035794920851,0.21963296596029147,29.66561790187483,17.66199075028974,663.2492155216137,28.249210688911266,39.48435140888606,0.41700399787411824,35.95967037125802,6.281339863405238,465.6498590137356,3.7155514520398047,29.673681426329935,68.34951316950912,2985.717052221155,3.645174241552893,28.28373857478971,67.76810491671222,45.91136215516803,99.85522367910335,60.5123657653301,2819.9199487275832,81,2,PCOS
12306.63695175697,180.45445359435936,104.88813347648981,93.78298355234861,92.69369314258763,232.21587707433628,112.99081074825618,97.26781608170813,48.15485649769328,91.86097181190655,88.29951648067662,105.80785015288726,66.28468810219432,7.473215892265671,41.64109595093124,145.61168757995443,460.519726191843,223.16862608729895,6.594042295156098,618.2227735427016,55.94816633396691,122.44761055936056,36.165186312360035,69.17114447872393,0.15087358324276975,0.9604137722266877,39.176353993681765,7.96178200027558,0.6850442801085703,503.643557890494,3856.08633714887,46.92588943542988,1.2953760079887142,35.256845830164984,742.7109320129799,2.6664638092225754,3.4231164140455164,312.65494240824256,6.711186255922791,94.07344591894349,2180.982172608884,3.2799119021352823,188.4475977330128,0.6017910391513979,5.744988226104844,78.23442640930102,947.2836124031629,0.4277374469377135,27.946094456126254,8.858196281770365,-9.726015972285623,-0.00985269573220035,36.639495347935686,-2.976934023906461,85.03438404388953,32.62961915028758,-1.0250452329167175,0.561371437484645,40.175558845843646,0.02437654483732654,-74.86141285858264,5.3122719208688105,31.544486123967637,56.6684951489501,3162.9982380339443,5.490263601095747,33.46919832717435,61.17329485914562,111.5507288183889,100.26280464283718,150.9669199214572,3314.710503016483,81,3,PCOS
147.42961159926773,0.9304267922306935,99.01188071751123,93.49140867877406,129.53450805836871,66.54113603503168,116.39472727006786,89.72410767023251,89.16277071188912,78.88948199765862,87.6641471705878,167.48554360501134,45.735306127574646,20.27755275042045,8.701220726260992,207.1962087989271,323.51743416381424,209.5450873455787,0.7256630707389684,11.867862749339265,47.52404118172174,90.35651928369748,78.74041184275686,43.15446988959297,0.1403862887794337,1.0,7.194190370012413,26.596500560510034,0.09607599084374524,-41.74785393170539,1671.9838526650176,38.116719511207435,0.7388598478661812,33.82078455692641,195.27504478620915,1.9794949730832814,3.087847287281405,313.3557171095035,6.212489003112703,106.2573711930463,1830.5567392053338,2.427430279131641,92.55097164455015,0.25803203944683606,4.682075590123763,41.86128090674,348.35388043508505,0.18492490173511894,15.738468517058642,4.019977515961363,71.3692785381078,0.23467876695536402,24.382594289648267,8.808981179529194,840.5665099304927,18.313889256722856,30.13200164260498,0.4201336251819238,26.87472139344928,3.3678943412695954,392.30568686917,5.320697220827746,30.32199718548688,61.769288938580665,3052.173589879102,5.274234914277571,22.50616795386738,54.940675982562084,12.586345607425002,99.53415272524693,27.05642153341646,2277.7221846170314,82,1,PCOS
5047.3414245025815,-21.29466471869255,123.45585169145215,82.1830705675997,142.6884747348912,158.28668898927353,147.59094940854442,104.36013705702447,97.77214746091202,151.620486261538,80.71604256865258,146.73135382160572,29.768722741720996,9.179782426846867,13.286132086890476,99.45845997752454,383.80595885903625,270.3325811649784,1.1314084805879796,-8.812061634203161,60.806874083767504,86.82994336196782,95.40619318869479,55.72067349991511,0.13968670286614843,1.0622225645254757,10.727807862588413,3.893705015912561,0.02903034990577036,10.974753106399127,2021.4948143587958,14.721072566716938,0.7491492946849553,27.115208551370326,232.50457713671335,2.224460942481194,2.609826266590232,461.29624817932284,5.327461391368818,158.67730033766105,2948.6624878174794,2.5856311866860744,290.5498417305334,0.6508684735277559,4.76658794645275,128.67843376460104,1567.4750247673833,0.5288638695954703,24.599599248598565,9.284417554544872,30.584059337930146,0.06024272591556759,34.071383936686026,3.33386530290713,646.3596798162469,23.47401176975948,18.291986287886953,0.47967348604976334,33.372742363940915,2.029482951735104,326.0112343715539,3.4426710962261247,31.76247389310829,63.28365915772507,3217.1500295625256,3.6435597011269354,27.59701119250357,61.59307043999904,30.43542557626576,99.69611250988473,37.69888496639651,2713.479491703549,82,2,PCOS
10032.632990648428,62.28398974892397,110.21914198571245,87.1845256851572,196.72166121390046,193.11645214250356,157.02163179910218,116.90365953312987,74.80409452334997,127.74975933983573,83.89966091551582,134.51652391583343,45.656111993289656,11.006608678576175,30.46059210751537,132.88178426738062,417.94528566285686,279.060162890386,7.001254089628055,94.46481182415397,87.6645033178474,128.25767810844988,54.412137026076756,66.4846470198999,0.15825148719912988,1.226622294808565,13.01140677950491,12.516587591921265,0.3686154323746881,616.0405345271432,2132.664125578821,62.72384580877941,1.7125988862502548,25.337132120536054,393.6650998258359,3.2540230537219337,3.057576139535174,401.63820713964213,5.280284751205537,176.64009276087108,2237.747238054381,2.8550953008553104,293.46977655070924,0.7226441719463792,4.794477732144992,150.6849654146494,1351.296945808559,0.5879967590204346,18.892718273273438,5.370440352213879,79.94609880983096,0.22203617805859605,23.025452683339132,10.174563158654523,1356.130120665062,19.547966980827873,35.75711144877602,0.5093493736654311,26.63457701324129,5.6548639840709205,470.80553488168937,4.9794914403003245,27.359314842592482,63.38003573961096,2747.209665235934,4.558668701853455,32.1042498865336,65.84690455337561,68.72570118912607,100.14086317213757,92.67966566582051,3199.0014511134546,82,3,PCOS
459.6521430436211,0.3132502708744905,86.34812119076071,81.94065042074541,99.9810355097175,103.76709834444596,79.73407127691961,104.56055144280285,47.16740474035611,123.49024487802242,81.15151120116278,135.44283842959047,54.01942890371955,14.997220803762344,15.105827135439725,180.20953783338717,310.078990319142,165.14090432016906,-0.7790129887814794,0.3843517037887363,28.589966850515413,53.09180674248872,76.4286532814943,37.52722564120817,0.11610416699859563,1.0,5.313489868787509,5.430377059874839,0.5315681874290779,3.573450916914961,3096.990554037777,25.053495009391206,0.9539144110267647,39.43961584384479,640.7343394365334,2.3638470909102276,2.9487402787504235,267.478956729433,6.358617328629492,75.19422142332151,1741.1524023468023,2.7317057773482816,101.55384812716645,0.3989146961284948,5.198605672979515,41.597594736969334,548.5008514538098,0.3025298835585228,20.507302301472716,6.857466755338984,0.2218485753963222,0.000492129117054374,30.51559043375737,-1.183440866924065,191.08324847769921,22.54868452184826,3.251520043305666,0.49812580869645584,32.391924199585134,0.011804574885218022,75.07968778573476,5.743721938282572,28.270182689415876,50.069851904914955,2840.834050794324,6.009501710651424,22.733941929734982,55.67600294753749,7.880573296685721,99.85232690977276,10.153286680963156,2237.123434154974,83,1,PCOS
3292.2195294771154,51.985833483552554,111.03990621245173,92.00090133280365,157.09225367223098,165.22354927261344,130.7911042932818,123.57236956866385,75.39498165986859,149.48839448514516,88.88400682606354,136.20807917325806,44.371003331553545,11.041906130925332,20.582194976572268,173.00080848578517,467.1094570673338,234.48022702789544,0.5910312159106172,56.868394751473886,44.629610079767275,66.7936378122372,75.6491496017707,68.82895097670335,0.14266673531465343,1.1878912425637953,10.700413876176675,0.9784117247827897,0.39837499382742514,31.440769223698165,3095.412298019014,15.527562544994566,0.88654340340157,38.93906512590479,573.7190401097886,2.50385399371114,3.246458419802536,380.2830045793822,6.183681063758125,140.3559027152827,2526.9294888813606,3.1020246633816235,238.8588848229109,0.6448887011247663,5.665802038440432,95.70492573353755,1277.2185695078545,0.5012641026180683,23.24000465604199,6.826933848773381,26.233901657778496,0.08105256224854546,33.39249888870254,-0.5638376444775464,724.7578845211588,25.83367657740354,19.188836186687546,0.3918671144266389,35.777732635314834,3.424109984969038,257.1988785337815,4.6635154193550905,36.13071743938204,61.05334142051221,3627.67554758322,4.81819119897135,32.36158530483402,60.83962673168535,25.57211452794092,100.30939477812291,35.40907796074761,3271.950495742746,83,2,PCOS
10327.076074068724,160.50458739765773,111.94605552668304,104.0068461654585,222.85383121456718,202.43616861666385,132.93786149660278,141.73699631608775,45.77814240130906,221.2441415100676,80.75380669866806,122.08988219693859,52.87170276576218,12.855153490060058,44.56777970360484,173.45875115839107,429.0567644840283,251.28039060590626,3.9945029983334046,542.9271647159707,50.68203983975705,95.65999393833525,78.3691218322629,70.83683798449991,0.1637861095228573,1.3633442855664415,25.850829868351266,0.6936302323641854,0.7765620056316049,662.928927923801,3476.9797629505297,28.689173455407612,0.7711465055356033,38.91861864427242,648.9122984700017,2.7084675027497522,2.597070154676451,413.01762561422606,5.434293926810648,150.80777578701708,2370.8884572642964,2.6692147681063245,283.1286618757552,0.6869821360034023,4.869333110108226,129.61166511507886,1447.0499090628693,0.5948826416907451,17.583543713942042,6.3860536771262835,61.475467100597214,0.15734676317522345,27.450116797936122,5.668969059379479,1156.1890711602405,18.468839913161702,30.918913389100034,0.3987639206377945,30.001292672714886,2.785203156978993,587.077827646106,3.949308090809995,34.602269973223535,67.12575017845984,3433.0296164447836,3.958926604912219,35.40450115532948,69.3900383934683,61.191963661524014,100.49262373867893,74.98130820998944,3553.6552721148437,83,3,PCOS
24.59812625291383,0.0781083318121838,106.38121273409553,98.32340003152949,112.78176600370253,155.02851098136136,131.97370078638144,109.01166560146237,106.24993158269785,158.9955531372552,101.92600365642578,142.68233982755578,58.03240460914667,17.451357911124965,17.824946178851228,232.33706990655213,338.5842157913658,235.75452576009704,1.7645702650526607,2.2576057869667245,44.978284086044496,101.44423705955512,79.58417155725927,43.21788742205867,0.1269908549905014,1.0,9.874527264115446,25.975295094492957,0.6198580809590856,12.086151665933327,2714.869224208424,27.716450759691636,1.0384285363436647,35.03568183776325,506.0846706182259,2.080226713075076,3.086209378671841,308.190805259999,6.169045896229972,103.53953271659847,1883.1449585072016,2.748762234264065,123.15992242132688,0.38145333266480796,5.014286651134013,56.770112217930446,535.9275103944283,0.2880020665682848,20.911587639221075,6.98175927173616,46.60520900796561,0.15273341481854097,27.73948151467995,6.340468850811257,573.2655257034097,27.08358581693359,17.253146386538347,0.3285183742599842,34.56753067048071,2.1752899751781825,223.02454245685374,5.830470492570321,26.280374884636277,54.00714482783403,2638.9046651142794,5.752469418880161,24.106478277459487,51.99839260510646,47.40007518723218,99.32460579090235,68.70811573657225,2411.514212888494,84,1,PCOS
3808.2211984923306,1.80726578502572,112.80743422873752,78.08987773869346,116.58223212083318,160.31687703115173,134.8713790343896,108.72962280375613,105.88734999549006,187.95868247421504,84.37425065346257,123.7049242425109,42.175971245772345,8.042268617326439,18.218755216672555,163.50911834222177,361.25288403638496,269.5770770759107,0.7596204685126329,17.699032454953908,49.896701579354726,108.80871328298258,74.14190147776377,55.501952684124284,0.15545602310111048,1.2224300365825558,14.035203083616366,8.391362576738267,0.44414974157746434,33.08625023750913,2567.59674643171,30.160830959286034,0.7001499415917989,31.929111074807594,415.9181022162394,1.8559520884278995,2.820185314020235,448.4731317180542,5.283846410347422,187.42257947957484,2840.8487820966516,2.5829980095357503,287.8753408980874,0.6348581204984979,5.021369304317109,122.72912773494488,1524.2868073717991,0.5400641965947057,18.539792109085877,6.43506302732615,104.91519804019913,0.25450457729595244,24.589822626647642,21.07099847265013,1184.7123118934246,23.01376054010501,57.53886076710229,0.48842245454619826,29.37275810587976,9.575563950940122,737.0179806305624,4.020253586248992,29.667643250597504,64.69295445083264,2933.847124079245,4.00091567933532,28.109736946159423,65.53502316491046,51.46439040597693,100.10375009980629,63.22325477035148,2801.2602439446323,84,2,PCOS
15245.997456182544,93.70238716792221,118.23474269584604,85.40163203197862,181.16936895820706,221.98374566207133,143.36105007217552,118.13306310970768,70.70452978219853,199.17202199091554,90.5030254428177,101.04917922143468,58.08022217797039,8.050266893860357,43.804953831663084,151.28513792531,441.3720273443159,302.22859773944185,6.628037913815751,343.0102008647123,60.254008703764924,153.1216494737374,47.65363361636298,64.15133791750934,0.14378962258918274,1.1729140741742834,40.5811473608544,5.478816982822533,0.9280715408800679,403.88121631761385,3305.4464846367728,42.8013837419287,1.0898541997858355,33.98786640345413,492.52620957779027,2.308777966722767,2.8987432261112955,435.92409824216475,5.378800715601316,179.61233968833864,2460.9022523009266,2.948375247710574,350.3793194012468,0.8059663808021161,5.010687811787983,169.61624707045107,1753.337337483536,0.708251898264991,18.949719781205914,6.49502436156464,92.7059828127972,0.22496728117888964,25.051279542909352,14.709201498863738,1416.7682424817656,23.691699183172652,45.03379728226246,0.455824122698842,30.872037289630217,7.362850855141551,617.9908211840354,4.126037791112371,31.415320328732275,69.88418314984561,3151.2495926393653,4.068379307956374,33.31879613125273,70.75221050230996,86.45709204626752,99.94056795011049,113.6453241222533,3328.0602998210193,84,3,PCOS
252.89706359785117,-0.39957065124507457,95.0351101288912,54.177382010382324,87.35120631669793,119.2702457191669,78.48552892889404,106.13233973929148,79.01522797122858,146.1682595907542,80.41617875418947,136.81719152790782,54.98658600047673,15.157640001186993,15.621680111652118,239.27312517789247,298.34931468641867,157.5287142052643,4.263963273263873,-2.5304400519712793,10.606545641605173,23.979426079973933,76.5998457491617,24.7649763921521,0.0710580210351737,1.0,6.788183671975194,-5.853199584766713,0.8295294916011516,48.880814093461424,2788.9901922091685,21.381018474157273,0.8714907407651724,31.65464788318657,743.4471815959904,2.3163074833955934,2.325737524375572,336.4784306275418,5.0196277350383465,114.89419263927854,2028.478222541845,2.230120562924849,180.94805170344202,0.5698515436675726,4.5530814666245085,78.50730949278032,930.1093468136943,0.48002702406687003,26.279372220222097,11.574566411253528,-2.4166259198308424,-0.041754701464489286,35.810168147623735,-1.0082673045254102,104.56900807366588,30.301817734567507,-3.7187129140051507,0.3791482840755074,40.20778241387357,-0.7822108551475258,-28.15974911571405,6.412673609481856,25.573928607830837,47.20366211686129,2573.3715447707236,6.459171860325112,23.970291001312003,51.55920624212137,73.81998800731104,99.59955367893387,104.91153266691194,2356.9653663618014,85,1,PCOS
508.30444591213086,36.91964492440287,100.58519501512389,69.62001886151313,91.92535961034488,152.20860536024455,117.43057294234158,103.40835442510327,97.92334149496251,179.80711258515498,86.08773470841221,140.70510973183588,57.35861224957327,9.82786893985359,18.20632234057014,214.29391267793696,435.76388293768315,180.22995227814215,0.6320301633369474,59.195888226899285,36.10442201627475,45.659803341184585,77.18916038773223,52.07933796900129,0.10510738609682352,1.257068407305698,7.252328847824708,1.4859483124762374,0.5108571631071428,46.28878928635032,2454.8646470112103,33.04333897906282,0.6569045581651011,33.997519216762996,594.0872335408728,2.378310014005015,2.68397590354272,460.5561799472096,5.302831492597198,195.6541705868284,2862.844025279458,2.671015891699022,349.5094001661271,0.7606803119751175,5.146942029266151,148.4559001379596,1835.126923602996,0.6507259798283317,21.3011638908088,8.212923027696581,59.25903766629269,0.1404737149982681,30.54418587156741,5.621390503668861,1000.466151050807,25.432746987052337,34.231192878025766,0.3550996733113253,34.001709287483386,5.944298783667056,408.8860542914483,5.125885439754964,32.916461376091505,63.405671425373704,3301.981744952775,5.092714712770672,29.696666638846253,64.23079976814734,49.258847996599954,100.20068384195325,68.62506975235337,3077.6285445637045,85,2,PCOS
10783.273966968456,168.2821467686406,97.33914586290142,80.71938300521244,156.97076968770284,205.76231578403934,124.26511897215414,113.42703448272952,66.41115725875198,255.1274365865615,91.70425136949629,135.21141038611907,63.854358761015675,9.155398575937328,27.48921252451529,196.89416696697896,450.5534470808228,206.35043885274078,1.49167698331823,867.698697394163,29.841477405853368,80.90094320501044,60.890485523699375,54.883934429978204,0.1165802288337004,1.374086478022743,30.855871723736346,3.4130183958652687,0.6172895222190714,696.3248641835456,3030.0443182099657,34.44463672428359,0.3609787581808611,31.94349367252081,624.216447397305,2.8666162221734943,2.668136301942895,419.7824657359163,5.6738263143063925,147.685266509898,2545.98465782331,2.535686838884312,247.43235426741822,0.528800402139179,5.139908175929954,92.91498725974103,1374.280091368003,0.4841258170897119,19.291000865170364,7.575140767820852,22.482423028471942,0.04455182336939559,30.25230129682688,-0.8433010015736606,689.7026257086632,24.852535299044945,12.943041467013764,0.36625445933579825,33.78391543328915,0.8392026046139343,212.77443845975256,4.335774346652471,31.49404751630969,58.00806875958288,3099.19527366773,4.653175470254345,31.127660088478645,60.61273947333876,62.791218687648104,100.55402760495373,87.24327654378814,3108.0749950742215,85,3,PCOS
304.4953168705476,-0.1131934694864139,94.67833350841865,119.99659411578088,106.23245533000342,92.6265977183425,87.16717509810164,94.7047931195243,59.98898951066196,92.42180190849227,95.67508528201786,129.16167366348753,53.39392811918423,15.537348433150576,13.356953611284137,178.06387427110576,264.3727237116033,172.74421351155635,-0.001681985097766292,4.39181246579434,62.431763114526376,67.55660244531914,86.69110011604326,34.6508365048176,0.13557501664050686,1.0,9.143043806079437,-1.5268783181602164,0.4838102095528236,-3.3804358767535057,3299.015431345278,32.71124298417128,0.928398536424223,40.19976958959651,462.19176916437095,2.2151193533293903,2.6768690927046914,207.57120073889,6.289403065614654,52.24246253690892,1447.4217693825926,2.412275705022997,83.59203296670498,0.4240099068391242,4.942313001426296,30.596140522489847,485.3444674293644,0.33854445891301554,22.118286040419523,7.647045872810986,-3.2842184930009353,0.02992422939558602,31.44488951043435,-0.6886041161409899,122.17640523695798,26.589583963639306,-2.4403971359122654,0.3481068971319075,36.268309646110595,-0.23847354005198573,-6.669811402204147,5.322287655742436,22.819951774692182,47.54599101423242,2312.9858536173556,5.417874643791435,19.365602090515658,48.86171344788974,38.32511568067513,99.49056886764828,56.72819822571836,1890.2588417291413,86,1,PCOS
1739.8354470793574,110.09944000431975,103.35495554801427,110.40516101077621,106.53357419351167,111.14446021207091,93.82626027294006,99.57431744498534,67.63160876860542,135.34263140894052,83.84389237145645,89.80666983779159,48.43141841080678,10.394260556395924,15.402715782811487,175.1066609421975,319.1234484571331,181.95294189074522,0.4027264159451217,37.12099749434992,80.18944180845824,65.56972107955934,76.73513655150705,55.19146432506435,0.1742830251742239,1.3164699321935225,11.096088488617438,0.9364782754889784,0.4529419521218405,42.4243617625959,3353.1505954139056,10.8112972771399,0.5782132812254503,36.51659706159194,435.31157290084195,2.3055735249024867,2.613976847101689,313.3802738870872,5.338028433687584,105.95824279943531,2025.430986354826,2.457901222366364,220.61835527599365,0.7338288696191251,5.053870464364559,77.9083337597839,1204.1796829087957,0.6265975717307793,16.692429356451136,6.4383006688161375,85.11373292356713,0.2679034921521564,24.997598835255136,15.836083490603828,1087.4809089036632,19.15474891382981,46.910574341913325,0.53652864166301,26.939031386219014,7.036324213128074,665.5717483794654,3.747990448792596,26.978099101715493,60.50939983673157,2724.453781823875,3.861525848225233,26.54306896032982,60.327302127083534,44.70212525254506,99.9361866958596,59.81548838283408,2685.6607665122997,86,2,PCOS
12159.454576307327,183.0886452953024,126.16746850490755,130.6862211983269,174.59279211593827,157.2800462528495,118.06399026753724,119.03746964367437,66.22290812800216,195.43331648714747,85.5175678702615,93.64480123557038,73.28477383640706,13.253329012608905,36.519347021151916,152.09946288699186,350.3272087295545,246.3219974102512,3.3493930893321515,431.16947010034545,65.96873199943839,98.0516894368323,75.58942837167544,70.96966587523505,0.1876804973846454,1.4469715446308202,27.957898510254804,17.69250706343078,0.5819594114770028,475.75110648905326,3645.5211295415806,26.600491419138176,0.5256817831175424,39.60938933868462,572.9532676365341,2.0879826347219255,2.6118728154408712,309.72127270349745,5.949889080763183,87.37257152835579,2138.601153610676,2.5367068900124035,205.01715216413163,0.6728464477925361,4.954716858892068,89.68637565369076,1125.3281050137628,0.5360950460448002,8.677324307787968,2.8356783901967377,152.7633857637889,0.4347251642154927,15.270572791445426,25.639179317493042,1861.4484983213629,5.139481944847763,113.99855208479131,0.9129010957536516,13.805670196637266,18.27099240904139,1562.5936684537219,3.2194812582308416,29.044684094126865,69.28495735516731,2897.6546793855127,3.048762156883992,31.949353067125507,71.92900269074418,102.6269324038032,99.5388643791247,126.9606031892809,3190.7304832885848,86,3,PCOS
289.98204599836436,0.4571212119352429,84.6133391989556,70.60573253301297,93.48983350867628,162.32001773076686,114.98420253589059,103.11226447404312,105.36022953735736,184.69028861578104,92.05328785867657,102.81224640295154,51.10548961635101,13.174906459558976,19.16108229916194,171.1256893329715,316.6129425027929,190.18887996442217,-0.2585655494164856,-4.353688043656083,12.01840410969487,98.1615547295649,72.78008111811818,29.604318593811346,0.09082788811981857,1.0,10.878070602885677,23.0984586734968,0.8325834936804546,44.786565576622934,2890.1862635921952,35.84254122544988,0.625825020435394,26.401904056105042,671.8973673149892,1.9720544910775604,3.0292621268762314,279.0547068843354,6.049268253285108,93.56891961852898,1653.266744963437,3.0309106403070354,117.40683354715154,0.40580053445644354,5.1694306566869015,58.59832355396577,516.00740205142,0.3197708646063676,24.32373902734681,8.949952014524298,58.60404289922506,0.21105588528197936,29.531207602450543,8.152043663252664,682.8775661148724,34.085635821172595,22.878500869120387,0.35832417721373705,39.60246775998313,3.0125921846075236,275.201242713349,5.989558870837089,21.962953330663723,51.74835457288479,2202.5751628273943,6.0188521430156126,19.454926223305787,53.873816161874885,11.908821417251339,99.36987656013989,16.30581760749098,1985.8365655745185,87,1,PCOS
3315.5379081397195,-23.432868522428542,90.93534054221215,61.0370302737247,107.57851088330638,136.26653366537118,124.17381796634731,107.8972675274841,103.58015127071067,214.25103052793136,88.40562922250493,107.69093666321045,40.41217450114813,9.744956232193271,25.28936541914674,155.56168043255784,364.765722940955,218.6844078566962,0.7902512655395579,45.56798292567626,4.15698501001129,114.01392693739942,60.46593371147764,46.1044339639504,0.12832364485423706,1.3640538310201777,12.546354432794123,10.634023556258255,0.7465575756215629,53.81074428791503,2693.2395234025453,50.3481578757507,0.5631233707541007,28.138878514496707,544.0487845477942,1.9011820296982385,3.1294850986755987,363.4462490194541,5.794899164754661,161.4544749856168,2321.188125343353,2.8153708456879856,218.43126783190937,0.5700900970278718,5.2960638417567845,96.13124885618069,1144.0958497511735,0.4793896378584762,17.75295271772689,5.148240082682417,65.33158923980255,0.15389622272246722,24.291088733263987,4.535443081065815,1297.5695898681763,22.31021019565691,49.42137621047172,0.5554706219971194,28.767589858627918,8.51733274818224,616.4003014735856,4.942775895813758,27.420755909234533,61.09450120173415,2707.701752815481,4.800918638148698,24.30643684170511,61.37386192760012,34.743117550201006,100.10611614525806,47.82613919649583,2458.1674675214867,87,2,PCOS
11870.447552156445,104.47950516462605,85.9894594823376,58.07991120322288,170.47910356562798,181.41842442785438,111.08253011343382,113.10549281412878,71.49433062400402,213.66984803750807,83.08244323836706,93.47298620575557,43.80943125130764,7.997282509040041,36.615002011272615,153.93504718840222,363.003876500844,238.96382727580067,4.9765687474886855,272.7055132710027,16.697651053453455,140.18389688934153,40.028509056706184,40.27814844623445,0.1236931775981642,1.374413629077152,44.72569682298714,7.263860189388233,1.0515410941656285,659.642488954335,3251.6205491009487,42.93565464871484,0.7140225951653973,28.753599812116274,631.449972224389,2.713821286294294,2.266406791810952,433.43920643226363,4.470524269395306,186.1767145359598,2261.532029480115,2.554768796635902,364.8710956942182,0.8736922093236585,4.524361628620619,171.9006645525486,1828.8810757163094,0.8100824504527917,15.576185954154852,7.230459445638417,105.54371963120417,0.2684855432092709,23.553218228454977,15.38088849759342,1543.3212728475708,23.10526450626523,64.65800802369819,0.36925062175096496,30.133086086671092,10.11423261190273,858.4815763245049,3.750036592762644,24.473288145969438,68.64198013508741,2435.503729034982,3.7542331460290232,24.854551889492786,68.83721272946187,30.82708667533941,100.18482099064022,43.937921581063435,2471.303623066175,87,3,PCOS
257.23885593298485,0.9966283898234487,83.94997819955276,80.01339637478083,108.30551491996951,98.37642272836814,131.6665827207819,94.63900313886872,86.68662728815204,125.7201677014922,89.65630799151488,117.07562093375236,47.171013445799616,12.829665848538678,14.866434596774234,124.97254950093719,299.4582908556727,158.82223420700225,-0.5561749663996711,3.6470626507877943,41.56528765172067,71.21231221701248,68.8834868183536,32.68013303216446,0.12467023835986252,1.0,4.894910891537236,17.98437606296051,0.7387904099854348,5.964131381427361,2283.7854522428843,37.36220771481723,0.2846173909370085,26.66122407406674,466.7944258870385,2.0245417545048165,2.9247640891181077,229.55864392171492,6.408508765457099,63.30675799710151,1463.7682733585455,2.7256332633816904,70.5694709218115,0.3311353630189043,4.934849342934132,35.4165658227356,333.7580686488293,0.24258717232766763,23.516260688894338,8.475907496197586,45.33752736923,0.19936493542912725,30.9387374893244,6.075942007520225,601.3803744535974,33.69246858981622,18.07006842522609,0.3315756002714543,40.79284336728374,2.3473449402101116,235.85846012326897,5.22983238218173,25.889435082597693,57.236773336706136,2600.571433406473,5.58090158504228,17.930123494756604,53.22791900000727,-2.764154569295023,98.9806674811559,3.358794819856172,1790.0320534986918,88,1,PCOS
4659.790144949349,40.8125333049969,109.12103770991104,80.71575851350838,148.20957350396884,125.45788607890239,166.1808694736206,113.41632032912344,104.25183661581409,202.7516685137684,98.36150669906293,121.58506031756669,30.04899612945797,9.55792528089548,29.382898545804004,108.02404294709575,417.3043916655249,207.81635498429637,0.2025147577457338,35.21023188038701,45.577384717279486,68.0856866400351,65.14312958727392,63.716951899741744,0.15311573899048322,1.3494136226531555,5.688982116657123,6.621743918848277,0.5943346019230189,45.743455483418714,2495.8756210276415,30.951806899268234,0.4314979831457925,22.113556142557705,420.15530311455524,1.9949465938990951,2.9661694464400927,305.02989537343467,5.648457401403188,125.26069236046987,1927.6737713720627,2.6132922627081747,167.0437990961804,0.5871478727018158,4.983156492847321,71.56059406604899,848.5969961715234,0.4736041108965513,23.773977090577326,8.07556348033987,-0.058932588654158735,0.0045136067272258384,33.075905123917714,-11.232830092361272,931.8487120176471,23.378875324283975,34.9207490444865,0.7283514157777773,31.48004748330359,6.473584435791835,477.29674480124464,3.4040837170848057,29.6184485026125,62.10992004620777,3014.716976211137,3.602844946517398,26.809324177801948,63.174370713862544,24.451898597364632,100.28527841899891,35.273401027860515,2716.169605554035,88,2,PCOS
10415.538218918253,85.73261458111273,99.88000185481451,87.41284056579383,198.97642760429335,152.6505363865481,171.22522666590578,129.14492567746896,98.61768155974983,203.3394593295122,84.6254678907322,109.87579790882438,38.205906411144625,11.502573424783938,38.52251903191437,137.68979399793125,303.0282837000294,248.86297126011422,3.253737923438247,-126.77578972279088,58.029617975177864,72.8973271302385,54.66782127980504,53.749324993933456,0.176997498463606,1.5681440715738624,13.151341289981183,19.654545518276237,0.8521935801667839,858.0126891551516,2183.240223828122,37.722622140556815,0.23817337870468924,18.762794645617163,490.75453128742413,2.218642490707955,2.1425663334790555,328.62743800790753,4.714370170296344,131.3139260147487,1684.1622996020285,2.268806469264522,223.10531580212228,0.7041268884026283,4.185408269334067,119.50586462267809,962.6261873009298,0.5999884060515699,12.927544048655568,5.741936149684977,71.13026261085858,0.2265945751308279,23.095206624191288,7.644542021285783,1170.7801594350606,14.855744129488672,46.72781682352109,0.41721704475993737,25.738873287222805,7.151260756730511,682.6583645461792,2.3979414845160445,19.737005331517633,68.84577091848406,1953.177720350071,1.9968780289335588,25.971604003179223,72.11640648888742,68.3902384611405,99.83848648240813,85.02096038032337,2536.91503081261,88,3,PCOS
226.0911173874012,0.9609873619127622,77.6470328586739,71.4172202632909,95.35514850047981,66.10233137329658,106.6084206427339,77.21632385814011,102.54218814880797,107.72889754884035,81.29853999804342,97.07876406226876,28.70082259018756,8.48267486841132,5.071991346638399,144.58952541572813,266.92867848328217,132.09908135483727,1.501173910087816,5.3408745654947705,35.42515575859177,79.08780958243844,48.21396470620622,36.05222156980644,0.14111517474779825,1.0,9.42192560545011,12.60384823292928,0.453710725534213,48.34359939723657,2724.881509084221,30.56302310053622,0.6093589984825428,31.316586909855545,664.9900105160995,1.954976498768336,2.5767951231993744,227.37942235633648,5.778870484400664,73.08323360654808,1387.952910315023,2.449446887634969,108.8230460115193,0.47752126321299,4.828663464046365,46.1400966576046,534.9980666362424,0.37887800868219706,22.8930414853265,9.05315065934316,30.807147542246806,0.14301244581631536,31.818107590490897,3.7612861653010237,454.62905021254977,25.089255861783933,15.870611094274793,0.49546916450384476,32.470259958236085,1.9598358708822654,215.23408652238749,4.975797054005613,21.925402415597596,53.796013813657225,2210.962704790904,5.2330360984867745,18.56343389968289,53.9382347973305,32.433732393392,100.00527193244541,49.005815327652435,1896.3118709248413,89,1,PCOS
2372.2749439535773,-10.173737517672592,95.08275280054184,69.13288596628458,125.0078482698094,63.23903330794892,139.55597480045836,97.99041657519088,97.85570540216129,141.0384527420207,88.2147988990317,121.56035356549917,26.17160493698705,6.205832836472833,14.26623205353903,139.07447793598251,387.38167629081676,196.69408570328397,0.5158815661059142,58.73319802932575,42.67274881180734,90.085580073576,57.24257103674819,58.73953225162516,0.1510194431967615,1.1444395730078323,11.38369298951529,8.971294316530129,0.3073250538513745,49.864521056506334,2674.912226488549,30.596907333635023,0.5966064025075226,35.112941208934515,568.1536923540904,2.0339116572310383,2.69036134947084,326.73760485653605,5.582649763485931,124.43586003317432,2005.117114946912,2.6220750245701487,248.65896685853403,0.7458525638679844,4.971603093899885,110.8155085079258,1328.4157247733174,0.6493760886681739,25.57471542972822,9.711346194676466,-7.181720036848837,-0.01340056233154821,36.9944867954163,-8.621086479837693,445.95635414782146,26.17280218824898,-6.195865385948185,0.3639720556819119,37.1889286815603,-2.244774605913833,33.668259514786314,4.624082695501638,29.161025959046516,58.95889081186879,2926.3468024609247,4.679314392079355,24.314728032182458,58.70325227617513,31.17048468285136,100.17660669591466,46.468150559218365,2476.846366559297,89,2,PCOS
6682.18717204647,69.53922799918664,87.65431546112706,70.34332608812723,163.84430478825576,103.33732635617662,132.3995521410514,101.13718247958592,92.81765100840896,159.27656287208904,77.41526405312061,94.65911647409969,20.472613361017125,6.24322153836302,11.48199131126219,137.30253911113368,366.79577206058553,183.39979551823245,4.722258098064638,242.39267799338336,44.28467073516549,106.57400919790409,49.28782838432825,57.01638671608744,0.1613140048734409,1.2330692436788433,38.50167163905979,10.48915587268338,0.5345815955331381,660.8372479534962,2993.178950929003,44.843519344165465,0.5645826729335912,30.264748423493153,676.1952821443869,2.8901785539387013,2.216964485783575,340.95748387290433,4.6743106188392565,138.80996724877798,1869.1401384481517,2.246648678824676,290.6875476353611,0.8499637314287348,4.478991928242933,127.84905235408073,1472.2537266993222,0.7687836112201464,21.46828283485967,9.43532864763132,31.296095112223327,0.10371381552190427,31.79535116607254,1.5790764127464278,685.5299804784606,26.632650003771367,6.9985558203013625,0.17793770134115766,35.79725501904051,-0.15698671270243914,217.1169508076801,3.08236613547506,25.823344645397093,67.19065262780668,2575.5682747091573,2.969151726785695,27.138611007880556,67.36198730812758,56.742628565927134,100.14444277268406,80.05565632863973,2693.448809898393,89,3,PCOS
189.05467755837674,0.24220766268273689,102.84219425958229,116.22701898772445,117.82313587641904,59.32919598519646,120.45184753120516,96.79652200676765,104.0667941991347,115.1333005660791,91.73589257104153,129.80351125287584,60.48444457696425,17.751653659710602,8.326807974505696,156.679893231786,338.14641413273387,184.12123599491625,-0.6072843008175413,4.386977355165818,49.191997370244756,64.77579923063443,88.12192804171762,34.05079075055936,0.10006765101120979,1.0,10.036892611120013,3.8643043660470715,0.5926425914937112,-17.31704484080718,2915.617979753169,38.00130371626299,0.7994612411702141,33.496469149679825,349.5198058593887,1.87064644133033,2.98541872055137,215.31776469843703,6.8816659428630205,51.120455634157175,1554.798422530652,2.5469603519833024,52.82008765747027,0.28805941474385577,5.099408093691072,18.085995750452952,295.0301218435883,0.2005069457087545,14.904202854577791,4.0875404423359045,59.13792043637186,0.2562333469582574,23.29582719046713,7.288926001661108,860.926302704785,20.72428253383269,22.944510355792747,0.37891435743749163,28.86549681254501,2.842637454129605,316.1566974258983,4.9567479361694735,28.612163381755934,57.01045126232563,2881.167141594685,5.060462314252226,22.40950610848538,56.0051447294235,12.868220992108117,99.42357129261839,19.929087801590413,2214.110029331992,90,1,PCOS
3019.272868361034,50.79774480496544,114.45101939932945,104.15217205476011,129.31919951798147,96.46219206017554,137.18625163335355,109.35018216402943,115.2657974589682,206.22252067024158,83.18972595927204,98.67833401718693,42.54916291852723,11.32337618810533,13.329189371911392,160.46406683226445,366.62491752989837,235.34961916921714,1.117422829345046,48.89417829746906,56.68137459804045,67.97156848152535,96.45659767675559,49.3961696335581,0.1341800469613808,1.3512298397254063,10.601746606847954,9.965923147302549,0.5110389644376985,42.299741308124716,3016.0157526016224,20.36235119869499,0.5235338861404113,33.59114160696953,382.7212522433289,2.123827013086621,2.78285532070716,335.55822883738034,5.84072868458378,102.37118936714718,2335.8638153161587,2.703175001216386,267.04648412718075,0.8236988212200093,5.313911772249141,96.98327813776802,1516.3000336611508,0.6800933338276716,14.699466300746984,5.103782859434807,90.21846534715098,0.2609611414705655,24.847925686041766,12.955795105635715,1518.3826282191249,13.416344029419507,52.20234746164458,0.6275465045755249,22.83070191194963,6.815703278736825,842.8027981097927,2.876207171123493,30.762487344202654,66.93183295053734,3098.412000381137,3.0023119007771593,29.058410739665643,65.99676944943361,32.28757775836561,99.74830907803681,40.762239573847786,2898.404429375806,90,2,PCOS
7038.23168930881,90.26195757621156,123.80073638769416,107.93634237190217,191.49203478474752,88.15232100596036,155.14010384726754,121.87915198992053,101.48684083915447,200.58172637064587,76.53219811843223,99.15872573380076,61.97247653717904,14.897402884798822,17.51303737315759,167.1637022664168,334.7168326733697,253.35923011764922,3.892739100528041,265.7030347400139,53.93063965803357,113.82725233575611,76.09238189781234,56.656186366267875,0.16243791223397203,1.621237939004815,27.714661985780225,20.813725637580937,0.4565326288337183,1074.1912862307647,2955.5580947756803,32.35679935047154,0.7915572002247415,30.881610540061196,529.0014554035116,2.265536139057261,2.4588859784327792,331.6807243086934,5.455038462957217,108.72348160094646,2092.41969173473,2.5385976447207934,229.97842559542056,0.7016160591469767,4.594331380426181,116.98821129423239,1185.0094941399425,0.5779034588742891,9.13639508339925,3.4294897165176907,135.7786236784025,0.39294211274423957,16.04095873672343,21.244190795849015,1920.065827740605,6.441961268212884,85.37109237604335,0.6807840678119588,14.965792543290133,13.798287821098274,1214.653732693539,3.0613612070944454,25.455164077315743,71.09932287913652,2537.3351823024404,2.753393393376855,28.50492969697988,72.53222118637805,60.72492581802873,100.09677634137644,71.84860587616174,2844.066194449214,90,3,PCOS
453.2015981077494,0.2994463154068397,90.9064704480323,87.9206456304003,58.99511214203177,148.08150045835237,103.29387051403315,86.91831741671015,69.24594340066648,95.21729401987382,100.96672970035848,116.93822212641783,40.54152577389648,17.25332599693909,17.538676613860094,237.27717006645832,276.42529406888684,213.21078372776967,4.789586180151531,15.543562821443933,71.59665371032726,73.5298570894529,83.38691252342866,45.60274724506582,0.16019762022211756,1.0,13.352346529212546,31.39346361640957,0.23952652374882083,11.642114718190467,2947.1979189848475,30.572557339736907,1.0579792162144943,38.24465064654442,547.2265719062003,2.098270780814457,2.325963542826098,301.8200294367086,4.321610837080044,133.90867674639446,1474.5696312186806,2.114346823485882,142.78053078849817,0.45865697605832667,4.100755798372733,72.18102308315832,535.9720748816453,0.39880115507032865,20.2588038693599,9.06043452993134,47.63668599377284,0.14309194703340541,28.512183744171264,6.3956661137550626,450.1450452845379,20.158945156195408,23.65150177645757,0.4958104637483146,27.702985510601998,2.9118588249864175,295.7886188111447,6.825724886634136,22.36675728360034,45.042310445710385,2217.8589926934706,6.646318737211344,21.602959129293502,44.70720420844968,96.81778350130796,100.25101094782771,145.58785337204222,2203.611297617894,91,1,PCOS
2579.5541620394615,-68.65768192480574,99.27680755023883,73.49576212353675,55.195334744836394,103.4180667055331,97.2413318769884,84.86100507311446,74.01383748600935,85.2380411913548,80.27102002736375,112.5375132364748,42.06382950638737,7.3376000973636675,10.010867978993717,121.63779948647453,304.2209549109825,194.37946940648033,1.1412764744873534,21.713936256573145,75.09640246798483,84.2353925788031,78.63615980601152,49.67150948966266,0.16477597039833625,1.014284769554649,19.01071298476874,13.672264290880761,0.33103928341943234,36.62971528273515,2805.4486350880866,23.04854552159262,0.45041842863117276,34.88601735748625,400.2209445079526,1.6498151865857125,2.2406483606878513,362.1624795706429,4.944917525819932,134.97063309508485,2382.5165140018216,1.911013281524402,188.21977915358684,0.5149847649115438,4.348613891362769,80.61917471222594,949.2617509236702,0.4070068196090266,21.135225850010208,9.511885359093139,121.75622512038595,0.35908930490568347,24.73212520644239,35.69198447776689,430.2073208444494,28.24094150669562,50.22313934233708,0.39232194333298015,34.1719743870924,8.201837823838064,593.3921475190031,5.256565448621307,27.41769223177735,54.89050615138804,2690.8410190011646,5.215225714485484,24.14604682204452,53.39745409837935,57.66603368775178,100.06539734834426,73.3682947684469,2466.8698770126766,91,2,PCOS
14652.445379324814,96.58423546986265,107.53242392732943,98.44170558774995,92.23763758259854,247.21418809728624,120.96550920824095,102.70555478600161,57.33576521675222,137.9830529859881,100.63167564996613,115.11516392860618,69.03079678420445,6.1644675586940085,33.197924710294416,121.50007263711208,456.2562509502861,251.03281930096168,6.952956876285969,353.86743805549094,97.34415617545267,150.81427516776057,51.53268449677667,59.73599312022844,0.13184455622853417,0.7911300916406496,42.997543089892446,7.074387518885626,0.5697186315394597,411.4426451396519,3306.772146203903,37.16462790685116,1.5282750348594187,39.523955035467935,578.1117916205134,2.3546582395965165,3.2240578556471506,357.2455766859394,5.6665447623109415,151.06759326549027,2129.250462137651,3.253034315434129,260.0988147234391,0.7026822560449536,5.329218696582255,133.8180673613088,1263.4805845108908,0.586749316916125,17.253204322975222,5.2548328633495816,132.85074168642657,0.35324859861146496,17.86462543480937,23.564168062424848,1651.2100965441086,23.459616123757257,90.66598782789907,0.8951296296076887,22.44029320218412,14.602847376008857,1146.1113076668619,5.655681957203494,32.226135806409765,64.38111653621523,3260.615497250875,5.6644061359835955,31.916060376388916,64.93531040317134,72.12028891456471,101.06023945182879,104.68422388970723,3187.266342918368,91,3,PCOS
148.90090760083115,0.39056607483573375,98.12615577883156,85.81961171298624,131.69363977965415,121.43806790557997,122.06872138715816,102.41271294043544,135.2827202462135,143.7946162079846,98.36065925873287,162.57638375549473,39.88334004713729,15.843108618041182,13.401591486048584,241.20055477941125,319.3614805997165,192.3155842417235,0.3982539064638362,3.605470563063098,50.90551800919532,109.22891260425025,53.87880335853132,44.52375410757405,0.14496345029015953,1.0,8.797046402195102,-5.63261017250462,0.47732527983553724,-2.5814361604310783,2589.6612423895494,28.24170284943549,0.8220014725610438,35.81072050006004,428.0174638721512,2.1291620203091615,3.030893187849044,312.40497362879364,5.775245763349677,109.89362857492551,1793.2312694658508,2.547745353504951,150.45229849667848,0.48911213558813577,4.946328536703279,63.58641689581387,645.7863085275509,0.3898234628675359,27.70471153402609,9.357457903563953,25.38740931849388,0.06872697558251879,35.82011378622428,3.040223001988139,361.04542081337,33.919395305148676,6.7945647234812,0.2786908314178851,42.28147323981783,0.6604192652056065,101.49350128398227,5.693916405105448,24.765161899001136,50.50873140698542,2508.6744770898986,5.407696183951678,21.31232770299293,47.96710619304939,18.91362491613919,99.07986344661182,33.41608266556278,2095.9836718989077,92,1,PCOS
1352.1058413474325,-10.14499229797017,109.58730193437303,76.30879885048665,130.658615823636,172.01186495875874,150.77593869489047,105.97112301037257,144.10294658095597,182.8790485465479,98.89994645201469,147.65809763257013,33.90544008500321,10.88984813547723,16.44820762389525,198.9469420700769,403.4093918562368,228.85288696343392,0.9261285977196085,35.615049279326165,68.60025706436073,100.88177954134468,58.78789932043134,60.33480424746571,0.1477845425989189,1.0588838757498635,13.200275218843878,17.201630445631995,0.11374898923484322,10.524129453667182,2549.577533603207,38.21417232366508,0.6340139766625791,30.388132976110207,380.29795986227913,2.214819038014242,2.866456411515711,409.6376789200875,5.7543392612175825,149.68323195908627,2481.796227603943,2.8006125855600708,201.34731907270552,0.4728157992442069,5.1284440164589205,87.9989784650705,1000.6288698849469,0.3850275621230201,19.804679862064493,6.627669825262727,68.44697543644197,0.1759471130233816,27.401854459113,11.797950867127382,940.1369744855311,19.271028332767628,29.84217251237692,0.3764432098841692,27.642560486775853,4.704625395808241,430.21323383192816,5.134449727273697,28.578505367107415,56.015045486769786,2900.161385111552,5.208657478466659,24.86308924861786,56.43764047958762,44.37451789148672,100.32915797634426,62.43600735002276,2533.68160234236,92,2,PCOS
10498.348212086172,115.99865930307223,109.60474979032004,83.20663027056666,238.4684936470522,234.6079742797702,168.52106880906285,119.403858336275,105.55627457220582,190.05615222066032,97.46723266386182,129.71220496572585,33.93156020238272,8.055539295781681,27.716755355687383,169.45625635665886,432.96196645345793,270.6108512755641,4.120967806851984,535.193784020772,70.28948605896726,160.9841927553634,39.472378080532856,68.6817300944133,0.16177823357919363,1.1888029543807648,38.6034811486714,5.635943352961851,0.45107307044785955,447.5853477446814,2807.5322704711957,47.09847212614313,0.6491344835425716,29.18596223272735,472.34336051586706,2.9625694520078896,2.5676315703248114,459.7588984360356,4.6072881733084445,203.43259708768082,2269.67715176815,2.473670874190939,351.1329856039017,0.7614899292351403,4.591406813402558,160.17513775952514,1661.0138639427742,0.7108284666647093,15.351017154322967,5.951070438033946,101.18731349761379,0.24033861434524578,21.956499248268564,15.676577389290221,1409.7505519914982,15.750291386291552,78.91725402936939,0.7101496027376207,22.236537405798302,13.463698283196841,915.0861920327654,4.265435885999362,25.50768844890107,64.10585221776643,2544.7941081093627,4.172368875817448,27.53192245112875,65.71853309755285,58.5575545902384,99.78243700297772,88.24764467257909,2778.2980502128826,92,3,PCOS
201.08962280959983,-0.1146040122917476,94.61654366180629,85.04588233920744,76.7672455167335,53.994629515216545,75.663142446971,88.58710491909427,97.46461942608254,130.24841687191278,85.79830689799364,88.48862713776654,72.33207137602727,12.251023444433812,3.7483902219556393,174.38968458382988,310.5019798442698,160.29964238651115,0.2892286833194131,-3.7261155370811974,17.552638979958488,64.18363034305631,74.12557080894427,37.035545149471545,0.11053834457693792,1.0,11.81879734202285,-9.620003162266773,0.7118173882089006,44.619004460301326,3337.092098292245,32.27734852239289,1.0192029730580794,34.33368554321575,678.8935666996183,1.7151139871333358,2.2518627567742895,243.34488995542563,5.346391660302791,79.84946878448397,1356.867727759029,2.3894973245787092,171.4376455601021,0.6877107124466999,4.913894830511493,68.33723445740547,853.420623072948,0.5765057155268298,22.357004737188756,9.047344046483461,18.153941264043983,0.07643193432952214,32.1789244751593,1.0123463318935566,337.4687540451056,22.88901896267398,6.196685186404819,0.4571595741161374,32.31715309355219,0.3314224837679709,56.85191961455058,6.090506016795545,24.95484920967329,46.794330368028625,2518.6028815000327,6.171107729193585,22.890737073225417,52.893048795400354,41.467624349993514,99.88163556515758,55.5012472317965,2276.796854816672,93,1,PCOS
2590.5614609904046,65.21001255490013,92.54740930605908,83.2994827270183,96.49151142018158,66.59881348961326,97.5625345627277,107.74549240324473,96.30798158190962,180.31833116917426,77.07526047458973,83.03422329843696,59.4804091351816,8.768785538911104,7.859156763888093,200.30071646892878,348.6729482869379,226.24957372935427,0.9533232058555738,109.83574694494882,30.453294903769418,87.37866098291519,76.1230644422738,48.27430605183274,0.13886755683183358,1.206980408556845,13.788229941070272,21.02356610697506,0.5265223124399285,61.33633040519902,3189.810120868717,12.116886626139824,0.6491081412302526,42.474894887906416,632.7637933760601,2.212511410164939,2.495474239883951,381.69264361755546,5.330796738969199,143.46587056509054,2416.150369073688,2.8834496742982263,394.2715790741927,1.0612123226345895,5.422634884172827,159.73965130077715,2165.7413976958596,0.9099938755628875,11.83814901746397,4.81283332121702,83.1434576163212,0.221930171978339,23.175803962594642,6.9277018389482885,1505.97806321491,14.432435081002687,36.22333498653475,0.4683891220961335,24.008402379691358,3.4553399625559575,605.5905308440222,5.298399641372258,30.205669635062655,61.77731647043986,3002.3768105242107,5.2163818826575845,27.818873104416287,60.36128871386376,45.7092969723558,99.88453824194315,61.30019766475667,2863.0566685779822,93,2,PCOS
9011.100206064246,163.56465510307544,97.49569347559162,79.06967845322363,111.47214300833207,43.0156710625084,112.25164240372649,104.75778597591976,59.4030665076493,221.1007173371672,68.0034070392001,87.00503191836901,69.54331036350806,12.928897082415293,7.997055591281621,187.5996943392769,377.6115349809187,215.16991786684468,4.642771346286286,876.7120241573962,18.753569242495225,115.90980284187447,81.7976140666006,66.36192008011443,0.1661509116907923,1.4484474167513133,49.65602253804371,4.399167777504472,0.7729221708826526,995.7188713839466,3422.7433859578064,33.345648312645565,0.8061914509966125,41.30625261547224,758.6548066135701,2.493981977815275,2.098065083792269,357.56773251401484,5.355960543217994,106.92350618604664,2421.648888852656,2.2367073798991104,249.3699783182406,0.6893137246426568,4.799632388372944,93.1280390240721,1537.3933784356082,0.626712888334143,14.420342764527174,7.180543101729249,111.46666775980965,0.296168024248255,24.085500043938783,17.214037797798422,1612.6126466535184,17.03345901097654,60.5719652546501,0.3632562792352144,25.956255154059026,8.657184532653112,898.126722258962,4.283849830365894,31.978928434413028,62.6804933723036,3171.1757405959825,4.583484055022041,30.626763329606735,63.59730688232355,67.67648324517936,100.5489067032056,89.8508043052787,3105.24122612075,93,3,PCOS
-102.86471401806065,-0.030972340329652293,95.79035751836815,92.65931265355454,135.19902339122248,106.2929914207502,103.90794614980322,93.0675460384454,120.82869082640957,99.74016381386075,90.49091244086281,158.23385009351006,50.295786018447295,14.207967479497498,9.334586401609931,233.23919314861467,257.3927112346339,197.69612453208708,1.2318601346416014,0.8779989806889139,39.287689731290925,128.67930179134822,73.10921813680947,40.74620166849653,0.1659430902616004,1.0,11.532653517155252,-0.46866951481897523,0.5610164523422004,21.92857068567622,2442.4942389977296,31.507550627055615,0.7450783247021805,35.2221830408982,458.2301274358149,2.005089988755262,2.959563183043425,313.60866854037084,5.898637593384434,104.31524138692589,1811.8286126867308,2.4789844396618523,179.92273165237444,0.5929249737313912,5.004249508637727,71.28404328114695,861.2784221127429,0.5180514311971365,27.282692732634086,9.323271266149044,28.66426326611964,0.08127104969077628,35.822543584757405,3.596522049024343,403.32031469127037,31.990603291960912,4.921688522304006,0.19144869618082186,41.88736656724903,0.5041689667977889,83.59015079941828,4.003789963522106,21.029645095711334,55.99502290386233,2170.673072370146,3.720492598617243,19.502752700214963,50.77247578892585,26.241193706983875,98.85208421136694,38.22022994709108,1922.6392213664133,94,1,PCOS
1040.825129294402,102.46587540002824,97.47558221859312,81.47168292760452,91.65679516395602,178.29521451144666,111.07291345764457,89.1560304882562,112.71733287428364,139.74291468091556,83.1154370648535,120.66768028984633,48.15499066848216,9.080815139466434,14.952078087830747,217.5905197817367,323.9630828611077,229.12555711634516,0.6438325835249443,-3.0871564954336534,62.34575982646579,135.10782173511154,69.51941209094181,60.79113864535613,0.1852354243702702,1.1547081653685227,12.534885041232421,2.0631235906100507,0.3125441806473156,31.806424035004476,2357.0042134556306,56.679592139913446,0.7250703776454697,31.745374428638012,481.3807766858849,2.3152376584842838,2.6277280103779193,449.2273114971622,4.994496629704632,179.96422369860153,2418.400735661837,2.675941382884553,294.65452759259745,0.6321137311308757,4.787594778648414,135.99681679344096,1462.2116818712695,0.6003925371376257,17.729088375509825,6.651869774145594,75.07252240563112,0.17072562070013492,26.457369921017914,9.097941960549793,1196.546540226347,18.577991925195764,30.69786108693014,0.39426350087674694,26.621572978518195,3.802068688072708,456.7169294265574,4.150365655252445,24.20192770743685,64.4256491581871,2490.598024540731,4.058454392413753,23.63985073845302,64.56838096838895,52.00198201576627,99.77230154267872,72.61668190261378,2346.297027315682,94,2,PCOS
13386.41834355924,223.17047603130152,108.34783832709458,90.23463151181406,188.3497270251353,231.60981232451778,130.77242845890683,96.88710127607732,90.87034753217218,133.436280448633,89.79962218316143,97.50986789446134,54.84703410374626,7.261515705931417,31.186108891700915,161.95672192954808,475.8691394385625,262.617717703458,6.1272423435568735,723.1731204379389,45.83085752358123,181.54118780095507,33.521419584574815,90.44717049683126,0.18958339790292056,1.184948071178868,44.04963769524369,12.504509731477073,0.6219085013557278,142.38376744153896,3647.5562410225034,66.40827546843997,0.9390182988216573,33.996272264561014,616.3527976189008,3.243597658498267,2.9938825297784812,403.74707911439805,5.777291564642525,149.95789962792668,2434.9545130416086,2.663779496699244,303.56209308022426,0.7418717770917641,5.2009194916150285,119.6388590804507,1540.3022507951812,0.6192328964341905,22.019527167110788,7.377379899114888,51.640489699171994,0.12569315385862745,31.934992992306867,8.157211772093467,646.6872467043232,21.29447790739708,44.94176451047121,0.5844523322988862,32.5851570751752,8.465000876098552,427.07799115670025,4.442252645640078,28.69771942263244,59.63608952459117,2854.568320196294,4.4242348107788025,31.720073746145854,63.54145352824623,125.25600063155107,98.59641584328176,172.3558638185919,3187.5639799883566,94,3,PCOS
154.93370769603234,0.8391229050574189,74.59508747965965,71.32670566943162,88.81453330524052,111.1422300752197,89.0159443884816,77.75711462777443,84.87836126873091,102.47287699744885,88.567762505314,84.29516246395744,57.720597076628394,8.024808429557677,5.409123100673632,104.11594866072872,170.79478892473736,166.21798896102095,1.4317242022275234,5.280854605329689,41.08247125401061,88.53007490154965,57.78931124467869,39.098406690192455,0.19872026171949653,1.0,10.872988155753301,25.23380828203086,0.5475609250819258,53.280182817910415,2773.882477678152,20.22507413332579,0.6083776080120782,32.1101625410272,535.7701992710403,1.2027464996233084,2.221035545282015,225.3114013487041,5.345067728180344,76.78050964044229,1104.007161043586,2.311402288150612,144.433302427574,0.6040415496574632,4.547148621599779,65.10712331702476,658.7690625421609,0.5227910895926297,21.263621080184407,9.772346286574345,30.565511867224938,0.13642267558242335,30.02564970583974,3.4344962862394204,435.89762678408204,20.615355692514182,16.674057481516936,0.5265829623874845,28.28719937916147,2.063386030400501,223.497187109801,4.433505100068437,12.23302262040966,48.854549706481045,1215.064733419134,4.507321277087247,13.067361673140915,50.39130977292389,26.3630126137266,99.97837796628112,40.60468945302593,1378.7485028403096,95,1,PCOS
3061.326168668752,46.24240478121107,88.83988719587947,70.5722865365745,115.21376032557488,114.93587779288856,112.89231101009524,100.5455085840595,62.94087860673611,117.27677206911636,82.11279634095698,99.89701902837353,46.86849908615905,5.095595890807942,14.93137765193414,120.71274726599893,275.5932101795284,226.17221330777159,0.609757345281958,56.186419184494014,39.565735107440645,116.5384550125416,57.76332813499122,63.152357306353636,0.2189496281876096,1.1058321066834937,14.070900061083394,10.868343141274993,0.5534164006371658,49.45744373790744,2591.639884108707,33.49222212236984,0.6275903051546955,35.10339137931535,499.6251684903719,1.3671267582380011,2.2810304226668654,366.72753675475604,4.542857327295665,168.64824009672955,1827.615605614768,2.20304486507074,338.38720890506016,0.8949872903964499,4.380935840911267,156.6562552250013,1740.945222603125,0.8595334620383602,19.80321020008969,8.352717022651765,65.51207388826911,0.16628481391181202,28.884537444053556,7.445220427928523,1039.5145185409358,22.664796634139545,22.013083998418793,0.3243538425750728,32.17316554248758,2.621960437938805,338.8063785957361,4.653057930876195,21.933434115309254,58.03765780593948,2167.5169011500925,4.611681102467772,18.66700988724979,55.21515972544223,28.40037155631189,99.70254293583704,41.30048738267863,1849.0664093064624,95,2,PCOS
10635.068772810373,136.7841664984647,96.71287175322708,78.04643153181509,147.7555957816161,155.79581203554727,119.99205132798014,113.90695258995741,64.51946365291387,149.82404116630826,80.97330689684162,87.11033999289782,53.98378518973648,4.708115851526294,18.224414461641548,112.59268366492415,372.9352061656125,236.00704461115325,6.0311095799953,453.62888826395096,50.3395377794938,125.23419089908226,48.56137478522267,76.48257552893932,0.20471166609445784,0.9631292855477542,37.62096988258606,5.289080483868013,1.065337624127653,123.73685736834238,3421.309761012768,49.98707454317612,1.1267902182403104,38.515157887423065,598.0417467498263,2.1833474397291686,2.393759242586695,346.95232455372906,4.898251107644996,143.8595028891491,1973.8540943082362,2.3415966745667354,317.65918818900536,0.9193355488093184,4.628786097161943,140.62484873491866,1602.7931992873407,0.8190285962343355,26.22706152808388,10.715422224807385,24.992124483366048,0.07265333086940419,37.05411956579259,1.657088771849864,449.22131734165634,32.02856772701213,-10.585448099822052,0.0033749112122148373,44.037777472138295,-3.6042652573912015,0.7692186246388246,3.994062690348926,28.2604900944551,62.107146920622824,2834.709118260098,4.016288697625958,26.57604187223253,62.36226904820248,53.70833219418083,98.7163604232205,71.83970779252955,2678.525753193324,95,3,PCOS
289.9494056834763,0.2876594878618671,85.51534351085185,93.54094612769956,116.45306384604939,119.10756935243232,82.10907554986677,98.58455252447654,70.15773187811075,99.66507516371627,85.37593517994225,155.39984027390653,37.866309963258054,15.394957322985016,14.71874153395932,213.55198612557854,258.52919497516325,194.34469087607795,-0.7015814482431668,0.8941871974334217,47.24219088995945,97.00642852389052,67.86108810367456,38.88058942415997,0.14763139325682267,1.0,6.312258669359957,10.219453528038901,0.23701257069348813,2.281027797371312,2450.8069446302547,26.08169877946138,0.8699413876449728,37.946043416032026,519.1651057770905,2.1991689786175286,3.190468637575785,287.41474236692596,6.502959107599459,85.91643390377325,1795.5315710575326,2.72641939784752,121.48243014850878,0.42870990175536283,5.278146098293167,48.054227997823304,610.9583070694424,0.3421165233655421,24.60536415846206,7.599822379771899,1.716901463253656,-0.004479624683391081,34.24712910771623,-0.5360688785226753,151.51436917337423,25.697186505091146,2.0826807061003816,0.3907339916739683,35.934109774800774,-0.03530531769376677,67.60829664734916,4.743418102449255,24.827773075216758,52.796819021122154,2502.873810556058,4.8412078829265415,19.93579369561268,53.28186083140353,4.110160178201145,99.83759241173672,6.154871907055636,1989.0019662924078,96,1,PCOS
2102.900120803353,55.86675544726726,103.60806570932492,92.14816388419938,130.7072271643124,182.7675306649485,116.2655603166815,110.87148511426795,77.35248379578185,107.5693933047173,88.39630140988409,138.60701674958872,36.12328340483541,10.480907015007183,18.285567296213298,165.14382688414491,394.6730173999784,228.29224449869523,0.5087558172844722,22.0273858597289,74.80159321238374,92.76498952526144,65.25678564195077,60.91821491529651,0.15283508557955042,1.0065846283077153,10.873861933651511,0.4400399253921492,0.10767528499183565,17.469280445752332,2581.600015144391,32.69392591479045,0.9132007742916267,32.55358854320097,487.0782348782591,2.3756724807015557,3.139914810785461,394.63056581244587,5.997115086285277,140.63114398391258,2418.464607885319,2.9437209003373876,214.60014396615549,0.5366627493036238,5.371428986716762,90.12385501696276,1111.503610982692,0.4507793689047642,24.106039779906677,7.510663840206887,-3.2794179410731843,-0.010355612060194835,34.584830718927414,-6.005599420215628,347.1027482733699,25.724831881056446,-2.54918892789912,0.30237977758739065,36.090659208415296,-0.26107267361385844,-27.807812392986875,4.474803726979819,30.699769886726056,59.28180027981442,3114.580677849985,4.59290698674229,27.396963945797474,59.087672493829665,30.404100068440336,100.15370622432539,43.26461013391099,2750.0567061790707,96,2,PCOS
12664.759975415353,179.18531363900425,110.5669969463129,103.7373413995226,224.02559418861745,268.6545239707767,125.2022101609991,126.56087046828799,52.944485891351206,170.6285078597813,88.46031275052673,119.63314152142844,38.99654213770837,9.076606261566962,49.67875409026978,146.19791819345048,448.4059999217443,263.1437019083631,4.943614392862182,635.6084707507443,77.69367459885227,120.3684642271906,53.42619219173186,73.45419928949458,0.16419414699458473,1.0687607196180502,27.525486348364808,0.5870663533541798,0.5291972709858274,210.70955350295463,3420.6012166134306,48.61361031727048,0.9344634925070149,35.14282847235085,592.9488905549983,3.081683411560025,2.9149387308833385,421.37571840921254,5.5082802370795285,165.2572352997276,2341.9585931408938,2.722200544684769,316.4403464293542,0.7596256704552287,5.059681801393996,134.3385127497095,1540.3623951309883,0.641164817008056,21.1076325194262,6.954673019334398,43.451280683484754,0.10202302382042017,30.215673968818617,3.5877049534641037,827.2042198205108,20.69195097414782,26.87475054549936,0.5256759525938688,31.748496967163135,3.0082393394626616,409.39525699279255,4.376450005115828,33.30653216942312,64.10801043880969,3331.2821932684187,4.2866844961946855,35.57298508310226,67.01960775261783,79.67554458704436,99.54967992838408,107.15520993616101,3577.1533791839397,96,3,PCOS
-3.4115406937575585,0.49051813198454974,101.61059309591732,103.77961793152055,101.66620851231563,61.38240266223517,147.5640926851498,101.03035327188039,114.54002200663871,89.80391488314729,96.10520317583358,130.26377732840527,57.683168586852794,14.005029080539433,5.068697295899488,198.40019397156962,314.55106971152,210.5389083713041,3.4992220216553704,3.4910120303503946,81.53017441277925,76.51891325056201,79.91654714803853,43.29115822283746,0.1368944240213256,1.0,4.57495335610387,14.635152345169256,0.64410997781763,25.056011918706034,2130.948925458282,28.03775926319978,0.6675809530983604,35.40934865440373,566.1967908582149,1.841890675428206,2.737550796469826,244.57098408549996,6.097663155390208,76.82544357163516,1467.1856391192696,2.376399810178087,110.18709409478508,0.4611453165745428,4.792783265761235,47.5260319030138,504.2580698811912,0.35313955818525433,19.22822143703026,7.3494642901911895,48.15478696636554,0.20947260923566716,29.686435474956806,5.613832633411847,682.3456684143815,17.724773158973946,23.32283644571138,0.450180220235865,27.52386256301136,2.7474960653610134,342.7254937996645,4.384521695771405,30.325984899726276,64.75312609533799,3025.216845655489,4.763097564858371,25.260738383602362,60.941757914885045,54.83077488568122,99.79152915795329,79.74407704391922,2520.349732281873,97,1,PCOS
5444.254121818909,52.11219616368372,122.53246028193081,96.9104229375442,151.97150559345377,116.49424694906263,194.505061486339,122.45537838580844,128.70662676477116,160.14667907560332,92.64694911371443,145.58930926975603,35.15662911462033,6.263062408497653,14.199368915091274,130.87430797417113,457.9311947380407,281.26695036322275,0.33122398986397755,59.956500678423396,119.91700035639445,71.24016630803624,82.60152458223357,70.26975735676176,0.15079622512466181,1.115804183161127,8.645422376069007,17.63222274664531,0.2598130192909466,43.75796145314106,2277.356525017203,33.107265972711744,0.5644877185145565,30.87418554092321,481.1644935190796,1.6576016699575207,2.5678128820800117,379.3526712454241,5.1841625042098185,153.39096435324478,2278.7458667726864,2.359678225199883,277.8688132061422,0.7626816763239183,4.67323342814383,123.57389598021695,1422.1356156502313,0.6549121987079654,23.511037966886658,9.541861162601233,-5.885435609592726,-0.015122520118002303,36.00808879656081,-8.58153740013428,528.3890958235913,22.72910543939708,8.9567095041288,0.54868326856795,33.384544903754374,0.7015251652656027,220.20258947143728,3.2143856557571393,35.858426913011606,68.25333495896318,3617.6863966821966,3.373857546870366,33.51903056133554,69.18861342788288,46.26027264349756,100.36623270000338,57.62206253979961,3422.0630817240603,97,2,PCOS
15486.444215305162,83.29449657088583,120.67448095616157,105.11119661541709,159.89710406569506,181.05911263831706,216.4416178318338,128.68470430895746,118.33114547798803,197.71078428292785,88.91792515725484,105.15540727743998,46.80077654645144,8.927485876369833,31.53473407667348,137.89401416331765,459.0240014877672,315.72708014624754,4.95473467162908,377.18319810340836,113.65818381227038,84.07552151887901,76.43885139599358,72.21891954719061,0.15481835556231469,1.1333259430048073,23.596182907777767,12.146094249619718,0.5579951751770043,805.0245611025143,2200.832717846227,42.92227351539033,0.5901500401983708,28.775359094356034,564.3317542050952,1.6773018095290322,2.574975340903485,321.0831343512875,5.358458719716068,122.75550765191113,1691.6525014469169,2.5751157443921557,197.46961099692902,0.6314682821102899,4.640113361006356,107.04235492473164,785.4092358874559,0.517719111810818,21.890039565982665,8.206721139563706,21.867436760188355,0.0844207348230682,32.52342795578414,0.33811860225325674,607.292902248678,23.615840131573663,-6.27543692422671,0.30326393758412395,33.87501007242787,-2.2588053366449437,80.63655159586239,2.6633557075616325,35.87477052913929,74.94192169251784,3601.227670785166,2.3551090638734378,39.83562748920397,76.42099979917026,104.23068905263085,100.09802872858788,133.32080590088046,3959.9327405003564,97,3,PCOS
130.92194705958752,0.006917086721473731,89.40600798959878,106.07872779490468,86.59462161332935,124.6880294073236,101.87760365900849,97.72371961511297,89.18884405168261,120.52449044393668,96.34664161543944,111.86600399358123,48.473179387446805,10.731594137779666,10.801293315529628,187.49912098107103,242.20077690010277,188.38563247730232,0.6502099956416599,-0.3221227265018758,71.26967033484051,118.443756653248,76.6524474776595,44.449091773272556,0.17717764751064377,1.0,11.543299688901406,8.992359618580666,0.6356634448222953,53.67700269090233,3201.813370701462,24.610925172856934,0.8550061025852863,38.5670275231775,703.3843148416668,1.873275444409039,3.039228212462362,236.42886624188023,6.367346766846749,70.19302040595404,1471.677798583217,2.8509807779425858,138.8705296836699,0.5774488130744863,5.487702782758821,54.99463259876501,707.5156302718568,0.4850477210524228,27.509529670931684,9.908980932170618,20.970619690214164,0.09851709833904307,36.04117065615127,2.7503761457582057,332.031734644017,29.455780036264475,8.499712473131865,0.3065024665365742,38.71386622848216,1.2197595228151368,143.12043474752505,4.226123491707442,20.172894937417297,51.1887761517614,2022.7536873560348,4.403009449347665,18.879693749752544,51.86950632362064,33.700359027846105,99.97718840547651,44.47580114809371,1885.5957783777906,98,1,PCOS
1835.266029976389,106.84804129058855,93.80486828003178,94.43050569518948,93.69395824131632,117.37246220684271,108.5450233412829,107.15307884677344,89.89835859624219,116.26520935100258,91.76586132538735,104.38178050179027,45.103299686580776,8.275439633030143,13.691604300989333,187.2280834401507,336.0937876467144,208.47528513340822,0.38555605172921953,47.17774045314416,91.74784990215686,126.42253011028072,54.21999109448514,65.07914321971931,0.1983678635130222,1.095788366923274,15.453845002504188,14.259525071528778,0.49671920144855586,55.46328508971749,3070.59396138406,60.2567493220953,0.6116225487754475,38.21807474829025,633.1737397906103,1.7813511548812258,3.101669982991814,305.112781810895,5.969955528624119,116.26734644468262,1850.3575950104396,2.757765822491742,174.18173206430583,0.5655159631172447,5.314347139952877,71.13990731030358,870.104907274543,0.49900071131906354,18.83883701092026,5.939007231166128,36.47002485240575,0.11412196825068788,28.304997826073972,3.2642432216673916,589.0604079221754,22.2412365320674,18.256310740028177,0.4159898435206308,30.63387975079722,2.658530048507156,238.35735580659863,4.712589090339285,26.338772741897213,59.79267255214874,2635.0456132994113,4.604554257383358,25.747992484911688,60.311969117036575,47.58148023638287,100.28214475684605,64.48838793564818,2615.5702626124416,98,2,PCOS
15686.668324778399,197.73757623813248,122.54342785274008,111.61046152952048,181.19093576631815,212.98315714605187,136.42750655892095,121.17101008514024,78.91794041523615,182.76714712236512,95.10250200805612,81.90735832887373,50.55160690445441,6.424298753114378,36.71341643829505,142.8822510958457,467.03740729360294,271.75036031968426,5.198204380704742,683.4203822181337,77.63982688912137,166.1963732590541,53.35020149486898,86.06877726979172,0.18824007796315886,0.979368865167291,54.936054389404305,4.955287407066461,0.7596037154049687,274.83368489224836,4264.1354596720985,36.163935260061656,0.43215086984183454,43.91609802282685,760.4029598043958,2.230114311768263,2.866354392469672,361.63788412651525,5.882246997454757,122.25774155913531,2183.996703598412,2.868291315190419,288.1472722739459,0.8073057581405799,5.306915528698482,119.33705956610066,1485.5933091865586,0.6885808101825659,21.22026739346634,7.749266272135678,57.859525903670765,0.14460852258182422,32.5010333854482,9.383051050557766,762.6020447503936,22.3508577850754,36.998484491292594,0.5268061644046358,33.31351475651911,5.070095812083487,568.31588800638,3.5060738500524713,35.01446845600098,68.53237789707067,3516.827348753102,3.544938103396892,35.851179678701925,70.8143754089873,102.50181147611968,99.12856448835804,136.4294652438627,3596.7583921983596,98,3,PCOS
-212.47147791412416,-0.5568110310582881,108.91619800644209,99.70315809150978,109.52554633025588,126.41738960698999,117.50474678931045,99.3278770550314,125.82365204611307,155.54586586112677,93.07278643555365,131.6612532417771,52.48052304826934,14.00005554584663,12.651166541836137,236.59198883263184,313.8056899499396,208.38128810812464,1.9414633345672436,-2.6571122198200685,33.681023218513616,101.06764995278178,67.68116837723791,41.96228177028354,0.13611620276431685,1.0,12.463390979830157,9.039172256112444,0.7325117353314547,44.26036143581942,2916.8538146376136,23.314650839949806,1.1272372296437103,33.57184208741814,630.0737639801409,2.0047937608127517,3.031283863602351,295.15466769766317,6.4177687134885995,87.17254098834556,1965.966727983015,2.6832449252346073,161.9291721541416,0.5568119026887127,5.385935775827252,61.31776733752824,850.0040368885002,0.4531563182645723,25.276650115703696,8.652478032175782,19.673278559410498,0.06107581578372691,33.44987543111909,2.5332477195143115,355.5885844232855,31.13206068186128,1.194459997151224,0.21063279709854837,40.30034659452885,0.1445719518578037,24.288321362173235,4.899810920381519,25.324782848198932,51.341934047901546,2572.2123655937557,4.8937333832684065,23.807108358630405,48.87896324347165,56.88705890724737,99.27846965922053,76.91050837335692,2348.6915332693793,99,1,PCOS
602.5503675921871,82.03367910605877,98.67395500204324,81.8696802541591,72.65058922515846,114.10503444662533,105.44277975678227,95.90287769207906,114.09945904937706,174.80497703803738,80.46419724227638,98.27394259442757,47.32528877667521,7.659698308651032,13.556402118234361,226.86084498190803,325.1664126829588,233.22670000433925,0.5961985781955023,35.51906245940598,45.53412236954931,112.7007157409725,65.04641327860611,51.40946327660941,0.1597439791021832,1.1593774449546315,12.781077996507014,7.936167750375663,0.47510648711407805,48.62076988701211,2650.8988221679383,41.815249716175586,0.7236247238091176,36.60483006035124,589.3629219018776,2.0639069288190166,2.8940560434525704,429.1590466365284,5.622408545921109,166.17523272888798,2704.00658706696,2.9064847229846014,342.1919283329429,0.8049427708772625,5.490737328798911,136.43278045832488,1864.2280173896283,0.7134908636814035,16.172190971988552,5.523862761538206,86.34877740203491,0.20098936755300878,25.72473796537042,12.780021778335685,1248.3041308913428,20.035384742799884,41.229811963445606,0.4084208090690575,28.04955333753653,5.704523174389513,588.450784005342,3.829044974367798,27.172755286962666,67.12864988732854,2717.0674736783412,3.7393340244256534,27.37217381346869,69.23286002329564,59.28689282349713,100.0779821961517,76.90897705116157,2742.8673816814153,99,2,PCOS
11961.178860929518,150.70548028939908,117.159846502787,85.43365309424266,159.13791012205272,156.184488825284,126.80356555970496,96.5534362363549,79.07425390164933,202.0639583595693,83.71369661658666,80.20509337718164,51.56139674031436,7.64772076406609,30.318876300036965,179.1515259867774,438.3056853058164,245.12081897432003,5.753068785411326,747.3148871660595,30.513310100922077,157.46146792797794,40.441329217495365,74.33366318353094,0.1653244042212712,1.2317075729926779,55.970301139256605,5.445646218336684,0.8089521568581567,499.2540181966985,4017.3677624343745,40.687130380513715,0.5675212530900132,36.32806199741076,654.7068594852157,2.585246417485084,2.929808722839621,392.03186177930695,6.274243720766433,119.79700642614813,2645.5422457491663,2.808804368453176,302.0159656083659,0.747856076814536,5.488807921310451,111.81162047405473,1749.9583726143276,0.6403890971588081,22.125849838807937,8.04828252781255,26.863814368942663,0.051509700431666944,33.69250905212016,3.535071893761847,663.2133940497223,24.98721634360897,5.285313100792891,0.33498882542884656,36.47799430524771,1.2035378752117758,83.39461998604361,3.776511477761085,30.39616922875191,62.227784774687585,3029.6655470557284,3.9952755710109127,32.954211693528244,65.06205427726842,132.18465375700282,99.51956787213682,177.04957374613562,3302.4645343890916,99,3,PCOS
12.263305219090341,0.2677803002542467,103.96334799533533,91.21921473889235,109.38930718391735,160.6535109565351,164.26950395353546,110.37802368438366,142.83382921203204,142.40325655684512,103.68711226758775,148.6880895015292,43.61671538132575,15.231234326440244,21.04321563816461,249.19196161833503,369.32804645584827,252.40716312722407,2.279097885437837,3.876950351896375,53.28244877840777,103.9499758247731,62.09173408102681,51.093756374240336,0.1511974908550916,1.0,9.194488758255568,20.697395578452017,0.8505886721938174,25.244976361664456,2487.7648579415577,30.918253857712063,0.8442911082380073,33.476661948825495,644.7657042591619,2.039794723629461,3.299161631162416,303.2446670878569,6.179904474202077,104.46593781052579,1819.2999569182348,2.7365456627273055,123.08725016562808,0.391124632065677,5.102353259734644,56.06595549614929,518.6229913992523,0.29713401188107214,30.87004586527268,10.494233361947428,29.74156740507486,0.07939214676604323,38.95728187780611,3.80243114695827,355.57330701597346,39.73930811389134,6.952197098131252,0.16781127162946102,47.61194040021529,0.7859790437280576,82.6985784664885,5.791367368508067,30.327349924364867,52.56307378399262,3054.933413120266,5.891252937495201,24.946034463294794,47.97430617523306,41.41789828270999,98.95025934772606,59.85057352991857,2476.911363724318,100,1,PCOS
2131.0798948335846,-14.47985300553048,111.65292489434154,73.91204367217387,97.80758477474069,136.18858338720085,164.92777848618226,112.01259885711433,150.89748622148215,154.96906675829905,98.26914354232585,132.04015809847422,31.654693766121135,8.699628489242116,22.941544811466876,180.66948385705535,427.3131901642514,278.42020704338455,0.5638967480188397,32.16395335341922,55.787719272813334,98.79583192878997,59.98655459548506,63.58695216917304,0.14999232177219235,1.0460269989636761,11.669955796814229,16.353893553748737,0.4890367008455222,30.461299852902023,2474.5083902571064,46.92536951999737,0.5776048753654626,30.791003766676745,551.2397230227718,1.6949887222314644,3.1728003090843306,383.0776497070459,6.000588976837389,151.36720722055844,2413.340833762565,2.9233823562353076,183.4715232290264,0.4580197928700782,5.369744696638741,78.9343968218747,876.6045743891126,0.34251129343633147,21.96734326455276,6.96475605953838,54.346187767149644,0.12572043982324113,29.151491941796237,7.429204277392454,858.9322131173092,24.758587421319383,41.15995221887046,0.5308987696727152,31.810237800523478,7.337597288950722,509.57891497293076,4.219294177980685,32.68460785325043,65.13171409996185,3288.2607088255636,4.247247901367285,30.900022261464937,67.66183407734249,52.24991845342575,100.5793303019626,67.64301734667123,3127.210574362837,100,2,PCOS
13071.504895840906,86.57047655916942,109.24524523427172,71.47132477646205,168.55045927212132,212.6013088731492,186.34103402653517,114.1135113727935,96.26797213582658,151.50965817382112,91.81402428347612,107.54821887078221,31.383671589117153,7.595577935391711,45.631433940477805,166.64816578414428,417.3283734568866,289.31189619995837,5.920221354096517,391.424971933541,61.445466985570924,128.4212911882625,25.07732342942896,61.334818226211354,0.1533884032198289,1.1240594351210778,44.200537569529644,4.52893233952777,0.8947947124555089,741.1983614869973,2996.8448509505365,39.58123577841548,0.5739742065506875,27.907604973501975,604.5563744719601,2.1554545694688296,2.7668140405827937,385.79230868466374,5.420983738732379,149.25950250175862,2035.4783805756838,2.889871600539962,266.53166475221707,0.6831388255095631,5.003528630765752,125.63125642336256,1202.4610311753481,0.5813378666218482,23.017457820209785,8.732663976171569,30.879502831229864,0.07066990066097695,32.034889212741014,4.68108555770027,630.6408969687466,27.612105277175935,29.035683569088853,0.5291026493701269,34.8410542937522,6.199728308603371,252.83236475926083,4.000883203162076,25.821038397849893,65.29025829477045,2597.4913291859693,4.02907862530554,30.178095028821637,68.36683085633538,104.11091520856118,100.42278241026744,143.67965310282574,2990.758047162076,100,3,PCOS
