Estradiol,Progesterone,II,V,VII,VIII,IX,X,XI,XII,AT,PC,TFPI Total,TFPI Free,vWF,C1estInh,Fbgn,Plgn,PAI1,PAI2,α2-AP,TAFI,FXIII,γ',γ':γA,γ':γA Fold,TAFIa/ai,F-mono,tPA PAI1,CD138,TM,NE-α1PI,TNFα,sIL-6R,TNFα R1,TNFα R2,TF Initiator Lagtime (min),TF Initiator Peak (nM),TF Initiator T.Peak (min),TF Initiator Max Rate (nM/min),TF Initiator ETP (nM·min),TF + TM  Initiator Lagtime (min),TF + TM  Initiator Peak (nM),TF + TM  Initiator Peak as % of TF Run,TF + TM  Initiator T.Peak (min),TF + TM  Initiator Max Rate (nM/min),TF + TM  Initiator ETP (nM·min),TF + TM  Initiator ETP as % of TF Run,No TF Lagtime (min),No TF Fold Ext. wrt TF,No TF Peak (nM),No TF Peak as % of TF Run,No TF T.Peak (min),No TF Max Rate (nM/min),No TF ETP (nM·min),No TF + anti-FXIa Lagtime (min),No TF + anti-FXIa Peak (nM),No TF + anti-FXIa Peak as % of No TF Run,No TF + anti-FXIa T.Peak (min),No TF + anti-FXIa Max Rate (nM/min),No TF + anti-FXIa ETP (nM·min),TF Only CT (min),TF Only MCF (mm),TF Only alpha (deg),TF Only AUC (mm·s),TF + tPA CT (min),TF + tPA MCF (mm),TF + tPA alpha (deg),TF + tPA LOT (min),TF + tPA ML (%),TF + tPA LT (min),TF + tPA AUC (mm·s),SyntheticID,Visit,Cohort
-120.99306505999763,0.16355718677110767,99.04410844262289,96.05252221488024,132.29716883938568,73.9286813489873,106.4349269846872,87.34396815874778,126.64721085500958,124.33733223448165,90.78651942563607,132.39617588571,46.306275273191325,11.515356144290836,2.150506938142649,198.65336870495372,261.6542722477493,162.23840913113494,1.2808621835964251,0.49111405734094404,43.39997358534507,115.32343769775369,58.801564432964035,41.95886694826331,0.163681169671113,1.0,11.2522068052042,-1.0964911202203407,0.5266646016241882,28.926291957269697,2810.4671107480326,24.650226842557586,0.8842882217747243,38.45198888445682,480.24773300029,1.9456134831379739,2.757426348341201,260.90781639614744,6.129963403248229,77.45069961055438,1632.124918897609,2.497347640571499,153.47207681133776,0.5914903621581229,5.1078265138608145,56.99869067128822,768.7473278093568,0.48416482112754444,21.671172557769175,7.573692265694866,27.16892107320603,0.11715701752329183,30.43618790064841,3.322979320394939,458.94707067105827,23.86115948704137,8.542501951672186,0.36418963908506,32.84843841694721,1.053225173168067,133.3341022955645,4.443987654936598,19.48841488838982,53.27673373071942,2004.4126439753911,4.259639362840861,19.387309225190815,50.72425943952002,37.929969061118996,99.28181119568792,56.85288916141691,1918.532469632064,1,1,Uncomplicated
1582.8560010258198,75.95022175226505,100.64861882067302,81.1759724065697,123.73123955406592,125.95138014469137,123.83705299022195,92.86985540035703,112.83952004526506,172.06646711566512,83.01971206140699,116.57852139224586,39.748264024904884,7.068504551654174,9.546512425112205,210.4424462944752,325.75860455247755,216.86486564637116,0.6657144780572267,37.00644541502744,62.96241188158506,123.8900356119808,61.78967522046288,62.00585645205614,0.18839007582937642,1.1883072411459807,13.768066658878041,9.530997710970452,0.2353773303251332,36.71925388551778,2649.8786144470996,36.118049935400634,0.7227869662506445,38.47510495915006,468.172684627434,2.238367169739613,2.5387939223219154,420.6328501713987,5.141418238018499,161.23408026087574,2416.4308740501165,2.6743763183748377,324.18387542464825,0.785436104823953,4.948625096930828,141.48517167721627,1741.82744041504,0.7345659854263891,18.788820673683507,7.3556048955648885,58.65208695722649,0.1390047744671428,29.401039204256787,6.170751497185519,1055.181112998035,19.26539984386853,14.45623363995586,0.3028807553074244,28.979028188485124,0.45779860947286144,321.94098670806716,4.505952794499369,24.422581871700704,59.40632988380641,2467.0517778569624,4.488334154293941,22.715412238413805,59.615742621150325,51.34144043227404,99.89970554667387,71.08769053226027,2277.35154431867,1,2,Uncomplicated
10272.796855111732,148.24683800140673,110.64841526421203,89.53263846769532,201.72043658779663,151.3014923995815,136.53882176421325,99.82204423613653,103.43114614610548,185.79129266269547,84.09594206081739,86.72637351840388,43.008592390209806,6.69475036055655,13.955356053447932,159.11381840582374,435.7085445363357,243.1536893439874,5.528264140617758,579.4424108135497,44.49654593585275,167.6074158852083,50.57480020896235,86.03412837365074,0.19434873543894127,1.2363018301222297,46.99152319781314,11.844015468973206,0.6280567188531478,251.8027455110159,3561.0861960082752,53.07836033245832,0.7107302366101507,38.89802456228236,583.4978294793459,2.961826949631746,2.6417134401869293,397.6577839286177,5.382925775010957,149.24510662493915,2412.7417051485854,2.4098390560316827,333.606989795461,0.8372766784366331,4.936683727561491,133.93413162336347,1804.1139617159988,0.7494674927522049,19.282489248363802,7.255877679102465,73.62436424404595,0.18605471742367918,29.302306469795916,11.365249963003562,1003.8856437078646,19.485802915743196,38.20699759863347,0.354860487467034,31.060948969157035,6.071256952123704,520.3927337202125,3.498115412549536,28.898903568742764,64.93910734378301,2877.5151772447707,3.4240825642568584,30.43992162479456,66.02390819355347,110.46014973580864,98.88083612580725,150.5254102295841,3075.20867527719,1,3,Uncomplicated
555.3884877121608,0.19909969945716943,80.02917261631512,82.68770090132763,76.00415421426791,83.44758282335445,77.01446194714102,101.33730667892318,82.20405512434307,90.26776193311292,83.65886171576419,113.1755314882213,58.339711895368836,13.713224290171281,9.707248236948757,159.67201711797708,245.03610958182165,178.9937704249434,0.21041858689195858,-4.119078664435188,49.78247744251043,41.39847983589819,81.30772380009022,28.13851506992341,0.10949945863477634,1.0,5.602184233641069,-6.610081698034033,0.7282229873240118,29.461462149598923,2624.64984850554,29.15248023165582,0.5161183599408294,34.03566661085201,648.3088179022917,1.5557141400167942,2.58024021994715,223.18052696175644,5.894474144677556,64.57581608993749,1255.5651043130454,2.4514260173764226,117.56958576461285,0.5287468874796539,4.974141201114966,48.922058720704996,594.4176444507842,0.44330987352225426,24.78975747338977,9.89027136071255,11.870439799328206,0.06685413387413676,36.07457191035524,-0.22574325535140538,314.7405158151443,23.193646268325395,8.513682711603849,0.4874341054882353,33.780882087328095,0.6270383673078719,147.957476418528,5.155289974960405,23.963884267799443,48.87737929091494,2377.2639770476508,5.470433507443507,18.694433500042127,55.58618815571685,7.080744813121605,100.16106160687616,8.956622247350012,1869.4521400303756,2,1,Uncomplicated
1714.073381914821,67.80425580975934,95.33838017235696,98.56727059423712,115.85986591125976,131.8232469233615,132.34284331011847,124.71193212452715,103.00313245508391,129.6403595554157,94.35672154919854,119.94934373511943,50.62965528072742,12.785397599235154,17.220960131095218,165.19652565054682,426.53426137061524,203.87087420689483,0.8584278441395414,110.17005042843105,83.08196261825599,43.77716725423347,77.33072592275725,54.547429477589915,0.12101074010669474,1.0716355660001857,7.468726744653051,20.34038209146088,0.5179322224413124,43.051672610302525,2775.3619537059835,42.91239550200987,0.5639273753046328,33.79445503052142,599.3852888671853,1.8937692981373968,2.9989554156804643,290.51347299943535,6.218199489187085,96.00908443245257,1779.9515931536728,2.8734996576251843,205.01890432658055,0.696363849611131,5.462118635795893,79.81816953060377,1054.8941735763242,0.5745195774899435,18.53578273926279,6.094558155507631,-19.457037141850712,-0.020759545679324753,31.82596010891813,-17.965885159271377,699.9192849121292,18.470546664506884,-1.4218630756240849,0.4287735006507449,30.41832802627262,-0.6509214659377789,27.1150396686549,5.134627822488033,32.86934175463691,58.379544211601804,3331.708883845058,5.207072821278127,28.95703467476368,56.44534431521286,23.687613648627355,100.12553624635778,37.25719243817437,3019.5471376372607,2,2,Uncomplicated
9788.363813360922,194.59369679756531,98.66691712776166,102.81929055065609,163.04720787822865,188.63809197682335,157.47285551566358,138.84816680810565,80.7882609878943,220.81120083661375,84.78154729087807,127.60386911509462,54.49654633080341,12.782070572143294,28.171720314626253,168.61491376238968,373.8610498620728,246.12655210905834,1.0431151507854652,936.7080503931764,76.00176585542052,50.49729214823981,80.96005642945438,53.41060423483475,0.14660738223928044,1.2405114705927092,21.87517776048262,4.590327191894062,0.5227117399632751,976.3460132181999,2644.867839229046,31.17058969293901,0.42891539234376663,35.020848539638195,718.3521467904959,2.194676445697894,2.2590288644554195,333.236957913543,5.261110722187179,108.92892999344619,1827.7586426659939,2.3208806007909684,165.73116776976144,0.5356803770447531,4.673801084089284,66.67657274103671,737.9545859285203,0.44872385300058976,15.42916104747923,6.803704744146369,63.77945266047521,0.18740823631509146,26.84230759213576,6.5524660305799225,980.9029024286185,14.577579441367615,53.19760845433144,0.5913154865398103,24.54900516438701,6.52242406293413,780.2812843265389,4.0729653296437505,30.831020102473897,62.05704796269775,3074.721273429395,4.109130401346715,30.260280410506304,64.55473245232949,26.258311663839365,100.32208387371229,35.34222751390041,3060.2055403197155,2,3,Uncomplicated
222.18173830268967,0.5641786579067222,90.31787399079572,72.44983636081679,116.0641838767293,98.03584083651315,117.86393766003916,102.83324332686277,118.72334783974911,116.21634722536199,87.25827464533089,154.08694708519388,27.53374049782581,13.672987535942537,8.835599249920667,252.3484327524827,312.04151606847626,174.18512735157103,3.992080005039238,2.8299899322891484,45.40347249435026,101.06032699335357,73.27314619171615,35.08640238023189,0.10656985011595266,1.0,9.000910382335856,5.155582145796157,0.5729617307363211,46.59245659732603,2484.9775117777626,32.40001556414239,0.652555279251073,37.27686149192598,707.3968911378457,2.388827400019745,3.0336375164458422,317.4791391808943,5.7326510345445865,113.82373263543565,1904.7073972323901,2.5957377330366764,131.62758339539207,0.40874600925490184,4.898976600344916,58.783103404256124,588.1831112414868,0.3253492844784386,25.720561571092084,9.377886474483924,50.146153715821804,0.16601955405792693,33.91271251330762,6.721665568627106,605.6625895766939,28.090134212126753,21.602221598538787,0.39314446645830886,36.14863576579224,2.6866137046114664,315.2101197507152,5.138708928876296,24.890347784220662,59.22033454312944,2518.75930063359,5.084706529794504,23.261333264921717,58.76372895317343,51.92024357514699,99.84147533721848,75.34144490265875,2342.4490710165833,3,1,Uncomplicated
1887.1610305732238,-35.106275553259664,106.61177486804499,66.61182770117387,127.03138094753471,148.42671981053388,158.28010783701077,101.8228056245675,131.3842721727005,146.08044620881105,93.1766720411258,173.18651910092944,30.368122112202318,8.523349992634758,12.536989713174911,188.52281379279017,463.758749524832,214.35930931383305,0.8405906946040623,19.82943628831573,73.4905242765327,107.86187752813194,70.9577240489113,61.835781518965554,0.12212039813086568,1.1746507466433203,12.423683565434052,6.231352307284738,0.21186538047324008,35.724985986432,2334.5355941394682,66.70901624065695,0.6516458544263833,35.557967300366215,546.7411960074337,2.251739210032063,2.973541011045048,420.77817740789453,5.804778286337443,166.51196173727035,2571.251683613494,2.724125487416539,194.12265463029283,0.39583217102928475,4.932641868474406,99.96890505601506,937.6522948959515,0.33582195400023496,27.51985823326642,9.81094351216591,-1.7234469963008152,-0.018492973682832814,36.911754838260805,-4.58150246191833,215.4778112376465,28.54218297015496,-7.926586615577637,0.2739805646498673,38.297165818317985,-1.7071493697404363,-75.29666227271036,5.446535518463573,33.01684779404434,60.65879903108511,3321.8252538403763,5.337721275412399,28.215264549449493,61.011207715033926,47.89967759029703,100.25754286456456,67.70680387616073,2889.4924749190986,3,2,Uncomplicated
12083.63344130219,110.65512021781494,96.39104013727153,74.04046967841892,205.90062179532185,243.9279168537413,151.19466515131865,107.77276758928816,111.96060801829516,158.6992114546862,98.46132564609789,125.59266553168008,25.55742044539891,4.042778356172569,21.042284869263415,159.1289405569635,524.4398529750371,241.02288105863204,4.348833446923332,492.03420933815164,66.22348310764056,156.0593546444391,40.96571158923961,61.21400524578584,0.11145464956434592,1.0905165721328647,42.93594733791003,8.934104812535141,0.2646119065011703,451.22611684722165,3039.6286175104774,58.56891026146955,0.7169751306123883,34.12183042618358,682.9685282145721,3.501664970386938,2.8866726018701265,444.75366547396845,4.849409051673245,202.18878367526392,2186.5578125333054,2.7947338567262268,339.7037140874408,0.7604430948867732,4.922366822779387,155.3064265749611,1560.8959458205363,0.696415509676323,23.151433301136837,8.427693043364025,51.600952867978606,0.12256480388693729,30.901331905002266,6.400611131392884,760.7539779960365,28.156959782572702,39.57802308998768,0.5046568715008215,33.745031684189925,6.16658017067107,471.7225415929537,4.088025204217186,32.602630202013536,69.29438848437593,3257.8763225378316,3.9590404870850167,32.550748584383804,69.29371788044455,49.2661921760493,100.2278334915786,77.29395977509711,3241.8294320867444,3,3,Uncomplicated
86.08043442324505,-0.31796478965803304,97.94839859872351,121.66323834219011,127.52666788440817,111.67906642809196,115.64338414785641,92.75572669205845,158.4205334321383,63.90040314937079,98.73317655377772,143.61643344352277,35.41545487340637,15.551529153244386,9.998462160395738,231.5973698030077,228.6742303498691,252.3948504719492,3.438134141454857,0.5685582667417117,65.69667696263654,77.95767084344254,64.85771553097636,28.955889599290465,0.12754468447801487,1.0,11.13308598099054,3.984594504721687,0.49890513909687934,25.24763550699874,2419.630498978514,29.776260844927293,0.8447612152406202,36.860228495749624,467.8039482404215,1.446708352056546,2.6378937259171047,213.24720098320807,6.201417769223719,60.456838458917076,1373.5711617828563,2.0071911129744144,91.26445453789154,0.4226457782568057,4.650213272363528,32.0734304419514,464.8278967756243,0.34439684279800437,23.786022512677892,8.551783863630597,0.9762938594698056,0.039022340901129465,34.61666948139264,-0.7698227975286809,201.40440638326828,22.635554906628403,-0.8544787741685926,0.36664860239754576,32.30856102663397,-0.13963757325664528,30.69291731773663,4.37207993879614,18.81784175345954,48.594627988332064,1912.8217987332425,4.229575711993958,18.692023173671423,48.77270807726193,59.63256126956874,99.64172290269008,84.05494995577132,1895.729100006249,4,1,Uncomplicated
-2109.072755592171,17.080727587156236,89.76793104314757,99.8503865144059,62.90301966590363,100.9514330772752,109.1822685676319,87.90435040237539,124.13571465077254,87.04870664423004,78.13465735579915,95.94770488506093,37.856695010436944,9.325822098067148,9.014983570212184,199.38943133786788,271.1935922896094,223.33645215846315,0.9824359135068709,57.927591296066424,93.10034423764722,61.74675744059815,78.19055633967321,32.75945934452171,0.1295293040749889,1.0421337418881362,9.14371547089237,9.775374461755709,0.26116544106584544,22.708107443971905,2452.320200899672,35.544342166800476,0.6103545245294781,34.870521315262046,438.5211968446079,1.6272034444892776,2.254598489007448,359.72853827418555,5.089613044947658,118.41012172362687,1944.0667080641683,2.2937572844166096,302.60642537579196,0.829633478675659,4.758876428764403,119.42197443309286,1626.8013855491035,0.7920810084256239,15.703263276035328,7.416653884293124,56.999148497022674,0.162932295226996,27.145281240328995,6.3155987600355665,1008.4350873444408,16.409326968935716,5.246472379219977,0.21816240206872026,28.036955240214603,-1.3296631642044354,226.98263934115747,3.740708474152084,24.656066925428867,62.94472984184406,2500.3280975297603,3.755539210851757,22.70803389467654,61.65799716797565,49.94111678584192,99.55304574036992,69.55804146549275,2303.7918728902937,4,2,Uncomplicated
8190.571094995242,137.0792667870776,101.28988418441212,93.1654515893154,118.0576864389429,180.71170841160466,129.65991054263498,85.9525949606087,107.46996153006272,123.99834604058793,79.90674591887185,90.41131182356779,43.32573490802079,7.449022830787225,20.034806560244043,148.0632882741183,325.49144482043835,232.6795973914967,3.3370350213962325,937.6563534917786,65.6832379314265,66.27359009135648,40.104430676563915,39.54524451958636,0.12789501813904444,1.0473014228110356,33.57410456695327,14.130042521854776,0.2747031449232863,411.9094806171766,3015.612962131034,50.96646961778893,0.8749598725901901,34.974111852706294,576.4206420073457,2.1624038202071896,2.5968654494194454,295.9764371001829,5.629901471353813,93.63580642999466,1838.3173845730644,2.3192018112013586,204.5515374829655,0.6904748672131898,4.940574078944197,70.94887696583332,974.9447459481912,0.5518059765085749,18.813882533488222,7.319693441810393,82.65327229149064,0.24751705112943345,25.597712459313374,14.696216043696776,930.9721825243746,17.17243910157623,76.38390418713254,0.814523039528926,23.257926291005464,13.472723946694892,867.9894860757528,3.9583701360068475,24.961976365547365,63.785046617751455,2532.831819552884,3.9015637242382066,25.207535771124956,63.891679411985024,79.02948173490046,99.3478101770152,110.61309353239298,2557.8631693851853,4,3,Uncomplicated
172.16527842067688,0.14163157861442008,84.08909211850329,96.26958065132906,127.23148656130623,93.0767587970454,105.13418492938001,87.19562261095415,102.7894192730655,38.67764125999358,87.2932614422482,144.5734328783903,60.37956155284094,12.927487008668944,6.609998007042406,194.87354851992126,205.38003078044125,200.6596976555432,2.229265298594424,3.330033332563791,58.336557898036034,101.05506884811696,84.5783584800218,44.52649450911851,0.20470918180642347,1.0,9.62204113165926,3.039935118863185,0.6677840196149653,-0.9681005679774195,2688.6348231160487,27.1206189669407,0.6390657373653811,44.79150633841737,471.06033138307026,1.9820158378180577,2.485066823927415,256.4277893225846,5.308283888475518,89.08015007469565,1260.6787215510012,2.1080530500762196,162.53411457911884,0.6438416298955265,4.526445488096526,65.17385105897807,751.7200033743052,0.5840125824636622,16.50219982736876,6.662390172197626,27.242432798497042,0.10791931040535249,28.38625434669127,2.1481389320813697,494.6893734337737,12.627105689333323,12.486200714102822,0.4759733274823733,24.21551219883457,1.2515415844201092,225.7477335969951,3.257138887343822,18.403258501239915,55.44146593670724,1913.734396968292,2.95214823955005,17.933173095563525,52.70261499103976,27.882900823674678,98.71031158115352,43.276819987910336,1737.1578979864075,5,1,Uncomplicated
2155.5521468592706,134.53120110156988,98.28680382963941,98.39003004107927,121.0541030986425,217.0091246626004,139.85313608599836,91.02685129332819,109.74733256775616,87.74422361300813,80.161731252282,118.90592645085671,51.84172794547365,9.477397762442216,18.622956787886935,218.68155826043392,369.78748967499274,245.94899264357446,0.7363970430294687,20.735744771652985,89.47282280854306,113.97573912666392,86.35919248592306,83.58669642574064,0.2296137021468042,1.1603249246188152,13.791267861741515,2.1795027585883915,0.4599157941894764,25.913699243789303,2649.4444422502006,51.18288076246529,0.7474403443755179,37.687540774913295,524.7858594645595,2.228968533611471,2.3223739839472204,388.9091629352826,4.577679046267513,155.78868381403228,1798.4346342518193,2.3160109737751675,232.96688246424202,0.5953540069894993,4.273942180937468,115.54539646298922,1045.4852339898698,0.5803242869609945,18.492276723519865,7.863588132887278,81.60720514394258,0.23373723853740147,27.939579869893727,11.636349448947913,1186.6636640364795,19.67057983539867,25.398208803753693,0.334763513601257,29.047646009655114,2.648075820346227,421.7540674468175,3.9044362756436364,26.69640605170829,62.60934686605742,2775.2080001489826,3.965405562851991,26.245106365123025,61.47176709125528,47.02066576475405,99.77316052374886,67.5823362584471,2618.2671408271804,5,2,Uncomplicated
13731.922427346795,287.4963103296849,106.34713706193352,121.76688073493389,165.78316119621041,298.6849235869581,167.79124708840047,110.92543435279345,109.95019717877487,117.83434590627797,84.65840972399297,89.32717044417448,72.82614973200019,9.66051277693582,41.216466229263744,153.70621060271276,503.3625472474823,297.0246058807952,7.099942537638732,789.870332940021,64.82399866943177,151.11215314443433,63.535451998054924,108.61215300227386,0.2195409309447872,1.0727959475909086,31.967110841062173,18.82607568910256,0.904717355621416,207.89043306044357,3643.1592384298046,61.84042534092812,1.299017542551212,42.66924161492397,692.325718066559,2.535897793965527,3.002945309734686,317.68129647563444,6.096961626343093,106.1795561453986,1916.6809722453418,2.736209350041418,176.8184103055226,0.5887265516598924,5.111650411575983,81.30149866429568,690.6335065945418,0.41728696654049713,21.423667369988355,6.492787768850576,59.008335293627304,0.18231920635719814,31.6382546929638,9.558886952689999,462.9561163503339,16.445265285280072,61.72681598785459,0.7260377661310864,29.32219708092082,10.427625476479028,664.1931616185158,4.323047058757227,32.9908533262243,62.49442945701879,3283.5124101899864,4.1517381139609855,35.3477031928619,66.57549713457095,162.5828525317071,98.88215841476493,215.90267060195114,3584.936581554897,5,3,Uncomplicated
27.16748570366974,0.28969127514831433,103.80592976608801,91.57944512705134,82.67575282489479,76.04171210503695,126.14921231533243,111.50684131251825,118.11334601282667,139.10541901570164,100.05875882569514,124.83241586940572,62.717832663312635,13.31131208033347,2.7700546109465254,180.93991836372928,277.4116313597639,171.74757908682312,2.9502948496588215,1.3949039079789474,86.24876269831113,97.56694153406174,96.6054326682915,37.582573966023425,0.13590271862581652,1.0,10.120265257000888,-3.3471260308857307,1.00345804989421,65.37797524933035,2495.231981620277,29.155763530135154,0.3585953302502826,31.13507267979659,576.8124364206656,1.3452329057534296,3.0391499664723973,264.13944965588723,6.345887937369053,80.37306060092315,1614.3369306168893,2.7921425385323877,135.65318873890638,0.5112983869807921,5.332721575495794,58.28616183233997,641.4168841525949,0.42331972633458914,30.608539238427248,11.893888262644678,82.46257637599618,0.31745366923958895,37.7503119442527,11.253853746397361,955.1927248432506,36.29082360812946,30.389082042286034,0.169625061702585,44.59194499475783,4.05240411470206,419.63802947344783,4.491369486844281,22.902558868835175,58.860103128932536,2252.481249815056,4.734722862283267,19.68334025091618,56.45957293574953,38.37250589082135,100.08025267528888,56.02014228590474,1979.0423462025726,6,1,Uncomplicated
2716.963956040249,91.02592332610575,111.33663697742544,86.85999747225578,102.1343340143003,100.23573777344399,155.44796690568944,122.07752275186664,140.5427927872668,199.87997213899922,106.5497207410829,140.11344125500904,51.131047681486756,9.786220432608268,8.122968753102835,161.7986219103214,389.3839929941486,194.63441369380067,0.864525139630756,60.51701017235068,115.21153555891559,106.67661945355403,70.84018344402965,61.19975571275529,0.16138823159495977,1.1861882311441259,10.857950672664476,31.12774721648194,0.6464770661862076,69.7291162690824,2433.1915364531237,93.18056529703598,0.18276776416352197,31.452261170454413,507.4860588530558,1.3056168258102168,3.1194004469650234,318.53218592873435,6.228659223500283,121.00980915086791,2053.4177934523286,2.691919055492416,178.66679691449337,0.5353112970519044,5.194665810287259,78.2840917766803,884.6204205977092,0.4541708380492693,18.86861363722308,6.259692957312055,9.079431897994596,0.02420830875499283,29.661773354537527,-8.02727371423298,674.2558516060499,17.121466234013372,21.788126563920635,0.6064269589630842,25.825450767013496,3.369372217912406,283.85388244436854,4.94850509164355,27.884948091181855,61.38416045401998,2793.7340853578353,4.748481195558272,26.39843517030691,60.94834864883624,46.850877791095016,100.18861755318653,63.120895196878394,2740.5987401022603,6,2,Uncomplicated
14836.30306463176,131.58487052728194,132.71419334496318,100.83798320847903,207.26161949716314,160.93887433484383,202.38172316114148,140.1388583883338,133.81696863171322,229.27118090522862,114.47590800325968,128.32348477745228,53.95736748546381,6.374890061935494,4.267766863666246,157.9608533184249,478.94664999748846,292.41818245806115,1.1365959690670668,581.379914492095,106.93197340988293,162.96401102109147,56.673310238484035,75.61150178606773,0.16459532410211505,1.150132261047972,44.210505283048974,12.617699601915554,0.34452298251420127,812.6990713643261,2832.6460446289348,37.18888732318528,-0.07370875715436498,34.6355262781324,646.2507577874204,2.1482991698281,2.8456449901810785,378.944512046758,5.490939266843684,144.32360063925944,2039.6800588178642,2.8372730257220753,250.15568594378726,0.6565386988339287,5.079787539559469,113.18722998508909,1188.5581226198979,0.5946726247480445,18.877190440917836,7.1819129216251705,55.762172626528056,0.13902325080034622,30.96401688280356,8.08884477992627,808.6004074532057,21.290276510693776,32.306048144061045,0.48460261829722834,30.39947215695492,4.489388027305683,488.84242967897455,3.385395969702297,30.6004953390093,65.96371349145808,3071.6775482626213,3.269501298481891,31.083213764034948,68.38532579931083,28.749102153890853,99.07681560424022,42.35875759562229,3086.561505486635,6,3,Uncomplicated
82.46150342632687,0.839362872143651,95.59511327627769,106.65443879204933,110.52552393615028,74.20479275231,107.59720465904627,82.56899852057361,106.03451719565346,77.5819002525303,108.27459476999326,127.37209534491762,55.45054325621268,13.571784821940108,4.161699972906711,179.41878851844848,235.62579275008068,199.76113080984044,-0.3843984524056716,7.9945159398339545,78.6426415494789,140.25724929371523,69.07603221632165,53.09623112949768,0.22599715540221352,1.0,10.536058440999119,8.09221066808707,0.3934494466325491,-2.75604629003022,2172.269847823002,40.28942201048825,0.5459746063787365,38.60229028912215,243.81370623810614,1.4174815654572255,2.6360297386998632,240.44664478844717,5.47565500503512,87.75877416432404,1082.2061494459685,2.458965714643158,151.9706269695426,0.601604227460921,4.74310306081069,65.77436562784101,591.1942418347778,0.510971411421273,30.428318393652866,10.76415543678607,36.64287352320907,0.1400734217519782,38.726042457851904,4.581054825605166,322.02178425433,34.63470177299148,11.461417914414533,0.238658555371267,43.26735998540354,1.2897707603573347,102.09969424662677,5.823374968452815,18.239698318659624,47.56956206136674,1852.9650883435472,5.64672477805274,14.372721410316448,41.338652214450526,17.068805554247337,99.13268598445207,37.29848604040145,1461.9936363494628,7,1,Uncomplicated
4187.645409203968,70.19607697482337,101.41489536487602,83.7560829066839,103.65302315081819,111.87237691573586,109.80619923648807,98.0951394341159,95.02474546875699,126.40366331834532,91.92808019710563,98.54533574279526,39.88499773271368,8.068268830606371,10.98016012955722,121.05561898813835,246.94871656914955,214.3925049443502,0.6008577198981954,34.75120193170979,90.99138630770969,126.06348675969998,53.739765960216424,60.75129966413051,0.2255711116554589,1.0179821916354659,14.144145116839846,27.36359415474902,0.23593494226336187,30.413698383656083,2565.215283647001,23.780162186980302,0.41870014098863395,30.726997673040326,280.6057856336894,1.7515773123305907,2.3035527882626856,345.53266227148964,4.820104619014331,123.9710326581471,1897.3943356963766,2.4320719839070555,206.70856760946026,0.621523530263322,4.5506131629370445,94.79278300888357,1037.3627538662836,0.5476567056808259,17.60575648116101,7.525814747497606,33.17479257527489,0.08906227327018969,25.68135925153723,-0.2286085688856474,782.9973086990863,17.715976664934644,22.27266903836251,0.571456622930429,24.934895727312323,2.551170886873746,329.3080380756119,5.5808873546153706,19.662018927079995,49.0937591174379,2005.1670138903294,5.606896878833074,18.233354084189855,47.29845729286521,51.44804649546196,99.82767934727804,70.4691519772634,1865.6112807204033,7,2,Uncomplicated
15259.112638188835,158.82943575989322,107.73703683250992,92.63859809210926,152.3638191805826,146.787516568117,152.98238067821197,110.29232072806606,80.26430347687278,125.82877563174326,93.24900835925577,105.45112807045044,55.55459355217216,9.335438615385538,23.022057758104918,118.15954151323042,344.50038461793565,295.11910945675686,6.0775878759059,291.9465759491036,95.87344130678619,146.08681875363888,47.424644202630205,88.4749779782914,0.238740079247443,1.1076796498111032,31.110054271704815,14.556787199725942,0.7630893071276915,262.96312204718686,2465.1126715631663,56.22036854829345,1.0116185613348734,36.81464137534686,481.07970722892776,2.420597024453368,2.550871377757568,335.1798427783847,5.112796523439443,133.4481993754942,1969.4725517756176,2.3963248798568113,245.8506524956797,0.7420659951867066,4.738124692840441,106.28283344794673,1215.0934688160726,0.631068642441111,12.361445854912331,4.622674194283003,176.7219779254453,0.4767401802896515,17.032778584498473,32.063471716194336,1888.669089202946,10.98768169895438,129.56205432614811,0.8269933191937691,17.606361411467724,22.203056406684915,1533.400719489876,4.907942207218153,22.089251109775752,58.98205811410746,2239.6012207893596,4.64044317756792,26.32540906131227,62.355518967600716,100.90628467459476,98.81321713531172,140.84445801968968,2653.841630082135,7,3,Uncomplicated
196.08782758043134,-0.2600215685101907,88.40615282545865,93.79820397129498,107.70799254593929,106.51835849326483,103.55772644650627,86.28284501452968,106.76139320800925,98.35920124943327,80.74800089104308,148.0686955253399,26.63954304345074,16.517742744055948,13.164490400176945,253.80638788518255,269.44975587985584,177.07854916509152,2.849281646883176,2.861510716781881,58.06873043440253,75.3648698565893,66.90053228125538,31.04387983189548,0.10689651401674255,1.0,8.382933318232222,4.017880302852869,0.10347814944183414,-0.8415152592757345,2464.012059515987,23.306858246998072,0.9477265495564171,32.49510641184051,527.6957417159803,2.6019848272071777,2.7095879567546977,311.08126072551767,5.446996005506531,111.94832635708049,1886.8800392727874,2.166610900157087,159.01673210075774,0.5366411070697388,4.688661797126143,63.53671494774865,784.7141368136806,0.4560640325546271,14.015416770668818,5.315836197049335,33.49751416642157,0.12043890927169887,24.186005184379848,4.02246539924586,593.4467532150475,11.32449029464132,16.928364405589747,0.5161731034243419,21.79734866620305,1.958536830920316,304.19000655058784,3.7626878932211434,26.928013924882297,60.41000936622822,2717.247203792032,3.6126591562014614,24.15849876250137,56.78293520426263,59.112858243453765,99.74817775878867,85.53379913973683,2373.8370159676833,8,1,Uncomplicated
775.5033692030065,24.460010032397115,98.95062511812833,93.9602170803794,98.25871469958852,168.4463874372063,137.36007163209214,85.01532011085206,115.21837511234719,137.5414540848034,81.00599778665125,137.77028840731947,33.19084187026307,9.699526409270039,15.382291870076099,196.43017233457388,405.8293421765011,192.6000837022687,0.7759763974642327,18.371465221891047,104.93726888260679,69.2978368901112,83.35567355893768,51.53975847046179,0.11516716636556043,1.0565616166253478,11.92765249036326,0.029871593625388826,-0.06473538981192428,21.745093564436157,2308.147770808141,41.39570853345979,0.7379061882895427,25.911482466798233,459.7596761966103,2.5143364826372885,2.50136917259923,392.3591992632586,5.385531756932493,136.07503971217344,2421.498914722416,2.2070428237220385,228.64369874540864,0.5909977237435355,4.65129546979444,92.88575771831955,1180.010445741787,0.518355264762852,21.314811473661255,8.724221069479679,54.83722856755494,0.17172713071090034,31.696495529367922,13.584458818292164,518.141070192053,22.334617139569907,15.398189775430904,0.2986694682729812,32.85121211817621,1.6838357859105686,303.3133649393047,2.9811659190113993,31.26368272846327,65.16266145835516,3199.211912001414,3.1414210037191124,28.363665713360554,66.54346445842603,46.11060108366343,100.24691746690375,63.017520960538334,2881.256642273329,8,2,Uncomplicated
11736.42764948873,154.87576608242222,108.5602679113018,118.77401924377533,178.26168353989465,316.347820411507,148.5116330030548,100.19873116943292,112.4280415817289,204.4738035348719,92.70590785626975,106.3578065702292,44.52742176983577,7.501074789023274,40.41199126008773,151.05565707938882,517.2918020154286,237.56149076396227,5.111288157363744,713.9601467378302,92.67041607470351,141.12934948468342,61.56953945214091,64.09828345397821,0.11059563171045107,1.0219123559343535,33.9810036961234,11.849917510647886,0.06521001878858967,458.56929187393996,3192.5899974379895,50.115626690587284,0.8493260778476143,24.185171561882722,567.7441720068549,3.0376115505295997,3.0259711318312013,384.3840706060118,5.659304706280334,151.44903519531871,2142.1512167988917,2.749294905361325,266.533510113399,0.6661776576580746,5.012708577456408,123.82502553449359,1215.0171026188511,0.5429999790905397,17.785508185894276,5.467851173733462,24.66505403870304,0.07421165928231871,26.0412570924865,-0.3457917392881562,719.8051238061348,16.666354763250176,17.656988259059485,0.7240932854830093,24.389917455659706,1.8611259490295664,275.6317133233621,3.447974797061331,35.42431885964862,69.21847695121389,3527.500437086729,3.2703636460047263,38.81280812338933,71.22153780854984,117.22376371749982,100.321045177357,161.69316643989288,3892.2559795656903,8,3,Uncomplicated
-24.310126964011175,0.7511641877707398,102.95613705219293,83.47156497146607,137.37050503828283,152.9800367112299,165.5070087105609,112.38071744760724,117.04269057457259,100.88130665127294,101.26077361452855,157.2158550272821,52.88409005881109,13.862293407338383,15.50580437757014,205.80675768613872,311.7941771370114,248.8288167378597,5.39228474317761,8.41424199403785,39.9347262489187,98.30804748038867,89.12356906318956,46.97109738390041,0.17620489919919313,1.0,10.188055481967154,41.6450291199781,1.2265319915800952,37.9128239700765,2486.6478165715143,32.42892220406606,0.5686117919424598,42.926433995714675,605.0379253633909,1.8916702096685372,3.179128596101218,276.9963721490828,6.476158970622478,84.57299831917058,1735.1554412165303,2.667785430629176,62.17256641798312,0.1986116937025974,4.76116671534081,34.42446082703985,239.17506350750818,0.1388374012682883,25.290707345311617,9.047449419215887,51.980229996294355,0.17775380051141293,32.92258337554966,7.087466684397772,579.2043616832215,34.25859270299098,17.691950086743876,0.24420380659783167,40.99346051384194,2.4377956289740697,225.64291296851474,5.49667264984985,21.31144466998212,53.98267457204596,2188.3690249598653,5.504882023786361,20.259673432755626,49.854081192302935,54.73642952285985,98.57663318913485,82.11331606913794,2049.3632037598895,9,1,Uncomplicated
3089.9858347881036,7.3945433430061875,117.5541248774832,63.60863076875681,123.19425169958481,166.23799870336666,164.04612221497754,102.92624294563926,117.70302560852191,125.67338778102044,87.43402511321591,141.95365664367148,37.71764149445264,6.1355437115933515,23.22798892351478,167.9774066093955,395.659711100602,285.18144448507724,0.6127546054537172,-18.31554167858637,22.76720939438517,121.67969276283974,78.2754924524344,80.23477051949799,0.21374344499126444,1.375712347642578,10.98499629272339,-4.242501129551297,0.9530621031493596,41.488822617024745,2378.5615113868544,59.1228093298451,0.613553788134647,41.395128433026564,518.6676049564828,1.524423321708543,2.94705881010696,445.92502287619413,5.0804569857550135,203.52792103511786,2483.35037738166,2.6722515007009244,231.84681719720103,0.4409378202654865,4.6991018659765755,122.05743905471137,1100.1060998343814,0.4081564741258671,27.846584709644155,9.991540690853832,62.910062766994955,0.12236886904952299,33.399807745929735,7.452185962053094,1000.964802071852,32.6712474657482,37.89287162660053,0.42521587031408314,39.00986243027189,6.636000323749861,434.7373168940428,4.38652691388268,29.21399904870843,66.22805628882928,2914.294006599612,4.269041967943072,28.165394489997603,66.68478262640497,53.324051711843275,99.84238740893585,70.18605057713377,2762.089500564026,9,2,Uncomplicated
12967.161509214067,107.24766677539606,105.382799316062,65.35654202257808,171.43470493453955,203.52760276233414,166.00280554594823,111.20475090967936,95.1610454909763,81.3125279000512,89.36903100715237,101.49312743493083,48.006839670511255,5.128498060580041,37.70529754041406,149.91828677386331,423.7864230559602,293.6073463186632,6.932156991172729,34.48891255331739,25.416591172030586,125.38430992076108,18.876942160774234,75.85085527602106,0.18600424132167157,1.2203633881401377,33.834980214789056,17.851177662130645,1.362959826106676,309.72379726208857,3391.8665221668684,55.81788264993563,1.131908718435582,42.91434116500207,621.0938655659327,2.346903646982426,3.2153794816606944,356.72809538899975,5.922627258491783,139.92343433017308,2057.5378995778096,3.2032338691429176,253.3130924778344,0.7142180971262959,5.3256482078970375,125.05657572175573,1117.0647544847782,0.5664968044309664,29.314751752200085,9.607831840038816,40.425916568820554,0.11833650801343516,37.7283465733821,8.286852946856326,298.14848100959694,35.74024077970667,33.0378287587161,0.3074764638502637,45.358586488664,7.3245297525894895,266.83810763871406,4.299022506530168,23.89218165221652,64.43065464506512,2405.263014337954,4.1320024265302875,26.10469620841425,66.51509161703225,112.06131556024187,99.29171934402247,147.11342080831926,2563.508122303765,9,3,Uncomplicated
-163.91738502768843,0.020612079693934582,118.91649251365658,105.66942947018137,107.74447490921656,119.2506539842009,112.75873879549671,107.56624531224314,100.73947760182632,160.58534057759533,102.11743520659559,136.08064938370083,53.84199983736,15.461837134411535,4.656697597512481,234.6540740044625,276.9425017146824,229.47322238559929,2.580682380619985,-3.8724066772033066,61.6522032814893,125.71190333801292,81.00304450689966,50.939840509279094,0.1774020139423077,1.0,9.34796899356591,36.475838071616664,0.6381170553866575,32.48289536624104,2188.9055560901897,18.046806246406504,1.0525497826136623,45.618220167751666,485.55453880671024,1.6489283836983484,3.3006509506701502,287.00925628721313,7.017575385677372,78.31225297901992,1841.0171706972706,3.160823332872419,132.31353166128153,0.4542978940241452,5.7367543363274915,52.72370338831752,619.4218135420806,0.3327788244368486,20.335789991414067,6.138196594258137,51.79501414037863,0.1856437838242202,27.99735584853345,6.75994862566948,598.5364308810698,20.625870716329132,21.464927151917315,0.3948836307204312,29.2740911548094,2.668275455307723,270.69677612203566,6.161344730915325,21.017064054978167,48.79971261216567,2104.1858196308185,6.173494560652584,20.446920928707527,46.62308710177342,56.662828943544305,99.92525918119217,86.3799179909852,2083.836896144517,10,1,Uncomplicated
4307.203327959547,53.39269195400799,111.57369774642606,75.9000963294091,119.96933480330148,140.8611017376879,115.67140848303566,111.78049779686305,88.10609334838405,169.6097259081761,82.52194727147156,125.64646600801268,36.73281307837813,6.1080486694103895,7.798190324853193,159.85684844921934,303.5149502333732,237.96686876388733,0.7830785244115752,41.66882800390787,78.80958504205863,130.15011559262567,58.647485032321775,60.41833171578904,0.19702638519576665,1.0480730286781634,14.333744708539662,22.03706662732938,0.3536239149146135,38.288535669066846,2243.262503732196,40.009916977714866,0.794867400352942,42.65221809323661,417.8425392863059,1.6661622581644229,3.136822446900945,457.0164181920303,6.007572351495529,168.30820860076028,3054.5729237043993,3.057860582173171,289.23360765760265,0.6104736969835425,5.614901083997089,120.99916092928973,1685.1730004965193,0.5365692298888413,23.89315652595853,7.88422849215378,-27.40904542082533,-0.12033240165392292,35.06294659079831,-13.960212623628856,178.0178895211916,29.422679156354143,-13.48495447412822,0.25257001030333703,38.574700782745424,-2.3922620466616444,-213.48090009601373,5.890481367682125,25.26340307851403,51.251174958563375,2461.246442203521,5.804835259837003,24.21835095599845,51.98074404039549,63.152754560011104,100.01554437004738,79.2997345601533,2449.618033308787,10,2,Uncomplicated
17023.515632106682,106.48366332255306,121.18713428002211,87.18267484155488,190.43473703508582,201.1070001931355,143.4960468350883,122.17139905004954,66.2797780126486,238.9706748112588,96.30256459913329,102.66658272841926,43.73508426202949,5.168082982583364,33.29303505122486,142.01826442494112,466.30327206990114,319.93619994795915,6.536086601694583,508.10768520635423,82.36759024804688,154.8624701464242,54.65293876812034,84.05651967446907,0.18200583586514,0.906252471398512,42.758183460171026,-0.49837710283821046,1.090354364151971,157.65688287967617,3315.75241368277,45.594980883990694,1.0295880696027264,51.765405343315024,535.7359407643961,2.6330451121299485,3.4240011794320377,444.78817906348735,6.369018465116715,162.7859572043925,2847.847970257551,3.245800966555928,347.58111702053395,0.7786381891024492,5.875495674166165,136.0026455812285,1967.829424400391,0.6807605779189199,22.129361776829782,6.474343915097444,89.53654451745045,0.19363753965876698,30.574149482014086,14.775236730279516,1244.1683614966928,26.489748768560496,22.123475386372867,0.1849497685484277,37.414287946012365,2.2093244019704508,398.99118671623,4.941888166988094,33.92012837043048,61.30680405494504,3430.0667562165954,4.890480827999433,35.34112106563717,62.51929453480506,118.58979933895688,99.29552597439333,161.34146518820052,3580.1269566672886,10,3,Uncomplicated
404.9498486592681,0.6582505409073877,70.21429349838556,76.91103061731329,69.92981663443715,75.43244852453105,72.34878583566973,74.20853143396045,60.11625227868689,97.6564181772456,78.8279444197263,109.59633983957391,35.43964115057629,13.468564198142616,12.328630671869572,197.90932980969686,303.106480285341,139.98696183372155,-1.1668412181134646,7.759597670307308,37.654700293880694,105.20977969920308,65.52614096406923,37.73985935193938,0.11814143443535641,1.0,10.860878908315074,3.357640549989127,-0.1321173189586038,19.909425420359963,2799.5036631486887,41.63553791994299,0.8587500888708226,25.104509113477636,625.5740705526123,2.4578314087522846,2.6657771687927263,312.28917518324926,4.878715537176204,129.25085139020845,1628.3658621445884,2.452368997405188,180.6077973819511,0.599240406698293,4.728670596281659,80.11290523449205,808.9183995190449,0.52058284363914,24.716817978836087,9.029449993879432,40.75025552155617,0.1229843668157038,32.74036899359097,5.280828394909318,460.00946367088716,26.318024917418672,19.041524843863314,0.42307739780210174,34.97002519539348,2.0652053754326394,246.04025599194284,4.844701598588363,29.479663187741444,60.36773593919126,2951.9059991659287,4.972169574092539,23.27364315926459,59.49243008063621,19.188762197243353,100.40879382677716,25.381583791468266,2351.247796356213,11,1,Uncomplicated
3983.4554680995357,-1.6350218379188135,92.34891567914882,78.65138643336049,95.6281146088553,97.81887195934873,102.16850286663373,96.2705365908505,71.43849646930731,123.39563517949043,83.61488539500203,120.06011981678962,38.03896469118562,8.61681466502185,12.748676272469927,123.34420504214137,387.9161909720265,207.30581765622537,0.59804262588326,22.64128374519338,61.38236964763824,111.26445813206922,69.2777388876075,47.86751053873801,0.11678138761810543,1.0181338513069258,16.04723533345511,5.951878456244928,-0.05064088228612995,45.31472143311624,2810.9929391398327,26.36022652134215,0.6816802230169354,24.941672995134727,542.1787789889946,2.5819035321881847,2.620012332713215,355.51929300973836,5.4042622714711355,132.59003905242014,2293.292217253046,2.4763085295015927,234.42246072714735,0.6728898216904203,4.812129555686353,103.69584553454699,1168.1371594789398,0.5327977969868596,19.977415888290295,7.437665893962958,53.57068639995053,0.16290020777269326,28.328106611853677,11.589334160448335,509.499896030419,21.12976535682235,28.272909426580846,0.5514448124618258,29.625998121147184,3.5361639695935017,438.37977277102476,4.200377025755416,32.062402849183705,64.32359885198001,3237.5711972931404,4.210422508175299,27.390732133833986,63.48738908975432,30.27430165719568,100.24899506105247,41.35498811366139,2777.9036138062283,11,2,Uncomplicated
12919.94520126678,139.46532292921282,95.96639419433443,89.48928878084602,147.67921953021633,187.09880365616243,99.10724212106246,101.24408519236893,47.730178793322345,142.5069823531054,83.32325791120456,103.58077347184529,45.63670349491474,9.111377836055315,32.0478940992807,130.83715091353338,479.08593380869127,206.1212773152047,7.0744271522837705,428.90453090652653,76.56554349860322,175.01395552706734,59.397480599524926,65.09457528295135,0.13149976543039105,1.1217620586493056,45.82550077553492,3.451997894544986,0.10666658726106631,607.6696027300201,3341.8734622874886,53.33594034008794,1.1334665903167245,22.32535019684953,708.6460940775215,3.4836219702811757,2.474512213267132,401.8213022069042,4.598859712958157,177.0541590857389,2160.480415643455,2.529445353682215,343.49399932550693,0.8646751582523693,4.530219675123839,164.2046619970444,1703.6263656575275,0.7716974226318382,17.891747473489584,7.340236696033091,66.7429960897261,0.17797372525116872,24.227593566506087,7.088116893094384,1311.2654770953152,21.779429463074653,35.08187534066694,0.5922133113912696,26.706439500621805,4.301061668128696,559.3301726631756,4.264420089207502,35.744076038765186,69.85607288690372,3561.281868854248,4.234217359270115,37.96707684683091,71.72433659218837,53.316441283884856,100.75487551333326,77.32974871196615,3771.758040589659,11,3,Uncomplicated
101.65256888915019,0.8029055261186231,95.04803716082495,85.0672870656953,89.69271731591992,49.3141540700607,122.20703980204433,86.99916771617104,114.92764687210921,81.07232178782104,98.77095230997834,108.68278407118933,73.02992320821376,11.796199083318442,1.5103053662218828,164.5064663812815,290.93102671253394,192.74203534918877,2.346243358499349,9.159247415716791,64.25548811620587,74.38855287910074,63.33550388558286,53.459322326319544,0.1909035161379805,1.0,8.283649571427087,2.3670084081418636,0.6385237447103242,22.15074525511802,2622.0253381517555,28.406275297058215,0.7581287016407307,36.8174766635239,492.5879591920619,1.3438170007404162,2.0840616050078196,241.7561967003764,4.7884737384878715,93.99637694456382,1058.6205534358485,1.9853487564868315,162.93999418257067,0.6558128915343926,4.243965711780668,71.8968268549308,670.4157946791261,0.5500100769656673,23.898660671007757,10.378480776169061,28.131305145510787,0.1109369120018621,35.00102449719203,2.134171548516202,382.28166720130173,22.211151599982134,13.090710258911551,0.4586073328511184,31.672744323259682,1.126820447535907,154.4281748087023,5.639752330192195,24.989624606044625,51.66075911679532,2500.047456319421,5.74319337093256,21.664425681710675,51.13713105632672,46.076504469289034,99.63948183016524,71.1892242307751,2168.581451676119,12,1,Uncomplicated
4800.168231022679,32.50759364584918,113.66343103603516,83.02661100179957,136.4813374354085,91.64302575761961,163.9419115966145,117.37863295396406,120.19003012708258,140.66236933996677,90.8340630376416,120.74259621328466,48.51915789771832,6.013180104966677,9.269118788722029,136.29036574427352,387.45157728709535,286.15736211056213,0.7416929628493163,91.84162108604013,78.83796368882838,85.1456820152354,73.63654697751726,72.5066194222511,0.1920690431341173,0.9963101411167001,13.449401136436089,29.24955547701233,0.3261499881200361,38.81086302438685,2694.8296577705983,8.690292753965196,0.5135831343789321,37.39276231359827,465.869289978039,1.5279109689717756,2.0741979841305858,387.97999505106793,4.5382391659146215,159.64749255173217,2107.67821280277,2.3319185534280846,351.9578924234821,0.9478664793582964,4.470623253927639,159.47825843509912,1778.8124974356122,0.8219572531021208,17.873983116143737,8.371306843761895,73.81436647354032,0.19945032023711434,27.972815585423152,9.652038804599197,1140.4420409279537,17.317697075848308,32.52466573266212,0.5072491407578819,26.97293325238828,3.5349461096934887,546.0115308691862,4.803735462102819,31.25441752586646,60.777466221048606,3137.1647934102257,4.910849809228358,27.88731389297712,58.747961124916216,43.68845837865584,100.10706774341186,57.055407015511356,2855.132744129699,12,2,Uncomplicated
11606.922257865353,103.80091937265142,109.44772044290536,84.28802003060498,127.14961475708859,96.15205472824816,196.21255148691375,122.65213796620382,90.9354146368665,154.68837379689788,81.18378603070973,109.85515575695528,61.47391344500606,10.147743084961888,10.484382038002499,147.6819376243482,399.5614400553011,287.5191894223648,5.795869502114635,537.3719793521611,83.95946995284129,103.40956013477633,72.45480728083945,84.60092335508952,0.20789832583786355,1.121397917973854,32.663958848928345,6.26518901204177,0.8005519346011766,797.6093222167428,2318.6483642175635,41.55897615039131,1.021488038796936,35.47194105563636,572.5127572727815,1.6839635634291907,2.1708257052184066,320.9845247268465,4.845125860902127,125.36308254558956,1764.9090837127887,2.233944742780934,211.28617664704657,0.6670148696826005,4.390897905361721,104.97983654535376,982.7189179981909,0.5905644193123745,21.088084129968173,9.160307805225875,67.61655166576183,0.19307505554404913,29.792568785211117,10.30306552577625,980.4085837474847,23.702394707212196,29.58259682336983,0.30435101418277766,32.112239198426074,4.180955499957099,440.76993465203725,4.216461584380159,30.782088461722246,64.2828683100395,3086.061138442782,4.21543612609052,31.46778719930871,65.57794794800644,74.80320047793113,100.06891065659053,100.08828405326192,3168.2159169063157,12,3,Uncomplicated
32.052445375246066,-0.004908167841459643,93.53144726000838,91.30395933918501,132.36028164124482,104.65919174291945,97.89854368842362,89.27104295170643,97.17355546494066,106.59375091593238,80.47043783506479,135.59067145476132,57.47378781848754,13.800913227006651,7.873885719437713,163.93699297621347,242.01615031888247,181.31763207115557,1.221750263108774,2.394563070597206,23.95326724375562,76.8908182962314,73.7885951237579,38.27937225178106,0.1633029262827617,1.0,11.543463772103397,15.121858169690297,0.6406690556926402,5.802703483064864,3017.391316671298,18.94682218575026,0.9479263688165644,39.54239444515521,447.07589965627005,1.8800317238407043,2.7946757624404355,258.55299997365927,6.458792639353764,68.08919388935553,1697.7333468526522,2.417204731676469,115.68204395528859,0.45575854972458574,5.0116164386464295,41.56955652837829,632.2168502945626,0.3812237155635696,12.084715423696663,4.109998488363241,32.40388204335173,0.1289124757813806,21.87326425992616,3.295452703391931,628.1127469597999,12.827339383689297,13.091777364449845,0.480528580947282,22.309096173947374,1.5096331620577417,222.41660808124192,3.8157335713835856,19.223856723338237,52.354574771004735,1977.7590496067553,3.6413611811377002,18.798861313217607,52.10281797620079,22.903240345346163,99.146825609022,32.74363000217838,1850.3285393532067,13,1,Uncomplicated
1043.1517033512841,92.5571585251732,101.35990877150367,88.40091562776715,122.52265164746315,174.17344227391234,116.25615086301748,92.78348098922673,90.96192709436004,147.4973051187926,72.50828981025376,106.10652050369457,49.15839741217076,8.819007856904964,15.90852707911231,214.35339161749428,333.06721251142255,241.52982140424632,1.038374397622037,21.06089621793552,27.797362200857357,106.4572801577732,86.43852984336836,67.27866431517286,0.199992058760909,1.256197860302173,13.354246823805527,-5.586666642944893,0.5687825207904266,32.01698353047515,2753.835968884015,35.66151828445675,0.8797803121271229,41.318792869495425,505.28479308240907,2.201359553478281,2.67815165887096,431.6975481217169,5.2395502327411485,164.55582617475633,2461.696903610324,2.6984373216951614,348.19657767632714,0.823216088004294,5.027566735994416,147.8288403484401,1873.375435117254,0.771649998162556,18.250641161424312,6.57924822173774,109.08186290355786,0.27948608833489214,28.086192837574,18.329030667271912,1494.0852717825437,20.530814759838684,35.812971890422034,0.2529547214989081,30.609381723773534,4.230004779096353,580.7383770289484,3.307913065837063,26.295095087842803,65.63306983713777,2656.1212509811344,3.351507168128433,25.13656415741734,64.58654793336466,35.3765621325715,99.55177548567193,49.01106054498468,2433.3132002675925,13,2,Uncomplicated
7005.017844516517,184.12414122202068,113.81722641698543,101.35587447874741,202.36659729491572,195.35370733860768,125.59351874659731,110.104818036991,83.98200208519489,166.6580431495222,74.78469069796485,86.27054384595797,62.49448741061522,9.30863728011437,26.9557297128727,167.8864584026358,434.4317188631496,241.5793367537127,6.430802066361302,621.6499181743557,18.659932650435223,152.52980463100235,55.783976628038175,88.1239264222499,0.19940819615504554,1.2727012349532985,37.813444473821406,12.653399407910278,0.947260353100901,322.59013727719685,4158.511207176508,48.60283713878519,1.2750764653854394,42.57138315522905,609.8535088962115,2.819124352406762,3.0236258286379525,374.636354876504,6.190892158630202,122.69943878006633,2484.315935335525,2.8036145046853678,289.7217733813395,0.7694739165995388,5.2565745996347335,122.36102189700044,1554.0367069391261,0.6232586026663209,23.16670383617037,7.382528719684378,26.72856901113248,0.07543152687313175,34.40154801225194,2.0872514186800615,518.4668435161282,22.25777851344334,3.440321720106482,0.25514540107453654,37.05566050611222,-0.09458923379989859,105.98062149136456,3.996923765021151,29.556591221525917,61.30514485744129,2931.6686027077412,3.9740497170687283,30.153366419432988,63.486043851129565,115.89602736030774,98.97700982559958,149.3148741161649,3055.872917431605,13,3,Uncomplicated
295.7930098848765,0.574847237405772,80.54237132345736,74.56252655932491,60.24347122885082,79.97314426902629,72.75518870112595,77.55250615957793,34.23087175575748,111.53546708185134,79.74113885346218,91.33172073177303,54.03198631568011,12.795423704635079,8.420831481269106,139.9725465009431,256.25075138819597,131.9401656630816,0.3576324734115579,7.903346115194333,37.06454885624859,83.82125909572343,86.35824748480987,39.161096152438276,0.15347439102316598,1.0,11.937883227929628,23.3741813672164,0.32920741845867596,28.47758341300557,2856.3208328734413,33.0742021208886,0.7363259138951713,29.851838370816964,557.5083151257076,1.9964814753593298,2.614882810174752,279.1194901098353,5.469764087063371,99.34474628357086,1558.167318658561,2.6410799669198273,149.70527486416145,0.536975548745557,4.925834965191536,66.90420549589139,712.1340563565997,0.4662082163155834,19.284079077055825,7.763888967697636,64.78540006418682,0.22930634226667868,26.747627529034617,8.6099622957476,733.7485485838051,22.12649231687533,28.56415484857862,0.43990691460512676,30.241675197837555,3.501569207154237,361.4265237553577,5.144923658623594,23.34969204245528,54.6161814803402,2327.5991326884127,5.358308678047065,18.87056945948607,53.47379592950409,30.26804537722226,100.23707658423233,45.741155723867884,1919.8672480216844,14,1,Uncomplicated
4629.7420305336145,64.45503028484,95.80471617394107,76.23608751329526,90.07759143826533,93.71254677491277,89.3544793852872,96.15869597920556,46.89044547932627,143.4233386307137,79.46750045455596,99.79014270603989,48.50988699138323,7.637714772467686,13.239210860855254,112.09916824227048,324.20766253398125,180.80054599873165,0.7234579140820625,22.444392540111746,41.043203576083144,112.36554860037837,75.37814874161238,58.02787331681547,0.17904013560513454,1.1824658889252537,15.251004292424994,6.314892195590968,0.5027939741356181,66.08482092015036,2804.191482914571,35.59978247234327,0.5573990260106387,32.26913541737062,522.6535862343692,2.1165842688642083,2.749385696786407,345.82727394031724,5.499861216721296,131.9816985151728,2325.6057850315838,2.5252967223602134,250.3817328858584,0.7158922091771779,4.9607087782144985,107.01498531465889,1343.0710171621142,0.591730196892853,20.969798804772385,7.653183888150121,51.88924625750461,0.14802320840213282,29.401358565262832,7.883179016129267,658.9340342813673,24.718459845625443,36.02521507970121,0.5700607987372415,32.361028501697845,5.312276638696717,467.473554207471,4.367265959960493,27.05932235136593,60.61917040881834,2694.272949020886,4.313524009121671,24.681191324947786,59.29701370607667,33.66396940874737,99.91347121949319,44.28355890081023,2473.2514506892157,14,2,Uncomplicated
12556.173577259065,150.09676554997745,107.73629770653663,97.83478542766862,144.31088985075826,148.84920898825087,104.174617230179,114.22094681209693,45.62444660538375,178.86799766283525,86.91311362755611,99.45184298846387,66.18101389998984,9.217952979423636,25.789752909591105,130.54559755591325,445.83878662266716,218.86752562144954,6.551609767956755,243.961820250499,60.489269476745854,167.6912545432935,65.5822884763182,80.64418982070751,0.1821856621643177,1.1932275678436977,40.675898237875636,9.48093864310777,0.7038401293900771,603.8139974058957,3650.942906305444,42.12108205328579,1.0984240397833906,35.06740459621258,690.0987728685743,2.9982496979354014,2.940737884467232,358.88435492888937,5.8062331328591466,130.1298954669541,2367.393539530109,2.9611149142551834,281.2200049505526,0.7794420230801442,5.199233137060044,129.8801359400606,1558.7320787156718,0.6575248709991779,18.781699926060767,6.394652232969056,62.950507505564005,0.1746772532453903,27.56022094666797,7.326436529481685,1121.3013455566459,23.372639960610645,17.00259974392335,0.3373919404209393,32.70914167617552,0.8320198495655973,397.8558169795465,4.441131731318936,32.23991720423788,62.43232858772218,3211.481496326252,4.406041574417132,34.181601337352106,65.60936423999729,77.4453604531943,100.04993811796946,102.07534987092298,3393.610443403907,14,3,Uncomplicated
349.8511754464571,0.7512760333634994,95.15644067234528,59.12272566022012,72.19685120222442,107.15040402611652,115.97458759400473,105.52332242421035,83.28994362802796,182.65171318376423,99.8736470704593,95.40409450265622,81.842596574303,13.966687669341164,8.996657263437667,125.2976258298505,304.20957128544234,134.6595383770512,2.5875462900957302,7.85817593043072,46.447745929317165,49.644003487547266,91.881507493545,35.48999368167232,0.11836912192061225,1.0,10.663455799631425,4.977865457342414,1.061405111249925,33.930694585415274,3304.4675407879786,27.19173699812705,0.5011733337115243,29.843983248064465,491.75679837985854,1.5627168555385151,2.2193849569193955,273.0035818872025,4.845066042863839,103.27801966964896,1405.7435434981167,2.449210761663751,135.22164662505338,0.4922456617480723,4.3672266067743655,71.08823121184149,542.2709117675245,0.40900777597133914,20.716859317723387,10.38754656561581,88.22628948449943,0.328086663541883,26.406942152329144,11.925338433863459,1001.553762842236,29.177140949049296,36.544380918858735,0.41957439672248875,34.67443710370646,4.742490960167409,458.30074899156796,6.7278365830888225,19.706355556737044,49.30621614263613,1929.14347346465,6.671469486069031,18.848185670062282,51.95739107258051,44.964789622431574,99.60987881998801,73.06544372384096,1888.297742728491,15,1,Uncomplicated
4855.662883503178,-1.0964781890692166,113.9545743863984,65.13666350915638,135.748956765452,120.36157678293695,155.91738116569445,118.14988890986389,113.94619417012741,263.34561406125476,99.6778502806746,128.53468395228367,60.30034656732777,9.398166047748523,15.663464794985718,134.04121445782758,386.28834889828426,194.1304473800865,1.22599416831338,71.76032514999986,38.072007906086284,86.24097493343695,78.93160493397895,64.78877950125225,0.17310111380850524,1.4543742785024505,14.548631434337983,26.47640719670559,0.9139334472729521,64.67843929547912,2935.7287675202806,44.65435080039211,0.1462754681816021,32.33493935032444,377.4029521058692,1.4155440511510635,2.515475929714481,358.21029893647346,5.091162919080796,166.08041831261718,2289.2335692348065,2.191032111193061,248.66330263173697,0.6773941288343335,4.573975587364771,112.34587411645774,1262.4891374365154,0.5632474703490153,15.591646418661062,6.210258680169756,148.94642193069652,0.4075517095531216,19.980464870135606,28.723718917249144,1671.9382125563855,17.309824390388616,89.03983999630773,0.6777806735802591,22.498440773439857,14.955264473626606,1128.2734579465316,5.436726231902968,27.319011209058672,57.111517786469285,2670.192714525015,5.325186762093694,23.86100644752711,54.94179917987063,38.214728625641065,100.06795171143476,50.389213523550566,2459.4638849665544,15,2,Uncomplicated
11484.755569781224,73.97350675109683,118.41657708518659,85.04600300422418,195.91164888109165,130.7982283866415,177.76958707105055,146.92709754244592,105.5694922298263,270.4061339672355,104.9951286519682,133.90751480963633,82.5489903461376,9.234761949453738,1.7606614969126504,160.78623168137244,405.1416509945855,270.7342299453006,2.0706178134843305,143.32359517592062,59.92072329654665,157.69769149958282,72.85420341940959,65.15257288830756,0.16743395021515403,1.435694165596995,36.21812985413429,14.050994049234557,0.9061572926654433,903.9994009106597,2618.383686622153,23.21896392156461,0.5011310470692532,34.07677407893809,473.773482685427,1.8434252981584431,2.2869927133636456,416.81504748864677,4.375309576265461,188.25889709695886,2124.969805819358,2.5827021646231674,306.4864851012407,0.7288098485989685,4.32593495162938,169.88551637313736,1503.914864874162,0.718798076946046,10.72407146632036,5.185712036397321,146.06454624801893,0.3794778498479173,17.501419110445163,22.95296735366418,1946.6149168314992,17.551105271208918,80.7211713679317,0.4096963697276672,22.86590231286297,11.864439693490965,1178.535870467379,3.7460191577880138,25.78613321507099,67.65419187092955,2555.1763951739194,3.6809281993861447,23.33675378782639,67.41720336614067,-16.666375980987226,100.04056632759838,-22.97202476241793,2318.137932234477,15,3,Uncomplicated
262.9547558186453,-0.23020918388019723,77.86348699092827,104.02331573504958,92.38251515763784,110.07323048775466,100.71556270685194,91.27947642212588,109.63909526267201,98.9776985223261,91.66644981957062,122.04717715535504,34.574689848240624,12.386578721781191,14.708738580625562,231.16354618604927,260.8477765038188,168.8996802632724,1.8792833637665356,0.42837859870547224,71.5945563085456,92.13371748239014,69.18482949084455,25.119039801584712,0.08826853215823957,1.0,9.510250336706212,-16.561058014445297,0.2632710406814895,47.88826825307145,3147.6822896873623,32.289283822126805,0.8109465955174254,27.97686910157692,730.622447445441,2.457658672798442,2.4873888502277426,259.57449662361364,5.121049711767343,99.00360599735896,1527.2503132142033,2.1514305992908422,162.95448622291042,0.6348796077329972,4.608991607689975,68.2882668396761,813.7401018084788,0.5496098356572885,26.336218784149704,10.717772829760472,7.359912247694794,0.05797497014140768,35.392691268130136,1.2209090191641194,251.31799495994693,26.81964406765518,4.426505949381996,0.3710820954584814,36.485524027766544,0.7041171921677645,128.5751010342198,3.475680942054086,24.25027366638724,60.92474245560039,2433.639322306754,3.521359044215218,23.228565232520975,61.55882144074222,58.889618572913655,100.03873410338771,77.31592951364871,2296.418531210636,16,1,Uncomplicated
626.5127239380001,51.60876877107139,89.0084812974946,101.5108997354675,88.37267069832791,117.49428367309005,127.44360343603974,94.42512515460824,111.2790533136889,130.32524789561745,90.47743724610476,121.11737037389156,42.63442125453088,9.023429011257868,14.789145939378583,194.7000468104951,389.9042477366603,189.0240292803225,0.20337689272732218,42.34258967975713,122.27532102508664,82.38786957280705,68.02819591447083,45.46054539147819,0.10997241000982308,1.1833886463544558,12.293773453440439,4.239111059526468,0.06829610958346549,47.22287655749973,2892.4693143416016,49.456864231602935,0.5260866358610354,24.174249145333945,574.7785306896424,2.2349540165891573,2.341990400147931,316.73787032948746,4.902298361487808,133.78472596013384,1732.155195562059,1.9472072334993635,213.51993292988405,0.6760289875371646,4.368280040339487,90.44681518954332,986.3917247399312,0.6184622421523885,15.752128759471265,7.045520653343432,84.86026052260542,0.2703675494063621,24.510188228500787,18.745589673302,856.6270604090413,16.202406993610143,36.57119187429109,0.48009629039814977,24.9223892345902,5.064261291446352,581.767354320622,3.223430949862248,30.30255510567445,69.19200529996947,3084.7407902821633,3.2083199073617736,27.921878213692274,70.22191455962488,47.38405956182952,100.3880597278083,65.87993522179262,2886.867937888937,16,2,Uncomplicated
15638.903315939639,181.18809341380188,110.67534075774626,118.26302240247715,154.56437053150475,259.0453757837355,132.24409920206116,100.73098613368774,108.7621470379132,189.10421059864765,94.7223818116126,86.00096965635862,51.795446514691164,6.7036775759834715,35.43481718587529,139.86492105112075,481.8119357991037,233.7758551759165,3.3626958498368156,796.9901224802086,94.26133508477292,135.30386688129641,61.485753285149464,54.46920839190289,0.10183659362689067,1.103187808256524,46.68826513403103,12.396923563950619,-0.053504882165385736,377.98647346523563,3501.421418223119,44.32331916635217,0.211634560679535,22.712905490987012,681.5053917605909,2.324889584291346,2.2590597958032905,354.09108059595223,4.664520467385558,146.73909296260024,1747.6106359501987,2.2094919548468646,283.5452513341417,0.7935160519532466,4.367425258678586,134.23953544190186,1246.5589235179564,0.7027377835719075,15.442900393012298,7.0225996677694145,66.01409953686631,0.1933504222554984,23.929198934588864,8.63255956176831,1026.303685093845,15.728186438440456,60.011511293826615,0.8693719905687811,21.176296182329338,9.108302945600006,845.4501880938071,2.2042189099031395,37.448167127446,79.88637724684237,3736.0356288067633,2.119018800991616,38.5392476890295,80.11486340840733,72.92192733785087,99.79996085323471,99.34445803578163,3834.155971344828,16,3,Uncomplicated
36.25914323061173,0.30028396342172736,89.30074604835225,91.61741960880678,88.49349558699862,104.54016596809109,86.01009956710273,73.20589476218947,55.82942392431789,115.76794355353198,80.77235722617525,110.26380416051802,28.65461218251859,13.72837778985844,9.265397188084194,204.7353476618131,240.88594543310938,174.67385821491166,1.0341692280531882,1.0359229497123907,41.480766824996046,117.06003537092138,67.21874063759682,41.72620813034672,0.1639844938432496,1.0,8.911048882828783,46.742421480857544,-0.03135819375840665,11.349400016540264,1992.66526395327,26.211227149633864,0.9732222935476056,34.739174789845926,495.81330114977163,2.37465270130301,2.944796588369054,295.61858909249867,6.111908491716596,97.55150068873752,1780.2588203874554,2.8509958826441064,152.23803824663878,0.520143233478323,5.262240596725532,63.150940018426134,733.5358300688566,0.42131380977652344,13.064681578095183,3.9776516377208777,50.203488373062214,0.18157443568794543,21.134925237097793,6.823920313495863,600.9678050014894,11.238738695845766,25.38886190322269,0.5572714755320941,20.186065590091665,3.0839314121080084,334.9506057602069,4.97266217637682,23.43510769335851,56.68497042225931,2364.1710361771993,5.080637092004565,19.82067547492255,50.699430294400635,48.32279033264058,100.02375510272489,74.78787439644323,2028.1456676692612,17,1,Uncomplicated
5089.622149729861,44.33768599141173,93.55763522861947,74.5062288757591,99.82179855946893,128.86522249072428,92.3293128067476,83.61534842432452,41.280945037076755,127.37206488392805,69.23691983972256,106.40357647332101,24.809577325448235,4.984328825919163,15.666925141213428,111.09551929912311,293.8906341847802,191.0582782293966,0.31271898714014634,0.1838432488419457,64.05068245427967,118.44635650261532,61.34583834826091,53.02535619743088,0.1746590621661204,1.0365745013395116,13.723600218733575,0.5011489832921825,0.04093219609623716,40.44964660188517,2121.7665413310565,19.757817601753153,0.8943243076590566,29.424485859909552,438.09985699629146,2.384787195747026,2.7311289525672153,412.8060024033632,5.392538898515325,151.00040265823228,2754.7763847019373,2.5467985689914396,265.5417369893695,0.6552533320069855,4.985265526687832,111.91966269547859,1529.507630408544,0.5712780935353501,26.926938820147107,10.132916384498985,-37.191750727795146,-0.11713833863167036,38.02917965625317,-11.632986937658274,-124.1567417155668,33.034770846220994,-13.714867681987027,0.34323594721833467,42.37633283082366,-2.630771000477431,-168.92376651377612,4.050293312264855,25.357586126134652,56.05051162642949,2533.7567102831795,4.148616206276614,23.394505966800967,57.5776669232243,48.71424713467731,100.05665143547931,62.41506248197404,2334.844910254369,17,2,Uncomplicated
15929.718939150258,124.80997351563215,96.20743456667222,96.31653508782375,139.11885639371405,241.01508012053225,94.67367913969967,93.17492642693207,44.823175483691074,197.91568229410478,81.94795029876776,79.19279819012465,37.69264504887797,6.03553739189835,51.791901119722134,105.63273492360244,459.03992659766874,243.49333088591138,9.178976647421074,203.58280424346486,77.3760392510713,146.71360057966007,56.92397824821783,76.83800592612829,0.16344716233995762,0.9361435360217678,33.991929343326724,6.34243772528285,0.8266596383097369,129.1533003,3356.8800756340215,57.465731982496905,1.3595286489884666,34.124576876622655,575.8114579236081,3.349653205941302,3.2927356574950024,382.3953373509896,6.209520702038925,142.08484117142334,2563.1375567208825,3.055415556812358,319.70085207223866,0.8283205553137002,5.54828598565313,133.67017847149316,1773.4483019746879,0.6734094084125983,20.88821628147571,5.945094873500681,44.64381321190504,0.11706322066686121,28.913682071585807,3.4299050859666265,975.6153104320832,25.051017312604472,-8.374436026178735,0.2285457891403209,35.93589399439546,-3.481850168024838,64.05439544677387,4.291745089370682,34.13661241097572,63.78878724165547,3423.75625236064,4.073660509105726,39.85755709686141,66.54544298828934,162.7342846091525,99.96721402525112,219.04791961744223,3986.3373288079047,17,3,Uncomplicated
211.58709418806518,0.4689486419727721,87.6933609400549,86.87154026328193,96.35930789732184,142.03815730541214,116.62210745341751,98.39423837017583,103.8463259678455,114.95858105241183,103.7063968602028,138.993872549461,32.963583136722306,12.805701697154214,16.30534554769278,239.9868478741161,275.6178652805791,191.2770785078136,2.691427083590974,7.88866533937407,70.76540474673598,122.46534141272397,68.53542591212297,42.55955199648901,0.15934611395504342,1.0,11.127987386829203,5.3700751614089475,0.4973443534840779,46.78285142181731,2790.7555505111677,34.67022876295706,0.6865162282716617,34.356542512479415,639.9152333021784,2.1714533483617284,2.8479929736072753,298.79335130203367,5.20101320529119,117.65796935164232,1624.1265184479637,2.513666703527569,154.81950270385525,0.5157178790441137,4.716761433537886,72.18351987191852,656.7606186005488,0.438630461314208,35.778540901708624,13.629622680997766,22.802178977996444,0.06500857399577316,42.794299129896906,3.829877344905383,179.41523178320034,42.775852987018055,6.30642385382197,0.1880514429480646,50.40326250003304,0.9917055224052951,80.72568633940318,5.569372279371639,21.099083402602627,51.0848654723437,2122.402446415412,5.503777863119041,19.603261636955516,48.511409594967944,55.85256636538321,99.6456509849987,82.91955612504266,1977.0647083389258,18,1,Uncomplicated
1537.954748391755,1.2642119044135,98.30233309362207,72.42747912126003,82.79420590735323,123.09068227818648,120.92991972960935,96.22889354014038,106.90291112638788,115.40108707433889,99.2846301650618,136.14298290543724,37.32646482170653,7.989543468589978,15.17225005228052,162.10765827365475,353.51410375316556,192.29734538256935,0.38272883867254076,10.202019928820476,87.4037796074731,118.81828500172783,49.94366076472002,58.09454516566373,0.168098026678537,1.0982084844088498,14.619328437030568,11.92091099804032,0.2859742592738963,40.65490818665841,2685.5916014736913,56.95709403159569,0.43012686702833114,29.794820931378432,487.3872844734802,1.8480739986765333,2.71834527161369,352.8444315153834,5.275596302251906,149.38832222367324,2043.3554910999017,2.3492694991170633,140.6567435132675,0.3782102035730366,4.610214071675622,71.14409270217655,581.8497102605868,0.3214618065081536,22.426349731998414,8.491713469740706,59.243472294613134,0.16485283624141484,27.603146933736017,13.451604423183365,443.4401575526748,25.24861270565568,32.09706942387852,0.46702078944036585,31.247158304929187,5.742231022581651,359.34653948299496,5.42041859537756,26.067364211547652,57.457891836499805,2617.648960050643,5.289883839921735,23.407683089068126,57.96689107306513,55.237920491379015,100.37155719560454,76.21318243546109,2411.515248178942,18,2,Uncomplicated
16438.57920744567,140.28740740928265,108.37370652538783,86.72942455653704,172.5192867072586,242.68226907393213,137.67266847663862,107.18716656650503,86.21919112574514,133.83228331390504,107.72823819123246,113.78036396788816,41.72720937147878,3.8872278461788836,32.60914020132368,132.80971945258977,459.7537312098308,256.086115002765,4.565703648380699,405.20944116237365,86.88897384305727,166.21833379284007,27.359457283949425,67.80104740724046,0.15279123039304274,0.9744616578534039,48.43133892794874,8.287023527544854,0.43563145846191725,163.19495508983584,3334.5189861015133,48.603344687673484,0.4910178537449929,32.327590589934644,619.7179427278791,2.68212787735592,2.763589572229551,399.63893822193114,4.876752192554262,178.51583860191462,2015.9040740098653,2.7157260942816985,322.2392497903114,0.8059830796593245,4.886547385480581,147.42835372632163,1493.882027032422,0.7284770676138508,19.456534686215754,7.495903341138058,95.78063843902743,0.24110236347839412,25.333316681599676,16.91974356396835,1113.5811903897004,24.13026799901575,83.46169994908638,0.8096385719351643,27.640904458657165,14.437494198895843,967.5983741008281,4.153877119488508,28.902455170706318,67.63311094572956,2908.9657335108413,4.109692487159976,30.330731610867435,69.25861663932801,64.70695396394301,99.55416480148867,96.61995522691753,3001.030288056719,18,3,Uncomplicated
109.58148493196146,0.24479539210609214,91.82397198815401,85.81160947096171,120.36373739629032,143.35575753616394,104.45126137546367,103.67952346399719,115.70808382617076,135.14328624644148,96.22144850932072,133.82948731343996,61.30441459774762,14.507845243927868,11.784061715187919,170.0143398555577,227.4924737124981,207.54906911340805,1.0568353670766966,-0.8369473883985634,39.162645610861404,101.89400199287529,81.35119361348285,30.432828871980036,0.1400490195047789,1.0,11.310667909005497,12.721227774094283,0.8140196899552664,33.70741806873575,2565.361627840681,28.023710283926473,0.5317247478340584,31.551722845357947,425.76957666678464,1.3697666342046855,2.891510131256261,271.41619138999556,6.207101668959429,83.0933195149443,1579.8860339274547,2.637160545311213,124.32091790407085,0.4439084681746113,4.9597985310015655,55.56441974338173,568.1562345690412,0.37654003955994614,24.781787809292066,9.3187847238669,51.50789236405488,0.1904336726161917,31.570815062249178,6.790742423543126,659.037726270896,30.970558223126158,18.01241468180477,0.2879737149045938,38.41887434020233,2.3969994217552837,248.2822750934429,4.645705920057628,15.134967188161625,51.23301550140194,1522.2173995735286,4.44903775239234,15.158759883270807,51.27104245766517,12.723611278892722,99.3033450705421,19.96228528148597,1550.736421631934,19,1,Uncomplicated
1393.0378513188543,51.30922286183889,95.59505294033812,76.67267464583695,102.14359488162712,172.9647898005922,114.82717757177129,103.82557417370928,103.77070715574747,174.2252347022643,87.42016601870259,113.76101696204324,52.11356977486461,10.179400304948473,17.48846000294285,172.7298568912447,291.6001803643707,221.33685819506402,1.028975311420453,28.30737487270641,44.30346142921293,117.06599261155063,71.21384853024519,50.49902848623519,0.17448682732559714,1.2711147560716385,11.57267007672828,9.672402269746174,0.681042410078309,39.64270173510191,2404.389136949293,63.72432754084736,0.5455073039483066,30.402895712888604,409.9960234308506,1.5718068692537277,2.741710541996724,402.7886646640316,5.205555242830782,171.70393185032862,2194.497570942298,2.527348923364036,279.1221389815684,0.6515275921674685,4.813122716843719,125.72734963265339,1427.0721060144047,0.6289874629866502,15.64421437370802,5.4606365099294045,88.34020224137996,0.2112611187505063,23.201317513894956,9.848630285553305,1468.7025709073712,17.258318486690275,42.970261425549836,0.41224847288426203,25.12658077447285,6.6822690808925564,567.4704319884623,4.58748921924336,21.854748228540483,60.825606916815346,2184.3795546149113,4.431540598852077,20.00781386428029,58.812392527355215,36.09464944379649,99.5527801827725,51.33052150189882,1983.8790751989325,19,2,Uncomplicated
11747.961463597778,165.2116709105322,106.91504362621622,80.6922095566769,198.08120487556107,215.22324372946076,128.54954761975637,119.40755841424419,88.95597350272956,177.209009336049,93.41325578667593,108.43908303828054,60.506833309171014,6.7261354746630975,23.75522631710421,147.56148569086915,387.9344982745245,270.0889323111122,3.7415331109468286,590.7062446538163,44.58659512507495,148.41588956429933,36.80796868334781,62.74835740224462,0.16549825245642552,1.1934493142801244,36.326368227478284,11.085370764713735,0.8428558309789131,234.17348681911022,3300.1911137287602,53.97227825735,0.8983510109380537,35.37735989816548,527.1378331795833,2.5541453286151725,2.69653426810171,414.7990995784245,5.091432888835891,171.22979991991724,2272.1038860128733,2.58637270436366,333.84800826925783,0.8199330422768542,4.83327260751247,146.7255678640325,1632.0190876451559,0.727941180425647,19.41686933647817,7.311621333187794,86.55851249517066,0.21829698316025103,28.22649861501592,13.636739479142385,1063.9787455429762,21.938454617636808,58.02532312588506,0.45619358893136225,31.699122919474412,9.462260614045814,698.6559331714463,4.312657940571513,24.578973233459276,61.72226135100141,2460.9988466813948,4.256935901391554,23.638587097825322,62.87655337749748,33.82238492294441,98.48110057816605,47.67553291527473,2384.5809224766836,19,3,Uncomplicated
420.165773030722,0.4537336202242572,73.29495723828371,92.10290956237712,123.22237026041071,81.6816391339136,85.42546774628583,90.7554380206605,76.47127841532674,82.88710316797857,81.12182915806628,134.82314381532493,41.319169057733795,12.974983784473363,8.186222687132883,155.1152503496425,227.15261218428816,123.90611595438318,0.9149269802327462,5.354459145566298,48.02456891432023,90.71514106044698,95.04308082578613,21.442134983313263,0.10643850094066708,1.0,11.891758494019244,-7.826922259615976,0.5051432547067162,22.728385246160595,3338.1294087811802,37.30073055660058,0.46318383279668934,35.10309010802804,534.9547321175419,2.3531670676104093,2.786695103232562,238.86441377227843,5.992528920098734,74.12283903224265,1550.4305842091717,2.422211274922989,88.89982782419452,0.3902107727598257,4.777867638970228,37.12939471247686,479.2975437266617,0.34393331117824044,18.07721241849786,6.821544410653974,56.966428698342924,0.2466811249406583,25.696264102300212,7.935712523106317,817.6129945207659,21.794084947384896,25.20320556502226,0.42720062974591366,29.865481697922068,3.506137101064712,403.3713989190263,3.15771830693229,17.38043331409458,61.423243624119245,1779.9170951247543,3.008706202442407,16.964771310609287,62.67511467232978,14.987362276359516,99.62926649023134,20.521255537644976,1683.5722841314587,20,1,Uncomplicated
1149.6100628907398,74.30259279243177,95.61348331570187,94.71369540635717,126.90833280821943,159.72347676108512,120.62955401320777,89.54531158161456,90.45222608281657,146.60415067442096,85.55846841062085,128.90844126969859,46.83336087716291,11.240788525885636,15.1807495355001,192.0340202496758,376.4389605209565,165.51504717569372,0.8747457976919345,-3.877592764487389,70.48908525597967,110.58648064946576,88.95882293811596,60.77554595885827,0.16136961406924014,1.4967810232404337,13.407754012346809,-10.274056197264645,0.5103272760475568,50.15475264922896,3079.70136029266,70.05200727984871,0.5321386279311442,33.27339774476106,489.3678452066339,2.457320079753451,2.6725030951273436,324.76105711486616,5.251627650870496,128.7664261201886,1788.5806477824715,2.2344226377616545,168.0400070358869,0.5127003811416277,4.437996683349177,81.69097871350408,775.1942659073869,0.4927060095054562,19.102090344134275,7.11307256149799,95.92739024198885,0.29248877065071177,26.669823146658075,18.283095375304274,1154.6003197341063,18.46477838836706,37.96289823225202,0.43347989310043594,27.102740059877583,5.00181000328991,594.9932179994871,3.637777886219788,26.510723380699687,65.45738682660912,2705.8377208944307,3.533693569309935,23.885492894295602,63.48615699520055,29.25928057039835,99.64565672195532,45.86366293866623,2373.625376058168,20,2,Uncomplicated
10100.683856443187,207.25364375064714,111.77790927373957,118.73357037905693,230.19332395269737,234.06218645224848,113.98560054353506,113.76104169289582,114.81602241748939,148.7469529542981,93.18129901731206,98.72482375547223,62.36731612403764,8.132507594353113,18.66852514907933,145.49660336440712,472.8658525370814,218.0631454325184,3.399891497271037,386.5616565438219,50.66184644466473,179.1563053055353,60.85932027926079,71.92097741828117,0.15018469619457928,1.401047668939383,37.7882872977498,26.115748440584486,0.1870520840143337,294.1272541674592,4010.297105007088,54.046322153111525,0.7275194427476438,35.22529819942775,688.1757886934843,3.235239848775702,2.6998409743457548,373.1361374930129,4.968739061930007,158.32635665256953,1985.2148075003636,2.5887187035223285,306.7194206977142,0.8377115303556454,4.584347160546048,153.2430198187841,1388.5739046109663,0.7172520081821425,14.303284901974628,4.897829564988584,113.54277873546613,0.32995671315056535,21.960694660250685,17.387977072798346,1282.330766974701,12.313210096015354,95.03295855347424,0.8232102836469573,20.660627934777146,15.011042490287796,1264.8681303811356,2.8678021216784497,30.821490255083727,75.03022309660747,3054.162693569161,2.511007821179325,30.194610842657752,75.47755120178734,40.40950998393923,98.90374393017221,51.55651251937817,3002.7246324914636,20,3,Uncomplicated
139.37010067716,0.5943711520761763,81.61457903738687,97.78601373207837,86.02518399527005,116.15902333880194,98.95620908269878,85.28842647411574,94.96705242246662,43.90655215302266,91.48078529134574,132.56725471125438,26.053640751564426,11.758027925965802,7.572582695910441,222.54391950880415,194.07035924535435,236.35258719026885,2.8612393132194116,6.355958743094047,82.11708816403869,137.51385642921088,69.66855620281332,49.64427605822798,0.21811757754433758,1.0,11.009363303791067,33.75346854713894,0.19683325871727408,52.95561101489987,1956.9610355823743,28.162654528942852,0.7109819251321515,39.362371307276135,638.8395403097448,1.5159088787958614,3.1331727923783284,274.141437435695,6.060997373141683,98.00067837189039,1451.379157437847,2.622547081349686,142.84358287280395,0.5090840973571906,5.155307273091094,60.057535150283435,624.0295029937447,0.4419994175163559,29.22239944694935,10.19625656460597,32.5524467901211,0.10306116806379068,39.34315091719064,3.779621188419332,335.9395458841683,24.375779581841254,16.964535333870895,0.3697849810151117,34.332735562314284,1.9643773248866454,245.95741194388864,3.868932388513371,19.863121603530118,54.93699682305475,1982.343664524924,4.055689149258893,17.365726915115026,51.82593454225541,39.211824536589425,100.6215846626853,55.20556572246336,1830.5394998550144,21,1,Uncomplicated
1869.4570242751201,31.45905090298215,91.11797807506777,81.95242371621497,70.97705828567291,120.8747545319124,105.92272017705614,98.41271481683793,78.11013811628578,4.763177899166919,85.37398697846139,130.01425819298638,30.157835570701895,6.136009824754119,8.069058891138841,126.19716254605467,313.29927218518833,239.01929133340695,0.6118363978513292,15.569246776735884,109.73902091156319,135.3638394790238,57.76271423251049,60.26644856519942,0.1920193601134784,0.7152838602864404,14.959762005545215,12.77364460530183,0.11931516226948108,34.76539439830711,2156.9593652457393,68.25354361803036,0.756580490893541,36.184187090462096,584.2666837298344,1.48370978374651,2.9371667844336984,354.843053615901,5.81951818249431,124.5032097199173,1976.8811844692757,2.661662598576322,180.16021929202833,0.46709174534327325,4.91820431017914,89.40779749234787,858.0907186037633,0.4304661028046086,27.596314421707483,9.989536765247946,-57.00281040934842,-0.158854941290375,39.151094791328966,-16.361947567777133,-483.9041085827537,30.62958335837557,-41.583861136949466,0.1908436010354218,41.90635411984713,-7.5190043660341335,-552.0681833910271,5.162333247654428,26.617897136442288,57.55851030432162,2679.653371093531,5.05568530071582,23.64721666351371,56.13593073406371,43.336218897973296,99.9885206805835,59.7380378192989,2378.203684973819,21,2,Uncomplicated
15897.120293831338,170.88704125689625,102.55688172854835,89.70769866842512,134.56255200496503,269.2914843128828,131.00920135487536,103.59439775424468,62.87993485131672,60.800031751973975,95.11879221721144,101.51390544630237,26.156428199314362,1.8818618518026593,38.10651833323255,102.40420607262286,503.0875099745546,269.83686750378496,7.716018627414709,731.9393353619259,112.47374976267082,148.9782037959099,27.93425635377328,81.38103302167038,0.16978854713619645,0.4607414511159611,45.530163939389126,-1.2139237308497162,0.48740557122010664,3.597068929216107,3611.380687234662,66.18688035800453,1.3448166201999179,42.55135158428065,775.831429935513,2.9579127056744237,3.434846918989536,347.6748361129416,6.061824508212938,136.2052218617995,1999.2224049047518,3.1720614659691213,277.12523099358634,0.8040391092622351,5.677136432790727,107.66378286420415,1271.864681198364,0.6394127109051673,33.78478419121523,11.149286360238554,-14.4021447360185,-0.04470155786570118,43.159959881639104,-3.16307174894977,-144.70315500633262,37.450546133208334,-13.631944006197855,0.4193815014931883,46.154583847027254,-3.0302950612394746,-211.2821040408984,5.42398802301205,35.874474222495536,59.981713884359756,3651.483283556745,5.394326424305454,36.89510687990622,62.563386419393815,99.28272299903159,99.23945840970957,143.9512493435893,3703.7327518561256,21,3,Uncomplicated
309.56478371542016,0.29268275672635574,80.01790794986832,93.07835191497692,103.55456599192512,102.85105695817269,83.8630982531192,83.44008125606985,113.6851549569954,56.34367177649584,90.33612785348376,127.5608287036551,48.5967268226344,14.567563834334383,6.526962984825481,191.39693875636357,186.17177711825948,213.2866812720416,2.4594879748642806,5.07955278626347,60.29708966762542,86.73797448529764,72.59330260738196,32.433253320555735,0.1555273305739611,1.0,11.43757711277717,7.947089689457075,0.2599427190581762,20.090762933614677,2457.0390285176336,27.95268388756771,0.7109720595175744,35.03827606199164,427.8711790542393,1.3638729094559587,2.3106362410205796,256.2014666305755,5.079367997095694,97.8297405818675,1225.9696355765725,1.954852916504696,146.58597677852114,0.5586735326544819,4.289376312149531,63.30090776986777,628.9646199916451,0.49895222808435996,19.37503687425806,8.224301576958764,34.67033240741228,0.13304079796622859,29.737465816305235,3.4352316947473733,508.7072973359812,14.027156696918937,18.429698159661843,0.5353781837190732,23.53497534867246,2.053448890699591,280.56085222499865,4.090957737124503,15.936900668240886,52.06986479657989,1595.5145770765057,3.831291016090356,16.523896639769546,53.684448237381986,37.44578314934633,100.11948227145584,54.97503712858325,1707.2226128140805,22,1,Uncomplicated
754.5695552137081,10.006364050011545,88.766360169857,88.58444039550345,87.94864753487238,147.86775051244175,108.92966352136925,92.47414791650388,94.74421165847029,80.8933943254423,77.80395908152539,114.27296112901092,47.655175492452194,9.087667320641826,8.193571362170749,157.2208876382771,287.93280559291156,228.96765041196403,1.2628520725215007,48.55440657228367,87.34843641668022,92.94546330496154,83.34231664293452,45.71445121823213,0.15819361218326242,0.9828089125401632,14.11038447301744,11.948098707969935,0.2049549138626126,24.070008740338608,2405.383761929766,42.60874913109434,0.646112061266057,32.62708206811271,412.4074927743692,1.6437624586555544,2.077735880928288,385.25236850348466,4.644709571085457,145.80514386507352,1941.1206651768834,2.0458600874801016,304.76874379728633,0.7781757501179553,4.229885101261093,137.7247384060156,1535.8567351294168,0.7493494179208425,16.224830423776066,7.734850231617742,81.18565325915422,0.23047145455167056,25.860926520985267,14.309200535293837,957.6068973860366,16.924544163894613,12.906374359693816,0.22019952909502186,27.920510438123873,0.15055877752432645,282.71158312272223,4.488579316931521,24.56056882524595,59.85580882774336,2479.2718200346235,4.45174266345422,20.7218578796381,55.88758234903502,35.295668543730464,99.46760553964066,50.938591888032754,2084.7874250431832,22,2,Uncomplicated
10598.431985447227,173.92070951692955,97.61254504056954,95.18534678421878,134.83998239393077,241.9079352683237,124.9950936516477,103.44806693891748,86.8646478737367,118.34846754042702,86.2484192274715,107.40420621566506,59.842853204360935,6.472048726957877,18.58067672494431,126.78875874923877,425.9612477076447,250.72686970983906,5.201015454785722,900.1685416011303,83.26821241692144,125.77989092319221,53.22508859084215,61.467766193290785,0.14432087943122132,0.8438117229101969,33.7401857091758,8.348758648491607,0.3423725569627003,220.78634888263355,3073.5350789962145,61.442733126985495,1.5201104575240791,36.38340114433822,589.9517675226219,2.6011140180585595,2.6973114995110277,355.34500620627955,5.037839229964043,151.02717864674446,1915.5846752936916,2.468255095826122,274.70297093646053,0.7726001591293012,4.744764215586953,121.85718676106791,1229.9405724183905,0.6534927810121159,21.68033472986577,8.028433609588387,76.35424142369361,0.21332127269930182,27.7467709280499,11.733484825601153,917.0019788650673,22.126051016061854,55.31560971052715,0.6492891737961987,28.247956327644935,8.289132554039654,673.7409126291332,5.002703306770977,31.417768626933842,62.70299963677057,3166.9995946410736,4.944969205899895,28.983646623957263,62.56947420507839,40.64356108242971,99.27585522029146,61.951149535129865,2953.7964955028374,22,3,Uncomplicated
75.97647679229483,0.007125370095562467,107.17163204014604,95.00757786297177,120.86116375668202,70.58698196795942,88.6458402514962,99.30437339750013,94.5778357241097,88.84776607254676,89.9976456337354,145.31862920471457,57.82469869229202,16.073299823294523,2.6393348283087192,232.54819907976417,266.5954358197623,214.41144530424936,4.374133525305234,-0.7030958863575654,39.468450073402956,56.42337056915586,77.76100061369347,36.96030629086868,0.12748978332104943,1.0,6.240072236261838,14.484737420814696,0.5184499457608055,19.320864677523744,2316.2773160056686,20.948224250161953,1.07760448225494,46.17035718996931,505.8047215826592,1.8004368864078857,2.4039287767959023,267.036845440893,5.891854624121067,78.54744759371502,1627.1799375658813,2.1916725449306154,122.28961672049681,0.46186274562417473,4.625726980890147,48.23665697200477,603.4895925522512,0.35330218388302465,16.147823026903378,6.191594259972812,4.842019560120718,0.02633322079393495,27.604242876088808,-0.8839019572155884,212.93446260751017,10.635683954545799,5.680307543177145,0.6007553189585821,21.139147894457345,0.2517504820464318,92.59749404371782,6.1147229617821495,22.46420743995965,49.03563860133863,2275.1244594249442,6.086380617086565,22.656957654301006,52.52880272360924,74.86503794235627,99.94000806660476,110.06149333205181,2283.9220772230747,23,1,Uncomplicated
2922.262767602857,26.30430663497402,112.04096464439493,84.79433335877958,138.12139825496075,141.01895933135722,124.7717636329248,107.07671737920359,82.38416273904646,128.0182167843497,71.87491203505068,135.3348991397561,45.01704801997801,6.39150741029221,6.456524341863219,174.3684602930929,362.5762171464141,256.60806206287646,0.8409837996801313,64.38663046947798,69.56140833288391,65.0012619253298,86.37048788395367,55.985780971355155,0.15040314717082928,1.1242571251880766,9.777232374616641,6.531674853490451,0.19675249581189763,24.554367872868646,2340.010887885386,1.4655497441286798,0.9224816327262787,45.10599441792067,426.9981379889213,2.076574367940877,2.2772746960654158,505.94942631101503,4.746224060520724,196.35266740541326,3008.964931376153,2.5778036504855697,435.78015194908664,0.9490269546317411,4.878246961132383,188.88084439347284,2412.267599507293,0.8680463572954037,23.15048822964356,10.039191414111139,13.566084110044251,0.006966560045613246,35.64233853692774,-4.866898058197563,635.1132792255978,26.58047932512011,-12.170737618443798,0.13803537829165397,38.37417831997787,-3.6449410490819756,-64.86012937965813,5.17431263721996,31.246119538559874,58.64719304559435,3102.37019722961,5.2435305844868125,27.885346266763072,57.1700881884158,53.45430747887903,99.66070750339775,69.63755698624976,2832.1177655057277,23,2,Uncomplicated
11678.404786437806,121.69957960499664,103.54748570884215,87.10517660585508,145.43504749315716,165.52319703895867,130.4773314844965,109.9328970045018,62.24289873401136,197.77903486968776,77.25272373695917,113.86510923239183,58.32901441238457,8.755249083394599,22.405459071876002,157.946215522674,423.5866340460222,268.6348146673869,4.945257226638559,768.5923219415289,60.19821508415737,63.26362852885583,76.26260335043207,66.87254760239828,0.14978040175540785,1.1276628188931679,21.824360641879476,4.164045361928829,0.7451788919030701,333.20445929664663,2729.2036034325542,49.98624862108151,1.3495535722446466,47.492263163264454,531.4005015321719,2.5837607245106184,2.84410151118549,385.5743915833748,5.83735048805379,137.69885981011504,2478.693359485016,2.5672960747636133,259.56036046381956,0.6479600137999179,5.208680294521173,99.53649537386354,1429.6566482357966,0.5516764207965889,21.9460762640001,7.488508561401807,79.87441486891375,0.2090556308673493,29.08695648757891,11.476506585487744,1123.786903569847,24.483566610947456,28.77674656652006,0.25116413348998046,33.94107132316497,3.1075414433025137,479.52291206294564,4.8149781322990295,35.286700301360625,62.71933229099436,3536.942751022956,4.812428729888122,34.27148339510671,62.35622337752379,92.28653627776,99.95100696707836,122.0391405359724,3479.825036239052,23,3,Uncomplicated
79.15593672253395,0.5513507373885903,103.37087507068671,85.91338328158531,152.2720826036477,77.65458010564326,97.9822135966058,88.69409379759388,94.01149466702249,131.60946228230398,85.67961248906691,149.27950977610877,50.875931260540234,13.817874475263189,2.07251025072925,167.2456338749537,278.0664162680862,146.76456856864365,0.9312962532335873,9.212417841251618,27.26834868068421,75.69832710442637,53.45396970912938,52.44034558708457,0.19781584532158547,1.0,10.721701576695382,10.08083094402621,0.4748676390687005,-24.60077454634982,3367.1028156615994,11.418121192706526,1.2286529640906991,50.86049065647047,319.0030096166583,2.0712286863862777,2.7366646622964863,259.12677391241544,6.389142641110934,68.30505820577127,1720.9441347662669,2.4171587404229267,99.7349009178341,0.40301536049294856,4.964312457008084,33.51639884460144,509.5682897833435,0.29698963020769165,9.705573846335815,2.7485174547534914,20.277827979414592,0.08037266515265873,19.6724307812068,1.4644291139459233,479.27552111711645,9.98829781692699,10.331083797748526,0.6010266905916646,18.562476523584387,1.0290508386890882,168.1637443966132,5.622504034339071,18.69888269930556,43.83864680843617,1935.0245532535591,5.254675047575706,19.062835058519465,45.18617840622675,26.702941964408723,99.19137608349901,47.643129974888346,1858.465669323177,24,1,Uncomplicated
1799.696412835215,25.291630213091118,119.24242097260002,78.37197615631148,181.19817269101955,168.2418249360844,133.84182526350207,98.23590213218576,95.30948203933424,172.44353072763008,78.33264545404711,133.20486914058898,38.01483012038067,7.8358035723844335,9.199386929324241,215.6396913528385,363.69153839748157,242.61562733180494,1.3165646281191723,34.27587376227411,18.156585107568006,106.12627396035386,75.04127340703491,81.88433799669917,0.22782659123519114,1.1967699660761508,17.287542056907565,1.8839505242021062,0.2930209833542707,7.918627359735471,3100.53772477944,0.6953499063532362,0.9797885383024447,52.49838528392565,365.1960483862933,2.426390154236166,2.669182606436222,470.8111623523937,5.454766678184744,164.7005753592515,2903.5833344520174,2.9237103369032815,346.5666406289053,0.7758377682303543,5.239145963319664,146.91665176121842,1951.2053567300572,0.6925478995565368,22.947990166017895,8.13960636828168,114.62404114611292,0.2959971995812458,31.780167810864288,25.153128555562823,1208.008065402411,24.573697772579493,23.021130757141748,0.07051739004662,35.129711643789314,2.047336268428949,432.90066196966745,4.964853423167276,27.13262334017065,53.0000045746293,2699.073005702843,5.143894253642242,23.56387472969611,51.4073680361106,37.49850349514553,99.75752723053668,51.7780308791426,2281.385850785804,24,2,Uncomplicated
3256.5497821439594,101.07849097033952,122.10559109687942,95.66818063427647,272.18028632600374,148.45006793276426,140.9109705629509,123.23201800065921,82.88393611642189,191.1920480210896,77.89042026516333,110.13715428657653,48.49368242125344,9.063970723401756,10.15553892303481,176.55355144306037,428.33401284945546,242.98928551799216,6.529826370271247,358.0079432972857,21.952999499280835,172.12054641398703,63.74672903919312,101.04743902940058,0.23459712171109187,1.2911633528514292,37.1573797259426,7.476481335202887,0.9686104683264654,215.6509908572325,3953.079515184798,38.59397821244149,1.4107130065440225,52.73452113845904,462.2687588099538,3.111168419359443,2.9645918801622697,445.2048795764456,5.623305259789275,173.16998193421603,2761.638751483386,2.7475338877805746,376.1791869439189,0.8554327633262718,5.093434258009926,166.04371467128436,2085.189327684543,0.7692842419255255,19.841045800865853,6.018354922528777,90.65150386804011,0.21724701641593552,27.485249718321256,13.766596695181903,1267.9678802912777,19.090945927234976,33.321541700092375,0.18948281692698443,32.036791719629626,4.3499590125578065,550.1626411414404,4.469738074624193,27.807861582231908,60.97062076248357,2758.715205518402,4.382035019490955,26.837558257902387,60.949373496166025,93.40264117047843,99.34984310956536,122.69494018464914,2757.6658875405174,24,3,Uncomplicated
363.2882019018592,0.8268153125092865,86.38386895899257,87.09324653935721,86.28187978159724,90.95646078027235,105.38269143431252,95.49640663103767,54.54052361137918,83.59973194292456,96.8575198327015,101.07600215311814,77.6335557864226,14.143394685261216,10.06974546890274,124.51732361347317,258.4234923865407,193.25492057269182,2.8690686853208613,8.44234965355803,52.21460656270601,37.84183269135774,92.19929532654325,32.88336840961353,0.12906916491793685,1.0,6.058503681382864,24.29778113519296,0.6698620256836374,19.220753425589557,2759.0637007201994,31.633855266042985,0.6349778403310493,34.67820782113584,488.05268075614237,1.5782306119949434,2.0062159604468586,214.82669644323408,5.153993705819451,74.65396705223215,1098.0386315799228,2.0700305837886654,83.64847925799415,0.39704934864976016,3.989591460533675,47.0906748032365,338.75513237296127,0.31781438195777595,16.87157016567866,8.299524048483683,34.127514128081444,0.16306626689381296,26.072486168209853,3.788907643539492,461.63553021627035,17.327261378829142,20.213848585617374,0.5857152204982735,25.143341059642534,2.4224207012697963,260.4378731734586,5.9146975088829965,21.367435853882434,53.41897633614676,2114.9195546439582,6.168064311194339,19.441102482050546,56.87705618542941,52.52403523143475,99.87885053153306,79.33666373653591,1988.7150340259252,25,1,Uncomplicated
6207.082136253761,21.277928896746403,113.2793332695265,87.27527267090599,149.13290732223203,116.651427432659,144.32290304785485,117.54708123384215,59.24413396403003,148.14809412622486,81.63367448938153,114.61047989674843,53.11326095807758,6.166362648005487,17.564030674412887,81.60944577925002,361.8385650416273,259.92196265271315,0.4980760381413073,58.64689002483303,58.378548288348696,57.146442966011364,90.81771572084051,61.74263528669108,0.1731076506996397,1.3611609700202696,9.931488411558169,6.23611852833578,0.6429462131517636,50.62154949691771,2772.9977489975167,-0.6937785394435281,0.5126852570508716,33.132573949266025,382.4831255413537,1.4810277074504663,1.9922825603790832,387.36015470117604,3.973146931323404,184.89273189581348,2153.5202766145167,1.8415593839049047,355.8766962012702,0.9556585773986999,4.033336896984008,161.03970507423315,1836.5484671242295,0.8568538216484651,19.623177461974876,9.318260054911581,92.95750554002129,0.25747205401262585,26.984055943906757,15.193523444898254,1284.1478779141253,22.67136931196088,55.07103078759748,0.5895893890710469,30.535216061313005,8.618280093416008,755.9253083687071,3.867888555148294,30.76767209712187,64.63597364248646,3038.969718249546,3.9610212258969746,27.512039334857715,61.77721588588468,33.04324893027784,99.73209939141954,40.69710830626852,2775.706935551187,25,2,Uncomplicated
14117.649983346642,92.46745842697521,108.08395670408423,96.32871307993871,120.69639270979755,135.80885372421469,146.36950548250795,132.07458700789658,58.528210095693154,179.09737828014852,80.18355373775127,106.52481754029226,83.88870582231466,10.932759308434955,28.904410535894744,117.68248271342023,344.535569980568,283.26696082216637,4.6556257998198145,149.6635180568071,73.47237211936219,50.56235993692803,84.4162244067704,57.777133130524106,0.16404871462763615,1.311658708624576,11.759289559000035,14.080152343359302,0.9940629336616336,562.9578285207144,2385.847611098565,37.06700923163265,1.2027829880208187,34.96995951067159,481.2080978878008,1.3613298318040097,2.197117147188518,308.9816845525603,4.765555495078478,129.4075251870795,1720.102851218509,2.337264084848932,219.20908782801433,0.7231236489881903,4.233702365647201,127.9231489524806,973.9241257689994,0.6174843181588674,17.039751843556132,7.138231707444105,112.89171489828512,0.33956805701102,22.836824273775093,16.82220611576917,1504.1230040957912,22.10392630378173,52.97726187696942,0.3241640096183041,29.429398471475686,6.889143351048034,886.4573069939172,3.513086579695248,31.542334516829726,73.03819651231919,3160.154361881773,3.292752940695025,31.066659982708188,72.51336318918037,38.61539226600137,99.93118179550261,38.78169087473312,3082.9209687097373,25,3,Uncomplicated
146.18175132885204,-0.06565127028752293,102.22941632968937,97.98531458082063,77.78885698105017,93.52477696216474,86.4193817586551,101.41163004102484,67.04172774797195,139.07918038917512,93.91148669072746,118.46024366453162,69.78506142818794,16.50678116100245,8.258868043147078,183.60124665870427,284.3889119814234,178.19003871170597,1.61305331531847,4.264629350633575,58.252808536867036,70.81955556902555,94.78704780325573,36.94944994129484,0.12132455417583993,1.0,11.078866576989833,8.20550313192979,0.5127698269331776,30.052877051784016,3039.86450443731,24.714893175647283,0.9909852426689046,33.305426794481896,502.44197070203734,1.6837417219268105,2.7000888889401367,278.79082061131334,5.974971299826133,89.04123684259325,1724.1907670279193,2.5503609814968287,136.2951216929703,0.4874358468735155,5.012891363960123,57.980793739183234,673.2294224179897,0.39923128234982913,20.620617833147136,8.00908421794032,51.14972858287085,0.18846737826682042,28.338217532200062,6.628366275589509,661.4439892380403,22.90435722786171,20.983065224864326,0.3724766823049852,31.609743862017197,2.604484884966724,286.95761001948244,5.350370367618599,24.294883880861182,53.13881929810081,2397.0603443659397,5.475642541577882,22.185164875780796,55.05329585652232,50.41396220597147,100.41780875045922,70.76775934503422,2228.961788775045,26,1,Uncomplicated
3281.5692305224165,66.20015027319496,109.61948665371463,92.03974784076524,100.28331792528546,106.69291995663178,103.55214681616545,113.10467945369535,76.9116582826149,178.40372719654906,84.0224288259546,112.5891153450549,58.51225166364511,8.790738052050196,6.536624912511508,149.43565629852978,329.3290464148912,217.17198502952246,0.9860740698582786,49.10918865390114,74.81619999332504,91.8070161411806,84.51304061776985,50.05110753205807,0.15441634530127,1.1897028356043162,14.313634829782949,14.617370782266836,0.4679737438151955,56.219003400853296,2859.6134877183104,34.99559116614289,0.5424701022869658,35.581936048166774,445.99018510416585,1.7422396922433907,2.6953220777862166,395.54443449092213,5.492771083947169,151.37959782755263,2643.7678120254354,2.4880696602865733,327.5844091346934,0.8377236104384417,5.107826225316814,130.59224200410256,1792.9531830988553,0.7178698874439355,15.59127154002397,5.80038531967263,100.15853475267956,0.2703623020017285,24.17973065178502,19.643511676402913,1077.3755133562954,18.064829785607753,50.725848055189346,0.5036477464142783,26.143595703782673,7.560673964506835,683.3095141840233,4.250557398785187,28.833774401869103,63.835325155587796,2836.20505368118,4.162983721964987,27.04983848698921,62.217720527684044,42.70571824269,99.86182288134603,52.43913991507051,2729.7041934287913,26,2,Uncomplicated
13630.527615116212,125.77060857452152,134.32430161216752,108.72267864322276,176.31669287958258,150.29069035033584,131.51462997620314,131.05425146427132,62.08309662487659,231.64941415559704,95.92388318731453,113.92441204791564,78.20167219555873,9.438991939551784,17.751360247478868,152.5833110761739,457.58426478942533,269.35219513471094,3.9599582449974857,603.3635325308547,81.86051884084517,154.75402081942573,74.51064267031714,72.1739165352454,0.15509190943107728,1.1750344396001555,41.58913867532825,4.8302083429784135,0.5006637935680213,586.6841973754049,3533.231253830854,31.255128855554425,0.8545378864544015,39.36568037133632,569.2634018274282,2.251153890626578,2.9234322331915683,402.28380861845477,5.767262231660393,147.2508935687279,2525.035782789704,2.9054610252141737,309.5484113632836,0.7573610023453002,5.18352474647926,141.35390617963023,1701.215494366588,0.67200933424459,17.39945568458616,6.026491773197507,86.90688822942181,0.215867726114024,25.371004406041223,12.649136239362276,1428.9128112841067,20.575381910274125,29.287368935367873,0.4223597588200266,28.73304032269004,2.9014906995711804,593.478173005229,4.188988901095729,36.115175608272786,66.94743878969975,3615.3199837422135,4.237316180226699,35.073580567639,68.01980045393466,40.16538652888428,99.69551320958969,49.485250917683715,3511.8281042578305,26,3,Uncomplicated
196.75884586489576,0.19158392895745333,101.48969599229909,115.03255820409336,96.71865467247642,82.57084641722952,95.20632259407927,100.80929834639485,75.27526100883136,114.55649734563185,104.05839879594586,117.86430532010145,70.74599973640179,14.349587401273645,7.137400721153632,195.6996944293525,315.07439300507195,194.23477025085597,1.2084002938536187,6.30221449235103,61.76102661696987,90.54982609213064,86.52303790079905,46.588045205740904,0.14352120183089245,1.0,11.656677201248325,0.9654714313980719,0.49715385904634485,27.871491775084394,3707.441015286136,30.72987994160866,1.239067397222441,43.882807038131716,587.6150268712956,1.9262714190544377,2.517794585813416,232.7523741466907,5.713203008041267,77.75886979675626,1387.6426386394821,2.4186589389530773,116.46193830529528,0.49411970078285566,4.788769976385239,49.31576667197584,543.6570219653136,0.3891933865610291,22.76948481778183,8.39306397183659,13.721140356702978,0.07168084473796112,31.493757636664288,1.3740290741311298,229.47967018575787,23.629688083299456,6.998186021929308,0.43017704838020265,32.15600039668738,0.8000591081424837,85.53651798617771,6.049449293364734,23.767632648667146,49.35100065880835,2385.200864998057,6.088721865614069,23.793313076162683,54.65966059526822,59.50220762682438,100.17402462878985,82.31723378871291,2379.0269976816,27,1,Uncomplicated
4044.187862327838,42.726610331823714,112.61836911243249,96.38161004195628,131.32578491723592,87.79951926225985,108.3400294477774,114.84514221079066,75.23197202221981,142.74591038088565,81.67162655602343,106.92861397985058,54.92957303309224,6.801268852874185,4.27590271203797,167.59837778434581,339.97830831786257,264.45205225647305,0.7162159435982483,60.23405125156709,71.92731025824958,107.33254709329975,77.51184368559841,60.07307115019568,0.1805546526743462,1.245845868524162,17.95830311729028,13.105733487732437,0.374773783319081,48.223575542289936,3541.256181369601,3.85774092883603,0.6800462875626336,46.26269188879387,486.2548621997329,1.925219534445434,2.3960610203397836,399.7728820042364,4.8369079912687685,162.63741497097868,2481.5951148914396,2.4458722492661904,343.5277581249876,0.8988781964584268,4.8803370330233085,144.62613030239777,1832.8491660664376,0.7798675604852376,14.966687836866795,6.2359263729595344,134.48425835498338,0.37208399735270314,21.891535031178236,29.7596282028103,1244.4889425137662,18.474636361467596,53.428024387483056,0.45031639509236604,25.89087493936732,7.08343075223571,777.5155476022954,4.9525038161746835,30.66075390694434,62.413032084144064,3001.432407436044,4.8783154237960975,28.630949928442732,60.49722291203263,51.98911817823033,99.9276914179273,64.1528765752204,2886.152412648129,27,2,Uncomplicated
14635.210069082568,123.94832600214286,130.50027372840464,104.83094211439061,160.96874784938743,102.21873654177784,120.64200868031509,122.41213625639377,50.376969475045634,175.87378263443694,83.41306707709217,89.99448064852237,77.62323800948425,10.15583296195476,19.257339821046514,150.36826872790584,434.5222879021562,282.8929950572351,5.943015991829787,529.6072865714015,66.79431926469923,149.2362333927251,80.19443719970268,78.99419560934778,0.1758417802812821,1.225995037488066,49.07535843697022,4.9025828309012685,0.6906321630987667,391.27682423488477,3881.617309465381,31.45418152492129,1.0989998582896434,49.6138031386067,628.668251308106,1.9503577874483176,2.4784002104245544,385.03198835314174,5.1634709312137375,147.32366093944597,2353.8723283393674,2.6074575342953596,329.9642549883876,0.8617295633366193,4.790722151835364,156.07467839751035,1785.938550168494,0.7797994008046438,16.012912522530964,6.465891855337304,163.5134826336178,0.4264192344810293,20.549191300961006,29.02916434613318,2034.439183506646,18.583474341872712,91.55509939004216,0.5670167567142871,24.281745880959235,14.01366440018638,1356.3104960047494,3.9741440331239466,38.35381367406099,75.70295968165227,3850.722350097024,4.013142230455617,35.95374366395673,74.31625082779726,57.35986375210425,99.87339522968276,69.21018066499461,3614.5739535873818,27,3,Uncomplicated
242.67875802371765,0.7762130648480706,81.04133238471204,89.39889099228506,97.31920956483627,135.75433237781215,110.1458386585564,91.15400159340346,86.64703015736345,142.85526666206283,95.71375743563648,102.3624851032585,48.46709452883376,10.889823678337518,14.91638400901633,144.9052028204769,264.2508166272479,185.19141796589685,-3.0734372030993917,-2.4368064305674446,44.00889325877181,134.67697480221852,62.03595344459232,46.42407093960795,0.18581178995218225,1.0,8.671090056967829,23.508315136306187,0.6033918731986264,14.96624517805425,2589.1479676725594,34.661226110832736,0.5484170894861295,33.29352651762717,527.3380446158538,1.884521457877492,3.1722244859249793,237.39768321195226,6.391251026232461,72.77932071611588,1298.2929294999963,3.176401825875055,128.4036595317412,0.5304464823815207,5.515296797739067,57.08846715536336,561.7081304236664,0.4308607825583061,26.65778040111659,8.75227337798248,36.224798050535625,0.14613202228104824,33.6530617514589,4.70158943210647,419.62017521333973,33.77485512478492,14.418321886503525,0.3287896529579205,41.318650103424986,1.7873933745464061,163.90856525217075,5.380888558572447,20.857794539540787,49.548771704228635,2106.778067171355,5.510573636447807,15.393114110103914,47.19587397069861,-20.49257207326646,99.09855911428872,-23.964964186108666,1553.1948936987674,28,1,Uncomplicated
4781.786071926628,67.86739218152981,92.19263992297435,77.61591738801594,126.42831058027834,146.40213334829951,122.58751209424827,110.87591464222254,87.284927259888,164.92149983708643,94.7286660522006,95.97094806568454,32.56068325556539,9.428685244455378,26.824570775631074,134.20884947465578,335.56691853351134,216.8570620403364,0.27537405561679307,45.048834892133826,45.47897067938922,131.27578048348022,40.99789030434086,66.00410592814852,0.20133540779388515,1.1423684228628888,13.215767413630699,18.107909115184665,0.5259932955926849,41.80790328042004,2796.240535004374,38.93803886725362,0.6229308358020338,28.28367945637794,504.7765790547439,1.9912524924718222,3.236306736566474,295.30642438928874,6.000777970361871,115.69108874961864,1811.9714393471631,2.9923442885186256,122.94569594685314,0.4688649277903922,5.4057586869235665,53.3315609585581,612.0679430986324,0.3774054240477099,20.0768283809047,5.571435042458564,-3.9047764463601666,-0.011536958578411055,28.674893666903877,-12.21352950733938,749.7105005641362,23.15718180730116,21.576803219269927,0.5966862300113454,30.347124748814437,4.102633729932761,251.63739961853736,5.0913563982389105,24.219265640652207,52.67997416211434,2447.4053121380034,5.140865351688639,22.519511304880766,53.488704037508676,33.532539722318276,100.3455222676173,47.74542638376536,2281.0671632999133,28,2,Uncomplicated
14736.369024618603,165.9548962843747,95.49761383226999,85.48412262012981,190.26674424285036,202.11869762566494,137.22996233811602,124.3783086989286,65.53103460418686,191.64116301033414,84.10887221211696,85.10662301523016,36.99034660406265,9.697395272838854,51.84705937298973,130.0795668569165,350.3196797272243,279.4222679351073,6.498597977924073,193.18920054389156,56.44251860430715,142.76409794035249,47.04555007269083,76.02351773355694,0.21150026086610296,1.2229650265436398,37.37899567007178,7.133003725515385,1.2361029082189146,425.8068300438101,3212.4023585243267,43.51328963106035,0.6385923909104099,32.91681909249407,621.6898482928518,2.49881138136728,2.360145819763291,378.9024485222308,4.956744601643555,148.52599760064442,2063.9485185658405,2.523808386586638,303.0800039854539,0.8350150040090552,4.6640542855975795,137.5547942446277,1492.5128861912278,0.7257571312228597,14.285179607397293,5.958133098832068,111.37756528592803,0.29331604733955174,23.89138344694786,17.076200126176627,1446.5156286079718,15.827208992874109,74.49318661127897,0.48358389547681946,27.185639933734876,11.613292156935383,974.9434087243635,3.739134089314142,24.108479521133564,64.92006736722898,2413.4717459498906,3.5620352025245747,28.85328651552016,68.39918510666804,102.32538243511442,99.42686079020079,137.11246975679893,2892.9838937673594,28,3,Uncomplicated
112.21487969364497,0.2710515061071183,104.69456889872907,113.52780067616312,138.59638722783217,13.177299554476676,96.11945088401171,97.58625177785534,87.17018486766838,26.00568103268934,93.2647485147285,165.93177253444154,54.728804222821445,15.336263339261937,-0.9504729706059454,207.99198260939465,256.8382032783891,174.6038637593528,3.4195730041566215,5.904126731262952,65.23317410446417,78.81988339968396,103.04517859412454,36.017901161740724,0.15122382819616886,1.0,8.153444504806707,-11.549074408319935,0.7696240546945026,11.467223737717594,2443.5664463219373,41.91845350275812,0.5277397849675185,48.028871237609785,412.2400357638396,1.9586397561701767,2.6750616474950704,220.44803509943057,6.343544742376003,53.14018415175306,1466.3089397569436,2.1996253374202537,81.94456749914356,0.3929289632610773,4.741641098598334,27.2426058187312,454.0101601606349,0.3189545671619034,26.742093544635097,9.17576801436059,14.993998953714787,0.08712813356813101,37.67338410587812,1.3035372489753345,256.494228751722,29.264166013451,1.8969197251222703,0.2585302597399771,40.21849218452004,0.14210916672687235,42.1596912086128,5.09946925528705,21.97239707304046,53.4914916655992,2273.763932664392,5.11852770282956,18.882541634032698,51.559082718353444,50.50413713945923,99.16248432185019,78.0776071737922,1856.5818374467713,29,1,Uncomplicated
1811.9665697529827,135.06066824247438,114.45234196469733,102.64166650173763,120.3134159036535,114.64118787936746,119.28434900431832,97.38948695677112,96.46538501316736,107.15186951322713,84.32269673865157,127.78522967542037,48.947707115439435,9.42319989824975,6.6446353769407125,191.2483600630021,357.1989134239825,195.7238630540611,0.5608486595231363,19.064907528747675,97.3244626049766,77.98871782398425,91.65474575765182,66.93157406008717,0.18735489315812257,1.3496210813022826,7.2185292293116,0.8443105864970857,0.4491556454980258,43.160255814203055,2733.051445581156,34.59529099109881,0.5322169866011438,43.894461264480846,422.7586813380252,2.379166611434007,2.4459403022600457,391.1011328226385,5.003546052015284,134.6911230722726,2230.6213000704633,2.63393053637677,264.81075645896357,0.6906718926848825,4.753637357464104,119.4598083608152,1381.72676138988,0.6265754691217993,22.9304424127625,9.711054794881303,0.9900154998063329,0.006482861724001754,34.574315306436695,-10.570068282872182,712.701107153002,21.824887302340787,-0.7428283542109426,0.442631242828318,31.760295835740365,-2.0549629745499725,91.28875770517016,4.79778243130503,27.81350464177454,60.193857456470056,2857.702529936229,4.790353608072121,27.090306349791902,58.69963984548984,56.16525601659485,99.49565331762324,78.59230896185835,2757.301645463487,29,2,Uncomplicated
11685.63927103253,208.97063336560782,117.22353965863861,113.61252132158357,170.75100467482622,114.65626668205462,148.32790929071408,108.17456420714936,100.86637808446571,119.24269456993278,88.36514950009852,116.77319851131531,67.16610941128732,11.876135450345886,11.06051301028031,164.6929480747364,397.17148034026275,255.09604233946985,2.633683875251609,496.83086940312955,64.77947246543135,86.41296580611396,68.1551660510016,87.04528590023054,0.20732176120607682,1.508631357656588,18.477723166085273,27.672016625619047,0.37751846055933846,486.48886007887364,2884.955956456652,54.08354967196873,0.6580912586979084,46.56949287722081,638.9785904152941,2.827993315316926,2.9304163799561858,286.1556676968272,6.322616840858617,75.18967559213776,2065.751000911503,2.5577226189388518,128.9963107682371,0.5065058532989337,5.251135687838086,40.722266227271305,686.3631381692346,0.3619479707651594,14.605277245126704,4.206847911745375,141.33450565899548,0.417062145637783,22.032739119347696,25.431141626797736,1332.4318741389159,9.761105251571303,121.14734341922819,0.8788319448585409,19.24091036661092,20.864703153300034,1462.243164223542,4.088036780808294,27.075998617209102,61.93288659903131,2703.1460240034125,3.7761105169030045,30.092334621746073,65.51614827631326,114.28862844550318,98.92440525585148,148.55946643052488,3000.2482216124554,29,3,Uncomplicated
402.1378167523749,0.2617901823421968,80.68554374719909,67.51025843493605,72.11622599888224,72.42006724277364,67.20786692157071,79.81876050091861,22.178503171546495,51.19778372518778,77.6017608150281,148.11618605425366,36.57748810404804,15.472829904951512,11.49324465812883,186.83635746650924,199.58883377934376,100.43569442434303,4.84094831858208,21.852298568080812,80.25419567486037,12.431137337326717,77.48804015069267,33.939335104342284,0.16245797180094967,1.0,7.18882859970206,-6.53649910127584,0.10099575966692076,2.777725070289314,2718.189251904179,16.724877830981562,0.7082157096237527,31.70466421995442,435.5550927284919,2.3207361536157025,2.0589305839738423,313.7219094548866,4.471459487687106,118.23363336351278,1815.1212199020983,1.5773079337070883,159.03370336538438,0.5346108633748902,3.9288772931021607,68.29155243944467,814.1723262737978,0.48679343211955606,23.184107197421557,11.19422062735045,8.548802231427526,0.012796612050871431,34.22084696895751,0.892346403733967,226.87885753742597,23.492276219193172,5.305750473278271,0.38900527758883785,34.668842396272865,0.5285519644504886,148.4217302408022,4.4084406325723835,23.942232218101832,52.618534864955755,2370.415731306636,4.551208238658615,19.431214010692614,49.35193074049763,76.60868228723098,100.35398546657947,117.84387931530821,1893.3912840166358,30,1,Uncomplicated
127.84190955189388,78.18927447767913,112.27394628010545,94.956376418442,85.25608158554422,131.24762833928872,116.51020562249154,88.04518292518554,62.60502432474462,84.56024312997624,94.24957190790838,154.14624306540267,51.18168224213,9.242118425950718,11.003768627341252,137.26551785613478,398.3458836955876,121.7364049231662,0.5578884259352233,-0.6674629473118969,114.65301757106876,28.169630242443148,86.72881829893333,68.49825002968714,0.16961941847016546,1.0109255898358191,9.787168860717424,-5.643290596172767,0.11607825409990102,35.7754891539514,2549.290015512852,33.659835845094925,0.3994458751234684,27.553326929375018,390.2340826868686,2.174047419781111,2.22765532855445,351.86085410125145,5.020886514268267,125.07740091272487,2166.515977793321,1.7880183234401554,215.90174404456099,0.6201233047332813,4.163733470876048,89.15387994270608,1025.9169438063927,0.5183032793105617,26.80984838332901,11.76356810733489,84.18651222583325,0.2806721515277853,34.606096905456795,26.911520915485358,222.29603405257637,26.378099889828995,38.12393721084469,0.40714134603950614,35.53712829484061,6.755768538187711,474.98664412615983,3.2979146144121305,29.997529325157625,62.20544661499558,3073.164259460207,3.510549468067566,26.48279157750428,61.07498086315469,33.92012601892964,100.19811104635211,48.861702028390894,2702.091098955031,30,2,Uncomplicated
9804.724599778132,164.40996256151035,136.35157173952925,143.2636470633228,196.9860165644559,262.82545861472346,159.6591501483028,129.30731937427552,84.10249142341672,175.80850613386855,115.1888264708224,161.19506796805226,72.1770626965371,7.7475625784941835,19.602199973601376,139.52892119955123,508.33383115377035,197.5961452085172,1.3070109852845055,496.99323101367696,124.97364362512302,117.45043809963944,65.75167734720607,87.74748331439113,0.1769036788068454,1.0220367869587377,16.40973505519329,13.458060909631467,-0.17729147873901763,406.63079259976234,3118.5429113538494,30.160084402014412,0.45558819291074676,26.231578230832497,492.07373007922547,2.6723783755661357,3.337354813900398,324.47924740725205,6.226828222420534,118.50590805990979,1999.5470596303862,2.884060716490958,175.0768616113994,0.5192013366874559,5.246460144066782,85.71441951545387,798.3026774194035,0.4038453882187493,20.91318420188129,5.871294756205295,-25.720778710238747,-0.046110900090620854,30.361087176927143,-9.539893763874185,112.83274246447661,20.710256108890817,-15.97719810954473,0.6997005569685731,29.04631122173045,-4.510703660197125,-66.48011711691504,4.012625767103421,33.04229914496936,57.89520004099636,3276.9396577622933,3.9306367112318092,35.386268688817914,63.074284631130325,67.2401200261835,99.7476035593291,90.64456783417513,3488.4838596876925,30,3,Uncomplicated
127.64293710231262,0.28656857698127114,95.32046322187584,104.49830320490221,107.33438361004025,112.46054582681008,125.04062411841039,98.8753979705543,145.9914376985182,122.06685847594525,98.98975496750529,123.69741429172979,52.90761859320659,14.951539571931939,10.320823836355313,194.81652946748966,293.55557957159783,239.3837974871363,0.03486243962993685,-1.5807692039047625,56.7662408178367,100.42127185621763,62.53560830251084,39.35510353528464,0.13202350828533305,1.0,9.525622911823895,10.534229035290723,0.5351637631875388,20.259603937983012,2397.367796787713,30.834020570179664,0.7821773410376404,31.33056236076892,486.2109876170906,1.362442872117901,2.945337754577709,243.07796350153282,6.282449883015338,77.4837531151145,1382.6243313416303,2.5696084605381944,117.28438521698322,0.471376875272793,5.074880977058887,49.13358436903938,504.0569235185297,0.37153668659010497,23.50961440659759,7.95921190441141,39.12558167338283,0.15751842531766172,32.4701760067246,4.212109767010783,561.3898308918077,24.707302728429635,16.369604122783908,0.38595109963138396,33.083332711652396,1.8253812462468746,221.71152574364538,4.898813474351669,24.43349635641522,53.44638078934927,2436.8020375350516,4.9328989687509734,20.751016820147928,53.68563167137376,13.912044284316636,99.77018342969598,18.922885628739067,2108.86605501552,31,1,Uncomplicated
2247.0813201726214,-1.501228688703499,99.81570428952402,88.88457707090033,110.38745972499159,117.88600353232935,142.54836242937438,115.63520663626059,132.71967688850953,158.2325041355328,88.89240542412495,109.54194635355333,37.385821537018316,9.6813245164254,13.651141227443347,157.3537271414662,346.8499070045353,272.763087799546,1.0253851585266047,79.3690107400141,74.47124250834051,92.02190896674622,69.1316207760368,44.50451652913185,0.13059845551748345,0.998198310258207,11.94280630423895,25.334482500634515,0.29481733673357413,28.644388719006997,2491.882865349829,36.617280741879654,0.6232192815567508,30.27929466932103,457.83173223549886,1.5432992927914955,2.7539959376230017,358.3148179558347,5.71267998327516,128.05863477173378,2134.9274786803544,2.7112303635807384,275.35407810337296,0.7678274705169085,5.204245879437037,112.04650593478452,1464.4561851856329,0.6703910070861074,15.064363100857012,5.284235861542102,43.34543114585554,0.11088475856262921,26.05551501784249,0.3499211479523314,1092.2038705188445,14.941040590854957,18.688001328290856,0.42542487228190684,25.499189328667526,1.7401846180941263,358.6192429308059,4.243826901207848,28.917854353858598,62.0541276579227,2898.4361245154437,4.273949560544357,25.73917809407062,60.93620262167272,35.680679726930315,99.99296081710756,47.401087354089604,2611.5499474004196,31,2,Uncomplicated
10613.614490856313,97.39991678699616,103.7877899105749,79.0254760974133,160.24292985353455,167.612065629889,160.72448757902112,116.17857809409776,94.72763021195853,177.15640606241988,80.66124291924403,99.52976281567818,38.86430178703441,9.105468858646585,26.169900665404295,148.20362457916764,361.5420242390761,280.67011525620154,4.870999750294817,704.0749474013783,74.71150336227517,110.05184630017811,51.33598753809636,49.01264617837147,0.14121475905851402,1.0833528925998073,38.219380529138235,3.6165838074085865,0.5872210857930541,714.8802319207543,2676.110044443615,46.009427535453284,0.9191557006310808,29.930566848997938,566.750209003893,2.1160961249155874,2.293314288464896,376.6274054406519,4.75428304151503,151.35928600689303,1949.8052435360848,2.361497454740265,292.92949962390503,0.7902180542626135,4.507748484339216,132.19417993453237,1371.7050200292801,0.699423170886456,18.43580258968991,8.019783044091382,79.64867008683507,0.20985716234522758,26.5420045524832,11.810767958010103,1225.6112284050669,19.890385104064915,47.26902143694381,0.490048686815445,27.408553277432333,7.360711917755383,624.2810063024871,3.983098826770544,27.950206187221685,67.3474052751393,2822.5430239444854,3.925398459031823,28.58759165792915,67.54498571367695,44.17441325942805,99.87622927103023,62.925888796877224,2895.193364190708,31,3,Uncomplicated
126.94637638479992,0.6978945717484536,97.55026681116833,90.0543121330977,82.77093163433892,74.57449978908755,82.41245354604919,87.66149902926438,45.350792396043964,111.20996504764051,89.54268949217719,127.2238691532032,35.56263137576548,14.971316283293392,8.323373745059515,203.26598501701972,310.00244266120495,166.33850399569224,1.9842187021183106,12.749600601389048,45.90319751883748,92.20887593508557,75.67565859389096,43.67510511642067,0.14078838048270395,1.0,11.355456239965832,27.71693606687051,0.09633670509580855,37.93092800172961,2640.770584235904,34.24519501588534,1.0662843476559511,34.81186861111892,560.1451086676728,2.0550646965350277,2.99282873021623,294.37199207331395,6.220787814848961,96.81556606081026,1925.0735165655733,2.6869349213308684,102.2749911961096,0.3179519371160389,5.061448930572879,44.94109779856241,497.5941110791171,0.22802368519011987,27.593758387207046,9.226092467088938,34.153219272473564,0.1042716124158961,34.619322059217396,5.06143071590901,309.8164881471474,32.37054646915804,13.774363070588405,0.3168008195311154,39.751943098337165,1.7098688002789895,144.8768149548735,6.430595671146992,26.95746347035378,52.50471658814046,2686.2838420864073,6.765708620122721,22.405338620406038,51.68496190673621,59.457412821334444,100.84298688800997,86.17589361089487,2317.6986935036566,32,1,Uncomplicated
3668.6409023140286,-15.714329746665136,110.9467041053487,71.27261772135338,94.23902056145155,43.19287523285108,81.7411700317904,101.2552372301531,41.40185051074828,112.12663121522013,80.2911282383283,125.73682869533174,34.9886904653528,5.144422694183403,3.1004819092703872,94.91211357224302,319.2734873876593,209.41282747664332,0.6039973199874067,3.4965689646056717,46.13311231914733,106.26520964747623,67.93372189177472,46.616728153036675,0.14846849272446966,1.0632825080439037,14.256845013362595,2.1689352703281735,0.1532912482039082,51.89120735895592,2699.8606422897333,13.825683073473794,0.6959343555431476,38.82354527993509,449.49815785615687,2.034722872203434,2.8473642276985753,422.2351491013993,5.685112812046398,152.9261942323758,2999.1209901521634,2.749532025021112,316.25259733030384,0.7552479710834996,5.257279681464367,132.72528703733576,1788.052183904955,0.6133835709361155,27.1395192618792,9.915134967744052,16.556906988289242,0.023917859407614567,35.69603806353554,4.367299556809762,31.22381018296028,31.008408971943688,8.142432207474464,0.4067415967102012,39.53909612220743,0.6569159374026552,101.0274557373856,4.961246925423245,29.80771595384689,60.39228093937455,2912.8845995654365,4.88490484834769,25.928547219797444,59.27765031818848,42.92989572530907,99.90283706043024,52.84982044772488,2585.8963454899163,32,2,Uncomplicated
11846.538829496136,40.55569419048352,117.58661074068266,76.9970328601606,159.7458125459889,81.78859300822872,84.6196129887746,105.66180640754348,20.324817400370215,133.2786960597583,89.01588214975162,116.50845422661773,41.62625289196271,6.155581280895104,16.341251691809443,124.5435092335209,423.02486954143313,208.57300672476012,6.158761465792201,133.28330376624592,70.47495718935485,143.73394444036288,45.72718406594427,63.77757122599374,0.1534086315767704,1.097096534635725,41.65301864649532,1.3406074836573598,0.33871264448822574,367.5506415787192,3501.8100709747378,43.74639014551192,1.1514426323930356,39.04211306736969,602.3650000145368,3.2707525559252253,3.1253325336265814,402.8015298755613,5.685608340955522,159.52467842162847,2621.935057529338,3.0235151503009865,363.56391647528875,0.899038705018923,5.396540412412341,154.83763635983385,2077.9869935397596,0.7989648416412461,23.96990920802464,8.184599384670367,66.26458808308448,0.16183851349963793,29.240235507947467,9.5235593218345,1232.1112592895142,32.06448237971357,8.390721202276481,0.2553968354900765,37.59599924360626,0.05752426871117233,298.6695508848978,4.8613712085938685,32.73501361311928,64.46078651429346,3300.0610546219586,4.85861899363276,33.69087277189436,65.28497646784058,44.65653008221004,100.17805603145376,61.204271472178846,3320.2201389180022,32,3,Uncomplicated
381.87192421589236,0.5882850463209286,63.28127733714919,73.06146841651926,99.28810625484822,121.0717278333698,87.43967375209525,90.68443166489905,102.14108390649993,122.07749557755308,92.92121255135856,103.3994047987426,38.185870317090405,7.315626299677541,9.591127168716605,154.68968940479772,183.43913239582454,112.47112196498507,2.096128573547312,2.794628396425885,59.89493339703064,105.44130200090835,67.60873839425453,19.63230339997007,0.11433357338001837,1.0,11.750480841063698,-17.595952474511208,0.5634909886580074,82.68291050798808,3515.863097842427,30.173245118482342,0.3644117583830432,28.110972777908664,721.3338091505511,2.0306994580451474,2.2479100887798267,239.97757792804344,4.77039700574582,94.63496044994643,1275.9725949837966,2.254232995926895,155.3507929210099,0.6306641174149245,4.398203949726883,72.47449557474201,731.4002218447345,0.5616460734975315,30.019072096329598,13.649994905176616,29.412607258756932,0.15107845279318993,36.47025977837794,4.925610101934102,422.2771430150123,34.14768272171272,14.314866913882245,0.38733287899426583,40.871926823621685,2.348182666301216,244.60733304978137,3.6011810154949195,10.562003601864378,56.34436672845706,1056.1449703694593,3.4604963924658056,14.433031621775338,60.22752808758753,39.403114021425175,100.02603743968271,54.51281118746567,1470.9952819671107,33,1,Uncomplicated
550.8792399649606,32.1604722684566,82.00877167012771,76.66160549841825,114.40642850816285,130.554193086987,125.77608818264005,93.4840831570312,98.66526831579729,153.55736403894915,99.03699961798031,133.85012594915665,47.859818244878646,8.255611230939769,15.084569075691157,180.16292150752008,348.73032667319484,146.00994448000927,0.3803520532102471,35.7728903600344,87.54205918678737,120.90764558047456,52.62091201413183,55.16131415280809,0.16105276041252053,1.3949261309718666,14.483709124700464,4.605398812433278,0.41786392292051155,59.734154264695306,3003.543105745789,76.99139488064239,0.33588348654914046,27.624502145582113,534.1277527619645,1.8519565753635572,2.2901582600708643,304.5345457757916,4.518154075998638,159.28490698006297,1353.7694791732688,1.7704210218915701,183.94989103247656,0.5636595860274476,3.8964931663820526,98.4554389696284,751.4780434189058,0.5841750201572932,17.400053864820123,7.589634177676199,104.82963026921803,0.3126631044166778,23.218547253047337,21.19386432896821,1082.4674585839416,17.522142507122826,40.45057182396858,0.4034115412457328,24.905038565844063,6.191112478650794,574.9225286398844,4.933844776904266,22.55582341331784,60.52072656871723,2266.3262165801466,4.701482940460143,18.563516692630607,58.88698400161726,36.251990410138504,100.07364577629626,57.7165702553584,1928.9379502333818,33,2,Uncomplicated
13902.032244228383,179.76251291728497,101.05763986254827,96.45848247728995,207.57320356404696,241.81670258277154,115.09639429311507,111.33617107477231,119.85616319018513,178.70484446871743,105.62486878987667,96.57325207901701,51.13736457453834,1.8603834543654738,11.010627532791554,123.48271931899635,461.70482457401374,211.86992947048932,1.7245968793466164,545.6915201839953,67.32517736326864,175.4466625238499,45.451407294287286,59.52590876039937,0.1318906118698046,1.1246335486861672,51.00058679917831,16.05297397136854,0.19625957415005935,-36.55342457542622,3711.255528071318,51.157317497910135,0.09817769330766402,29.885458261046708,659.7667206484222,2.605795726349052,2.000675898503299,404.46492180880557,3.560708482078859,203.82361021104415,1705.6367261943576,1.994195335595937,387.36993817821747,0.9937181814622842,3.959550683415079,186.34910351485092,1731.3546309890007,0.9601350067315405,16.752737816140236,8.433486371546701,99.16082027576813,0.2676406332035268,25.28294365710704,15.153469037574473,1098.5159020486467,20.92408402800747,82.39840067813535,0.6523222004160181,26.53156144506316,12.433123413048218,1119.5661910524532,2.2405706465633077,31.218278697911227,78.35686855230679,3105.829316643376,2.111281366176792,27.365292177918906,76.15455335331639,-8.534301879418322,98.4870871934913,-5.009112226829373,2717.1021780843244,33,3,Uncomplicated
322.0303697795458,0.3198051362565213,83.7102597579196,82.81842215171974,99.9001049552033,105.5143399297954,91.9249462956844,103.73910177975677,86.09051205793337,126.25886568214199,88.13702999720554,123.336315770659,56.48318306453308,12.546025661725945,10.34174198946395,159.51857822557196,251.86725368209872,162.70801274846744,1.0024446032975391,0.667383441536888,51.15975649215156,58.5498602826264,71.40052221179127,29.94746449401935,0.11455690498502237,1.0,6.848850343643033,-3.7107357839596986,0.6194630440646721,38.46138823647231,3063.7821267238005,20.27317242367365,0.7235385571521898,33.229423948917784,619.9785468263404,1.783987347509857,2.6226405282085885,245.6335712969463,5.9859323773041915,72.92143750853792,1528.23019505864,2.4302521545188713,116.1530891913486,0.48351293374658916,4.874333172641145,49.48603045226574,599.8832086355748,0.3911117433876786,22.91593714055867,9.333119987515985,14.694142085440905,0.08017690861340654,32.22300783807392,1.2139997243082647,375.45256445528776,23.880839688240815,9.3847382061638,0.46843909608566014,32.865500536468176,1.10304892943071,179.26391622366367,4.516200459849323,21.47395664768209,53.493426939097915,2128.3084083773597,4.704415289180548,19.756170197984876,58.741634852287575,22.229037072484417,100.15558769442187,29.297017978931407,1973.1458832497526,34,1,Uncomplicated
1948.7694054517874,48.1364098632004,105.17484874898933,91.84691908844137,145.5074267032142,146.31681071391176,144.6625458038109,121.64243232812868,98.09172524275735,162.0745706395346,94.69450025370213,138.3689599154932,48.72663068845567,9.724750123868203,15.66484542444158,169.28208869356646,419.26398349015386,224.39919443128974,0.6592626614254529,70.98995347401544,75.81359979596206,72.44603842207046,71.7623294188734,61.01704025792682,0.14365380034336994,1.1938961210018182,10.543410951147845,9.131679837222368,0.4111420280783277,40.46282775024848,2854.7422840683616,40.79327752147249,0.6421246337214095,33.94627562971923,527.7553606374238,1.8334332233860122,2.7997505795970756,360.53020145012067,5.536466530945469,150.71012799249544,2091.34007425048,2.521527443344895,275.4045229751096,0.7526243379794935,4.987071376369875,117.51057320291584,1406.2155207830858,0.6722611232800765,19.36054389618042,6.771453339925959,58.2024088319787,0.16928820646045276,29.49459682365805,6.839980935523029,996.9850444239331,19.41687973219127,25.533145395373474,0.3684000802220533,29.818257379259766,3.9453189629718484,389.0824365053727,4.292184463084715,31.49267887938761,63.34381969907864,3151.8621776753535,4.328685697277349,27.533607823767145,61.98306783802585,25.857041373899882,100.14706455824579,37.39230217078173,2802.527128946579,34,2,Uncomplicated
10673.616295918791,139.4811392861183,117.14911898225611,102.40004451393187,220.817965919399,201.81699590135446,151.76621172474756,139.7472750050441,86.67883844415391,224.51828971431277,91.45141202474393,118.90021044047488,53.31445629185551,8.325180437145322,23.732071587952145,155.09197845966995,429.81927471106894,254.0091628852078,2.047838219123077,690.2741701974771,72.26340177608994,105.79545782580726,69.57324724335116,62.56457049739696,0.1477294098186648,1.1968264350630946,31.641487562645906,3.8211248464873577,0.49549512687768615,488.333320107503,3246.158151739526,33.529312328697124,0.4400973009960567,34.05867457659341,590.4029458333906,2.1688485275053204,2.3171936391832633,402.41020358025844,4.723095484775232,166.13086772503294,2033.4449695961505,2.3286356160132615,312.23072216901784,0.7876543178917617,4.452952470403182,146.4127842902169,1474.5688856114027,0.7256891233628949,19.91027553731089,8.382843674724374,39.663935168694636,0.10194453028831717,30.895285871955508,2.3848128482113777,820.5856501093679,22.023684539099733,14.244356697955919,0.32635252245878094,32.633479512769775,0.02130624821275351,383.213253029665,3.0792419952788066,33.95685454053679,70.97011493835356,3383.3678425505414,3.0612732137939753,31.94529614270453,70.94705732670991,13.982340948705605,99.47461881865509,15.40957526239157,3206.838113789547,34,3,Uncomplicated
362.9519013578424,0.3596754520150659,95.67475424821596,108.36364888310905,108.67923755867113,89.55535211313736,103.50737246839687,124.5241585865272,77.62798668580493,65.88585922980974,98.05018158424016,155.94990063224608,78.61948572446231,17.789945833576365,6.536059431333625,152.38653833507905,233.33824209315412,219.89911285098702,4.171945904676373,8.463310637124504,88.78856092559363,36.04486256405241,121.35187411299506,24.340444438917153,0.10243932107640984,1.0,7.7575324177939375,0.9774116425447819,0.8677303352093302,39.015252927406976,2920.542507553634,24.845972005318536,0.5303112692837164,38.29656937334913,483.53008194679137,1.0807917420149393,2.7718553954095277,220.7080890026106,6.663360040954271,55.052765588529525,1493.2305534751033,2.192622527923881,32.29458801799811,0.1955771799346408,4.588428887894953,17.4389257005813,187.50213832941455,0.14861872335808013,21.685432122697197,8.846125767491849,51.65323307564921,0.22805030988730945,31.21122307380305,6.094792960979546,775.9629510661848,21.017185308690273,25.288748206377917,0.4000814564128671,30.109762332672755,3.3084395483136744,416.3505316735608,3.710638077669156,20.285919865416187,60.08341404253548,1969.6299456684637,3.9790262902141973,19.71133882897748,66.87066375302459,35.87522607682986,100.76572047316878,45.625694322929654,2014.2908438444085,35,1,Uncomplicated
1904.2662241367893,61.22725349955471,124.99417988933156,113.2717861804754,144.26330238164581,152.57396411005865,154.58952918712066,136.2095345159942,97.14002250080512,120.78128833603749,94.1366375653213,157.42132507000125,65.11673605981908,10.89818027306084,5.832784927203717,138.75624900822697,406.8675895290083,268.5539094388062,1.2589869545581014,45.74568435715054,115.25457441593163,59.62197665936072,113.98085335989423,59.39182427924623,0.14709087376467564,1.303964040080608,9.136356721387017,5.519100775091949,0.7206163252164759,47.02766630449247,2777.8583605591,67.94031781469849,0.45213278545905516,39.111803154189765,421.5886371442023,1.0350110634435659,2.685243381259646,377.44143633751816,5.298119031069489,157.20748746690202,2093.592867178794,2.162218007603223,301.0068727752384,0.7645934590491964,4.53618677378108,133.94798165868988,1494.3834753585766,0.7159109892266404,18.334656401383295,7.0314193219903895,96.4093442975067,0.27546311110763244,27.697587265270165,17.00567393962296,1183.3731174639825,16.262076195606678,38.31992513904907,0.4006494806824521,27.087541729511088,5.630318523414487,550.1580259625955,3.52292801152521,33.41679511188465,72.29153097485492,3314.5583286209962,3.402633510412255,30.155720990770067,67.08395471838601,21.67022067601498,99.40886603872943,27.458966757149383,3010.005307580609,35,2,Uncomplicated
12034.25702391527,133.7695230054573,148.7921307989312,123.61869684252457,225.73019062930484,199.41984955788337,177.17782757948558,162.69613589846296,99.57141707928363,157.21721695102457,104.39729283765777,145.32156101599674,84.69842253390775,8.462750816882837,8.069218681089607,143.9025287466599,462.95469240281307,311.7444308076111,0.18029831096668847,736.7448476792711,110.52093930249853,93.1324036767051,76.22735475490268,59.94247047341492,0.13111451984594122,1.1168546031386586,19.410927200630503,12.042687383453345,0.17524233294669822,489.1413751694631,3167.241508485633,37.06796625866656,0.8743421115783004,43.475500529917205,562.3729463125866,1.5151402046757112,2.9071483903792226,362.3838250282913,5.308099487415164,150.67673804550628,1818.173173864005,2.8359546669849163,251.6675034876694,0.7090243941726171,4.7542665415034895,136.9997239948997,986.1134779509059,0.60096328112129,24.427209463820112,8.45129371917666,54.83704122923018,0.1622945005763577,32.87760783388861,7.576957538668802,719.7803836576629,25.09723175868273,28.57477476157835,0.5104226942037567,33.4251413681559,2.8015521875894907,564.2212989747177,3.6490830088622186,37.953551354838716,74.53616968813712,3825.6087283580036,3.4445654114655913,32.10228045370771,73.29661333944505,-53.07370460321853,98.68577142391423,-82.05283937592942,3202.369245468892,35,3,Uncomplicated
138.42595883815335,-0.07663378280263183,99.36508563666172,96.05065716212512,130.04094147991117,111.32465114301682,113.61916058720882,98.05216641896234,133.04943932091578,151.51129755336024,91.7580887385114,144.71867991305942,51.711049372590736,16.11916581960638,12.266370649405463,210.52038267505014,328.2625548980124,180.00254667724374,-0.25211193993679903,2.3864847272789986,34.084395970470126,88.8183146028706,63.46021142162468,39.4287591240902,0.12113096119080961,1.0,12.45601641717235,-9.610391506376704,0.5618311600221949,-5.364575685016948,3341.2356301222585,26.78458117651042,1.0462239375408657,35.264734975929954,444.5905065936402,2.129906677171517,2.917955681842335,282.3565843640829,6.048664419476855,90.47972199262932,1781.569189643886,2.465575259044018,133.2506014278981,0.47987053633201915,5.0259788907373775,51.21069685121428,645.6612324930601,0.3877964981700318,19.06967874143078,6.196749235121478,34.183218684721325,0.1211949711877721,27.326744219355444,3.9692368880504088,590.4288672163723,24.6702912546579,10.384410517014867,0.3516316710120549,32.99794478538149,1.1812904231327415,166.17526149623546,4.96810616696705,24.618619894183677,50.84377831807462,2505.8237325893483,4.631188475328538,22.607268040574677,51.11223579656459,19.59118064029842,99.08179098877618,28.486116367082325,2200.0029127083167,36,1,Uncomplicated
327.77306196352174,21.857856572749032,104.6558661822406,87.46660400091922,118.62990038395843,152.43929460853295,130.86054850868285,99.07986899714888,138.54441925729859,203.7794847283289,86.41396500588898,114.81405156562165,45.03729228694322,11.623903140960342,14.099697212174993,235.28160009237763,373.94369391957355,232.1693233461504,1.2819686250082183,44.44635225440368,41.65298372522554,99.22815252693735,77.34104004087249,54.91922497119456,0.14595612175119643,1.2239820146420963,15.398809749783766,10.455357262604474,0.34762227291731584,23.49138894958561,3056.1918095381498,33.47824709585185,0.6796607720942609,35.868350846425,448.11444556361437,2.3478797724393594,2.7770622924479578,397.1128799108345,5.728791904836232,138.47302891167735,2482.09858597431,2.7845876248350327,271.847859649325,0.6942107380954055,5.2840036187111625,106.90971044561536,1448.5930794506244,0.5935017696942688,13.169949057821674,4.241246366504081,150.3384368162034,0.40896987207011387,20.75118489980392,30.819223854006,1708.7034932414927,13.238185761819036,60.20809627025541,0.3872484523122982,21.746014824857426,8.37532275499954,913.6436939133487,3.9940698914383326,28.507426095618563,63.092070330974366,2876.6026907908117,4.030036989729697,26.11704576746824,62.878569536449426,40.78476450951517,99.99935461769343,56.01426234338867,2605.990839221958,36,2,Uncomplicated
6657.6137810167975,134.7453717552649,117.19004650667115,94.75801129226895,225.8804327508939,179.8316070459074,144.74613929929976,112.62294939063882,105.83793142546725,203.14105665869502,84.08684573620488,102.887651692917,53.49695210536921,10.750284370198884,19.17884180468883,189.6665354200985,421.98645916068875,243.2229040272698,4.660064352802545,652.5788543080376,33.41985952141013,179.57495107638627,53.612053546661144,69.05047670731535,0.1609431649196338,1.3912100317643168,48.72011414853295,10.266834755841787,0.5007514346277618,661.3191875841993,3697.5611146367205,38.28080825156752,0.818809804892195,33.43924872536081,550.6324456106486,2.8223840438571184,2.536876262636277,432.33823662300404,5.070505762519068,168.42843765018387,2434.6896797056997,2.5255538135691937,342.53126304070065,0.7913540460045989,4.6841916477246635,156.4964904944631,1761.5248348236787,0.7168757452800871,13.309573110217912,5.2043259073649075,108.4692833912674,0.2725128203230293,20.74184856143018,17.104624819978962,1563.9176031793877,11.943355853335252,76.97330994639111,0.6824229894714657,20.02068376902217,12.966066270331522,974.3447033780462,3.7939190662027764,27.02039571261137,66.77594295702876,2677.3009870046485,3.798122685971258,27.4242476985704,67.64683361090255,64.87627367339459,99.86422165620547,89.1016391056157,2781.8170318786756,36,3,Uncomplicated
163.7914175111042,-0.505050112463473,93.75314196892288,91.05629398812006,50.66172297159844,147.98012316038228,78.68132966217098,106.05128931263567,67.85382443051704,209.7052804543053,99.5548286693247,65.3002540428663,77.45707843202874,11.830561931739764,12.633777971670439,164.70221521111176,242.35456982641364,166.84170105297832,0.8981300442204743,-12.409749161875736,48.4686215729573,81.4308660622549,89.74428444209062,24.559725875802663,0.08500997474661784,1.0,9.209020639786603,10.645075815153788,0.7941620029376402,77.82963477962241,3284.314300896831,19.904948704814508,0.8843192656694926,27.829442491622196,734.31162563445,1.7404409257400406,2.3573007247755897,248.27479490776275,5.57007846571343,79.56652704428153,1447.3454995655422,2.902662122149229,182.07001444945638,0.7160230848176521,5.213768148220746,82.16871963863488,909.5354811385369,0.5953748802585686,21.533229978192207,10.040208163739724,37.58532077681596,0.17799289431667645,27.476267715106268,5.4886348348824825,512.6995474033936,23.990247534942664,17.9401287086721,0.4670985595610895,31.726312443479138,2.5314047265191353,237.813834018893,5.753223213444592,17.698120172490803,49.47300825614696,1716.3115264640714,5.949578735215694,19.608904577487937,55.5446592712774,61.345376465764815,100.3219471868001,83.85326035194768,1982.6568260215035,37,1,Uncomplicated
4629.483005462933,97.4505425642594,87.193750525912,84.61336128680611,97.59647710013776,113.42536927091837,94.90852288357871,116.65441986068143,62.909437603949776,240.07190506763004,85.82029540443824,85.034381283679,62.527115057832106,7.490309011448715,16.52359598118591,154.13229817099224,294.1270027922167,174.5511273987985,0.2684210546043868,98.1070515376479,76.34389104930874,97.93618457513149,55.78606620745833,41.20843807596637,0.1474473674146201,1.3781825259728715,13.145544804897957,23.019689320011615,0.6841977941224309,81.04993003304256,2907.5865098723843,39.339314899385414,0.46437443923480504,28.772079522760606,543.5461522295627,1.5826395654704468,2.6315702407132817,349.7177837505685,5.060818408562465,172.03946253250948,2252.7321463448543,2.246184626277861,316.89130701759075,0.8839533016331679,5.01009372154492,125.4119189373833,1742.8242249362297,0.8020795787091803,11.08915571811587,4.3042736602857286,74.58395582747372,0.20076390533968996,19.58448838991017,7.479448259156029,1242.171770549824,17.847836958979855,55.630051103018985,0.587909726697422,24.009146138349976,9.563180733469627,676.1272325115192,5.019221631163907,24.32115883899287,58.76706446862677,2343.454116744224,4.831889388961338,23.70627955832939,59.420383518707624,52.92122885862274,100.24408662233525,67.12864356653972,2491.247120689017,37,2,Uncomplicated
20621.005433872422,163.4884366860862,114.5008992146732,103.8443114563568,138.16703812184443,191.18836939690024,108.64239093598985,130.18596317966524,59.21316856592258,354.95623814031217,96.19715259842344,78.26318189635565,82.24430915599784,7.612264965928125,36.5601432865091,139.02499210464094,419.350720853587,281.9950412207812,2.8690764240580533,701.1082364062919,70.69769455988755,127.74351748946788,86.73309131989062,55.57949016585823,0.12791813691007714,1.1980232070470107,47.85297044555733,1.9467011033228907,1.0416597670615488,400.93271369288436,3483.758516845946,22.57389839026905,0.14376067227651157,37.353127365684166,595.7270213102722,1.5210632230186272,2.216036542879983,415.08712861593665,5.058880507719108,155.47572021260228,2459.285238059223,2.424647655839502,340.91714497970224,0.8295273830440755,4.7798485243863835,150.0895259222074,1910.6239292946345,0.7930380586487695,10.713683951406562,5.624905691085161,127.51838083533133,0.3161423786829676,20.927887800511993,18.5771713802118,1892.935848819312,17.463055441113234,50.04353899955318,0.28887268326482957,26.699988624236603,4.875901004414735,968.7496649396185,2.753478019859771,38.04491014161231,74.43013820989603,3795.264142743659,2.900307660314626,36.314774832845835,73.77504362170016,53.23736126670742,99.51620541056072,65.20713594614196,3648.2911089640893,37,3,Uncomplicated
279.72502755573856,0.653344679344783,81.85799620513133,85.95824903409263,79.74631961988466,131.50445341953738,86.56634373059029,76.3594582757167,75.51015310834921,104.76769917036096,90.58786895694097,112.41021844127421,45.85424445495738,15.055917236265378,13.232917542604907,159.48692409858208,229.69798320983057,197.73533381470077,-0.9956623417433292,11.097758105600901,52.0685450313012,110.25185369239527,63.64792421424156,48.98476976754018,0.2062315346809438,1.0,13.499335761737477,31.133468498271355,0.0961481158216122,-4.489226549050354,2529.488756821118,28.47115640286516,0.8504939837098596,30.832231966205295,339.73112484223066,1.4845904167746886,2.843364160308072,286.6224003888817,5.56656575471116,107.9724681050836,1441.1099105303742,2.5546552506587106,149.15259441667502,0.5081160604637053,4.885840740950903,66.40820747907583,613.9710713309047,0.4446192323538193,21.30816723280165,7.551595938671962,54.79703172450375,0.1705280046874861,29.113582405784168,6.801762182588868,606.3800915635026,23.363129498111906,23.512461794361414,0.395978096913791,31.254343937536788,2.7204267662864776,291.62662640454573,5.115034137985756,20.114705247754298,47.59860110884383,1997.2164558804175,5.010421335020188,15.747527993054282,44.46361385240969,6.094083823244379,100.01124305188317,14.733120127332406,1630.5238675434625,38,1,Uncomplicated
2643.006058392498,7.5372729222472294,92.20481862939046,76.58396816228263,73.90080034309756,126.93371998311936,84.90990677725807,93.64389946076746,67.72061238670805,103.65072678850626,81.90806602596841,93.03329277171913,40.57334837877576,9.096366388627546,13.492941412202454,110.12149946889862,252.5331816318083,217.9832702423362,1.2004771693397278,20.567776560895886,45.62386467809012,121.69319577721572,64.98460877142351,51.351396531623706,0.1949682612437474,0.8685455968253403,17.82876380244702,15.902221961176084,0.2951723627199723,28.416879076781523,2597.72678280628,32.60471329613566,0.6293209433028193,29.386456864254242,384.8594052213556,1.6768914196072706,2.716946780179187,346.7548072260033,5.645391456445915,114.86977956726649,2170.799931907187,2.542157128481371,218.931074874847,0.6235583197505341,4.975491057010699,89.49639074608001,1154.9914269424291,0.5222172784708726,18.132724253729812,6.32571390607791,84.02939707781752,0.23213678800788018,25.147701687772425,18.321273757034295,762.872775048907,21.077054419417355,36.08410490580523,0.41778761410047616,29.239595737965743,5.338573741193902,472.359698179406,4.519654531416118,22.507371781152273,55.10718045756893,2246.6662309948065,4.544324468782638,19.489772402390344,52.50977499782381,28.188629159259875,99.79250663654422,37.83775812578561,1906.741387702422,38,2,Uncomplicated
10339.776969090964,131.96792581299414,107.63118536203001,89.97018305195179,158.4175316189993,209.23717681843752,114.4530426695253,113.37692685993561,45.17417705881162,125.84248411264761,88.54329006483549,107.59861932169066,52.80413389329657,7.862120497305743,32.049271872161,118.21904647798311,397.34286966162944,246.9087084999107,7.760743094905567,411.74289983622236,77.91527139304199,180.2531858662276,38.749751104513976,75.95522080274304,0.19523320626452165,0.8559044029745726,41.5412873079504,1.7258295601145086,0.7234321470107128,343.84628288750923,3514.8139982018033,48.38199510781244,1.6004740389320906,33.76175590941563,552.320319051117,2.8482280505887623,3.044439759601331,383.2766908325773,5.523539826637152,155.56229832865563,2291.052481620321,2.977581032472679,324.74457891132124,0.8549680311113785,5.14774206303295,148.0364248786385,1657.1139277747402,0.7212235256338712,20.791270213677326,6.863646578905615,68.90492075953594,0.17122781909909435,26.873984738752714,10.075148285242323,1112.7462888309349,23.409770217362645,32.249572034514664,0.518586253999184,30.847461995795012,4.50328950595928,426.98767721686465,5.660293195869137,26.50584057080911,55.93543618514392,2677.4805920812723,5.651321998268241,28.031357888760255,58.95115120343543,63.21890007418463,99.64254481469608,91.37307869613788,2829.6359041957094,38,3,Uncomplicated
312.276729115133,0.4538057926055825,84.12478230243683,77.5430400587233,71.5181640072918,97.05639054986702,81.51593007901069,93.6926958571516,60.683636881958655,116.6676442601103,96.6924540106562,112.1530942254833,52.63701629157625,10.234094350268972,10.36216371567305,212.00380613949267,288.1269401940054,142.90434929000116,1.5211695806475956,6.745446389673127,55.19218983590949,110.27915260559871,75.35971455250387,48.22873838520306,0.16775077143200323,1.0,11.505743196205497,-7.848955840203818,0.538832196456336,59.22747386610595,3514.513308447179,33.619204432319904,0.8906222847437448,38.981122343577994,781.2306948486716,2.3075738793208624,2.4723387530519925,289.4726093170503,4.683562302666019,116.67678086712678,1474.5775995549923,2.5217923169472125,193.19818677921978,0.6896233343756701,4.7586058707792676,86.15902682973467,875.9963614769608,0.5961904414314907,34.97910963342389,14.03193399492692,6.803839257679414,0.0059205054266327495,43.07828071077462,1.0418275793073395,10.862542726651839,39.115944023920534,1.367716781710394,0.2861963813595214,47.85863808027097,0.0942680621019858,-1.4043048709418429,6.175968736670322,22.495400197121224,47.91153954703762,2266.711347454603,6.2384833480556345,21.371174674725832,50.6525419442636,56.18829327338291,99.99596931518437,80.37577508200654,2126.382285827143,39,1,Uncomplicated
3298.144318071262,55.02884410920696,98.64375465745272,74.39458798482694,101.44281528897432,100.03189528903432,103.04205511998578,105.14569625380666,77.88575926018262,119.04294535801864,95.43399046986947,126.27280807426898,52.212083718571115,7.177567777750212,10.567028859952678,175.91903719469624,383.48509343170974,194.84526225685818,0.27621352270049904,43.2223462471427,71.42996521717528,127.90698330917897,51.148687101160945,70.44350211701962,0.19009734758616778,1.1460906794876482,17.763867128900856,14.464950179964195,0.36042430859995467,58.75850594709685,3317.83059761903,36.95271890358065,0.5313167646162563,39.95190316494291,624.9885006393919,2.206240321235589,2.6795600193963813,358.76270158909995,5.174421173012097,156.97919499951618,2145.328405762327,2.5805787895973613,206.54988729440927,0.5638554345861821,4.851009574405598,99.82190373934098,949.2940370595225,0.45943709290324686,20.57652305325959,7.709338192409109,74.16993970255132,0.2126747278959838,26.458357050111022,15.468651092452856,586.5728755988791,24.60418192242287,37.30537544282347,0.4961946706197818,30.477046627558156,5.898154732664857,439.93408878399964,6.366323664807767,29.15881188001072,56.37327118944983,2903.2122635218825,6.196036839078836,26.50800413619675,56.0852139202159,55.342772353940454,100.45233793596324,75.63783881092733,2747.8787816056038,39,2,Uncomplicated
17078.37792651324,189.99117825798828,111.25213201431059,93.04254792143618,160.73330251716447,169.39984212611117,119.86856694575047,116.06761300760226,52.97388268513166,161.94417261345146,99.1753986879331,106.78968453588658,61.597093621873164,6.8686412966986925,25.144275193238734,151.45325895866935,500.17450102759113,245.29204807267047,5.265146916637334,545.2069244774434,68.34402285033299,180.91207689271792,57.5859874351689,91.09676857603901,0.18679453407152077,1.1069058729883883,57.034382053424125,2.658271074609252,0.6353612976064609,302.53889503117307,3905.2312691159186,38.34944965320504,0.5405963526378812,43.2934327847081,769.309561192981,2.7310156112128126,2.558928237129824,403.3675471073475,5.029107810963954,163.6137175851457,2278.8385056439856,2.6455734349094024,318.6902297025486,0.7903001843071055,4.947776075905447,140.32680553435702,1674.1070171370225,0.735708341220616,18.594932534022906,7.71473332318238,113.50955872093941,0.28048530858977,25.961958429075707,19.57545755487046,1366.4569288056418,23.603992248741655,81.18061831439738,0.6380109400657008,29.16099453599393,12.656319679375684,1079.9828476970597,4.401022849606912,36.17029250540171,67.64820952128365,3608.549209117532,4.581303890375355,35.552274541213585,69.42602105294695,71.47526403097959,99.96048034202224,100.51405712968207,3542.533286595213,39,3,Uncomplicated
168.6510746964527,0.46195540407245006,91.98649547206493,95.14153188321694,137.94562357528235,93.30756123725666,101.39677528563752,92.38735696772864,60.51137015113095,61.032776817009854,84.32034451860989,156.415032346931,53.229432328033376,16.179698612361225,11.860890889210946,155.4280503418895,231.537060579269,189.2830722094781,1.6414426589174067,7.889597581451536,41.882062161915684,50.088705018307294,81.14979725485463,34.442783319521254,0.16142089653037628,1.0,5.127923765278364,22.45789142605279,0.5332538644821658,-23.008924261001308,2255.064236537796,25.822440670707465,0.6522881195634426,39.345247696026874,303.93296539238503,1.986961838624301,2.7237911698484134,242.1946191565573,6.5346018672718875,58.16052738933655,1621.4991821812348,2.2387970073382784,63.96124883904778,0.28895668024742194,4.612649420919537,24.98101159570365,369.52203674580164,0.22240344621679245,15.711551883584017,5.366289609102543,11.452878044184768,0.06313696597743342,26.201564663212604,0.6260175777469046,331.64829436710085,18.516756992670018,5.429911470233817,0.4401421510353902,28.502195534691037,0.5179540310297988,113.68104137958821,4.555406319144252,21.926117497741163,53.39975518742998,2237.0073665447276,4.649674865463283,17.350142512428775,50.44000528828021,21.50778706114491,98.99790973532117,37.90966749547391,1714.1439962072295,40,1,Uncomplicated
2748.2998813711188,94.54422545744424,114.83883294773582,96.41369042741547,144.2926462327364,181.435667709293,131.81346529681448,100.2558844959677,65.78910186930844,120.71276002842158,79.18362184738051,123.92074001192053,41.61194807058315,8.92642648973064,22.38342208036883,141.6489657498023,359.191684993391,230.503377751797,0.45810378238956584,-0.7784809674386821,52.82817950352199,57.853650081173775,89.80409063978095,69.62502315192687,0.1935019796531762,1.2796583511710702,6.09324932072802,-13.359539216017524,0.4733322132648687,21.568957624962387,2419.411166633153,12.07696829067918,0.784066792341627,33.27037100413111,347.6943979305952,2.1887472413353573,2.5332847883808274,417.11037257437835,4.865062980857536,161.408175876425,2368.616243780472,2.4248688908175637,300.92178954750307,0.751108653343795,4.643962115127543,129.2429172704541,1594.5676709508764,0.6844994838953891,24.966193447260455,9.737630567425393,42.66042312981358,0.10974356597155556,34.8071222461251,2.859171820825913,988.1690430943966,26.126604774716455,25.46997150048489,0.40611243585917134,35.96990027521126,3.970871913890043,381.0172171443828,2.8298761476017944,28.224139972330548,64.22256318065067,2884.8136004859884,3.087580783190326,26.568749799828577,63.3283871372583,29.548516300822925,99.61134797339312,40.91621881183146,2601.3094742906205,40,2,Uncomplicated
9336.334532115301,158.15096264508338,114.7484041088059,112.77645637041722,199.37127776095724,209.0692740986567,143.47607888587967,123.42824772208516,70.5045808519196,149.9239415239014,79.86582072078878,114.3384173505892,62.94850083880722,11.6830885344656,42.43488048781445,140.28108524669346,356.3726698091462,259.1223113312206,4.598317366007984,223.9942581699068,55.513255693739595,62.546300316728946,60.872760131645016,77.57782453084432,0.20461611939023366,1.3871107761890817,2.6456409517817434,19.103883575731494,0.8678564482686024,303.31123438696983,2924.890622627633,47.583991699450166,1.110334942567193,34.208147520859725,440.3790232803774,2.439282524054821,2.96073735756305,316.62298532568707,6.134254376570681,103.3104003019523,2076.7271244801823,2.642892314357116,193.1765358251605,0.6268912260249622,4.989586439600097,90.14444947583763,909.0039193357186,0.4553277950437318,19.826434297988467,5.686825580149835,42.13756192108998,0.14992847442497834,29.0775337480102,3.742881790136784,662.8313049058142,17.697843244827077,23.60559782317344,0.4230450851517703,31.63563882120449,3.293724790684095,362.9673876095019,3.7166790866581843,25.442604380147923,61.44247024914787,2529.5013490338947,3.3834610095228213,29.90117796299988,65.35845612219451,115.84077085277207,98.99742791775628,143.10300667551542,2977.4860996662514,40,3,Uncomplicated
172.07299861223663,0.42299406439508835,98.44988191530265,91.90615535124049,124.44510990407977,103.93473959934622,127.98281915962033,106.50768591694148,142.39766958710942,91.89683264151908,101.74404527566324,143.50693670019018,72.0978014517117,15.219418381276126,7.1963001202411645,220.19905222206094,292.6681489753063,252.46698185620278,1.9645791173420237,-2.1437566463234035,50.01594484312728,103.09115449254926,79.346491596063,46.4819105424382,0.16166506258957422,1.0,7.80594841185642,6.255373727770742,0.8866663780918325,9.631679805568039,2319.9105577381742,32.58467324476784,0.6647423112473596,42.72509073059111,486.9766169269356,1.5007839659400122,2.625030092923839,267.98367713147746,5.4310855076227496,96.75309837237504,1234.67757562786,2.3775183481486684,150.01891917987638,0.5596539222968938,4.612469142976493,66.9619246564862,581.0267661468765,0.4676086332117671,22.32862489405416,8.360748501841591,37.771519030616275,0.13165077577506196,32.819107932172805,3.2867610032934076,500.3846494195173,20.9423276376402,15.975622875197795,0.4506138253938324,30.56501438536111,1.4964830484884524,207.5555744966647,5.588989917076335,22.382466235602873,51.712977239132556,2276.1306894993395,5.33852179375368,20.966770671838564,52.56847512967874,24.557801459158192,98.91427642805166,39.15605888720016,2094.0532298083167,41,1,Uncomplicated
3964.1482577878114,25.447668075351604,107.84449542799618,82.1547991041293,141.85785989929258,191.23712779178223,165.93885383540072,117.5472777058109,142.86009140121678,147.49430162805163,87.77657862271028,132.16762736367195,48.13596990755671,9.610749899729997,16.394622796631285,189.17349724886736,399.7219484918723,304.3223255783381,1.0636337254307633,74.04229425777974,72.24381004816331,105.05797962430768,79.5742533685844,68.95017662332344,0.17532247036470663,1.1074776986826802,12.629327807801353,24.606027140242706,0.460792845941743,20.25879508186738,2431.172002034777,36.67529263831048,0.6904873606108468,37.5933573080686,461.1323231238724,1.7565563973268485,2.4782644745671476,434.4120380399629,4.8855481061684705,179.0655457015953,2257.3874730148564,2.668125991186045,286.9764166047304,0.6602593910239692,4.7186535870909125,138.51839380694406,1399.7522613554984,0.5949760476156051,16.717643399292868,6.664137108495404,54.06123274864474,0.12461833999888625,26.31357868667603,-0.11362036762159988,1291.9761313608842,17.770991429213097,20.793660682283985,0.38484315600360397,27.108318179225005,2.1407948328870456,343.7304618858612,5.532540287872991,30.274842000997854,58.643057059695764,3060.75002989241,5.52942302615454,27.58109486867944,56.88377959613906,49.08585180904104,99.8950483038053,66.74723665250868,2814.6380272165266,41,2,Uncomplicated
14155.024095144774,177.36008569091695,94.76240949352109,77.96254511286092,152.81376881349706,222.98584484757865,186.19671643027664,121.48301925345983,101.40350188062516,155.44837029449138,82.02323053570406,110.2473299864984,59.86165557780497,10.271166356538519,31.919535320967903,164.70922933972915,428.4797909841586,332.8490974552046,6.076382130110757,777.1572887154672,63.93933791853735,112.52709248281879,61.71590399521511,75.92488778192576,0.17538828414006385,1.1247527573329255,30.673157775889965,7.804113762385915,1.0444915925417917,569.9465976421786,2430.0050858563486,58.13966107822713,1.3271204101490368,40.90290238731959,597.1432269084286,2.18230445411884,2.437123276463109,386.17297791883016,4.912224312996549,158.66570824500388,1964.5859084669028,2.4579473002388603,238.30834052780676,0.6226623669461319,4.611018335197328,112.75742450028844,993.9907616819632,0.5316884088031704,18.93616926495222,7.438816625091292,120.77488435246248,0.31801444857348105,26.026706975355726,20.697994313702146,1305.3146460005285,19.175232032361578,91.56118850054386,0.5895535653166241,27.194602894657645,15.428250746883004,1033.6607406629507,5.008499774528534,30.049898203876527,63.931189448380394,3015.7962820111393,4.935600596769725,30.06766270703155,64.99052070162219,84.73054378444338,99.7945155048262,117.3009545082177,3071.7152643204054,41,3,Uncomplicated
-185.57785731682392,0.17020009599651725,91.98637375247601,78.91694752712502,113.64351660037079,102.01150392982925,82.70490500543323,77.81863573200118,90.65908677208985,145.63037561716953,86.51503230581552,138.5234438649018,31.15134962565644,11.720697052375149,11.298852391454222,205.918217408098,254.50378771893543,128.90710329976784,-0.6588622327418341,6.4285180707164775,34.69440857910203,123.80463779753293,40.047335369909106,42.63310875448251,0.17651757316065458,1.0,11.497608094811309,-2.205355315753895,0.12763287249621064,29.664699279917034,2559.2406212363353,25.01282289201402,0.9046437365425566,25.565108265854697,430.75162303883064,2.175680181329311,2.915475759413768,329.2076102732922,5.853654647460207,108.75749460148353,2049.1885500218054,2.564694055440704,201.87781043984415,0.6474803121855053,5.18790246481829,78.70229900073886,1024.0014818394507,0.5482239654932483,34.033121743586186,11.907471515982877,2.4617851356802376,-0.021834440028603824,40.85643978755013,1.094628746998195,63.09215211722557,44.03654036226454,-8.129745322084466,0.08506864557801269,52.815685641194584,-0.991746385744134,-113.06425116339304,4.705350666732997,22.087605600048903,51.06708372334547,2245.687503579848,4.663131166432932,18.113585787809686,43.71184928310241,25.980875190105273,99.4175994436136,40.71462118162578,1792.2758198424262,42,1,Uncomplicated
424.2359888763606,87.91924561256317,94.84945870308982,70.33689017242644,76.9594424224396,107.89580638372806,80.21810288508225,83.74746933081931,78.81120541737486,162.6721179784374,89.91240965971141,112.4487961291223,38.54806391373107,7.150353835016925,13.335322587473923,175.5666093785683,279.35809890961326,164.2257421192947,0.15979774505819921,-7.9059743078276625,46.72858683264954,126.24102290162666,39.05457894284188,51.41004649098641,0.1792514745240207,1.0186713749755734,12.279444846327003,1.8323718490729703,0.013846825916535521,37.2986318599787,2433.469910870164,32.138294053947476,0.6658604896467314,25.35366583027976,431.3582377118956,2.4426297665878827,2.719434276203697,420.61573661321734,5.348585557069367,161.47460036605668,2570.5219525938933,2.7250127375120963,307.85737961328715,0.7325590620039427,5.108571799056541,127.43954970715154,1636.2979961769245,0.6510814594530324,20.64346686768453,7.389115804549464,61.07882041695872,0.13525564398033563,28.974164711402572,10.986303429639364,775.4281159586726,21.252414960085723,32.4840662281988,0.44504047596817764,28.730717714690105,4.924514067037375,445.8330896478431,4.066166609900202,21.199708146769154,59.93599010346281,2163.9519102971535,4.076335754370507,19.551293651923906,61.50741123091113,44.76963832280084,100.16065879363975,63.041761922190176,1944.2646559809268,42,2,Uncomplicated
10768.736604123782,143.8906465437226,115.88646861221265,83.99573445082203,215.47685513434303,155.6760000234894,100.92343492280853,94.48874182178191,59.580971558874566,175.61063022333113,95.12155737852395,105.74350314589292,34.74326026103722,5.451017545591226,23.21459460007781,146.81659139246017,418.06798971889737,192.67105463992314,4.946823945572401,439.1264028769351,51.277832822148376,188.83545926477726,21.45618346530703,85.84361783153525,0.20483829084134472,1.2013199779645816,48.05754481165368,4.340242699094467,0.35714905523046675,61.296765385903996,3706.8927521160026,51.10661648882749,0.33724041363707336,23.593224683782623,498.91795348485493,3.5196894264187835,2.8014803242864894,430.378769748166,5.47249991070699,164.45627194103628,2679.4891394835613,2.420762747384463,386.97556162868375,0.8978033137033055,5.0965961224536915,145.49728800157084,2197.212005607368,0.8194555314851222,21.11083678533454,7.880088535116561,9.979619145807042,-0.00345043270890677,32.22337532502376,-1.4182979202132824,603.9921343223634,23.759258415734138,-7.245159668851997,0.32977090669071957,35.535306101709466,-1.158171450108302,-75.20840442414635,3.830395966854343,24.684086272060778,56.13913479979324,2443.1650191797994,3.9288719786923783,29.637736779254116,60.76675211392674,104.46644439895,98.59160128756056,146.8916710692331,2938.24618498777,42,3,Uncomplicated
262.72832127969855,1.0296625881577688,77.5084553693448,87.44316131885158,107.93985861656732,141.98035469978373,127.02973914618414,81.46657824835641,118.22450000667921,111.61129026618185,101.69227508271686,109.0348923805156,23.861766838767792,10.157143701329268,15.877031814010763,178.0892738691038,267.03620176957776,191.1309463863756,1.4460973010943619,10.545093156665267,52.061352232318164,112.20111083472801,41.50098879277797,41.569235308767055,0.1659788399080044,1.0,11.75075553313281,22.41659720723203,0.32088987531569046,34.59346241999055,2963.5969696234283,34.80984870990894,0.7607687156723983,32.673943030270834,581.3838310220098,1.980652470849888,2.592827726754688,232.67646886468623,5.303946567686538,91.48899192709857,1256.9270750621615,2.3551712690422706,99.95925336683558,0.41571411075284787,4.437321357935134,50.1713174588688,379.77242124170743,0.3291648688920917,28.090879785853858,10.803716346484173,15.492647170332152,0.075201156388201,35.239433882079396,2.550743144461413,165.69220151471268,33.93598184571517,7.993835608697545,0.3975053378812384,39.53508919029264,1.225920409378519,87.39791282963965,5.713662028335882,18.011097371083668,48.18980999618091,1822.042974692968,5.662699457558015,17.165150740227613,47.24109108792886,43.36555354951488,99.6104201565193,66.67272536328935,1778.914881706669,43,1,Uncomplicated
1912.3799451726936,-75.62839777933925,92.03187121887413,65.7456531202721,105.95866456698225,81.91707523025275,125.53460650692581,89.60914511429931,94.57919545123433,111.34379209688984,89.60608375566234,110.1542540873849,22.724456423183263,5.612041408007,17.75955030890874,125.20949177275003,309.3830543770852,219.37560009570856,0.43670674442276086,27.64850338466069,43.70408469329884,109.69095115810082,45.103825035712944,51.813836221620605,0.1711166313718718,1.1272377441394006,15.340141688275125,7.880405890739233,0.260099379763283,31.73525789730151,2867.625127879425,19.914697320098508,0.5425947790215141,31.305971026147432,438.31873840815445,1.6990229242303783,2.3691315954243506,329.8687881464802,4.807982916716663,142.12369430119824,1827.0843874867655,2.1548945349124025,201.1915042998514,0.6071805279036129,4.392341351217508,94.60567260625916,986.1595651875876,0.5475085650609214,22.431340668673016,9.226607813705147,80.05557896251577,0.22454653427239926,27.685566933678185,18.62162759904959,740.3420445152149,25.617932716484344,31.08376232430001,0.38743705961493874,32.97506343272425,4.623079037252798,455.0803252516818,4.7619508209913395,24.45031439055249,56.66698703936042,2424.252628644813,4.7753936533052785,20.06632704168854,56.19778808617794,40.812239408578684,100.15919245795929,57.26095086656863,2018.0638034469853,43,2,Uncomplicated
10395.647947711175,49.70752039330229,89.01036838409414,65.63820948030283,148.29641609789803,163.0419910899942,114.49115807769726,92.3432813832934,78.57843770974588,101.85694209692144,83.80602291018393,85.0983161428878,25.120599871788468,3.943222507703579,27.573801086160998,109.40499049062657,327.50255726183457,216.46043089978482,6.4003548359568505,72.20932414910715,53.98144038489381,126.76340318755614,24.16286983621742,47.0133197287837,0.15515550406799503,1.045508178078687,44.13629955537132,9.824799787975303,0.6850526663075053,177.7135378257492,3175.220514853623,48.153590665471064,0.9130572650184339,29.59600342676523,548.8849296318275,2.4125539779683915,2.1547059193968163,358.7169563394541,4.02376455213878,173.7154202874778,1723.770768415397,2.256785403491744,356.9297326189234,0.9989567152684768,4.217381503878172,172.266725207183,1672.0820798265663,0.9125244264398416,19.255433546977947,8.776284641170903,108.83148224903627,0.30065267747613456,23.35825767708601,18.685486596123297,1341.9211145623872,25.760450886823843,77.47499172561493,0.554620607757814,28.959321976747166,13.234549406322603,967.0352821142185,3.50218283775933,22.60321589486522,71.92513391517288,2288.936145409136,3.352056885382143,23.425879655209684,70.45859802450786,49.82522332045147,99.82949589737524,73.34659305644911,2318.221923798157,43,3,Uncomplicated
297.76287302816246,1.2115122471769537,79.11415273878528,78.47893438072121,74.45529047567126,42.38018656943864,95.8380095455864,76.42163044903197,61.23411598748234,79.72839253795087,88.49221586886135,92.8295256411053,53.75901459671013,10.336874301200563,3.035065791606012,151.56360687621662,292.09221385201835,143.67098064891275,0.6416051081629104,9.775402578722998,48.022264303345736,108.32007580161067,77.05785270360097,48.57570869406564,0.17341710394510298,1.0,10.444827909092604,15.261552713690367,0.36565374889292,32.63113215900693,2785.80735708777,42.84151024946875,0.6400912380136694,35.46294419353258,612.0364803542724,2.0184674006270273,2.442353701385258,252.1222969951287,4.989059002112304,101.0185762457291,1191.7487943384997,2.5001288994017616,147.88609658705172,0.5769350617014126,4.618529561213823,68.82582092573223,611.3268450396919,0.48830509022901336,23.86910550554798,9.39449610416003,54.8596099560892,0.2049206139316096,32.350745632129446,6.929295360079252,554.264364499412,25.042992184573002,25.79642768674834,0.4666113210387363,32.9814282488172,2.998246475976142,299.11538641744346,5.660300827451744,24.93246357427901,56.87138746016369,2511.0862259394726,5.873108092687339,20.409287222699962,55.757762046586926,31.941545417258837,100.00236017665239,49.95885798588582,2081.779501721281,44,1,Uncomplicated
6564.159268191392,26.914185742319454,102.72464577951253,72.62981150036686,128.42020612030623,73.81287573725001,126.77752532823118,104.09239407788543,71.62543138493832,125.20798302368597,85.17986261718688,116.09161618059325,39.85762112840806,5.607723614617208,11.116388173761028,102.5602782099188,377.3240249261079,230.8033020982801,0.4750071535093866,40.688805319926914,56.286880515778634,125.45486423877588,68.08104826462977,69.75034099047161,0.18885949784024844,1.1591136391136805,16.157621053175777,14.789435513653686,0.33107661770862246,59.95754311732337,2917.839713595151,21.262985358220956,0.55152781735326,36.19889268648939,534.1213986354402,2.1262293458348953,2.462817556875895,348.9000271610003,4.947897438785699,143.57161988661255,2115.5090333667763,2.4830884751046884,243.68238326099225,0.7116247261706161,4.592670541865844,119.87373171700996,1217.6411557668207,0.5860925949519645,23.001932845797857,9.234662101019367,24.38355816738232,0.07274533812544577,31.696667872336597,3.3044031001239205e-5,519.9368432263053,24.987527160273032,18.983407932846045,0.5948768194162207,32.9525313127242,1.734139205482584,307.3863338871014,5.267627751220954,30.204838941079508,58.661821415132536,3021.1676392154673,5.237114650742176,26.556912232240776,57.07541197983037,40.38782620760816,100.09538688821101,53.846147703544894,2700.9940417854937,44,2,Uncomplicated
14225.252284708295,124.50871254067648,95.83732298844896,81.99148292851147,126.91896262162517,103.48198504979104,132.15865476186315,109.35309148018432,60.417904198431614,125.00339849987466,80.57540342044594,94.14556954625071,53.612126766407954,9.086230484843957,20.010974437984522,122.9379598716881,437.50450599754754,244.99685613321444,7.778899087050025,114.03052473451402,68.6508296802476,153.11613287156183,68.24905917603067,84.7917619441577,0.19484396810331114,1.203660659754282,40.68612277221751,11.045703777770163,0.7308927205387454,632.8530356427842,3011.878195360372,51.8233357510546,1.1801879574391352,36.716016986709704,726.9070862932031,2.827803130867397,2.414411945630628,339.76814926083017,4.837017291239943,142.649661340208,1955.7919816630454,2.560697705597732,272.2727001978551,0.8088512752209235,4.601023327425196,135.60346160712993,1365.4888081427341,0.7081642544622724,18.851002316857983,7.693874549407469,108.78284003153149,0.3073688519302259,25.5345616368426,17.09406965784771,1418.6984542045664,23.72821091732493,58.028338380308604,0.39403042919038267,30.47715592827806,8.447768497882326,846.1010311056541,4.25252427403623,32.61068678710627,68.881348828315,3261.893991901184,4.094859709347647,34.617596846559316,70.38703320149538,80.0323524346612,100.33273824355965,107.79762750912965,3437.0443859756497,44,3,Uncomplicated
7.033403437609081,0.07264912135994694,94.53874269910807,99.72475733014358,126.98257245733146,143.68537394103413,125.73643515839571,106.32602156135468,136.394319988595,157.47606597342087,103.33694755533776,128.01498722693952,61.227766563692306,13.527382361977029,16.03304372715931,203.73556668717595,304.0907762937078,218.13544358276346,-0.49192756384109537,-6.299889171802109,35.188403055070566,124.21075871734548,70.54333785605955,32.57601804565385,0.10959241401668463,1.0,9.795473149456148,1.7623014195363247,0.7996018632712927,35.845321072544145,2794.8725548775997,36.68533493894154,0.6932340541848435,29.167661092351437,549.7170724498799,1.8956125241257253,2.9240059610048266,264.6321681556254,6.086567431078383,85.16933248273811,1554.1987780416673,2.7470517267107986,141.89875367446209,0.5275473345627512,5.0527405157613225,62.671590793407134,648.5668174570112,0.42842358795260854,28.660461783181876,10.086789498740213,27.48258308851162,0.11491180183904076,35.05093977801637,3.9033006620239346,386.219743403656,37.667470635452474,5.937543482311199,0.2195472190953945,45.07503154818888,0.8775822649385597,70.36406660600835,5.001004295163063,21.476113577066617,55.01001922789315,2183.690136903569,4.877865443626659,20.230773718883665,54.255748945654425,16.44932637339567,98.8051908494531,21.3047006589752,2018.1655789879565,45,1,Uncomplicated
2850.630875009638,52.103313695321546,95.86647551598983,81.00757725215682,115.94411132691563,155.0246218296192,130.96640790537452,107.93920078566427,121.87415735376608,209.38001821705151,89.5716892516358,104.25243940325326,46.35910584882834,9.22670107652513,22.459729902685964,189.86475348973377,334.58227000528444,251.93709945120852,0.3820377468680745,40.60552482262797,49.04969177316487,121.31327210549867,59.162063573566726,48.31169728430408,0.14817732454925062,1.3580952646338713,11.188166234405148,11.086086308877658,0.5173915050196727,42.45400719188468,2675.457574027714,42.0425915737556,0.5917595011447689,26.138238862732955,470.2994242332691,1.9596201550964156,2.6586166492550185,399.6269004487964,4.869943835256664,183.9807727350361,2180.469788142059,2.5521967048643703,287.053816373235,0.7155161139628243,4.841602661342659,127.36915653718509,1443.0017080113562,0.6629108901052271,12.577255595426578,4.442073381055293,97.1814200048392,0.23441399785739042,19.643602228304555,10.664849494236849,1726.638988305384,14.434906625991268,59.102023869762604,0.5955666409376579,20.7459819260744,9.203457828021453,820.497983927902,4.127077557516787,25.39194811170656,65.46745227970256,2553.0074190788437,4.027497828291604,24.37637505359244,66.24456263777446,47.7667125811995,100.01743575847502,64.42699343487513,2463.056928001208,45,2,Uncomplicated
15465.67980040927,155.90715959958766,101.33187446969532,76.06218688764709,176.61563772994765,187.50998178572098,131.25571403940404,108.02524728222737,89.95459615648703,198.03084514978823,83.78334536610281,80.71841370943217,54.411705280663625,8.765916726193765,38.82407292856662,154.4616046678398,368.6053774963037,284.7816675485114,4.812575950755349,509.9515061426366,36.58252579668803,138.22720490356522,42.65208288862659,55.86203092468253,0.14982327646623753,1.403766943540482,42.88145525229332,11.49851296047629,0.9004324412557002,360.91573086033316,3135.852383420235,51.64342598528215,0.5281497670337889,27.386212277445285,547.3095326764783,2.240978901151631,2.0643387744451562,412.74752081099905,4.424555039898437,171.9405175904785,2140.2341302093732,2.1524670432167468,346.3233173847433,0.8622955140092329,4.288375564209074,157.71099313155722,1683.1829397261158,0.7884398717473845,14.031868928039518,6.872961295872898,126.55664577318362,0.32952546513827463,22.206429321235255,20.910085910177546,1609.31251250363,16.461589032072034,90.75860614380066,0.573373984582952,24.933081173227766,15.632501330973332,1115.2223026752486,3.042777901424905,26.397077168554688,72.52531450037247,2630.8583928935054,2.9721782328771944,28.317710117167696,73.16948399711359,72.29013112270977,99.03647846148486,95.58244297038645,2832.2879770448512,45,3,Uncomplicated
166.492991301814,-0.14329722687750934,95.23323117213789,93.94869259797358,109.26339453180577,117.68226854060389,106.0562252303262,91.62031250086181,125.33445432482713,108.96843576563768,90.14557501262094,127.37366156819769,45.58407147796318,14.07613929198661,9.561682454265274,221.3061846125398,257.30810573221737,212.8799343805373,2.3920353221049777,-1.698215323672244,44.604691162540746,80.42348833840396,62.614257790678906,40.67209044125267,0.1526775395055718,1.0,9.966417916128314,11.579498074106375,0.5673482698910444,14.802614695817699,2707.8506928833763,20.916826171927422,0.9900501753816175,41.03400176174641,558.084065014957,1.8786399263175477,2.6077619693022953,259.3929686025875,5.7105221996664035,84.71733553954098,1479.392565240892,2.3412214545867416,145.7464236863441,0.5658105421727462,4.867337113223994,57.49498689003845,690.7610846792628,0.46969694329565403,16.883272179711586,6.445833548729319,17.13808553520342,0.06915312004587078,27.664819844381984,0.9630771680875285,377.34356325284085,13.89806852330632,9.180344949771413,0.5362788027416285,23.776817904203142,0.8431068068661753,153.07419024000234,5.138650075141397,20.963967032114198,46.96600745794567,2131.566684507899,4.947029206259407,20.53266934803698,48.113602212300826,49.71719121592212,99.44855716461971,73.3564147743065,2039.2323134186997,46,1,Uncomplicated
841.4290433588205,26.855310704657946,94.37162823299967,85.20165834814047,101.90101574573701,150.6908330504383,125.57832475750406,95.3664369094154,116.10035382953919,128.95573554777212,78.97715249425198,110.12155873879527,39.87449019689741,8.963818600104666,14.24964349490107,210.52823991972357,349.0138601752123,229.293319392141,1.0105294943005463,68.59772046422978,66.3336640679831,84.60134996034512,71.78939739297189,57.01995254387246,0.16261783493020485,1.039835833786108,13.43211689350824,14.074389075817523,0.32126527699284074,23.94907814165709,2602.11323737055,30.01030918691834,0.7794087775197047,39.224479248087526,519.3409393813444,2.028015460993166,2.5821079712832704,392.0447668025793,5.448418210606554,138.90054071257856,2302.3335557095206,2.6434546815652773,277.17206926844096,0.7108090866936593,5.089229512728372,114.32083508250604,1490.2061551035347,0.6387340914759951,18.582251612929987,7.293316533470525,51.666260717458854,0.14221348025538236,29.39111370864831,5.58405923945724,882.6519860656133,21.94127488583146,8.28223798084053,0.20390988896534848,32.5740089858818,0.0316517512438228,197.07878950835365,4.785685106983887,27.82775236225268,57.11131284234029,2803.1009932935926,4.852242343904165,25.423683338745715,56.97726142102711,49.85548170661179,100.00487836838762,68.66447528388476,2587.61834649821,46,2,Uncomplicated
9927.830122301102,162.3148103064937,97.65841668063412,93.26991683495353,148.84573091858016,228.525205633718,143.77324732626562,103.49797045305954,93.07090843663639,192.04021611610634,80.18783639437876,93.71986504308094,47.6043231756381,8.37705540061178,32.03121353625243,164.23337058993874,421.68398380751097,254.98304517952366,5.692714891170479,845.9078054812081,53.61542499965061,114.86618334358722,58.59925633415464,68.31637175511474,0.15903760318279675,1.0325132337465204,39.63192868860264,6.14301565099033,0.8077339821125972,483.0974867609178,3326.3033640264803,44.36620942469677,1.0667841163493101,41.05327328582919,629.0569211174072,2.5136194812556076,2.7641692488192198,366.685560785497,5.7586642913424875,126.8314790147206,2227.132468686689,2.640375349473571,248.29807981606507,0.6677562850189918,5.144303421045694,98.82387474791932,1268.1071185874011,0.5565435187792678,19.10577926264465,6.84364416082276,69.65704347016683,0.1833147557249574,27.76941570678954,10.370076732695818,950.5297252731477,19.30610101101589,47.15002834274771,0.5301742637860208,28.526615012771426,7.131642298585831,589.4466357217143,4.458454726906042,30.347574797944528,61.663217172645346,3038.1650676324207,4.505767584925251,30.8655683067073,62.833235637356985,114.48134758023785,100.08366464143477,157.96270686365665,3150.9234221479946,46,3,Uncomplicated
38.89580289529664,0.06522330613988109,100.1255502080203,99.17093814182837,136.2803472253913,116.41551776278547,134.63711949436777,86.66340379048528,139.72987507293735,129.40432039047596,92.29175014628554,118.90824671258517,43.52973356247029,13.544780577810357,9.771905943022746,195.02333941533368,295.5363643907129,198.86898640074398,2.752625148155034,0.43277385029712523,23.925070681635255,85.98094604020224,65.00354261119062,37.135538882553675,0.13426771964565443,1.0,12.612532591209742,23.028232158476122,0.7498647139934842,5.722557020121567,3049.1065642255717,28.64129947103212,0.9660489133304745,41.093678662497524,493.27210095229276,2.1857140869772773,2.6211860296016343,229.93948142503208,6.036437177366073,68.08010079203538,1489.9702644149277,2.4029342223158507,92.87836583514586,0.4106453586502733,4.747707669908341,36.90861103568844,447.31253064863654,0.31717568061772705,9.951807947278393,3.5318790715109243,43.48720622002839,0.19299858823361998,18.524086048542742,5.413253196392327,679.819784450453,12.767318914164736,18.23571546539995,0.5474699745991033,19.97819072235362,2.386247235638596,250.76136149534037,5.360793926203758,19.17358193492126,49.359066104591584,1997.2282163465459,5.014455191274362,20.311676527901962,47.89526939061088,58.82285759917645,98.6297346505052,89.1571717938977,2013.1471190556117,47,1,Uncomplicated
1595.6032086843325,0.22411978423603784,96.44702313059206,75.83190953711308,115.11462235125603,129.56430459259067,131.6621878057547,78.86583421734312,119.29901651924806,182.90774935384377,70.08943253125226,91.06026733689643,33.02159716679991,7.279888446776995,18.0247161878614,213.86984738069367,315.90193817118245,225.79180922013208,1.0011348176881156,36.461776175913606,20.305144629472053,98.77535841184002,78.1138050626208,56.25157410828156,0.17640745563016566,1.4033956582483094,14.12497735110443,2.0353527657522292,0.5766688577841841,33.461171631841836,2807.260219936365,19.187048092636413,0.7159239852628909,40.734678869386634,449.8793877669401,2.2111821473846796,2.36597436401799,403.41094508522076,4.886438347958705,154.99592815169962,2405.3109598818137,2.442378682552109,298.5932450503331,0.7583804471241637,4.784661978479785,126.01293805034699,1661.1560790151245,0.7032219429973804,17.95667430487524,7.658571548816179,109.55304595483987,0.28772476776330347,26.11723570225883,19.186614216819578,1503.2763852458274,22.460729652202296,39.180077392794686,0.3058740579156958,30.924759351190964,4.534850498774708,654.252827429955,3.9062939206131864,24.900518098947725,60.209157408431366,2489.5020834876755,3.9533720930125855,23.5670663933167,60.969797026060675,55.947929782334604,99.73125490500067,75.32962985385355,2335.978308315405,47,2,Uncomplicated
7415.243355064224,105.67781757857612,91.31741820335083,81.28844550453304,145.09194388564245,160.11030182502773,125.87283674895355,83.34224837441558,111.86487368368614,179.95020095870382,69.05469455631123,62.78751071124967,49.12066280329447,8.689429675639731,26.051816766519103,162.24406403181194,354.877248531124,232.11344936489073,7.171042235262361,287.28558904621275,4.535972891878046,129.34376184363663,51.66051449457126,60.59967718183438,0.16340584916662979,1.3998756256843732,41.723911121905225,21.81374690258113,1.0897109010145238,510.91378148250107,3511.450109699702,47.0514424750819,1.1715739191431045,40.01372440914016,568.2653992960776,2.575870070730503,2.594324062485752,344.6907956966705,5.544967588663759,121.12377424323392,2227.7183683806807,2.575003786377359,272.93656698268916,0.7796490163990509,4.88473936551979,123.21837133232602,1452.2381381178875,0.6531689869877662,14.18210842090254,5.159181006306709,130.59916374115292,0.36911511380806783,20.429112744247412,22.415125512104048,1545.1211992627204,15.45977229776678,86.78848700115819,0.5149688127446266,23.840727402944584,15.027110353749656,1075.441630482743,3.412408183246063,23.05981672323949,68.22106721889584,2295.2991494141734,3.233292095955677,25.077896401659743,67.76601352734131,137.93835198054495,100.00426727733877,183.3626962857859,2537.886392510374,47,3,Uncomplicated
22.106652783480968,-0.10391796660973962,101.32243491523576,93.16574354061322,87.05224999086765,70.2046860137154,92.29046039318962,74.18741812564444,110.86910524174587,130.35904984585721,81.97718627090302,115.09328054431984,35.098181414025056,14.6807262997646,1.2794024227389897,207.15789420824171,266.95875470162116,150.14787418242938,1.9329833191065138,6.427683454177699,51.88627848366321,100.95201664990827,67.43236296315956,46.35160594508426,0.16927393678800515,1.0,16.368521904035507,13.192990431300776,0.22278814720497137,13.167843736038686,2866.470028856174,21.616297597603918,1.09996098817552,36.5297481935589,440.42880328551263,1.905112808536812,2.8695686103208375,292.8530051793553,5.918008105284118,98.95196496900161,1794.9968111084638,2.541848444149821,166.92362653764573,0.5821411648869594,5.28682383479341,61.50495507325425,814.4271787049765,0.49435285966495784,13.166681010933242,4.453469060938976,77.49458259440289,0.27163523258889893,21.73512188194521,9.95903204806996,989.1057068669779,11.932081356321337,31.748197139810813,0.46012380316719437,20.77109921755097,3.883286278968345,437.4914529720643,4.632936941455851,22.364618966037025,51.04367928042924,2254.2755913329934,4.3927715080873,20.64290640654471,47.01114220586818,54.072282540993875,100.14412283206578,81.74843786527788,2061.7514040097194,48,1,Uncomplicated
530.7849414487739,33.390893657408235,94.39765228656016,79.36235676939934,64.04934568810924,85.86755994331929,92.2677057334049,77.87043489859118,108.00695947551638,156.48283874823198,75.49156871800703,99.76702539257943,38.156026926783895,8.593677316339706,1.158870617748308,198.10563827065897,285.4236019556575,167.92321648816673,1.5784064920163132,36.7391644109843,64.56717549659014,119.71885767272529,75.89722629201616,50.30618148472997,0.17233250007785844,0.9707464398411368,19.192222468861342,18.885450611280753,0.2019163892718252,43.07779322172326,2653.3217785928305,49.64114580807107,0.6159140729606055,39.911736923975255,471.86749043959486,2.160748059877772,2.779603374825534,367.2937511765483,6.261263914070961,95.40651140653381,2618.273099108477,2.7657168213038594,252.7559479631146,0.6799702312310553,5.418862572830575,94.03274109231636,1481.7407248253107,0.5740698416561683,18.300379360787698,6.740198324680196,69.01602944082993,0.19609673655854296,29.167807576545822,15.607480851687793,586.7309085206609,20.33483044249304,12.072493672116387,0.24847773688002064,30.697546046313974,-0.335888526867127,276.35845047267935,4.575861609426906,24.003065848025567,55.52604489822859,2398.2114295875576,4.5274273984664,21.9658012978207,55.01666831048355,50.95985964641518,99.85951182399889,68.07826942864308,2200.119471874106,48,2,Uncomplicated
6825.600475867931,121.79907018131877,116.81343109480544,101.27542029160735,171.28236337725613,163.06828719618593,127.92384802136277,93.8917953009576,101.35902833389737,197.52422996840122,90.63291273131694,95.76473659173305,45.48900660701657,6.707334938590902,3.865599075877789,161.8495785612402,491.2071329083289,207.95933537664996,6.724404205035362,652.581484323199,64.21316767099155,222.23011640061623,54.261595198820615,84.95704936280549,0.17407272501801394,0.9799121226822368,60.30048748504959,9.019054352288274,0.31448422316380253,648.3854005339493,3998.3845932044387,43.192518295184044,1.138288895981565,41.39872053662774,662.1510308802079,3.463078880949416,3.423106808976728,390.6002485668187,6.464359158471441,130.71772572248346,2700.191947225642,3.2000027842709624,308.5342821336555,0.7627079126288914,5.773341346088706,121.45099549642624,1814.4977249243536,0.6482728244616457,18.54330644499849,5.28194416810438,59.977585987875116,0.1416792776666844,26.937640870046277,8.684111163712792,1058.1554754762924,19.08816427899388,19.22365179533125,0.4939265748037974,27.446614373506062,2.2167825901978224,316.4448205019298,4.904993124876212,30.40162748362244,57.01784562258261,3043.2420691838333,4.934517891900343,31.594443323264233,59.16555365565386,108.82417229039565,100.09368907174849,156.29718449396648,3206.792218110358,48,3,Uncomplicated
53.79417784396465,0.3673905292759187,103.3137843166682,70.72651467859318,101.26499628603841,40.949080238241336,78.18723867130416,89.63441381280835,81.4930126219445,122.54750055921508,80.15497731315085,149.9245623802451,45.2230492457226,15.449946689649023,5.24194467383521,196.36140767258868,325.6164980338189,128.57564916953075,0.10413776617518922,9.300251734732932,22.73262894073811,76.76010168507908,68.59448871009889,44.30009676237632,0.14951266931040905,1.0,11.963131290371113,-8.863898827560952,0.5231933877586432,18.686585038182166,2550.307683004362,34.22604963341527,0.7859729825357131,31.58323432338215,440.1258116206144,1.8569427603169988,3.1001769953495835,321.54429366915235,6.329686215448434,96.10266120622857,2089.2118710810514,2.6283295260172883,147.34437482977344,0.45486078124015805,5.331765935108639,54.683749875560714,766.1486453132899,0.37033029624104996,33.71664528664601,11.169427726807644,30.682269432092568,0.06287288270907879,41.91600844512617,3.6817428267639642,354.5706248814831,44.202582171110265,2.269881765890224,0.0768663454859953,53.34383559296603,-0.05449860922349803,-3.544019048613592,6.160271774473578,28.61213794232001,47.650830009681805,2893.213681376452,6.287110777189993,20.674589937868184,44.47133547833211,15.679790850063686,99.6962620046975,26.793812250314883,2047.1627161827012,49,1,Uncomplicated
335.4977136059704,65.70367891619465,109.52670826091574,71.24364206629033,78.55823238098017,72.36164497039496,89.30619226306203,100.50982236099637,100.23913373763246,165.6114739498839,91.75617269677328,124.11992509820965,46.976326127179604,10.821498544837908,6.180148648836517,181.61068454508342,359.1210020586187,174.2870440593377,1.0718246838936176,24.875024998423868,22.096570740954093,94.07504916422722,69.43886154158733,53.89236710436041,0.14947726520350307,1.0453646718025795,10.499928159556452,11.168479573484412,0.3613117827255587,45.60422699448321,2636.729258519016,38.163460926638436,0.5507554577532391,37.84912967455371,492.9219814692183,2.4446062174551733,3.2207045612747516,405.9181178793351,6.600385216716695,119.54496769847083,2876.491983009878,3.4494932132876643,288.226979930927,0.7009750417939358,5.982400457363974,113.09312719136476,1611.176943016308,0.5343323527277666,22.27004994894964,6.79965394195329,24.580546189458374,0.04107305094695979,32.96194593511475,-2.7609868093560657,729.2500082308356,21.06809100763673,18.95220156563218,0.4798827114585713,30.42203786351676,2.0088859522466898,277.5353982561238,5.285402363207849,28.3253476032946,58.92544727958457,2868.872920063394,5.242011038719775,25.44503979096938,58.14686317999929,37.13620046141364,99.89378772344492,52.88865947032078,2563.983015521777,49,2,Uncomplicated
4370.934197713917,125.1908002244871,116.91352366653369,73.83317157417103,211.14096471911586,44.280003013262586,124.86148519089646,111.31351146334765,60.46776774148283,159.24318781377403,90.76040347731374,144.90455045762394,42.32333112590219,11.062546790903777,-2.251490301674803,194.6188728642934,395.37997610711824,177.64910840252733,2.8478102276500725,508.4010963173443,32.877486550536204,158.59171490767454,37.67664262960248,80.5284222065309,0.2038851016373933,1.4756147669777517,41.04983727292017,6.28063823339766,0.2524616230848203,915.494091294479,3293.9240360467093,40.2389270124947,0.5064299451397909,33.82788362863052,635.6171572251442,3.832182379987869,3.036419939481045,405.4691759201114,6.16105871917865,128.15087917501737,2780.274396816864,2.7950638412248097,273.7261827288996,0.6382674053208078,5.509097283341612,91.0319781657665,1705.5958989030034,0.5629994473298291,19.6115003675667,6.780867147695399,37.27297364174492,0.07841570938405572,30.219835240000876,3.9015298997873,861.7848511590375,21.217940466296056,20.593201235794677,0.4151360509619079,31.405448835429546,3.6214341269055588,238.36308910470154,5.3378711101961756,21.70198019117815,47.06800227623672,2142.055478400959,5.5199043935792,24.702278276450873,52.77844257024101,52.734938474750685,99.84776125436088,78.30256786159009,2450.0214428866275,49,3,Uncomplicated
170.95485761087593,0.8646829851920477,81.98828684286464,81.48526580221923,89.4462648023527,82.60207193873144,106.31306327860838,72.18741938047607,93.05455480196721,106.05776281973786,84.71519561206381,85.1106130946782,35.42751198986203,8.487719300007775,4.653065696182491,129.77825744263976,247.9058883726173,152.4014082309132,1.435685586145119,7.733232180540389,39.11347756932601,87.2271910225125,50.65935033156255,45.545131026526384,0.18690211007986174,1.0,12.169851046033898,28.81332766972279,0.44345654885882113,39.12948343594161,2986.983219009786,25.509044161317988,0.8336080241475374,36.66146918876254,612.4755510554443,1.7540923764720284,2.5736154946678154,211.1443403331188,5.913346399855695,65.75981052980546,1266.913958236676,2.506960914860763,103.80515066291647,0.481633444781498,4.92108253918232,42.79891852916952,501.21589567855904,0.38568050032548995,18.01365026234332,7.101043220622369,35.69070988112115,0.16095371817933485,27.0925392302589,4.23479810951034,504.64192591699685,18.32200003290791,18.954928129255155,0.553307577388004,25.581442137310418,2.3567444703745952,245.08356049978937,5.101571880117879,19.16171212935108,48.725690141255996,1935.9582613936454,5.2783454693210965,17.271543878583635,48.733589620932285,38.6549450599141,100.00710525663271,58.92343657845044,1775.8669967956232,50,1,Uncomplicated
2672.036179351717,2.572432574827886,93.43760510284892,70.83718622650936,112.8249065446823,59.00843594917349,118.63643794466621,92.59910851372584,78.79054432982971,118.00213637012867,79.89291572578693,96.9539746222612,28.951457613628406,5.00645683026844,12.226297226117211,136.65177091975096,320.80882816763153,211.63541529451962,0.7095526372808227,55.48759905112786,30.939859781902264,107.92942660410141,58.04810884486409,63.2180988508904,0.19729050873589798,1.0932754820093444,15.427089538294833,10.338520759372887,0.43600150273027044,49.74685077414493,2895.196027564021,21.71026994850601,0.6688446691711156,41.650432610388364,561.0078472922283,1.8137695150687694,2.648029034708205,325.6206278596189,5.521745739351586,118.31404959830033,2031.468721789193,2.6232400290853577,264.42785615065173,0.7923880660671786,5.036310387739219,113.33266236178879,1462.1704434747176,0.6973739934072756,24.072031635798307,9.181976006986375,28.030967411470286,0.08234432419197381,34.4677199459159,1.9621497059925028,555.215955401649,27.333333084667903,2.9624951901004017,0.30470429126866305,37.72221015265179,-1.0482994734610025,141.61178507914212,4.645834852746776,26.135886985317043,56.49675681288642,2589.351586200567,4.690218328584928,22.56800761199243,55.669069822354984,35.36380611505156,99.99789854066876,49.26736362171737,2252.0194991305702,50,2,Uncomplicated
6756.8051092214555,76.46678161025704,94.69177468307798,76.64136090818141,144.66999969491076,96.59850157835925,121.15088682751532,99.41588886057328,75.14286569737124,143.1985210586769,73.13396202524902,76.94683215050745,30.99006132603899,6.151931531605495,14.931732380388887,129.05483621773118,362.8613487972743,198.3930456844416,7.073898498133506,215.3779395516491,38.38028589509487,129.37194893971954,49.824922586263774,71.07307151874973,0.19512846563658645,1.0926440418155137,45.58071393857528,8.663156767717899,0.898968826319862,519.5986375952381,3616.895667993478,40.780246023997066,1.023271223083168,40.43415419801629,688.1338779183868,2.629644493654361,2.54588637714894,322.3099516548011,5.351751144772075,117.53304461913193,2041.8174871884444,2.588610747163206,290.5444791426418,0.887949828511501,4.911437163919613,125.963193942406,1576.8479198392913,0.7720508790713655,23.228070435884053,9.187235016705507,42.547862878093355,0.1296390155551947,32.77951019242298,5.233667505856639,735.1094977867352,28.2873830614697,4.390848044854032,0.12042215525190997,38.40282371722119,-0.5876099473077874,201.66585414760664,3.7171167976071207,26.539743774749713,64.3571518946363,2664.1087489682504,3.6665194009458397,27.379784604376287,64.6473177624738,89.34552603757433,99.99274891579482,120.96481039247337,2742.8190472188985,50,3,Uncomplicated
-147.3825328211473,0.8526512967035906,100.4272771107731,87.07627611140832,80.7774234972386,99.05020081177886,120.38259635855893,79.58582765965821,83.32888891835621,171.70337440159673,96.53793232825885,93.12524374413313,41.19568341819968,11.938914869945982,8.95201479181946,129.8972748735187,282.5573394252779,153.31080139265543,-0.48982587152796264,8.691556232896758,52.62554009452739,112.14074798676093,53.58938728226511,48.00029062237191,0.18626798101733216,1.0,11.14460255364515,38.04805055029067,0.38068839051656234,28.570598432007866,2215.8316499350008,28.721166233948143,0.6935622164466417,24.19127180028017,363.8700894362688,1.5371431315859094,3.0844603120497562,259.07566216627384,6.645606930967618,75.25819068001482,1680.3593126236499,3.008547484993556,116.4922239241719,0.43018589771395765,5.431337010965141,50.83198178063025,546.717399735751,0.3204507680039042,26.76361550354421,9.199873824412428,64.54488953569275,0.24392841897012718,31.76546881902011,9.646085113513523,665.6805484898086,38.08899449387907,22.36525146890032,0.20127869895823378,43.853361330242365,3.0731465641428035,235.50354947218165,5.944738128380205,23.06409646679499,50.781720414246216,2282.4338394507727,6.294059843427048,16.4570635860311,42.240354446018074,25.20421741563053,99.83543585124272,45.63224195084947,1705.5978214938934,51,1,Uncomplicated
4508.03495588337,33.418576584507086,104.45274436211,64.95324085232532,90.39106369672137,37.203248443822005,105.33946922257951,99.91084197437984,71.76804765781937,203.52154399821833,91.61780534854353,90.32121379281622,27.44966946699479,5.2144186794047815,14.503417160244744,72.80803326041466,249.57839026450608,180.39666389624483,0.36362483969628423,23.11724206954812,37.60594333861154,115.72371140436374,41.77959580092294,49.36911007380614,0.19264720952524234,1.0788153192161996,12.04064574099783,20.09213977128367,0.4103643612997285,59.35762036939911,2353.972557215214,24.812473416108134,0.3930328764224309,25.443250899785482,346.46560258116176,1.525846013852353,2.9696957164798774,333.4210858685305,5.933513462009829,119.5636081794475,2456.3247301140814,2.734448406550897,248.5638349768693,0.7417573732328382,5.373568419955283,94.10961571940555,1465.6392806950137,0.6077189066767643,22.979741232045978,7.847835235412626,6.551313029041502,-0.007067409668565394,31.922115515745496,-4.202579435935862,498.9064292538645,25.228990222215188,30.097292415588452,0.6582073807032311,32.33106207101164,5.14749395229871,378.60046911809127,4.095916623636764,21.012153876777077,55.17031912147269,2060.331245838399,4.143859888396343,19.324801609841025,56.30162705362663,39.16565007753278,100.16342648395148,49.04720499246517,1925.8342203242673,51,2,Uncomplicated
11007.084257009214,10.2896621751661,117.2005992323083,73.55468109734728,176.00210659614973,59.8159236810978,133.23173861439054,112.2651678531823,62.61716782821043,209.72257834364052,92.21084497019574,97.42178994423105,30.81105109535454,6.451424232156268,19.25574405021535,113.12277853371013,307.0677976243516,227.66786526646263,5.653193724769823,-206.71983244906056,70.6202487054801,149.4963797946939,33.35358086245968,67.25933704044778,0.21032452010373154,1.2171967712268519,38.8364022247039,8.200482261032082,0.8525071656415049,569.3904617049598,2845.777996760043,34.63105652492567,0.43773271004798525,25.476745489950765,432.73675451085967,2.4970449012277545,2.736364102550821,364.2770008596994,5.508417271845632,136.35997528287763,2368.4533111938968,2.7230903463569156,334.71894479925834,0.9090629910055286,5.04997157875793,144.43259541033177,1931.7575079681542,0.8147354889605717,17.91417342375671,6.844111894023206,52.60977792934399,0.1332144958584799,27.486382422151127,6.249903228614054,1175.0335807409297,24.7620514597934,-7.575871030119707,0.07865664786595539,35.152296117708595,-2.1067713927184073,82.20104655212879,3.510568417999191,19.453045105092375,59.567003442367124,1963.572495965838,3.348410246830081,25.57913660516398,62.87609989736578,81.83848600720017,99.33494035167179,110.26451316153614,2503.9658587023623,51,3,Uncomplicated
-49.42496035064164,0.5594645479608237,92.1713339508757,83.03376704187501,104.7588600900164,105.01343711013381,104.12322414191516,82.03404416613299,66.03417871378615,92.6655185645941,86.76160950462172,146.99472107470274,57.327545651709336,16.350091781753605,14.083995709587061,172.00668884431323,264.5261046232763,189.5338293720233,-0.5233096928195138,13.06317798743541,47.637027295377095,99.13482920372506,68.08522192773626,50.590998681357696,0.2066216045155986,1.0,8.924510362307753,23.679900713763494,0.22055377174943486,-18.853040520399194,1978.3151364284995,28.081830875683085,0.7331629184047324,26.70708904270024,248.34135345857902,1.7792550542033516,2.9413692385012276,329.32707643545336,5.84684198975462,113.14145999782595,1832.1830768280156,2.4202637440620003,165.4228345358665,0.5069362410861578,4.812313783364664,70.48800147361385,755.08621959546,0.4407310680233469,24.50455007413475,8.368293115029118,41.709921897504174,0.10746333270903216,32.93852873383999,5.181378549506436,498.93628133085696,31.1749976640716,11.995789208741808,0.19140524845868723,40.84174500780308,1.1765819254421879,152.32033527102766,4.346302879568306,27.178004072457064,57.00942083273003,2729.6253171130247,4.4249464233681834,19.133254512263218,47.105576058280576,4.292375124280831,99.18323727380397,12.662789597608707,1901.9595466190012,52,1,Uncomplicated
3849.9223460906783,96.185441316037,111.78147150758558,82.86970547548158,96.89928074876937,161.67983698768373,115.16973922627659,99.3984545740708,74.72522835431067,134.101699394722,86.13348466176802,115.66031274521747,45.35273671646223,8.34105121820179,19.706103096171372,113.14247388447694,320.18715235245065,246.3752366114996,0.5213192620381666,-20.162498991863004,52.105246013760066,107.88081519956617,73.48947381015545,66.15126494829728,0.2031814672806578,0.9589684956972362,11.265613046519627,2.4096338578953205,0.2576087604978759,27.569728024392965,2148.3423635260056,26.81261252546863,0.6674824431467774,21.987491553009928,349.8322082281445,2.0038348473706518,2.664620649894257,425.9918084534046,5.126693546267494,163.10293709359706,2533.584511470143,2.5485244660306097,297.3742858072534,0.71460458590719,4.77725173345099,127.79256306341863,1508.9220012680173,0.6029030191794291,20.98205330620897,7.584758449034064,77.98801983551385,0.18598751836667976,28.802925849681323,14.258244819695143,1000.1895896758459,21.242790504480247,53.61924806000019,0.6191772067700314,28.672602304518033,8.826422074095156,693.6135826288474,2.7242018673436075,26.167216214928636,66.257617962933,2683.3645818318814,2.8931816482665544,25.0356337660365,65.91965246807749,30.355610068446406,99.92043921929586,38.65399360889636,2431.8369335225443,52,2,Uncomplicated
12382.804205004522,151.6508607545946,124.06487070412945,99.81004771811047,188.41411005893235,207.5212704704892,152.42857206560888,120.40750433086633,51.94082534224313,130.1639434815219,90.7244686815759,120.19743218413706,60.97690858679184,10.106205018264022,42.344924720570134,132.0875604323303,427.64172315991215,271.06501069839544,7.280941201398436,256.64000790535897,80.8426876972433,159.50421485881338,38.186409525257375,96.43594791000343,0.22649047254753302,1.1276939637318595,24.27941682587174,7.458139527285992,0.726538972176381,382.84053267861304,3051.017324485265,53.48160480241659,1.2216845103611669,22.04299988417287,443.54116720559034,2.7798174350339853,3.1807614713430548,369.76898641949487,6.070153907749257,136.05832226850626,2330.0109468894548,2.902590063045288,268.2922151042546,0.7129597731742261,5.16452153643479,123.95836273628845,1343.2808075492042,0.558274102545467,24.24204144682627,7.407615700531803,-14.117495058808998,-0.038184062616085784,34.53029914976044,-6.204847331990566,335.62799257362644,24.983131600827257,-28.632349592008907,0.3318187386550018,38.099543118681986,-4.768200107639281,-359.6070575086243,4.764799065348359,26.452321849455267,54.20851041884209,2636.2428860494306,4.661485487736525,33.28182480787833,61.09995046785683,119.42313057637224,99.02116268652588,157.34061921319403,3298.8817288332207,52,3,Uncomplicated
42.71938001368696,0.47503410309785943,100.40136721447429,92.09501058073886,94.94913406416222,120.72071418779991,109.11705523682784,97.09891108942477,77.20961025827422,155.19714770659078,100.25888068552136,112.42236286195076,58.167711392841376,13.927667128651148,10.548266451286727,160.62925193251976,270.79116580973124,180.86660581333228,1.3930863953778287,5.398536755122777,52.81015093382841,93.29824492403397,76.90142237869681,40.71248275870857,0.1544575474964231,1.0,10.309680414233565,26.906747850304363,0.588444519187577,30.521837593886858,2749.463644144674,25.6792400815197,0.8185925843196669,33.31532595021807,446.6998499047659,1.6714982174196968,2.8012143610634688,260.1796442627106,6.2064946825508285,79.47437707104501,1619.7464427970924,2.746513576845776,111.00547662375538,0.41504175196902743,5.018919447242209,51.22437898322206,513.2919825062063,0.3185643778321674,22.876393030286323,8.623619677565504,48.7342337360698,0.19063779686730745,29.067777526618844,7.006553003453251,561.2708201502506,29.61064219009573,19.224644298393564,0.33938577831953715,36.31947101362948,2.630177241770647,232.81146909936425,5.93712353173967,19.926923715483323,49.98776057823261,1977.6090674754305,6.045451510607082,18.176884549264397,48.4886495785277,44.10949017026594,99.82512395923999,68.32009219598152,1857.143094298137,53,1,Uncomplicated
4135.296938507325,34.936733442812944,108.08611704607536,75.18533307461595,114.8602567191948,104.47090910998821,112.44788248427342,106.95832795376054,71.36209101982293,187.45757111748802,87.06764058407612,108.88216994174516,43.51031769117371,6.4879721998977855,13.746140992069567,118.34818453842054,291.25887811544317,211.39422662834278,0.5907879732193102,29.90859853761818,50.24870461493213,107.44943596704064,62.39118545627336,54.82666715016586,0.18816171295989803,1.2493773054628758,13.257536486808258,12.387762432001292,0.5365987188744706,51.59370019984404,2656.649626188882,27.254696929305624,0.516999038737608,33.0550498495263,370.4581100250017,1.5796183802841388,2.698150924821649,390.64738138068054,5.224302603930708,163.42988731095062,2522.7227067599283,2.448504023918339,290.2907474409539,0.7417634250700784,4.929872617095646,121.6950389444733,1599.4455253026465,0.6524477207919446,20.100186167497228,7.460289384527172,70.39282245190309,0.17148358888212795,27.207595527306843,11.697070281494815,933.8299704958794,23.862807454987546,44.629243991912425,0.5161718985083433,30.649943562577246,7.409960141620249,561.036862147312,4.547824111608835,24.093348080364322,58.011013963208555,2351.1801304206692,4.505363407652779,22.277090679018862,57.51780192716443,44.33067191235225,99.93334741588221,55.90574099037745,2228.1997062995256,53,2,Uncomplicated
13781.675189244035,75.95421933111064,121.05980304731395,87.98455320497895,182.7101510712398,139.7882805011651,128.38095277326295,123.32101836415653,62.8895297082324,213.88289093234042,94.22268149161147,102.72811763167802,58.58210921487613,6.907923175964452,24.637939211437523,127.90080757380301,376.8565387933702,267.58410049691213,4.941911525456462,139.40915498177372,66.69342104423946,141.3131595284707,52.14893795884235,68.17031767180704,0.1810904048766,1.1988491417629454,36.476656680513145,8.289628697366263,0.9174586409875876,318.42925181099315,3214.332431920832,36.31718814911615,0.7735434436065746,37.0115027139223,465.12375712122105,2.1961483453699677,2.75284964333789,396.6912826036887,5.336338536660852,159.25238555574833,2391.772303791947,2.752704623521808,342.00187798004885,0.8666332746036274,4.966955892222875,157.77269949031978,1842.5822641340287,0.7812236158928745,17.58211071776478,6.446723414828733,100.45396819596357,0.25590014492896185,24.89452667741601,15.721464988362715,1468.2122871121967,23.272159091177553,37.320597612377576,0.2758787776968097,31.968498635778243,5.00179501469251,640.4241579676743,3.7900352686181615,27.630785103916747,66.40024961932761,2776.55308192705,3.679787596353599,28.83560295305815,67.19738382917737,59.071652605530936,99.23579117465441,75.67915834817602,2866.280850705258,53,3,Uncomplicated
402.6385627145154,0.4945584772081771,85.30797750469958,59.6040403539166,64.80956605165372,120.68732448575298,93.53613420468241,87.77824999925815,85.56444328199328,134.3688540316374,85.15958607950343,104.65967464147212,49.34667921209375,14.571633397891587,12.19849483644495,153.99353670089545,253.33945582473447,162.57287644627118,2.121085547181589,8.424254617015798,41.37706009664722,44.249274257832234,66.92591592961367,37.032912808082294,0.14609228290002005,1.0,10.920364678166466,18.51553569133654,0.5545765935774014,20.562783413017563,2661.7192585966854,21.57121226733743,0.6793800867628995,28.58876447359656,495.6063581546156,1.4983488150635704,2.4649140857213343,286.66939548399813,5.175713709494053,105.1079582359998,1531.3910713439927,2.3324580647086792,140.82446181579488,0.4879813654343693,4.595720103796936,65.49817648942874,617.7330782057587,0.417270715575756,20.26894844937854,9.143260546459931,56.49394532337944,0.18664362747998597,28.75633778876624,6.7630479056041715,701.4349170672485,22.82323310487442,25.285639009547786,0.47470284905564863,30.445165689012185,2.9565812840023264,334.2434744799367,5.937610296863245,21.274171035525608,45.25656499698526,2090.230489561471,5.962359098157471,17.64841938018124,46.35791456882794,35.28067317615754,100.1230975703419,57.23403075744334,1796.3968409684921,54,1,Uncomplicated
1430.5492900059949,-23.39864213302708,97.33559834160742,68.4359877579326,83.08341821036342,112.60394848960944,120.3967066057039,102.15553649754884,98.83321590673657,157.46965777333963,90.16840439926739,116.85952342945757,45.39621172002927,10.1439886979046,14.801642577244758,134.0728616942021,348.78234833610406,181.11844835344897,1.3835814074507184,66.37953203020086,39.45243554748503,66.55356604120661,73.53439598929597,51.79557802129885,0.14972353618418915,1.013008712268621,13.165817905136699,20.54700813969525,0.5493116209429936,40.982358960970515,2510.216945637111,41.76572547688839,0.42673310236112444,31.197803433324506,453.14596570810227,1.5572338614612458,2.7576809892259555,337.3225756840887,5.9436217059380585,117.21283315007203,2242.9628231038296,2.5222004844067154,228.25630817952896,0.6530966185123233,5.098610827619364,91.05263228922612,1222.5533007748577,0.529925283513336,20.12911426775561,7.3563579916441,70.23748128892063,0.20277077417600128,28.493841624350626,12.455147866675958,822.4366466267535,22.391349381825343,35.11307723650895,0.39564127670182864,31.623527327968297,5.751980493526178,447.4389540155512,5.007899615497647,27.214091215915325,55.28843015849253,2705.8556676532817,5.037255087517666,22.742510394150585,53.239834949411964,28.118251293339945,100.02773894042005,40.06984731483212,2322.7460255571746,54,2,Uncomplicated
6575.956047575477,92.15930938848035,102.36611652904169,82.57213728149208,161.47342310605055,182.95167258070603,148.34817476844844,124.99532586189919,79.78235034666442,206.98479585436576,94.66957881332753,134.74856528122945,52.82486176262016,8.137856851920537,14.296898096373006,153.11218379523604,388.07319942511975,214.94484865555546,3.396593706765585,508.9591478790275,65.83832763535825,125.19359735541167,51.990642677268745,56.07028181050224,0.1549518359810539,1.0568960915972185,34.1102823070545,3.944540685750531,0.6295863291361271,848.6282992380357,2866.8756851617036,30.91085822829972,0.9027319913732723,31.180552386570838,558.9275951430781,2.5416597991018866,2.7790185741129245,379.0710067037803,5.3467302024291365,149.60596128660984,2160.2213064770312,2.8053787220976485,260.5191528162419,0.6720529221793161,4.982958108221704,120.391950071318,1320.2428577010098,0.5984086902938124,18.961481234253633,7.14821574307331,39.646794147263236,0.09978329390345855,27.552353607601354,2.9492258567468657,883.0763317283286,24.063699916627655,14.12497057638656,0.3861125027662778,30.97571860312439,0.7059639097195651,255.3285714405248,4.990027232806077,24.669334130161115,55.01958607694041,2465.1333248460633,5.088239887550048,23.981131668145764,57.08400178853628,18.42528658059519,100.49118590687809,32.608219707846274,2411.1873449826403,54,3,Uncomplicated
307.52825994027893,0.424962430707468,95.99860683554124,121.24314217768162,112.2193332985965,47.892504549942366,114.25197578786594,89.29336997434208,113.28430440927495,71.74823417284341,91.30518161637939,147.92553498048792,35.294982203249965,17.251274405894566,5.4887993203242615,212.05862084575529,318.76929214763584,193.01485026527357,-0.20575601631372242,8.71066418910413,82.23947928920634,93.65842425047333,72.28307543422136,46.300508378976495,0.14549957645353195,1.0,9.942332312086268,-1.9996530320168713,0.1211592930680308,-24.48334671385089,2713.4214786151797,34.96834281540071,0.939086424535037,40.279095543638974,398.9210296759975,2.047289822343024,3.1217277300739457,236.86463275201214,6.4545306764390915,74.36058240175115,1500.161047907049,2.433013078858677,85.32703916838615,0.38072432235494413,5.131595932348402,28.79113686582309,389.67902466627106,0.2907881608655155,17.723029071038226,4.609555541716941,45.26928051876831,0.18476470368300343,28.305110514926547,4.9273993815957775,673.8978086940662,16.02725278008084,21.41959607720353,0.44934678236658404,25.900145290927213,2.3839871654001232,324.1080722141545,4.482084953219003,30.178922246223472,57.342433311609334,3033.78415477372,4.5077800606065255,23.51655214756217,55.47467825075223,17.160069875338884,100.08537578428934,26.929307998412263,2330.0394084711556,55,1,Uncomplicated
2036.964744434596,12.914731115139134,113.05323226607862,108.78311986309295,126.44072925260873,103.97936429442356,144.78339814413667,106.85885106500206,128.55436101799893,121.10020523621009,89.10405224572725,127.3953307321989,28.771186192626416,11.299541672306844,6.0335254127381,167.0769111282514,405.24062307440073,238.12041761448825,1.2317904785126546,50.085250019071275,111.97080718846479,79.89893857353155,85.86956994033028,56.839071567887885,0.13619541592982704,0.9542803221247238,14.720237788414243,18.24489484787468,-0.03200594635862469,18.969172519431822,2950.990999543602,28.937587972528608,0.6477902308565965,36.474392066854406,418.7259879689105,2.237233715548671,2.8773042361133023,311.15396402606336,6.365803201936185,66.81229718267132,2166.958527188135,2.7799161150996974,164.13033337264642,0.5883045754506564,5.338581614218128,57.34447974218067,900.2128300091774,0.44929573593229966,19.711591294815307,6.84046334452888,32.2495466327536,0.13052137227248584,31.412044876685826,6.361098352038597,465.46598858203606,17.140666475907555,3.6053417538781183,0.3956560216284942,28.952066628675794,-1.4357233642004341,222.8390460595891,3.851380094765685,33.28641474276658,60.33782653605566,3383.3835832940276,4.035518380524742,29.68444868097245,59.19621361141983,35.20262779890756,100.12178256661959,46.895282812413555,3001.1699210130496,55,2,Uncomplicated
8159.749198240718,106.24968976951016,123.96254501322908,118.90243670847373,203.38594690703684,175.73401750365852,173.72073799534274,119.86269879509945,109.18023387733395,149.01784303660645,85.96211633318991,113.37314027945588,37.55867910308486,11.81208703453111,20.44240946013039,154.0901394749485,438.3044822394156,263.2125091635582,5.198926402694504,541.9892799314284,107.09434637636389,144.9307444411774,71.37289796204044,70.16447410352289,0.15863803017961897,1.12846057108309,36.04468219791807,11.496833371862328,-0.02190496912072859,864.6875663710315,3040.8144071777847,40.47722277403556,1.0166240122335912,34.60766578005159,615.2283447087895,2.758606550828271,2.8022930097126073,349.9725785777883,5.424157124416228,131.52006280125795,1955.2277232531578,2.7490060463915533,244.433278887446,0.7048309951135816,4.827355161867721,119.73482363685827,1117.8604872753665,0.5767558110545341,14.002130412409116,4.48563634000026,109.15971761094218,0.3059816953209822,19.636244827520724,17.121232544855133,1541.0286310713677,9.347646863125101,78.75145210543725,0.8975321895424869,15.283108313820913,12.434556060268374,1068.1276172760904,3.9708869422038564,32.044821207181926,70.43894734880811,3226.781549024001,3.6618809692164858,34.67665308590166,71.83811609060074,71.10417958498554,100.50997277394596,97.61796388285215,3495.1477123893274,55,3,Uncomplicated
372.4178690742932,0.39708964486233667,76.25256686877599,66.90677033264907,81.68644693337723,95.99798417543762,79.18483116866169,83.40179884354244,93.44935573170224,75.59397914913282,80.42890494193162,126.0705265201005,30.82399400275737,13.530771117387745,11.683565067488358,209.1196820525559,241.37245292011656,171.68880587643457,2.309730336172208,4.281736527484971,35.570301685171486,77.18821413103144,69.43772846990404,28.998442693594903,0.12268997132480858,1.0,10.369790795425029,5.270999578350802,0.38208760923167334,42.59791616239698,2207.6577666240173,37.64542224463818,0.5077061755971048,27.943615021390542,624.332573306919,1.8748172933835294,2.5973233362344708,297.8496218001891,5.117056366413681,112.18929809823179,1591.407132550886,2.2674443996756546,157.68492495243726,0.5290254068587117,4.596759178877145,69.57478601412421,726.3038779102291,0.4696991658945973,30.083212730946528,11.86566154352056,28.696170015507466,0.07942231794377907,39.30793466021646,3.309274695853941,327.78091467476315,32.323243176797014,10.758619665931601,0.3343267088146533,41.41795798444524,1.0941359350768325,143.8052561504312,5.150688206681943,22.51149339401969,51.7582480211407,2263.694652753342,5.2059162957375875,18.298866407700498,51.39578662666289,36.09458898473583,100.0215210773248,52.988683456933856,1874.8274082389282,56,1,Uncomplicated
308.92833121866147,3.1289888926763325,84.94258788487203,70.9341826574671,57.90031854281779,107.85494849807674,99.54153334359768,89.72454110864552,93.98095748176398,92.7882896116202,86.23731544157644,123.02892686792238,40.72213706952873,9.968592077404598,14.041133608443548,152.7075770041016,353.0107148040378,171.21542297672494,0.8473375203796373,35.144045212942025,57.71386411806799,81.25476005535143,70.05794242273527,42.5483020428247,0.1180301970297614,1.0100090768086833,9.840358868167648,7.696841949746419,0.2944116124947024,42.82137073846097,2265.7416875152153,54.23467476871704,0.5298539379229379,28.11058092396487,552.3150426347643,2.0987231328598317,2.672726359226337,353.99050421772563,5.597534056135126,127.28997547473395,2093.3540255944317,2.5784012097199436,220.44253187431667,0.5905827383351492,4.889973915798967,99.51532757117081,1092.699269479905,0.5059334103396017,22.589392933028194,8.752566529219061,-0.24724603110909982,0.0023620079949428496,32.766391479426865,-7.500791688662055,389.2543915761021,23.937467522966422,-0.232283113678438,0.3802250961256241,33.918451910186405,-0.7488946057425241,14.566703396462117,5.107508018823485,27.755774519090888,59.62690536092112,2826.032729589741,5.03088104630263,23.519386688795827,58.22523790492744,36.28476502454416,99.90711666534239,55.00251622191941,2425.4242495211993,56,2,Uncomplicated
9620.821066012768,165.82164772858465,81.85436126173195,74.02964529610924,124.01664910922409,199.42750359657046,110.99930606706057,94.38525443970231,73.143557074105,123.9504938591607,89.34362746747131,123.78834583393102,39.6036594794416,7.104853500659622,21.742608260058212,147.10153666482958,409.40674054417804,187.09211650707243,3.6611748045581782,700.6158111731146,59.65417184573911,108.4520526763754,36.60851385398315,50.27019568153636,0.1285803289040005,1.080308176909955,34.4962713079465,8.333192942355833,0.23233223682029014,615.6281997907438,2863.2920156206633,56.91806732941182,0.8347002978035645,27.16858615829693,714.3834670320174,3.380614708968118,2.720508104740382,353.0337497965361,5.30572087540777,136.01731437683006,2018.6887901086563,2.5525330451625257,233.01538037456086,0.6526610365040094,5.00319867957953,88.61938446151999,1129.4865745920658,0.5504427707354665,21.283890916327085,8.264095982857908,35.92830709841592,0.10656399096686314,29.744418693310017,3.2000470891577146,610.3410493840395,24.980639817301217,40.473060623355195,0.6349095475319904,30.75886975164159,6.372322623937987,424.1600183184154,5.027505849161141,26.210197874577023,56.105317486707335,2618.9456224378664,5.0925481428890835,27.32507296536853,59.1463366483131,46.92796493745202,100.19326682515477,75.47677893066717,2720.1789195068495,56,3,Uncomplicated
4.519612588737033,0.9043604123235978,100.19032765136402,108.76833219890005,133.62158614820294,76.76351318053827,114.1631961687115,97.84291160311619,97.30170672262909,98.03538846897752,100.33938231030919,152.33059729340368,41.08899504271723,14.308564535159574,7.627082197470008,196.86083703409065,303.9226200701837,206.509006575483,-0.48863236514673214,5.616776851540436,55.17736096696644,130.99886149344073,68.41560267702289,46.2675129163508,0.16603115484766326,1.0,8.373498280107611,16.06637698719059,0.39581378725882466,16.19796797923758,2200.47476918388,40.613433520934194,0.7164070657255924,38.18672752614125,413.1013576710387,1.7981751513819788,3.3523978609092473,249.90097231313953,7.048395914006903,67.05489757738908,1646.5547283721335,2.879069066659348,77.54506639861987,0.3053589094142879,5.343798137611988,31.02267753661787,352.38501017925387,0.20526878399459272,32.21854151356705,9.433521882173519,21.827099139822565,0.08672267170859874,39.7424031732742,3.010485694247688,219.18287666264195,39.79317346471118,5.031235582900875,0.18745987714312964,47.676575675711334,0.605721545854442,34.88901948641748,5.688096905969838,24.74724769329208,54.12271140508631,2508.6739589554504,5.884417951701976,19.075319646443177,50.51837251355426,9.2290941073571,99.60175592563009,17.036678212341982,1953.1007426467365,57,1,Uncomplicated
3809.475511984394,33.471571079084065,113.60186290683214,82.20546435014754,134.61820451388394,99.03911129832716,119.93207638172515,112.18793855664663,86.09554455988732,130.83986286094097,90.77196492236205,127.43299416720768,28.775244997079113,7.353031370541364,11.55248455021318,122.43512865390247,332.3562169855239,251.75579791601524,0.353116030993679,10.697306644385609,62.21742384071182,120.00095286768578,57.41431891478328,56.58134601715771,0.17308123594804767,1.1182189770448159,10.43890445951511,8.154688730469882,0.19520867083297688,31.730533852740226,2557.4929425504797,23.106287413561088,0.7041714438143911,35.21004830491101,384.42721251910166,2.01514171553135,2.9846117467368227,401.77289688479203,5.647895881424364,147.21502258323707,2502.7040905127915,3.0034358806542913,255.81023011219852,0.6403041481621807,5.280333108102618,113.34954239735383,1383.441666846685,0.5456130582531663,24.66367907092158,8.303762166859277,-18.979219242047343,-0.0823604236918832,34.55856007196556,-12.90280968582977,441.6522858609298,24.777715270524574,-1.1956123124298408,0.47864212913381365,33.76612535856114,-0.9187505340814925,28.838421756139894,4.867207532941634,27.352135064915167,58.638762171536456,2742.32102826647,4.877224978646321,24.659054182028733,58.08962939743,40.761362495485514,99.89140752197285,54.04416259323368,2456.1206742698,57,2,Uncomplicated
12733.095615719283,86.98797624873224,112.4156953671895,75.39800325097819,203.95569321942438,105.33518427907737,128.01360923563004,113.3844441589124,58.35046224030173,114.48186459628039,84.75335958671411,108.79089951333168,29.452023284026538,8.304701257590642,26.937888614403995,130.08038288552902,351.394895971666,268.0713039770445,5.530587741011829,143.84333739495497,68.13405948616304,120.37020634278797,36.96489278002927,69.19315449494053,0.19270762795048313,1.2701260747572416,30.399987620049927,8.620802531075643,0.5939208547528169,278.3562522905342,2877.4758560769205,55.652770199546275,0.8643297816751389,36.191178309256976,531.5149087761505,2.932207292792985,2.651290863321814,388.1923761348844,5.103367997222828,156.94378096866708,2241.0752155092578,2.52801699857358,331.64750777071464,0.8725379388741806,4.837713080242023,140.50368649189926,1708.24564764528,0.7627558097631345,19.962047752057405,7.388894109655908,108.62733635030608,0.28605322826765833,26.473271149274986,18.284425834467726,1396.2635215598148,22.008517103082458,65.3512031751716,0.45302106607046866,30.671871851546538,11.136548418351897,844.0174787105636,4.138630516700418,25.32314595201043,65.99965984365163,2561.3863105034306,3.880139498855531,29.025785454648194,67.79264824108492,68.23770846762851,99.06037328584307,91.15152466641565,2878.767935567789,57,3,Uncomplicated
109.17486145430928,0.6262961345025448,88.85666182878684,61.924266551143404,110.2946442211132,99.85001165008113,87.30924264094295,91.39662570665249,92.03731039640576,143.10560043082893,80.43536974785508,138.84833013320153,48.46904557006747,14.698307764202244,10.975824491019518,174.4096491829765,277.3255743948016,167.27767402080326,-1.4554948309822995,0.34748342591257764,17.02085508766644,87.58351934868482,52.273943950758564,38.298438921905806,0.14386491616431887,1.0,6.431699564733073,11.516157409168258,0.3854531798620191,6.138476225416614,1885.5753847092792,26.000847281751795,0.6294299402549478,26.12053563719592,390.14868783791326,1.702075162525709,3.0132636913069004,322.58934707686274,6.177050388399181,101.39402910034187,1869.7211077532586,2.73262459978095,160.93154092718436,0.506521599699997,5.183494083547562,67.48691837781558,755.8899738250765,0.41004307344056107,26.213100731135754,8.893291812667092,31.53865278986561,0.07992146728461944,34.418882775385356,3.352174399901947,433.419384607932,32.05530445811108,9.980375418443831,0.31593992861400844,40.90775248923622,0.7892346690558849,120.95211384518704,5.430179738514007,25.346287721404728,52.20954226716684,2540.835167532222,5.514712236318432,18.33321628123263,49.47670216054091,-15.032752508158097,99.49226788703078,-16.014188480832836,1847.9709815136794,58,1,Uncomplicated
2903.7306595422997,33.363331000418285,103.46783847210459,67.54116325299223,126.49800309191139,161.8775543780545,125.93377030117954,112.56875384970118,96.22124665586709,185.79727765170088,91.2194023728075,134.15783813201523,38.253063704418864,10.162350926900745,19.80210364961387,139.17152236672482,375.9457371923835,224.808801909326,0.76838697643621,39.93383687563949,27.962307117807548,92.58183407464776,59.59382705610786,54.31127445296094,0.14136911852708064,0.9873039963166867,8.340565621126046,11.938518124459721,0.210910117548193,23.634563279254287,2030.483346489315,30.680372377490876,0.7651187706455633,24.968861453572018,414.80007516787833,2.1860186310853913,3.0585828852684926,434.47226815581683,5.952173752293638,162.10553321155493,2702.0667657186336,3.1068758337076594,307.1717242290695,0.7094925156270725,5.479246323461574,130.87061433592572,1655.0971773624688,0.5933036803637087,22.338939667768255,6.899997273112509,-5.726133287002973,-0.05538076683102616,33.61926803079874,-13.142039317667752,793.1266863377105,21.872077060996485,9.318182384955588,0.42741291433355444,32.12803343939202,1.5728385898344859,138.49366188998556,4.66228817980594,28.026031372498558,58.14844084652197,2844.0521506250484,4.780716628938942,23.78666019565644,57.6329473947136,22.21553269283352,100.04637909462797,33.25019654963741,2388.6415266996837,58,2,Uncomplicated
8470.688827648912,119.34095636255879,96.94259693985592,66.97899993448694,219.78685579521238,179.47560951310527,138.98229791450538,124.29781936670884,58.956991370327415,205.9714671624988,84.82865841502696,135.42924280434448,32.925285493026536,9.567395240278783,29.562241426274763,158.14239586558926,380.0439352589165,236.27220090766943,4.263443105953744,497.1047108614504,51.19688952003222,119.85533095656535,42.18238642977908,66.56294879814928,0.17772163255783371,1.2558703631636343,23.773039555488964,-0.8627035080468399,0.6818955532131563,578.9878475282346,2488.3271723241337,52.09864899809294,0.8297181077091935,23.151070586859277,477.0936234180993,3.330663310942351,2.579799778726892,448.42623495918224,5.014847247175901,182.42512383246512,2481.030018240629,2.40958839851562,337.2113947616812,0.7505562800864931,4.7548012363076175,138.42706313030456,1752.0706759985917,0.6817474520109373,21.163504067927196,8.122451346023427,8.200328295936181,-0.002827055397436079,32.576161508602496,-4.625867251021084,692.1762959593314,24.237142292402943,-15.829297172706895,0.12948610601897653,36.959526106926056,-3.9345434790441107,-156.73753648095123,4.728084071359466,23.968360998243405,53.46959079271005,2374.3250535193206,4.7393516180653155,27.28743099947432,57.46026163402751,48.74734937373114,99.56667712165547,71.07884190659,2741.228152943585,58,3,Uncomplicated
73.2750659758889,-0.1143729304615217,99.53618017970008,116.52874643781585,87.05566350138778,113.20284548903517,101.21343843401156,104.4182389654618,95.63380045465719,180.95762875809973,100.09438684463386,109.62603496687473,44.704501994756065,13.139727241896294,15.60261854253606,186.31076654286673,318.5373991070634,185.26678934596745,-2.837324117962461,-6.14577107445097,62.60707457294468,90.59583894308659,49.95064400352905,36.69164929964855,0.10502181012215477,1.0,5.9334545897740405,-1.7753952071848396,0.36634877179606096,36.66209806908974,2874.489275246808,25.101151440981923,1.0463549411890776,27.42183681168265,617.580675754332,1.8792229825503146,3.201945297440089,221.63880424293808,7.193754281983466,48.30664841224804,1676.3981303569685,3.0316431566469513,110.39909737090998,0.4969421382609836,5.844030612717129,39.874132047844434,635.2346958899112,0.3516831803806772,32.51474879050116,10.442913710264802,-18.594790382385753,-0.027816312097822427,40.29300447581026,-2.468933927711242,-56.81192743189564,39.570830328425906,-9.94529195939249,0.2300683674039353,48.35707050016884,-1.2309805598110004,-126.36130428104687,5.65007485259209,29.116069590234186,49.31286010102286,2878.318926645856,6.204406742722368,22.354972048201194,51.31221919753785,13.800922356411242,100.3022904035933,15.1025576255565,2228.9266085041368,59,1,Uncomplicated
2356.592283756838,68.23750390171051,102.50357104486129,101.92007878324108,116.46623735209995,60.70166856149675,113.54050994992775,129.14672626135956,91.34174975031009,196.57330875077116,99.58956372105527,98.2067943377022,34.031402887512186,9.238795536559554,15.853996262205698,146.5330408575254,355.8954768417474,212.0976306063022,-0.0454982304896957,94.60117412553868,88.50144043961134,67.34509691556316,38.709150877406806,38.838521325468705,0.11206265721615857,1.0308532003762978,8.507017617208149,22.277533311962763,0.13214219695754742,45.63511398185791,3003.416979808089,10.512362591183834,0.6389396219109611,27.37931622358971,515.6204102027563,1.9106014371761317,3.2764911901128118,299.2897786080601,6.521236411220603,100.43830012428727,2238.5444890047115,3.064219891780554,252.15530592262473,0.8433721469845381,6.0727562798047385,78.02868564861986,1470.4053338514348,0.6806529460981581,16.703021893524216,4.428148167021577,-8.563608945137709,-0.014656468291183944,28.892301176092573,-10.43683091475355,624.6325845348599,17.55996866136875,17.55684072761536,0.5771000378287412,27.237503655014734,3.118233995549044,275.0283191390513,4.02338896104474,30.258938349832746,60.499812102838774,3008.2300039434904,4.163579658201163,28.120513082399913,62.805164003934756,36.014732347637505,100.67957938546124,45.74790463017082,2908.746604144683,59,2,Uncomplicated
13203.89456026534,76.78798642257414,126.36982148288826,99.77702868869599,203.61559931745018,104.8975327236437,134.4577951696973,132.06045685613782,54.95055929748064,284.80431437345743,86.16371342959101,96.07360140626888,29.532999311567995,10.711441377997213,38.8549299183762,150.29990142927602,311.5352959757572,251.75857099949144,1.895425092322617,573.4020808773512,87.06992300352364,78.55859857160684,64.2906001465795,45.3445542145234,0.14887540889679832,1.3016386125394361,38.847487322598205,-4.513895546557203,0.4549261714073372,687.1332774591533,3060.295394032684,15.371063700336862,-0.30658842454165514,25.9341520234139,530.6034070140989,1.7960657543669325,1.9872460480389096,391.15717241506275,4.9212031011346,134.45074350075203,2244.296031863649,2.1091929981498225,329.1513369305185,0.8537305531501062,4.534322397603338,131.94440520893986,1828.7282755962515,0.7990509000141535,12.460699594418134,6.69053131003688,72.8180926297311,0.17740841910994665,23.627983520609458,8.381313774867605,1540.7222255747738,14.247752478419482,25.503915063508202,0.3868077540697267,24.68208471737036,2.138172734936799,614.2142832077095,2.218093414467927,30.552983249377036,72.6731287844937,3065.91957438716,2.2614923162851275,34.01650642139247,74.08367977859587,51.478690405258526,99.8524788511891,63.646771126196214,3392.45958329645,59,3,Uncomplicated
-77.53249835249767,0.08903425084528849,110.22405498094264,117.25568876101329,146.49044220720992,68.83040357116526,123.80055224087607,94.92770170415218,126.40995213651388,87.5998801505666,94.45446160307789,155.13046918232953,38.67415307956185,16.093122250964157,4.710615899384451,219.6402660021929,292.13293073364554,203.94072938423477,3.3189161812138037,3.8565918775370025,47.48553978039949,96.430445374867,85.19435180594704,34.08316466835341,0.12624529717336633,1.0,11.930740863169346,13.254958781148263,0.6537474852688921,15.064871742886242,2494.802519422364,37.60411362385756,0.7956694671753684,41.65343175057958,410.0031149947297,1.9890786148980775,3.0645917006589327,235.70884613756016,6.969464353023953,56.09400468866018,1751.6319777130545,2.489731832278478,59.821043115982775,0.267889624482583,5.060116360279888,18.400866431882072,344.70926945694885,0.18687458745289035,20.108353504071466,5.842400447032121,43.230093512826194,0.18769565924404166,28.486553996067574,5.87092394020616,597.8326639003667,25.284974721058568,13.441108185729572,0.2926006831869161,33.51469364179286,1.8875564628605834,187.26196798257877,4.986233289021115,21.83133735481217,54.624307054032684,2254.0592154705364,4.874631012242936,20.289338595919325,50.69381524534822,57.25660136320114,99.17524090876014,85.19124613763563,2036.1046273691616,60,1,Uncomplicated
838.6591015142319,45.640178489288004,107.3376893350372,88.11737601046883,99.45188789982411,97.18775766122893,114.12764514227578,84.95045889735096,109.36201710162345,147.7828234123293,75.33346137658782,110.21529466144632,34.56316404169903,8.000640724016327,8.298254790208034,192.32369525966712,302.178932931701,210.59395971710836,0.8859544333112134,3.8585813773705624,58.44638222070087,97.02078903130115,85.75263565195065,48.484642681403884,0.1602301805178304,1.3563384501406486,10.030672672534758,-1.5830661403145765,0.44147089017648633,39.70623917832905,2547.938349691635,36.80957930194929,0.6230269430694926,40.70782610140682,395.5430516274394,2.175255693537235,2.6069261753677844,413.35468998473704,5.323132246799905,141.12374668225718,2579.9590112134492,2.6558619408241593,294.46735560058477,0.7164011172182505,5.002251796012526,123.28062452265436,1658.4190160819169,0.6604599381913507,21.41509986174742,8.609919782968053,40.77939030832953,0.09159572978332421,31.73417028237426,1.9272568750515378,932.5434555543777,22.66435742521635,11.644987724026768,0.35727051633804763,32.19162844967042,-0.15595234332150243,281.1615174306356,3.876314366535668,25.328085628275666,63.1167942303412,2551.373096932662,3.8278293438526623,24.47108411654409,63.009357394911504,56.94528233504225,99.4534146925797,76.1649296821819,2426.0473945696017,60,2,Uncomplicated
8748.476517845853,109.71567316533506,110.81307694003203,89.57733507858751,167.55674328123482,114.28116102959311,122.74902761278705,87.37242216522507,105.94636824025669,132.10864572957084,81.03497639002315,89.62025683775778,46.14024491738325,8.435092503409573,13.367394036857533,157.05726857373529,367.30456126043674,232.6548882209693,4.827751548460308,314.4140245216639,36.77971882220096,120.35064156579097,43.546385096845626,61.94144033670548,0.16260830965049178,1.4222250919556518,34.252468811304354,24.706123878963595,0.4853248984093381,451.7340686775263,3301.163599229474,55.19392648592868,0.9166311401758567,40.89984343743474,573.0505639046867,2.991824646349767,3.024532587870636,332.39717650453156,6.124489028706548,106.13325384993645,2309.8836088549806,2.7500833904467386,246.1541687515262,0.7260078412011484,5.301897884089751,96.29307083650608,1354.2562806464102,0.5805821817339792,16.69697646247985,5.103648555844612,121.47871638283425,0.3477514441835364,22.923151828411665,21.792319133490913,1364.19053802385,16.09989459079688,87.151901021955,0.6564939152931436,24.141245669409955,15.642859452273958,1054.1200826351308,3.7409601081911212,23.647895522759764,65.48104712056372,2376.0575896231276,3.4536652772820835,26.574634433012804,66.56195110451677,111.05945888817082,99.23180610349482,147.44011563989528,2647.437661464345,60,3,Uncomplicated
287.2215265139732,0.4768426295296222,77.96081966959525,78.4313221510669,91.54838290363179,30.26576239257726,71.35539306701293,89.27859729505755,53.55757852646916,66.32505825425991,77.28775066151775,125.25901547473333,63.13097418716918,12.655979626296698,4.859381211024168,163.45373477578593,279.73311592644785,122.79813296513393,1.317461412847111,7.3044076477501285,36.91890854623837,66.22099486590072,94.72462741872688,28.19228203695795,0.10048275287144326,1.0,9.415394354630257,-16.430017131172203,0.4672793450611491,44.921810150405015,3070.733500796883,39.85350150384474,0.6031548864453489,29.382718865927256,649.4324434179052,2.1453929167323125,2.400833181252198,275.7853750478198,5.2693902502145225,96.34585759722681,1606.1434113317612,2.1543427947628357,147.1108112653313,0.5447308076849949,4.507068889737322,62.65081582375015,756.3658380187806,0.48009943425072865,26.043309651485835,10.547320945615922,32.53908822530778,0.1236136265932061,35.31998279320467,3.88519408387123,475.5182372200507,28.575573287713972,12.736152630576504,0.34153835532742394,38.42870616747697,1.4109653703266798,196.6145490085733,3.9453271021008787,26.651801901027845,63.882686519017206,2683.6756511433596,4.200375139060886,22.70326312250484,65.95408929465097,29.880429561712123,100.138719862846,36.85317657590394,2260.3529648438043,61,1,Uncomplicated
3297.396901026602,99.20451646087156,105.41357010261702,92.1494716955281,120.71500949448944,107.45109156148588,119.98382510451731,107.48685156844019,76.16370802535789,136.27191268130113,85.11583941842711,133.45040565135966,60.279516841299895,8.775443410274862,9.902346349025102,159.44056005794874,425.90637374495674,218.59278840522904,0.4972029998397902,24.93657854948537,66.25913889341913,93.17527191108637,93.47184034045176,61.32544221887231,0.13836375203061366,1.33038482329137,10.87834403465449,-4.383919450284246,0.38706891887180495,64.91513334245688,2939.8142709812387,41.9192660452952,0.5770875117171214,33.041713798764626,592.7068857622302,2.4285205185621113,2.4339487569076246,391.66033811101295,4.7945832213217585,168.57486774720127,2216.8953801008397,2.3713902111706187,336.84596076003464,0.869547381359711,4.515999254114623,155.80511945172128,1656.1478102240342,0.7664747036576183,18.87902847072895,7.747725739855968,80.19164135698479,0.22415284418979886,28.521274637293512,11.555848490364784,1151.2280400792065,17.50406007978956,41.42208903775091,0.5910329590359398,26.591417662120982,5.10787865820455,644.4026454235103,3.6265635866454375,33.680574036588354,73.50884516648068,3414.7437655306085,3.5364134005199,30.589493991378543,71.28553084815675,30.025729896591383,99.79804657272577,42.2912128969506,3084.1071018075763,61,2,Uncomplicated
11992.306815136824,194.0437486897238,114.22738713806223,103.0722959487756,170.1191236091568,125.12728212195202,121.6956992651284,116.8041970365022,70.84074836500461,140.26972715082445,84.9264578996406,112.71448542728174,74.28178425309454,10.685371515690651,12.032302464710398,157.3663012283425,488.695507880281,216.25855293917454,3.7159547679726304,574.429615068579,56.71446575189753,139.80567378754412,74.41785547158403,78.9130056876475,0.15652434167632567,1.4470460919422192,35.12707243365102,14.48205711484697,0.1328399474237058,657.199757419018,3464.2982242158023,51.36727556006232,0.7365810390711436,30.319815394361186,747.7026606360561,2.9860318464329882,2.444392525088482,355.3347917331918,5.0818635218220045,136.16530468061873,2067.713866313627,2.37846644237231,260.2969990139288,0.73091811056786,4.552902501126454,123.55209395477208,1282.5153382458018,0.6335758577264593,20.84837200281359,8.379131438117938,42.148667365943965,0.13581917324967235,31.1221146759371,3.4435901804845805,787.1167306443704,22.567880389141244,23.537093851757984,0.453283817782882,32.0880260071834,2.5751327081341833,442.40637952430217,3.419329703756063,37.066360823673406,70.65011162339665,3667.808722109262,3.3835029574143363,36.892762995332916,72.78267496386499,37.32473422021755,99.5935747647511,44.26877086947829,3644.9982971480154,61,3,Uncomplicated
140.60325006505525,0.15680280956984857,91.05593900336052,77.80205590886106,102.97569571711959,78.05014460069108,59.82477684820192,85.94742556155545,62.589441042684385,130.32295769829588,74.27461066450091,128.28753116270147,40.66902909562272,14.661514692755672,5.631856589956744,176.7622775606924,253.76145368122627,129.3105489763982,0.7151229916128531,2.924907537253369,13.788556899279442,91.3634687601987,85.68743691696653,28.491709130370783,0.11525487709525872,1.0,14.090546137990623,12.696151886018102,0.3816847192743975,35.525043323370916,2814.538548597488,31.3590130043952,0.8148652353989451,32.33368523394554,503.46577345337477,2.0274427038233602,3.0742151114278755,300.837947713838,6.554451229730901,86.50331073785073,2042.971824658488,2.810453051499955,124.32413586781281,0.39991234037034895,5.383693869965773,47.59007367127133,686.0882199573892,0.33303419411556234,20.48831352154591,6.678814938494939,60.74127938740468,0.20720316027379426,27.08063734123154,8.382721342099762,756.0300853665942,25.941679651241856,22.089879578340266,0.3370574115973654,33.8319831197968,2.8463215509152144,296.11168065383697,4.853275342669051,20.157172469876894,53.36032065146503,2043.8142444386413,4.820490959740898,18.009444060032862,53.38451350449162,25.023052427988993,100.14548798827138,35.574561346360696,1835.868957239239,62,1,Uncomplicated
952.2775692922078,58.862543165191255,93.41388194842716,71.85332357650753,81.53956099019256,109.19298460481929,65.09415934272408,86.2516276934632,59.661739889993854,161.48361098332646,74.08591399691662,111.24168155992726,47.187405617170384,9.457667124895414,7.3446074256678955,175.22927415977367,294.077987418065,156.21440306775094,1.1598927011603082,-1.0958965015462354,17.609449684270324,122.05713491872415,79.25992267758708,43.9398345602833,0.15005125258444055,1.2776923169013161,13.50593525766402,-4.730682121601063,0.46502247687824594,56.409936925437165,2627.7917271704578,54.41895723283132,0.71052757671704,37.92572465980106,497.5501155577315,2.448968503515932,3.0510933968259817,417.6273461993148,6.041486724534455,144.3953132649883,2820.2428818796893,2.9660160026892055,304.91535999441203,0.7011895825484235,5.465867208610445,126.76258439402723,1736.0598547728123,0.6200487391479769,21.284705809335463,6.907407725275139,43.89015197703465,0.09503293909500639,31.14669433689372,3.477859082597215,768.6654264342565,23.878214098462596,14.895048101735958,0.3251228496055125,33.18529067962056,1.089086386494568,233.5644570874461,4.701436488969783,24.223819964034462,60.773503092908776,2409.0752563922515,4.510742025226368,21.667883716007783,59.14505786525369,35.22595284330733,99.44886355625523,49.7808476440085,2127.7173751813193,62,2,Uncomplicated
7506.656136639303,153.05647291750438,107.53463394621136,83.86084132722478,201.02888930290905,134.7365538305009,67.01147023782148,100.08096903584548,55.63037763519581,175.88517645578636,86.71738283168371,108.17716361536384,52.177121118321686,7.366602764973919,8.908610128415736,159.79586891815302,444.77174446662093,177.35714074220405,4.694380361116617,473.1774730566285,21.06581593264137,187.19517683655823,45.36090415290226,70.22087647721924,0.15764477438896865,1.3283471622679712,46.31165170794548,10.833923689216007,0.3923200407880496,393.8332899145829,4147.332208951647,52.95381966234662,1.0406726428450188,40.16294083112351,677.5685933586835,4.049725176852568,3.2509761297700157,428.98824966042463,6.079117355852971,154.00381568156243,2897.656008446394,3.002980069118123,362.26498573975005,0.8456753616505587,5.580644701872017,140.00611047443675,2127.5716162690237,0.7379852510449882,20.148907387852088,6.277079748488329,62.95118991487002,0.15210935126623287,29.1856529926311,7.79391751949867,1067.3789695640269,23.50896699932869,22.833620053526772,0.32590528139523284,33.77764140174333,2.558471499878572,390.58028360408053,4.784760186637235,28.521553836638663,57.68506213433561,2831.5398526880235,4.806628351595638,28.363964838981296,59.807721543083474,50.59501488285847,99.29774709380202,71.32724235478418,2833.077819395444,62,3,Uncomplicated
375.3198503257415,0.9285821781529626,74.85627328071915,79.58021070439227,107.12297837338693,114.91911120351597,88.67542392566838,84.7629926358201,36.17716556096398,62.01010063010057,90.19332775345586,136.27182014133692,50.5042031463692,12.938444159890297,15.805436155486994,127.08102719733456,212.22565127148582,146.79278310735603,1.1239584405386571,19.3493253196744,53.987641381874354,68.11902363103542,77.60767879024102,39.8152875004782,0.19689931683900663,1.0,10.20956371014862,11.428743525064752,0.44237772854366914,2.935439105007827,3130.718543155841,30.830146073643608,0.5711853089596706,34.80406952067739,397.92728208679,1.9816581137170024,2.471974956337863,253.0651608952999,5.365658781908127,87.08262919409695,1439.4548899249294,2.1011896364620513,95.68238244649275,0.3788545237833626,4.227692071521856,46.225223068712936,451.02802543494306,0.3382445240043409,26.92524275472463,10.905802092095426,11.605228935455568,0.04255803707784914,35.306750439334515,1.6676178832324386,178.66982057293643,34.699841263578875,3.5102682156765823,0.28628989914682523,42.81821826720758,0.5578094049547517,64.49348505884632,4.7360091179216885,17.73706698510627,49.28603787401487,1794.2464184483692,4.775155307833709,14.483978432120438,47.508162123837394,21.69139650373548,99.38053428275515,37.57782800967079,1445.1617132364072,63,1,Uncomplicated
1917.4362595407506,70.12342478948571,106.49606061339445,85.62977528310815,112.25543080824099,143.53447991948698,105.88468957333139,93.84534560118591,50.12185609268148,88.33033807621807,90.66357609455395,118.88030480958724,50.009482253055864,8.618257277875594,20.016459371246974,123.9975731906786,325.26911337973803,192.52875249748195,0.43209073621721245,-20.03975336937728,45.149378846812226,90.83000658024187,73.96256346170729,73.5065879743025,0.2256617334018937,1.260556267697053,12.503267405120745,-10.910486782185483,0.5784941093296647,37.62075000217151,3047.262299601053,27.996406899995605,0.496906754236558,32.23012064047478,394.73615411629504,1.9430761068339488,2.4237042286230963,344.22025600119514,4.635602333979618,148.17029207495864,1826.9127551202937,2.0879083388527278,210.04143402736187,0.6049864586576309,4.210404295136399,98.79589658765461,951.754140552104,0.5415658736017812,22.90974688646481,9.098357847976114,130.28401373472718,0.37370456055478374,26.9318117232988,30.91263643512334,1108.9190590229,24.404279916614772,66.03880522536494,0.5279480522130219,30.670743582466486,11.158649046253462,831.7035456809483,3.6506433901767665,24.693719519923597,62.38466084897843,2506.2585957786027,3.7234800240931865,22.35159313896112,59.9779550364935,25.66265721426423,99.76692674135,38.07763061376587,2178.361426588776,63,2,Uncomplicated
10142.550341946771,169.55091796292825,121.80966122111128,111.2110760538311,201.62354912122555,194.52515759798894,122.41761636559397,125.18649683083471,56.58382328615526,89.49194211434406,95.27481515669157,120.19324424003293,71.71250588129286,8.714716113028395,30.167353324273087,123.94341566065287,383.4722859429084,226.44491266345335,4.500722758504553,81.70208153350609,60.96983525567248,134.93494454265402,42.040542568100854,86.79201126267806,0.22466030070900433,1.2582521388608334,23.327311582117797,17.359042039080855,0.6786339842101703,115.26195240474442,3707.557055469859,41.64862430660248,0.954858609456471,33.89009535703875,522.8624584389744,2.448776742718808,2.8288930475510607,326.62605648565716,5.398227839051529,131.76270544994938,1913.65728758469,2.675065881143612,256.66843098505353,0.784421048895529,4.74951803891831,131.19429917979951,1184.3471273881203,0.6441858754892457,20.508793753359853,6.856573858698246,63.87622217527512,0.19661175658523627,27.705006762761894,9.67432420986355,773.260242073611,21.586386501923645,52.99577313980251,0.6340139482636317,30.855238291916226,8.705539774630527,694.599682222163,4.023323153291783,24.576321893267988,62.522233945399314,2446.353267943756,3.849117893166567,26.277111062763694,66.15159577432115,58.634411099071286,98.75101637699143,72.18596868031572,2578.182647733254,63,3,Uncomplicated
51.21706775963426,0.9920364939930835,89.77211134061818,77.59909776878223,91.65086193959895,31.85951179033806,115.9511517883466,84.51309106858984,95.2942287440807,86.43244919128102,84.36129179698472,139.80123702221243,59.312085820456595,14.339972641773155,4.718595051925261,164.84962961037445,336.66393186715385,152.49672455080798,-0.5839064518750618,16.554374554640678,59.60609684549982,96.85478047178653,67.66978660210331,54.18254202876366,0.1798713966050097,1.0,10.475500136840498,-6.139212520778301,0.29999203085738957,6.040004468629231,2461.9570007243074,35.38874383173169,0.6455485245398267,25.07576234470692,411.92695157098984,1.6774831880316399,2.9404509194073425,316.8695603636639,5.599830622201813,117.50595336585951,1716.6479678705,2.330357151324631,167.39468809476278,0.5432951597564818,4.839581885140296,69.98508670237311,740.7389905811217,0.46769295882686546,28.84469093569367,10.135569645152366,65.2045665858088,0.19873384492035215,37.8983205072327,7.887126977955104,774.0570511788239,34.32813351908965,22.3420954569046,0.17511479456436818,43.74604740674659,2.3422255821689406,294.5057160935826,3.9616736041254024,33.56379653779409,64.36483125069674,3349.9576602086936,4.20706097013929,23.848837544206777,57.56434925483978,-4.074640219757143,99.88258881541945,-4.889374680707206,2365.756869129776,64,1,Uncomplicated
3910.6119389645305,57.78875676530863,120.90396875306662,85.47645955080141,119.57492911335235,98.8638530237464,157.33589249234717,117.00308614475318,126.7206875084484,152.30562442189407,99.27904455679693,142.62089049595048,46.04752455941133,9.223247617079647,8.92474752585575,130.06383824488276,438.16488326842506,271.8771364558358,0.9369998197497098,23.139804558040744,71.7770314364793,112.14426953111209,81.22873551574173,71.59765609274322,0.16464897933789188,0.9086719055541034,13.844991062244786,18.361723592386344,0.16102810042525514,41.39803860488433,2562.8667506476454,45.349595005114054,0.4929832387267186,27.411365279340252,484.4353005371209,1.97502475497195,2.830211865439639,375.8081229258372,5.8106593077272235,130.84671440004846,2336.6179746057155,2.7973213905682783,272.6934417607624,0.7364265079238548,5.0253693191335875,121.47993307889152,1315.9949831587958,0.5722896132131505,19.67942126139964,6.679444138973502,77.36179590669747,0.20595875608835534,29.424177914411434,13.954245856809578,985.0959555471516,14.609296433450387,45.88795226129566,0.6805048536787959,24.03571623392326,6.096743189754449,707.607365313414,3.2663284151011576,34.09554835158788,70.76602748407217,3480.4749675327694,3.344941199717832,30.551605462475212,69.1841374858455,22.796762227539535,100.19554378688039,29.72390409412133,3041.6420345942274,64,2,Uncomplicated
8770.771354546483,107.61540145637308,130.62475518050886,91.96282177865173,210.97865032589937,110.76830534969669,195.72896214993403,130.37853167961083,91.0473984715553,113.18794945354645,92.31895084393544,134.82684463120384,48.80435817673232,10.659242769775355,7.861905367670884,158.45572612252337,490.02211750228054,255.19261520410387,5.7977864384303475,396.3080704187852,93.01829115232626,193.0835988916106,50.61656890030865,96.30296174170374,0.2066173549351293,1.2040509349809942,40.780894881025624,5.880573844501976,0.11248363524035676,994.6211816147454,2902.0327660347034,48.48748745066842,0.8748029175220728,20.778961056850463,618.2151804551132,2.9055014891660154,2.7259503559073996,379.1111064864027,5.138330882172433,154.4025272430133,2038.7591263173472,2.6905772271976933,279.64625113508896,0.7335031123791402,4.645382882611623,140.85856566007917,1305.0450699971448,0.6368823541601077,25.284859558316516,9.459096242509789,-22.104712365263865,-0.06047281424075432,36.57813080440462,-7.693405009810375,323.738233827659,26.277810877741153,-31.258402842772526,0.333071417623125,36.55582456327801,-5.408130775445331,-342.91709848586504,4.2777388527303515,30.741443686733117,61.44083182956874,3060.848063430535,4.225753827226998,34.461494269031036,66.36203321321354,46.03660103843821,99.84163987457175,64.05786640761238,3408.6141200729553,64,3,Uncomplicated
202.65504598530117,0.1354913087183532,90.68306827498785,84.9128770567136,78.18159487814656,87.86340057947032,79.19938119510853,92.26655535869664,55.36534023103275,98.63922005784423,90.09989240213316,110.12752420342161,74.67218287873177,14.502134625639924,10.786007926801659,179.88803391159243,286.4058219758917,178.49129072390568,1.5508986418748625,4.526071554202707,28.84024951793557,78.84951157242654,99.63555292609436,35.962947301749665,0.12776845435641382,1.0,11.950549480900026,8.180409199799131,0.6629634925295159,39.47294950197283,3025.1116160557367,39.7464984178473,0.8055771841830655,32.27192907383328,598.4002600689809,1.8899090716633882,2.397430033858007,282.26009417304937,5.170920497609674,101.82115944499995,1527.7973021779173,2.37857057560293,158.4724239167514,0.558078383185897,4.5832424181375275,71.58377559894123,747.6572009667509,0.4894721475366312,25.885435000023286,10.444300212029265,35.77493717170944,0.11657770178126109,33.86036376304689,4.496680648368573,392.4751940539446,30.807730673471852,11.462371865203535,0.3013571175802438,39.6149710630004,1.2786350681015177,119.29497552081229,5.716891972400547,23.825245477627348,52.604312925613215,2402.427912637845,5.806779443208129,21.346922425699187,53.97819739800883,48.39850069152924,99.67651595926525,67.14743308643384,2146.6832108230637,65,1,Uncomplicated
3972.315378840809,85.64721691178426,98.48995764678719,81.07804331776482,80.21030628488762,104.85480824877354,84.77795538689318,100.61337075292799,60.328781698576925,142.73799397666218,76.62783116209893,93.97947924117119,64.61056074194418,7.94823334684547,12.900748946883757,151.25298022218533,318.56104791765074,224.26155368235345,0.6169248956139615,28.777203877463883,35.36709323469462,106.40530035981503,85.33287381850121,53.26359245541204,0.16841297159376742,1.3235867836200153,13.24209146817256,3.7379746057643635,0.6707849295239506,66.74883931240308,2928.692989606576,27.36385857818356,0.5535846424591584,35.19188650626851,543.1071859276918,2.08231361849681,2.3952514945906023,410.75629688300404,4.613472206074664,179.30783669525397,2444.1396107420637,2.4306159791701116,351.24443167146455,0.8705870598952354,4.70119690235744,155.3341924871622,1810.5542004075587,0.7595341817145214,15.34430680207787,6.51796279777917,110.9203732325133,0.2864897353868381,22.22997223825968,17.706420435471518,1406.7862147281762,19.596062985052846,63.73092790794425,0.6331219807313349,25.681714037713892,9.358027356288082,835.8436221210501,4.490072437858086,28.08366020624468,66.98486081237591,2796.847539006203,4.324907626347802,27.095244324219838,65.25622616076046,47.375607492953726,99.66007156521769,61.21031501989238,2726.5439438889284,65,2,Uncomplicated
14916.900793068988,192.31562313585283,107.46673038371554,89.24482898261438,107.28669410575648,118.75828600827141,98.42395214363984,106.94718987606996,38.40271531472825,152.84401233210664,81.94448774190731,96.0138381474489,88.73048821627052,11.167359242516799,25.91819052386398,153.5169477696607,421.73283224543724,243.47805868344545,5.822379727031599,508.86154681846983,37.35556754921775,137.71029714363038,64.58138296660303,75.53934683549194,0.1729734294681892,1.3779456746480083,40.23011140151469,11.513206821811291,0.8265791532207744,578.6828849179321,3577.2099048414198,46.13911118281676,1.1198170875198206,38.04550624581163,699.1137577034912,2.5534955823106666,2.672115369617574,349.044935232967,5.736249853988415,116.97623583485526,2369.189663706814,2.6994477384941304,246.5256687690856,0.6986346931789744,5.06309316131269,108.50652106072329,1383.5841112083026,0.58441275142723,17.93623593490316,6.8306726069091965,105.95584999974855,0.29164792788589916,25.371287880125273,17.375780992738378,1390.6718127847798,22.15469904826313,64.27026435630562,0.5144498981320443,29.897702896149607,10.21198497141322,868.4915540819122,4.67618239871069,32.504473411093564,63.4443867125116,3234.014731510421,4.798726889192293,33.039994958293775,66.22696519080941,78.43402542918497,99.79766951048357,99.98066340486612,3281.596209464035,65,3,Uncomplicated
-117.25884976996295,0.37985388019438043,101.82595500259522,89.39651208899124,132.75391718463183,80.57656058608066,109.98677214832324,102.3902324849549,136.9344121061353,138.97487550924828,95.34988948036805,123.7923559567946,70.8556476110389,9.61372849219584,-2.3741111031301543,170.04399397453287,268.5853168018236,184.93328652401036,1.2495990327255717,-2.889814442872285,32.48275685685786,130.1122915038007,74.0267666968137,48.17960462314983,0.18364250931389575,1.0,13.802241716028695,0.67871792273408,1.0452742429783508,60.99807446739143,3260.683245758288,23.87908860194985,0.8257089630688615,44.717289958429774,600.5640715653196,1.362780627936914,2.9221490700436403,245.3798610941443,6.496474153723651,66.89212471210789,1467.464972177329,2.8121385948407047,144.2718051831588,0.5764398931770458,5.399717731588253,55.06945951934656,693.8671681181745,0.4726397310015186,24.05909119506107,8.495044587826733,45.5791278482946,0.17930520343392542,32.358727055341035,5.271059949082147,635.7605347706924,26.159746806383673,15.772359932102228,0.35357235693553496,34.29574224045318,1.93600477707026,209.34632741401737,4.651475710109425,15.611550454866947,50.50161583423822,1612.3410935005784,4.454699542058862,18.251795271356094,53.429627677059955,19.673180457259082,99.35740857311326,26.13761857843558,1833.8613900564,66,1,Uncomplicated
2284.010413438565,84.06145070900203,102.95609635638752,73.34182827079616,142.59955079811328,137.60126350491393,130.63792893539213,111.98240780264203,123.53431420027455,175.89607519341627,85.12768836616915,119.15434922835287,53.522145453344436,7.163924845958198,6.3968089172278155,232.9513699094359,338.9676633348978,272.30216527760075,1.0987251288031545,62.193467365037996,33.96521255037399,164.38277810837366,64.6644604583027,74.28901923470133,0.22273879480666417,1.261727402515398,17.166663740930986,18.36656230595541,0.6832216750574597,49.675283161196376,2957.888587594103,59.62525166046297,0.7525323177178994,51.17403240861215,595.0097436093895,1.7786678100888242,2.8802291062172616,441.14285317528635,5.421757456576059,184.0592181181863,2401.91401762282,3.1116707264234105,353.8774263900822,0.7884140619258017,5.287006062431024,165.72002273344572,1858.636770306682,0.7539048824639933,16.45863434238981,5.300808071789202,77.89910855833938,0.16648530873141154,26.656199620504026,4.969601227665779,1471.3763428149855,17.740533744706394,17.25622097716624,0.24547835889154096,27.28709447542762,0.5182310824188581,334.2123419813965,5.928730172466205,24.973828215641227,59.26001516287759,2468.2872464895627,5.668909309907312,23.3092032692737,57.28068508728763,48.22381768152075,99.65212429564734,66.9369020432426,2311.557213875095,66,2,Uncomplicated
10261.028098113138,173.47131785214026,112.11805506114978,69.98551068605298,215.71958123118355,108.11800116336593,142.22669653535283,116.51316037357356,97.73930150623116,163.35539759753235,81.50765640472699,84.58728548921985,52.278251979935355,5.991660726259079,1.218697476861017,177.2528457116175,463.327825270833,277.9966695441424,6.06556956438651,753.6243979139986,14.684744412948369,199.2803481416097,49.261141563253425,98.52686784116605,0.21797080449321823,1.213597951354837,61.226088552400284,6.102135430884092,1.0980370346610555,273.3312899290112,4148.125354780874,54.19424774401694,0.974299859671059,55.19416834954391,733.6684052814155,2.7879421871836434,2.6310706535279067,434.1746176999585,5.278443557826714,165.61090038196247,2560.6433979048893,2.602306781432978,376.0352416882057,0.9009903825587233,5.069742811063402,151.90384644869084,2037.220319696873,0.8335974891425278,25.207274873012075,9.883176455626423,83.74974889057611,0.1904224914362511,36.752508173109824,15.196787075199373,890.1308195212877,27.8043396905583,39.876347554117125,0.10258102146583359,40.995999657123775,6.31532075039968,523.9691111128925,4.316269367762534,31.099085225823707,63.81861766590558,3106.949686733974,4.435566111001636,27.618460138248146,63.42747114639973,68.53775723111296,98.455399275163,93.72633027240884,2825.804505723723,66,3,Uncomplicated
252.71500298987826,0.5242330330649458,72.53209238829396,92.13454795928351,127.80378117800973,130.2817877319338,110.99293330703479,87.79186341392821,112.91196088740973,130.14033566282848,91.1349141066486,116.4410239809193,36.22385513779474,10.729099979707959,12.598788589558676,159.49451709130295,219.69780869631754,154.56507541473903,-0.03873459954521041,-0.5981245477837289,53.39313535081047,107.25903905166462,55.67953062326825,25.78538279399656,0.12103753207275804,1.0,8.083446845246607,4.155605978430714,0.3305881922688444,19.944722452088143,2958.189571690839,26.001453384433297,0.5977012766083019,30.355030074293015,509.1827084240925,2.24784178205959,2.591599170053901,232.35054088288481,5.686402847089793,78.32787421511541,1363.5019850714527,2.434459014580688,121.34646787255338,0.5241278858014654,4.685517462131048,53.783892816748924,571.189583917971,0.4335200883086355,16.728058967415013,6.804710320658872,32.05175727494261,0.17125181133125375,24.235692733937427,4.572144770929805,572.1110446821497,18.56309474178584,18.195685526772724,0.5441782305287616,25.964864847479422,2.5780250733142074,305.3471924127113,3.4601039512934815,16.122681516642842,59.35311490042317,1633.6898371327638,3.2884777566003818,16.747505448189074,59.06180892155789,16.39648668112656,99.38419423036967,25.47098119599044,1674.1255938210459,67,1,Uncomplicated
2549.3680524657775,25.177576718096596,91.92649806485602,87.1706727043927,154.00614839099336,176.14334955210916,150.99662925652703,95.7693590485555,103.10875510041198,181.11864321374594,89.43281853546439,125.26866375361864,31.762979419969895,8.389380892072507,22.94829374310199,166.25438290908116,361.3151330114241,201.52371975547402,0.35183671385450244,30.61217915231246,81.07273745011777,105.01373189494456,59.20541935772504,57.59774690102609,0.15930182973209467,1.3337303895414028,12.74420347344665,1.0006437929896652,0.19715615020248503,30.1972851775539,2707.822178060555,41.43663479631118,0.6438652535782894,23.726425214531165,407.1040183479685,2.1355390061449344,2.3748967931910316,340.9752839195536,4.663458475419099,156.21357886052598,1721.058067319972,1.9504354387175034,210.14459516292987,0.6245123353843479,4.1723696640841705,98.2468208009443,1012.7021536366701,0.6176469548120845,18.302548437311394,7.429473637130654,81.82939802685576,0.24111646663768893,26.150811559158676,15.09129806834624,1146.05373198931,18.622784978079917,33.693993907938335,0.3911483660964704,27.434582542416635,5.072969084747564,551.3074225818193,3.383499915508658,24.800212177262196,61.32517737183205,2516.6879930690043,3.473822538970427,21.386465308796556,61.45418891293415,31.533463906485018,100.13943998021509,47.150670529306,2152.7165493651733,67,2,Uncomplicated
12906.697136571822,139.40332806644903,100.20569062617193,104.71775590090833,222.63297462850502,279.70049312911135,135.5375195055153,113.09024036937407,118.1699748892082,210.79224589295012,88.64047525416782,80.8836986817369,40.918078576007275,5.6455725748135706,37.785479620609586,118.6545127653302,415.4671601842024,254.030411488465,4.5806367417139295,331.5646638293959,69.61091628481336,144.11730278762198,56.832165137766054,58.69033163646203,0.14124022806245648,1.1893213924537336,33.91608240981349,16.16491866469132,0.5324437459839101,47.91182855681865,3224.3053340528736,52.17303032552979,0.57696484473144,24.5055822861126,489.85334956589935,2.4384038931842174,2.067134371298777,401.6170942521876,3.883052612423112,195.013611840836,1774.6961281280937,2.0371928340875316,376.11713421153456,0.9740911247458799,3.8966683751034656,190.2890341477138,1648.9087767167155,0.8919741002647626,13.964947104707887,6.365364144887705,95.96299082029451,0.2686545246152685,21.998547803617836,12.658879550435671,1314.5719181989423,14.550771048550684,62.96214545483977,0.5462021442513387,23.61035424873467,9.020402088378251,923.2730159257053,1.88658308042293,29.90336508917969,80.26276068915786,2976.0557383071528,1.5071634259388467,30.86750830474738,78.80041552266498,60.47568755314828,98.9135016374575,79.92273691969535,3094.749433046762,67,3,Uncomplicated
300.22464028332513,0.5412871989193934,76.8699560016956,104.45929603601245,114.72372683889152,87.10121759479448,94.42723840739588,76.40975569673269,82.4905432282437,72.33580634864398,89.2587433976212,121.48060830515321,42.347267090364845,13.453709988789708,12.521579792282504,157.82886497446663,234.9554044958685,171.10622965286007,-2.516578869333612,2.4621897355772724,52.79011446232377,108.55025334126208,65.12152736920362,36.93155714515281,0.1658929497471743,1.0,7.591480833240938,5.860989374985127,0.2221410903730282,-22.326589016140442,2389.3192375755134,40.67847456308989,0.5368044120296521,32.363182532916916,346.15319587321505,2.146092393576152,2.706426731314891,223.85224224072968,5.827491820936189,71.93502584917421,1207.350009760648,2.462647739535258,124.68197563095839,0.5477857393665495,4.842028140235003,50.98499396586248,578.6036406816365,0.46626457218895495,21.755140351261492,7.1986031964274435,17.912193325605596,0.09604620115254495,31.011440792396268,1.8625197310291774,308.16336445570306,25.33574204838418,7.3287149790639345,0.38454061588067007,34.893503715400385,0.754025497059527,105.27350105605271,4.419892211937992,22.19879400505806,53.9920577273132,2269.453798271574,4.401301253775267,15.903045944766147,49.37626249385075,-8.454485190887283,98.91977767243344,-5.062556503876472,1568.3715759981126,68,1,Uncomplicated
3454.9518502638393,94.80916505997062,91.57970052686751,98.19067392137356,116.74210685164292,146.90474727622802,113.81057463708296,92.29774150403122,81.36563104332284,131.94349828284987,85.32740159264667,90.18023116855336,34.186379925173895,10.439165572193515,23.883846683204034,139.33096113340548,316.85028887257357,194.37669097956626,0.25586668478514296,26.002739225352137,75.78828818714958,91.3854349940286,63.5868409267544,57.26025183076041,0.17899571055665103,1.1673910107283552,10.220658956201085,5.36194690602852,0.20725549021954526,27.98803523597244,2725.7643358049604,17.067896270777943,0.6184201647128151,23.112588377207253,385.5953328453422,2.466705705336374,2.498752545811375,299.3298859296637,5.075858444019288,103.69259862674984,1658.979906054594,2.4177211078629193,170.6325482279473,0.630592879922165,4.6832966996413345,70.02730011042814,849.1754347993057,0.5477152575252626,17.920550192059785,6.9468124422759185,26.715849393448792,0.10001763350641701,27.48586740256225,-2.354095451479573,939.8236959887331,17.994527453712866,26.19808227680472,0.6059019732182453,26.52252639309748,3.5408476130264757,431.31638640094934,3.53775207986295,24.228857119290176,57.662963228386126,2523.67892221195,3.7577109418257404,22.681704878772216,57.641024340292155,32.94201822112436,99.99981287453964,48.542056423074854,2290.608904380837,68,2,Uncomplicated
12649.104813178234,200.58783476959835,96.0074871820513,112.15950291182135,164.6201471529553,210.73638529245324,130.37826158448698,106.78302454129943,79.6994880475739,156.6558876184754,78.1138513510455,86.41062666621413,51.02970242582615,12.810628732752626,48.40737183291132,125.53053442718961,330.76539505360523,251.35638904401074,5.766864319393313,284.1126637259472,71.6761723336164,107.61471882242517,61.25912127151155,72.83677585152492,0.20184837160123523,1.3569860016049955,20.23240845282888,19.481786865187704,0.6641483094564752,432.0982473262393,2799.235232491308,52.03540797014374,0.8180302396397423,24.759726262269663,541.7694365391905,2.634241113109661,2.288876751989814,307.017277350247,5.107710079208368,110.61560171476225,1789.9818421070972,2.1834118716827287,212.1317967694979,0.7177809137382892,4.4030386591681765,98.78893210391313,962.9316146654792,0.5674999107917051,9.101450936105024,3.569175205866239,130.0844902908237,0.3849838908504931,16.453841352010123,19.86203208775438,1613.7844100288924,4.630865603061622,105.28352278739351,0.8665490161636697,14.619121699065808,17.251573779726606,1321.9356889449527,3.368157913916085,23.722309621965145,66.00271574532673,2360.699934098151,2.994141217315029,30.428995964289214,70.20814308508524,126.26589426078093,99.37036795292826,166.20720442383612,3046.009270521578,68,3,Uncomplicated
-181.2649762426786,-0.021707980427560947,106.29024880847403,124.77671145644777,146.8249257819365,56.585393602130495,118.85368518249231,99.00513614384325,120.94580761807256,92.15049202626788,95.61735088478119,140.84109828375207,59.52621633898466,14.239940946261306,0.8391159217635362,169.72035844146683,237.56867757735074,192.0133690297953,2.6718837157574327,-1.0000968558384358,63.98736128010508,85.02983858924044,88.68834103955011,25.623380093936788,0.11542201031306387,1.0,8.354278532433721,3.4776022448152064,0.6986685452007151,28.243198937961015,2479.905939911183,28.688896906148738,0.6509835464044933,36.652039284810954,370.82192392239745,1.6177905260185586,2.754009916754023,199.1908615715317,7.078629211081989,34.64365594941781,1542.1699226698267,2.351422246852624,69.3408387534677,0.3770498217658132,4.978192584996437,21.46615860203826,440.6099186752165,0.283016514070718,17.30518326410076,5.912897959470644,37.35924651996891,0.21018005815360516,26.159459821322734,4.929749476661935,660.4705557872416,19.367210217495963,13.976384842747876,0.3599565061024053,28.518085022733448,2.049939672846971,236.86020654226317,3.43415358705075,19.038590243429876,61.483739760346275,1937.5004512651262,3.499642209727091,18.903394094022186,59.06146586126761,46.57410284791527,99.43007502350048,66.32943183933902,1891.338540751196,69,1,Uncomplicated
2201.3119527678286,121.84612466493802,110.50077364249637,105.83592163671692,135.9848895520085,118.23432489355655,136.43989110215264,101.71475414005049,101.81058353891267,181.41793183851402,79.10103871703878,111.9727944299284,45.405318947257214,7.172988356730374,9.53706992450929,175.05662346502422,305.72024737813115,229.4015175961878,0.4742672687598148,29.205859920097126,95.62889155849237,85.82499760915665,88.00256552441577,51.53270317823369,0.167450578247091,1.433873951042368,7.035422915562456,-0.04561991760611228,0.43453428209008693,47.97943067482775,2456.4146550066052,37.548000518723555,0.5956543980409633,34.37476589753569,363.04362874746005,1.8387554338329195,2.2916700973772652,409.3186211076209,4.606801959087709,165.39592026999634,2269.214159826752,2.2179571204616857,378.2351509104171,0.9637062604431337,4.526858381380678,160.1676197221284,2066.64956538987,0.9404787415324216,17.268408592867,7.796962857548874,51.17420561424008,0.12350116842310892,29.490124066854,1.0296933591841402,1326.163053217278,15.983476576360701,21.168492266034157,0.43512192351097284,26.536405119016074,1.4079600812247137,453.9131792362038,2.62383428873565,25.031159937707727,69.03462193130356,2526.401634032942,2.633589206103645,24.774661912810423,68.40160459799358,46.86855131194442,99.42954842213912,61.81558576830513,2461.2391993320944,69,2,Uncomplicated
11954.77019615749,131.0373503185481,126.58952887567679,111.79536453035453,191.4145406465756,128.63381740365983,147.32295171658865,109.79759089456587,119.49584438012332,195.01550545031228,83.31994812904887,82.69223498858284,61.75041261567386,8.540184606342422,14.01504734181567,140.42136466254854,373.9599428567109,272.80926358871284,3.028400120567082,457.9120355933749,65.28086370598264,95.36286962956754,67.09220461818063,66.7869929044616,0.16786863778349834,1.4295531584841177,24.083295761268186,24.706418907602682,0.4663479478997214,298.4325225278352,3028.6681607584205,51.99851345153129,0.5437321749881663,35.81846071523986,480.0131927825628,2.07342368809826,2.584228794690655,322.1030407578099,5.628860461194544,107.93259301465451,2061.40466369134,2.286279561991548,253.37999791552403,0.7789636415347184,4.737418032147402,109.02156590711431,1291.422751787421,0.6477072943850999,16.988148834242963,6.121409119427434,86.46189180610887,0.26328791949332586,26.935521793123158,13.371838611527394,1093.19024278832,14.932003587596704,43.71617953458547,0.4032760275054021,27.52256280349682,6.76069067116987,694.8095297115148,2.1296059132615657,29.41387766185519,73.66709717036528,2944.01130134183,1.747060103055884,31.30631246536836,73.74911148262703,91.3085088853033,98.13851327699435,110.9459876801963,3125.3082059529443,69,3,Uncomplicated
244.96594059569372,0.01322353658046832,91.74519588105005,93.68141053626923,85.80730886706476,90.07626569783157,81.25962168792378,82.65168350810369,77.63349564577314,86.1494838197354,77.32640946649724,139.01583622411093,48.64414199046068,19.38939293855023,11.680503134847694,172.11937885381897,258.6182193486116,190.03892884866855,-0.35567004268670765,10.284062763264341,48.262636090588856,60.4102360584135,80.8029012244271,38.11757530008591,0.15038769951176434,1.0,12.492183180869944,15.178804852974363,0.1649268962211134,-21.077763722269804,2358.3265758992447,27.31996045235331,0.857925387188608,27.403934484279816,287.5443845782379,1.5301111125210356,3.0518164151325724,296.9276354745349,6.354829729401061,92.92018239648606,1833.275804185068,2.37341253860919,121.57101915786212,0.39855765262212073,5.080814602546313,45.768889724470746,612.5192785304287,0.34923953971110994,17.04231830272409,5.296626153999338,61.37704613628595,0.1945274941063098,26.574177716624146,7.0682353124008905,842.5568523687574,18.84160646739951,23.470487014317627,0.33496989226568846,28.83965037729476,2.567304630060205,340.01769727329724,4.051386958482209,27.442032815765312,53.619987144060495,2729.111938930268,4.097848230158988,19.66002444627477,50.016134916823404,4.022457739300368,100.1381597246759,7.002941601508958,1969.8811481975745,70,1,Uncomplicated
284.73334605459627,57.482233862492905,101.01003110623395,97.44991377439796,58.475455113994364,124.59821444957791,90.16618091942698,95.9509576618209,89.00722818075384,120.00424939490757,79.20208374627965,99.75872796552369,48.205267853853485,12.674140649973552,10.353274162895843,147.16570722121568,309.3740117629746,206.68074750532534,1.5882092960865983,20.955352656949252,57.22282348377336,73.18468684706045,96.87543189808008,43.23988353386368,0.1408937033895843,0.8980914333385358,12.424725309967908,8.330715716836801,0.3291437081146465,30.10817318495267,2448.6823984975745,44.33912259641314,0.6202182375702092,28.53818734547191,414.41317479082596,1.9554112601444988,2.9609450554196797,350.3005430902077,6.415213588701196,85.93786028845781,2431.8455675058945,2.7923818023973346,257.98464989936537,0.7311761526689942,5.477877091022853,89.69156150312703,1436.2719968873532,0.5907163465765309,16.706642020769017,5.333726005499506,79.63895689792861,0.22987945195413445,27.415130685894958,15.198422360708664,949.7019436217124,16.127155713273492,35.804822120820376,0.4423657932879127,26.958299571900813,4.611229808328622,542.5060485959589,2.8494539507622,27.90087876003783,65.5291376393297,2839.085091327534,2.9524087929874896,25.57130310967253,63.086127253199194,20.227755032942934,99.59811695081825,26.938956790161466,2508.0392669718644,70,2,Uncomplicated
5128.238015136983,148.33902772632098,124.20577978037838,111.20246322783368,177.78669388379512,188.13926730565322,133.86195952462668,118.69195069908879,67.42468921100424,150.8637629061151,87.04907004471949,127.66886658828494,60.71722997222014,12.087807856979353,22.244993139135683,158.5229885695636,414.77189688811796,220.34759127082643,4.8798189581254485,700.6530088001962,77.0158239920638,151.94899072760455,52.08009369633601,69.28701102782628,0.16848298554071378,1.0979369813690538,31.62105193154975,7.210197050876654,0.18921842768264657,882.8297118175551,3456.4294586122824,41.08259008714688,1.325300180875116,28.15606804711725,578.4516934224487,3.048302454816893,3.3764444824634237,351.4626560099557,6.563279405510276,107.69233892567226,2395.9605088311164,3.142962017053629,227.16037102617392,0.63482602527087,5.511665290915805,95.84425372726501,1210.8702303122623,0.4724295951825682,20.40959771622064,5.7212074500692625,5.200664702866234,0.020170722733827112,29.73146951904974,-3.1506023646178782,616.3785930278324,18.34076554572077,-6.424723392138851,0.5941821964058078,28.440724572781235,-1.952506529496242,-32.581737267628,5.340060186978872,27.267414328487906,52.178664444060765,2729.163082176274,5.344034970702824,29.91996090869663,57.38868971369159,59.40078642623095,99.95254333734422,81.56012300757483,3007.4578575682463,70,3,Uncomplicated
242.15052870691704,0.35819124620817283,81.43754401946182,67.39608216546041,80.40807179074088,72.98319638184778,64.50108489366801,76.23406849072637,65.6653623432262,87.62251671686569,78.08003592983161,120.27756568564463,35.91958106404234,11.997866126472934,4.515365329832035,178.83816083606678,206.39020381637812,118.0665400882827,3.4002848312043468,11.947744739262284,47.961538993375385,67.38217657409359,68.82713282451753,35.21890675602252,0.16090951896742714,1.0,12.725091137462858,2.600100831624925,0.2459304150201161,43.81395159609718,2885.4034631729546,22.469572754050482,0.7824947823113066,32.95473939737264,554.1799277239953,1.8955076475561363,2.3525295952885994,294.974191047674,5.051813610986787,107.13719070236124,1694.0550074137232,2.099290674429737,166.31277478744107,0.5757372007908368,4.543985476126452,68.82578130841259,826.4650523458363,0.5114923475390887,23.741804063588688,10.324436694347387,32.788051453502206,0.1053225537473159,32.90077776837655,4.180889661708692,443.2291328518644,23.748184453437577,14.294555035876025,0.4155135057638527,32.86395893187639,1.7281437922778715,219.01331089071704,4.611129748317183,18.46939951079468,50.47435924085123,1847.5087764784307,4.594822265151816,17.57174226044443,50.36460817102947,59.06137116204981,100.48462639792265,87.4801059748495,1780.7266476567704,71,1,Uncomplicated
85.62657498037834,39.822443445669656,94.03411284321456,74.39687426220182,74.7010567522529,95.08448394157503,89.30242609504785,84.08539134970059,69.84160512775829,101.74424424284592,83.4315858727619,127.33608170953654,47.689025535603164,7.6064606421570975,4.831713096844631,162.0744020540596,321.367410641309,149.00287434864805,0.9650136724012174,22.023161785170437,64.48712934376887,94.35305403926418,72.55750782629448,55.74668321977007,0.17120333437683632,1.040961368310787,14.492498584265219,3.3523910543902424,0.25128680971923867,48.67606094541109,2621.518106281337,47.903841626643604,0.5513314215492323,36.648165143867935,504.96398903913035,2.059552916862455,2.4537128489619726,378.5602032404278,5.321710898605257,137.3757137605286,2298.7165095735,2.324098564726065,282.7327201241568,0.7174103439915285,4.675667574831722,123.80654040676745,1476.3284684413368,0.6446405192547681,23.1945736269265,9.54999557372617,63.90390545785553,0.18445099769554574,32.401106493993005,14.885426561359514,441.2962904823577,24.611823713340094,13.402682016996648,0.25584783164175695,34.54095400549452,1.016740451012903,215.85959872319702,4.828691420794807,25.351482814494403,58.59312138185761,2544.2030719523373,4.751996765794388,21.521967311834196,56.44397248832605,37.99774007570128,99.81303799130302,55.32620383191064,2174.6417842319343,71,2,Uncomplicated
8115.3572919858225,150.74456407421647,111.10762120821096,97.59289436509265,172.0556102745997,175.9833860903861,109.31828358145131,104.04227668292032,74.47754238662584,150.80782176131757,97.81759954914173,123.19509139476466,53.488836843379644,4.801269592096654,3.1869406414886896,143.3081154944433,480.2277652340363,177.64135278885183,3.9024878502986726,629.8074645959525,68.12159808754433,165.43416751676492,48.46111279675825,79.48418841421281,0.16951883543597826,0.9901354260335249,43.73477619293243,7.9192599534614905,0.1571307106940475,314.89914115004603,3748.967555650348,46.52924297130772,0.8682269702302859,37.21553640488301,657.7980512738192,3.335632315630428,3.1022574158720735,374.9796916325248,5.763840040353392,143.67618381713896,2352.4596611248794,2.795644552833508,295.9461733084062,0.7639198573511747,5.316563421549548,119.14922453356945,1607.054289976451,0.6711393234607951,24.078055059436572,8.278671093064359,13.392443962508956,0.031810342716621975,33.42371484702879,-0.6874310327755122,427.5243955726677,27.73251348665555,-2.0868633236307446,0.3993960246131907,35.959682395155966,-1.8642936081188992,63.0002908702038,4.686158348394563,31.298397137770873,57.1931698101603,3119.7131292725167,4.779468096953113,30.114646207717666,59.24802638673889,49.32408758110151,99.49234819369633,74.19704581847034,3008.0724180811494,71,3,Uncomplicated
-152.78769238710643,-0.09301876295278977,108.65951474336615,98.51363032036147,107.63608432735812,75.78662902746021,103.43308216487269,93.79678238596206,115.01457514016894,116.80241360256267,100.7234427522729,146.48628341588423,55.786204079781164,15.019903994181234,4.309766966606064,244.99740367745275,275.1118777224425,178.2934425076377,2.7787243561302186,5.23439837432261,68.32131578791056,118.45759073638244,77.96912862229273,44.75124087071863,0.16469642992046518,1.0,12.04094242220162,-8.616098190096444,0.49789118698078044,31.857170878286723,2521.0178557794975,30.26977565436595,0.8413758043630948,35.04855180013853,421.67627013805776,1.8413868277388603,2.6597982164547482,313.98776847647366,5.388247905174212,112.37509621584948,1766.6165406455286,2.340363014195248,199.09003108452657,0.6612532481277951,4.842153884959765,80.9466566134128,923.8736411649858,0.5676989446353349,30.45382058864895,11.427594918755856,37.621864563924596,0.11805111978224914,38.40521382323681,5.250811315091975,416.06345250996424,35.12820081520887,8.175407677392656,0.14968082368144286,44.709986656620686,0.9994659110968858,102.06724605090966,5.168308345899869,22.388938266683397,53.28611812907648,2264.793219061508,4.961674931472836,21.066427530989962,47.668253806878504,64.4043952074786,99.47012563766044,96.56723695730172,2084.5291852418336,72,1,Uncomplicated
1810.3418221248057,91.12211708261407,105.91087702854668,82.4717266799777,78.29884844993052,114.80270020925018,107.41103890526534,93.0619953072173,113.59265366710038,165.77941656711957,89.46067291923423,122.0215686550353,51.884982736707705,7.774867061478497,4.714433891765324,191.09558530953575,299.5178260223726,196.69236492012882,0.6807028113534578,20.96523162384816,97.82277329237553,120.32354502352979,66.3871412099332,54.88464735955272,0.18044190428660148,1.099335830650811,13.852679345656767,18.35870860900471,0.19658005687634955,44.50566761661335,2441.978576352767,46.79634926102949,0.45507381426811144,32.317577270240015,393.5067787030574,2.0149314327657293,2.3690959107402705,431.6990021585576,4.923443349842731,166.1396084976839,2562.745284853032,2.4245277510351917,305.3639785370805,0.7071378719977383,4.697946081780043,133.27646043068606,1577.859421263795,0.6358565664927631,16.59236822572964,7.263188634391375,80.62710651877825,0.19906544933305712,24.95609347482332,14.199170939930598,935.3831701756892,17.03848877179834,37.20586009173994,0.48604942674552915,24.20753290659466,4.8349374777522645,525.2794436655059,4.881614427436754,23.636313168287842,59.71431083644144,2389.070544168727,4.759016264571424,22.998107613074826,59.734704300760846,65.51562333957845,99.94792935926326,86.94246377992219,2354.9976066861745,72,2,Uncomplicated
15475.815243978179,166.64741502704916,125.62554004562038,98.43323211352603,171.03350787493625,168.54111036675556,149.01737850355002,103.31903552360359,96.10516452576539,182.05948923122608,104.1716026269951,113.40487357551508,63.94581389461721,6.75004013717661,12.049091016967608,156.91501016416518,480.459917176962,269.49529231430677,4.43736867773193,670.0332706894568,85.9489826210777,185.90860938384148,47.23375837831479,90.08111363057998,0.18694193018298438,1.1306146092417846,47.476947004589654,11.451889999854695,0.3308031425286349,304.3106708614981,3171.7178761966784,52.12835826685452,0.5870999630590459,35.28599875609847,539.5258181694101,2.80558010754321,2.984451230306429,398.584237986216,5.758286319732661,148.73090611692336,2478.7720975107313,2.677088787782423,292.04672266794626,0.7006383041930276,5.258501999740143,115.64446307470202,1589.0907082775914,0.6218704673081032,17.354307127511046,5.935999538337789,96.13293515642556,0.23538248754446545,25.154576478539354,16.83030920321564,1228.2134227545807,18.170184170113743,63.52974935298322,0.6749599003329645,25.548377751593534,11.035492343078506,755.2234309752148,4.4475008714201465,30.40704875752755,60.474358273965855,3041.111116766736,4.454162265272607,32.79294932766128,63.61091529510217,101.93432582241357,98.93424384788881,143.39872422921795,3282.9005603173346,72,3,Uncomplicated
-48.187927718675496,-0.2050920755213032,100.82941114018737,94.94048670928025,129.475310115804,104.18045892238385,122.09910687006648,96.8346042062781,168.4253790485592,131.5414401490753,88.79321934574703,118.72964276789924,55.25608049684662,10.531687197311621,5.350314584062428,187.8396838985195,289.4512495983149,217.81185508771057,1.7360601777959532,-5.118084821034303,22.12577510104028,72.094962925467,44.673896474497795,43.36529212630061,0.1520930445088331,1.0,11.787516931781067,1.050711476752575,0.9385671958801932,44.12590166587619,3296.3312800569865,14.714743101846599,1.1461638600373045,41.50882922215944,679.5155774016464,1.4419272472396365,2.709188596170403,215.95949584359542,6.538698292005723,50.60298916347147,1449.219632496795,2.3798918377202956,120.47391307849207,0.5467302407483055,5.200128225626817,39.34968727773632,654.1226272889709,0.43002069739148396,19.02783188823892,6.825117045394265,-4.628681600878188,0.009245763015984648,30.576447505915084,-2.5971960424031293,270.2359885214115,17.539067970199305,-2.6837031989665387,0.48985921737238314,26.999925328401318,-0.6752003594865834,1.0356502485118426,4.638022346829679,20.832612799059607,44.70550959585722,2134.6535168641885,4.5691941125119095,21.709249062026093,49.94072513742939,34.85625730426717,99.3407892279971,43.99658407878938,2147.754038952286,73,1,Uncomplicated
-1032.7721532124551,33.918884521786666,95.99511805246394,84.7456861787611,119.64733617441148,112.25714297335708,140.0272702388919,107.49150649651412,145.30082267383773,149.35547434225208,79.17300251199845,99.34851941523287,43.44961439487452,8.072523459051986,11.379446411479732,261.36888265520537,369.45423059356705,286.97371886838494,1.1435935722535209,108.51640528564687,25.83790183586727,91.7168543167242,68.09042765222816,60.40740249056065,0.16567885022928822,1.0743685438490904,13.206470556506487,15.924277420113764,0.5401308197421848,29.589775387772796,2974.238786507246,27.839021192213018,0.9019999305319575,49.9394148371137,674.3229480702831,1.8013486001657015,2.7777262526419984,406.3714300237237,5.750142836245626,148.02426902026272,2288.8726386700514,3.1284388792554587,395.06134567109734,0.9932527020745259,5.6565298582188746,160.78807333648442,2161.103823113732,0.9123096063425793,15.229171393150018,5.248100507397329,84.01001077668481,0.20720708401743293,28.167588653190247,7.768005328518982,1578.0041707385435,16.86209134250335,11.072394947648167,0.10319053519285432,29.514547414831377,-0.8503737836251797,343.7908768042247,4.500028319799705,29.869243715574115,63.882106762221795,2983.2238539110535,4.515201227614901,27.40571158087016,63.45650774963607,42.17722992549766,99.9056444388332,59.12038386519819,2742.826083976087,73,2,Uncomplicated
3286.9881657955393,129.53691516776124,100.66684856063878,70.07661700133656,169.15936093266126,103.32641465155388,149.5989518475233,102.7303938885319,102.01447982513885,179.51086315680053,62.653304913307544,74.6991874086518,35.63324579108695,8.516080998531496,11.338067345251606,198.39832032914796,369.0199079310555,230.41354533841468,5.21381075443992,1058.4995350539198,0.5043257049000047,105.8481991483305,50.981362960393795,67.04834322885041,0.1773079259113799,1.205552444911322,54.03793439396893,1.0756753103197436,1.0015181916127678,694.0946481547309,3914.911332646573,36.87144338768918,0.8353857682505356,46.20960582438404,722.6145263108808,2.1926359000283426,2.298319073065278,365.26994184085777,5.545035206210891,110.55387155792354,2277.6002169284106,2.296971482314326,284.18719476901606,0.776797298086784,4.933485024672706,101.67944456790595,1570.731620814113,0.6889308014994735,25.686146751080223,10.91477936119998,13.162091813322675,0.026488987334933545,38.87097830791045,0.992041766372239,371.9899217775245,26.803994995507995,-2.2072332219921478,0.09441749537343291,40.28289336682904,-0.6799808333814532,4.568870150232328,3.726881537451938,28.287974114635865,62.15292882400882,2823.350342836434,4.028561494982843,25.909024163378042,61.64028350210896,91.24795377006143,99.74366674048277,122.97848658431353,2673.792188336054,73,3,Uncomplicated
-322.0717176923416,-0.0755767543641197,105.23871040086384,102.86295346190091,130.4788805019433,90.1936714422627,126.2823246847658,77.62032406545526,181.75375334405402,151.8534779856576,97.34368344872266,143.55493878149537,37.36859546572029,14.941526948244212,5.867371154085072,223.34424591420202,257.9281359173193,187.56741882070628,-1.657321506651362,-0.4921283042491593,69.6355393697364,136.64934097222812,25.595448959925015,47.393995799476954,0.1871916901228618,1.0,9.59904806827704,-9.380507868575457,0.10906905724801197,-19.328153674239292,1700.1745775050667,20.918913191215935,0.7836870719411231,23.917549231294394,131.27393392829788,1.5396446673301862,2.912525567988195,304.08614187560545,5.921428553838655,102.42335161685773,1681.701215280686,2.4035690437067223,221.2605662616519,0.7693647422352106,5.216625683864275,82.5716439992957,1012.0733081501282,0.6454299957555645,24.88749853079419,8.094129311154788,37.38940395576049,0.12988055600380913,33.51232134679672,4.510511856533792,571.8575426191735,28.924934784383563,7.987916902291561,0.19621610114899088,38.8268308318945,0.7325281436646471,121.17819981776009,3.9549134188527764,23.667503170591672,53.76607665237665,2388.2844190346846,3.5957708510889437,18.22486203200602,41.5435405309398,5.396263310432591,98.84247855226445,18.044704520637453,1774.570814403434,74,1,Uncomplicated
540.0194726653851,71.4030387545706,96.97485813338204,86.91223531684307,89.72377604344159,141.11651313400012,137.72632544279517,90.19283258865768,162.93029689195745,219.01586644217525,95.44238507588396,105.50112041324536,28.7799355056656,10.035284280678628,13.125323762132373,190.16797149209293,272.97523413510896,202.57684873739214,0.8171342330381282,53.217028026394615,106.15427576184425,104.43788837793703,44.24783437573946,44.361796934497896,0.15981170455655555,0.7747878732394239,11.340692296266482,33.831603808841976,-0.2628386599149119,6.257965447330555,1846.8624411235207,35.490485912206964,0.5365199302480415,15.702640215648259,243.24018148003287,2.0206670076533597,2.4573902655002455,381.3593167915685,5.578984197875852,114.55600245412727,2252.178708781313,2.5992737716264487,273.1289908989948,0.7497680641480964,5.068617424336682,101.2292198643345,1488.1691498244008,0.6690289701578667,12.706338820576011,5.077826451596398,45.08165191438647,0.10824860812489548,24.875199237549527,2.778145288713703,1093.0387985467655,8.352142239591613,21.136528831241634,0.4542133064645103,18.67006590053849,1.9956681505379568,439.8065299297159,3.442041209597325,19.63009266811917,55.090206742075765,2066.9012983214893,3.6776588942654005,18.139879666460445,56.865567375850915,47.238936317011664,100.26577345831616,65.98215802220088,1858.373367279667,74,2,Uncomplicated
9586.300255672977,118.22970515812563,114.82741198888809,94.84249806855794,214.6056964838589,210.3241782043059,191.76855091794005,100.78625560450855,136.5168092266087,239.19182723950698,95.03295252963613,106.68257195756422,24.853669180443703,8.058829180893033,21.112540710172944,152.49375263481548,378.3093953698286,268.644448569188,4.595407016917883,743.4670245546881,102.32908550238066,173.36053835353152,35.60477170288386,77.6661887135344,0.19846111034575992,1.0544724010720068,38.90500711873768,7.42631090140012,0.2312670683905637,493.28881064124926,2197.7802600138166,53.724859362904034,0.35304876146458775,13.39158797848275,311.82347911337735,2.7495404099482084,2.473628580545965,408.81982364200474,5.041832622569455,160.16714716846144,2243.168952810946,2.079677204439079,315.8901655616161,0.7531826998676703,4.59865010717859,122.83592864029018,1609.239618708071,0.6810361576549434,12.785849238101335,5.186465907262131,45.20459774476302,0.09708857577355942,23.48453917023003,4.397038549366925,1037.8582033345326,8.431442618597403,24.183559484110223,0.5936806801099064,19.67752297967113,4.4745650477980625,224.99100171778565,3.586286459414217,20.244394235616426,55.63265955253507,2021.8057355637443,3.435091775011428,27.6184639971486,60.07522185505418,123.98527030450532,98.78317060011668,179.6598013608836,2817.6332517115243,74,3,Uncomplicated
333.6481983163318,-0.13049475950001393,94.10037917970075,98.48628848705007,81.2934226835518,128.97223890742944,102.97714188060914,91.12920496898114,97.7432529296354,133.23157491899116,87.97284382073002,112.94392110215325,38.56661453223862,16.648863182504275,12.296089208345398,190.35419185065842,246.47394872941737,193.4566386199774,1.1203922117597755,-1.317775162077658,60.22551080636104,78.58660258595583,82.00680793574703,34.841951067062745,0.13642389035874544,1.0,10.93593167877514,26.066567478473146,0.5015117522346647,-1.1968115440565867,2492.8046240748213,24.518993996844127,0.7596783482020469,35.63874484909746,457.4968704868155,1.8740530189747957,3.017913782456692,253.1888686736282,6.346052453603567,76.57601080004082,1563.947786961279,2.7879516938209306,111.48062298146557,0.4437841875823463,5.334914329481524,45.328301974469696,533.4480258545182,0.36470604439849347,12.3885950707631,4.248750890163444,70.4509526920931,0.2728703750269805,20.915755765295263,8.888313449265835,928.1507277271098,12.33157027008717,32.333688693949,0.5196401768897665,21.00024386771915,4.051909963031161,457.826989802958,5.075183507277472,21.487579958251573,48.902142264589564,2141.7515739782225,5.006836944662847,17.971351723799266,47.3387286884902,32.68007892857873,99.80453681434001,52.94913953600719,1801.4122966058785,75,1,Uncomplicated
1516.1120479460483,33.25833897905053,91.44395153471201,89.78641241769584,77.86431340756248,139.8320724206237,112.08224740391445,93.24725714374009,104.50538885975676,161.3763053160717,82.88558094666253,97.45401673172387,35.2197233106874,11.75475580173621,16.70683628171441,167.03141986645218,318.08042103410594,160.45631371161227,1.293935169827025,54.77937711770476,78.7957420747694,78.49623147915042,76.06609115598432,47.376328820040264,0.1505994205495612,1.0851201779085158,13.308395395747032,19.275279775659747,0.48760280980822884,38.0712399606939,2519.561543703832,54.543713765171354,0.5285607114585361,31.3439500941169,442.30691945138074,1.8987457063075799,3.0891762899483286,291.68380249156945,6.562984872992427,73.75393083355496,2144.0707567401582,2.696166003956353,122.39191304447976,0.4672919539352902,5.48056800750989,34.25045335728427,752.6314623896699,0.3718027401138931,18.99973562095492,6.197043428091137,14.667939102332973,0.06981443410976797,29.658272828971747,-1.9346855896641735,495.6226731260702,22.625862003941123,10.93372172419934,0.3752770289782694,32.40162843781408,1.57488998495088,158.2907778244758,4.458363612751843,25.119758766439304,52.74179887378347,2525.854838571558,4.519814390258495,23.367846986307043,52.9089188690492,42.05034387756737,100.04395503004808,57.39172811919515,2391.545400645603,75,2,Uncomplicated
10419.374505907479,146.76551083740142,106.05086724163503,112.7906498919122,164.98538772240778,260.112121570069,145.41621037925142,116.69431315608303,102.22859919851132,244.05352858925124,93.38175462418424,102.70182225989451,48.85777709528682,9.48821214133767,36.70315957805323,149.02610601979504,407.9840594150151,252.9617831817072,4.516145840819836,556.0786169483273,81.14769761154753,136.0796376179802,63.497663966986295,58.42672187896264,0.14558003697176367,1.0500874873833845,35.48186980302203,12.318270412358672,0.6699294822197083,753.2252075130277,3224.4072414700145,33.96076447871424,0.846133281575286,36.642497769807875,603.0036747450579,2.6227866901791166,3.1674755123823743,355.1539115365466,6.252032052592779,116.80060070180244,2245.0823830890836,3.120242718325173,221.07336191011697,0.622385054961354,5.466692296794382,96.21530553522557,1134.5857270022495,0.4881429489456427,11.752938718723072,2.967797561634285,100.08865696190566,0.2719949294209128,19.674508274418592,14.551249388620686,1411.0485094398587,10.903116783663823,66.81042611701278,0.7452011910982541,19.00414300110348,9.628634198517586,909.3069849900548,4.361793178808187,27.12065005184198,60.79392013711214,2724.39313936602,4.1878231460653526,29.810334081743658,63.49330476522866,98.37876313260128,100.34647436524888,136.4792620861977,3021.444221424338,75,3,Uncomplicated
-15.12433006894878,0.588169255344852,94.0228770482347,83.33798823847626,95.9049697905534,156.6514913306146,132.46445176848766,96.99819135943893,115.75935014219941,176.27690484473789,99.14786513739983,113.16821720165774,48.376714554519204,13.417074694561977,12.548869869127186,174.48388522415206,281.40716529562116,194.61687705407664,2.0742659058672634,7.2267809612233584,52.705409255699514,125.71994260352345,73.54875712464207,40.716141701132635,0.14877073915595873,1.0,14.875755127749105,33.58231276307873,0.5595758558880581,49.781417641992135,2863.2650611428744,25.451386802946114,0.7714450138686296,27.201833066461003,515.7249067235675,1.620421280080198,3.1081967139169073,300.9381501051878,6.077107140525092,107.88582158546018,1787.453017866783,2.8546650143432095,127.71586889576093,0.39725700850013324,5.072811359803259,61.912988663302585,531.0895482458297,0.3221498108182275,21.38009542812626,8.095208004848503,96.21814417944776,0.34254460815566473,25.673351479519038,13.93957223304907,1074.8925896284804,28.697856524376736,38.9380480516062,0.31530147403105657,33.64987521665361,5.327477484360303,511.10262134775087,4.599569582105816,18.899875295858298,57.81399747541769,1863.7924058194271,4.506153463205727,19.11197993350507,54.36887786447059,39.17329482325172,99.98544085214799,56.70307091198245,1980.7254758589527,76,1,Uncomplicated
3137.2023698232356,-27.278587847101534,101.92898560045222,62.70938007283637,97.16322602593394,121.21025325314301,128.37448945339838,99.76554547946918,104.99470664106313,193.6668321309014,88.4328937380434,121.60449488723631,39.47543835973207,6.46643826432785,12.902212368151726,133.15797567816648,300.0684214983986,232.8016384251579,1.0795927736893496,4.0870331497993675,43.53215896650261,150.5477606882401,64.50678642853171,51.75349654342628,0.1760100813729191,1.2082174882835388,18.12858996676178,13.260572717531483,0.5519340029570351,53.176306920761675,2472.772247576237,69.54110156156018,0.4744318635022789,29.27946891291078,422.3239469840078,1.3077598354856106,2.8506824637845027,394.9532793420659,5.446959247707998,172.48045872514587,2462.282081890931,2.332761727237553,249.93582065392795,0.5799610526088942,4.73223827442219,114.2301428993237,1296.6668815629046,0.5308474115292291,18.664638506022374,6.420958025368622,119.85318262160678,0.29677806861164757,23.740695647128447,26.957649051490392,1087.7935201044793,21.847711940019227,57.16906610927292,0.4613539583186371,28.17042229164503,9.212688480629057,738.8724766323492,4.086288625987303,23.590869254773043,63.625286505980725,2289.5315290536346,3.869317868027048,21.036410211914777,62.87406542823661,40.68273116418494,99.9261966406604,51.286634174204096,2054.711439668949,76,2,Uncomplicated
13126.6201790894,52.3543452474226,119.0195147808385,73.4792441720399,199.43099570490227,202.30851283421146,133.9290784496321,114.46534249430105,93.1883406619159,174.61462352864683,101.05112349106918,95.16442886442124,46.27129687766531,2.0179289892364363,18.86054413836893,122.55135633969877,467.2247611565147,266.9553098737173,6.672863195488713,176.45898766588846,64.38374315629383,224.5421399540527,26.852065095646488,64.05431014724996,0.1441779138599845,0.9562150063030311,58.16803213776488,6.909668187426762,0.7220747410205988,250.66120388710686,3757.0362318526313,49.28490388998519,1.0354045053686947,31.985267152213353,534.1700044901635,2.596118602531682,2.975349950751396,451.80363310519857,4.845548855731693,211.4308901530386,2360.459107559195,3.0537337382226615,443.2925757270557,1.0354592788967556,4.924598383426181,217.30001959030943,2197.5092819003057,0.9554302714963457,24.11649348262318,8.836784775040393,53.887083979996554,0.11396479768149403,31.465805607215714,7.941491277342897,973.290098460818,32.742611722248164,5.135486013890912,0.21854924570143597,39.391950653497666,0.30131145672562276,159.7293430368785,3.854919492508501,29.249255369170115,70.42352505618166,2948.775131516574,3.766453970862106,28.35926327199492,69.57103081354592,27.559047162833586,99.1515322098106,41.79657575711243,2814.528464958223,76,3,Uncomplicated
150.6424347902687,-0.10955334726285954,91.80796514545862,88.67331439377088,100.670705755364,89.41064348085473,90.58459937541139,82.68530636597386,100.56433598023946,116.49151077281044,81.51257647243084,110.67955569503249,46.626653088170585,13.360593351447287,7.42019440126545,203.02809843550602,276.79590727868185,172.04276367392336,1.542293768391137,-2.117522100443204,22.276613026467114,87.07690828549491,73.3458399848169,36.015721974216916,0.1280285710432809,1.0,12.120841730998311,12.600395754036324,0.5152892325337516,22.553438612453792,2906.863341227292,29.816215046995133,0.9695016931634814,37.424510186535365,599.9324000662141,2.192071537718431,2.6121242377581604,266.63613931172875,5.707424296111301,87.04068001667851,1590.364955387317,2.502805732034329,151.35763817422162,0.5727186985751995,4.990663581950089,59.65719291466023,753.6129961986534,0.48179573777505563,14.743171648297293,5.442017565176841,38.63228792396288,0.14774530395273477,24.050892436615513,4.400763274836415,580.6477456054874,14.332442880904475,16.67723046146777,0.5216682089746063,23.485318045959175,1.8906729767012136,229.54184422662166,5.105315320774764,22.333607812852037,51.268244401762125,2286.8790414029572,4.964495061874238,21.25488419462388,51.65894526646206,47.92258910204211,99.46098535490869,69.0543886116499,2115.0324209197256,77,1,Uncomplicated
1993.916840427348,48.60851317512442,89.43470589626469,79.43407125906462,92.46110893136316,122.05303737069097,101.67316015093529,85.46772660131151,93.16603490347961,154.21008079404677,70.73501372169171,94.77621995339244,42.8656297945164,8.349592023929963,13.432224799373042,204.22514532600604,332.9954943842837,202.83678028354836,0.9306245253544256,47.44470671164131,37.80258849990946,103.4552182747513,77.36146005526095,52.62027201096802,0.1562953863424366,1.2233611925298562,14.329068683938143,5.724167718171526,0.41331567748182213,45.58688913147776,2755.2858676799347,29.58867209898783,0.7687476288857449,38.90979990671859,563.1717983261528,2.4497660884031296,2.5941605653147186,395.8009235044709,5.368130232954592,143.22766924472157,2472.617970466876,2.7005810770252014,302.0769425139346,0.7738051293323324,5.130208398809195,125.87764928860086,1667.1201201400345,0.6851961068607832,17.994267808592618,7.0305815509096705,58.073134687997594,0.15355388608495818,28.484877346002847,5.813384557242556,1015.723489372661,22.200093301530003,18.689433052892205,0.32919228066167794,31.682209579253254,1.1986920813260382,348.0025298513756,4.5248636346894,27.242758499637063,60.22300904991397,2738.15868124473,4.500011975822457,25.45387287896652,60.3396032611682,50.436420403326224,99.83874829965343,68.77723457582351,2569.436765226591,77,2,Uncomplicated
9916.828102026777,172.24996212469554,91.87646620796926,89.03312714086287,132.27015550624625,171.5817704882818,106.4075039371545,89.90480463464692,79.230415004989,192.65783712378584,73.2979034079185,77.51730321942485,54.83867578201041,9.525029299660826,27.172962127561977,165.44148885471557,429.5922680254011,218.3493460232433,6.755829598884395,637.3231738561587,25.129583392379296,143.98172316652105,63.53154982353829,70.57485094112056,0.15746129746606216,1.2683269555485999,45.829271992807,12.035732805919839,0.7955037591323055,591.8188581026004,3699.321553616228,48.68005228451281,1.1278116270248495,39.92696113972557,711.2360255027534,3.101648641360846,2.7718664203430077,363.95432508276855,5.905712452683478,118.57232275527637,2448.4447587587974,2.696294298826137,265.2295998582509,0.7168959492299514,5.220824821188112,105.24716718196714,1503.6326954919043,0.5969709311268538,16.617827222076038,5.902888858291248,89.624547278475,0.24484175793276844,25.19029552980195,13.381244117661966,1248.0370332459645,17.99227667706553,53.13993979413418,0.47534168086581385,27.463503378739333,8.039474275929159,714.6302957490316,4.243456831863365,30.663351049378832,63.12062241546265,3047.021980484502,4.269605361532588,32.156951602854136,64.69052158503109,126.02217734573401,100.24458164477252,170.7018892241442,3250.9872684684365,77,3,Uncomplicated
-90.63719763226834,-0.1414049232921677,102.29027388626409,101.36948149844804,119.93449048782426,84.17285856372968,116.84315038979024,100.7015415027058,139.46466856347075,77.37398885665883,96.80700457465605,142.82774346740268,56.959241029163664,14.333530661179731,5.359614729581214,243.4171367226357,263.0509562296562,232.33711433924515,4.263673692844267,-3.8988684896284216,49.42021796785795,106.24627316779645,90.85120135843685,31.379384010427238,0.1215932605689147,1.0,10.147059724890362,3.4485994026436595,0.8596751273472645,55.480430339651804,2076.9519427550536,38.90501560429753,0.5626095920800526,35.64439927088582,581.4492504563541,1.6374676589734216,2.68206658835423,270.5855044609521,5.827524562424642,87.7188737542725,1547.2489832409494,2.333583083986691,150.09018485826883,0.5452781073238891,4.762398641450466,62.148016212087114,708.4966869046197,0.46567208135269533,28.447771040328774,10.680563251751726,35.758467323651736,0.13751394144917098,37.71201105902767,4.3635259900404275,445.00517259255764,30.35341341010706,9.737717378353803,0.24105935125213412,40.13820626269,1.1594022403113295,130.9108745210051,4.631855421909229,21.303903419322047,57.358813520823176,2179.189456869131,4.5643126976273445,20.810371898994646,54.77900476824918,62.64519028307335,99.22416432314836,88.12256385200064,2101.8696956083636,78,1,Uncomplicated
1680.9056704626287,80.61071159906797,96.19263573492869,83.56209815841467,77.09641265619564,126.47452209195423,122.13942612214774,95.54921250499551,122.16780345172819,132.50509695585708,80.23808593123454,115.8283425495963,49.98486044073941,7.769486730550336,11.020440933908406,195.58133561174444,324.3415055223747,236.20128526577219,0.5970964064063313,35.15066522182933,83.82323814896986,105.47973843906861,80.46265500412359,47.77232670686273,0.14760043323824826,1.239242871276886,8.398423935571506,10.142253468343357,0.48454197016827383,50.72049012049786,2124.3691675647988,58.66770463687365,0.5517066022236913,33.516411581941995,519.8428588638321,1.858379889620479,2.3633625356345314,434.33504839769193,4.6680008750553945,181.32748451191486,2311.722066941107,2.46543934637203,334.6935068041747,0.7632770794311113,4.594775250758396,154.9493695857952,1706.2100930299819,0.7319057963423115,17.67349665273989,7.955122489660143,20.921845901567522,0.022678257492560444,28.782976374612304,-8.840398759251055,1026.0423530112282,19.1576192371235,10.229813960543087,0.43768576413930094,28.259772836373678,-0.07165950800597587,210.19346893164817,4.548730546815601,26.31039561400967,66.16920079965396,2672.09551092816,4.360413330881489,25.727930301434554,65.84255198465833,62.948068040488195,99.60774169411901,85.40167197272916,2632.087230269349,78,2,Uncomplicated
15483.521683687017,192.4595625975877,96.21195550371492,79.06552211082902,108.02786389202065,174.0057611361307,139.4908090389301,89.03383203581066,103.43291714573587,137.62399462360563,86.04219236433238,92.84033764065565,58.715301941621696,7.2410238343517275,22.113797468974074,156.25556345893602,425.8251584040146,270.65091897664803,4.490527427740083,804.9911728182256,54.66341680398005,105.48552429266127,44.89402604043551,63.87609461753502,0.1443255963079534,1.2145588626632464,36.677607720342245,17.21576629748768,0.5940293176735961,437.6657422096196,2811.46254937064,66.5903697762505,0.7940306945588786,35.99969906226463,677.0950891583205,2.608511685681406,2.738221280647212,333.509145512626,5.764310645477358,111.95229603766073,2085.259904483803,2.4992490226820157,206.5910349481712,0.619356931874097,5.1313783076385295,72.96675052692369,1016.9606894444504,0.4982968893428093,21.119793823979634,7.954954774044491,80.06328784320523,0.22856999242024903,30.180087534260423,14.154784025919795,819.0177239177126,22.707240930942934,67.15717665946602,0.602266184459596,30.968779270426644,12.13799792140323,713.8972597059142,4.208198379078924,29.337422280319085,63.14650824608083,2942.746437293162,4.159933038146821,31.079454442420683,65.22224863867365,108.70912616482974,99.09759695249592,149.29037243543692,3109.8499127941254,78,3,Uncomplicated
19.962964772490267,0.38206673896022253,91.80441743320604,68.51743159034854,85.42981599595564,61.78276757268408,80.72719279111791,77.79664529931789,71.69698925112705,123.9755039561782,77.88118643096112,112.90307207144262,50.10467406916545,12.946229803436957,3.3077372591624146,160.49442011842464,252.94995937602897,121.84154192329974,1.527523134924472,7.060532070590298,30.823184785144033,85.64224901835095,75.38911518039492,38.2496702401958,0.15588081797635198,1.0,12.455477223417846,12.554067011264637,0.426983410358379,32.187234226448446,2512.8831401141792,27.761079981936536,0.6916092298400563,28.5757723820922,457.62637247642033,1.8334484849597108,2.6673934819551306,306.14002676782394,5.68517325313437,101.72731181001704,1817.2034026223266,2.5238627937654883,170.5009414905533,0.5689622240236504,4.988985548242262,70.03818198531553,843.7693988376384,0.4914932142533951,21.126885567647292,8.307655014145157,66.88099265542701,0.2263660929693972,28.661453164840765,8.925351190605014,796.4476120414832,25.60892808576239,24.603877703914677,0.3314072941792593,34.06509749669314,3.008723751144653,317.5532663982987,4.801570501271225,22.12987712188074,54.863695701450425,2224.830845639599,4.844939199612181,18.46588900446403,50.48392908216591,35.95089682915495,99.87481590010002,56.127566755099856,1860.4677153202445,79,1,Uncomplicated
2612.452422022418,76.58845846039844,98.84696148907759,69.3328774794475,84.32327601182814,97.96242054627287,96.83198709067369,89.02722167595941,77.23880189859098,173.60955403139147,81.12851208930658,112.00791468854307,47.83262236209521,7.631382822866712,9.351326347559413,149.46527164724674,312.44722677495497,168.9282063359001,0.9071650009062573,16.433733370292845,38.44423436105397,113.5969661906339,73.67416867613291,56.14364159930787,0.17680421255189582,1.156045452194537,13.09959266447298,7.627095567687887,0.4204994604169103,59.04166475644486,2386.1490405229774,46.96158159080058,0.5387608041695521,32.18902154018271,470.36660239694913,2.155956709834394,2.6933156205499555,401.83108019690496,5.525597154091445,147.82436725873376,2602.7517082415725,2.6544910704192137,312.5803017841536,0.770479699452664,5.03207244701285,133.8409755778599,1706.526089196046,0.6696657860628602,21.13002257557641,7.951259813580097,47.85267345353484,0.11101900518339876,31.12949863202762,4.711488394563774,798.2680127816003,22.40712367868,26.82878754166716,0.47095613413199333,31.16640828073457,3.248570434313033,391.48596361225833,4.322684056225101,24.52271776548797,60.67426691537428,2464.6947874647194,4.252624711418799,22.34641140432308,59.829839293650366,39.2929841798666,99.7741149248014,53.90879789274801,2231.8043247470127,79,2,Uncomplicated
9227.73111542651,137.86315832041436,110.33936231087901,87.10630984304463,173.8201974619639,127.4581958195553,119.71067370857905,105.26006419495491,74.78587609496911,189.00169011711696,90.95243505813977,111.17948540815627,56.19173083166338,7.542316526263179,7.990554426918818,151.16086251512925,450.5336049324855,202.25046101491102,5.2230039897379505,381.2759290021585,49.03594622971884,179.67199022487674,50.85413165838336,84.87104594036818,0.19055490320641924,1.246258667226614,41.90357160407058,11.486772479049025,0.5214938005492038,580.4681291356185,3431.141525060642,49.30311368622392,0.8551793732488174,32.467603547224044,614.0744811289903,3.4017664622535553,3.0725509647253375,384.52429372141523,5.992621557318204,136.5278924066227,2574.656567928704,2.8517649722837395,295.8558541904789,0.7479602497249832,5.352369042819657,119.95661513878622,1708.5075152377483,0.6474948649757344,21.004375990448754,7.038322330703731,24.40577172610594,0.05949446843140435,31.900896005863274,0.5351797377454126,699.0073090149241,24.723950253187095,-9.551558515673818,0.21401086031719152,36.03152028242806,-2.7515461524832094,-21.77167964336502,4.466948206173107,27.715327693289247,55.46964191033244,2746.9839954275267,4.4738735086135115,30.09132774482086,59.26906156805313,82.47623753796286,99.43232330661024,114.21783433448476,2994.1647239705867,79,3,Uncomplicated
-48.70908861040357,0.9802961567976318,85.51673737826955,87.62938639894396,81.7441393543495,33.54390639880863,108.11419779907702,77.73592181697597,94.2998898190626,78.03761829282047,90.90012803764385,92.3937589764675,52.13373095374229,7.003830907096816,-0.7813966400066903,123.16467518548316,252.0984029999963,147.91410110397226,1.7396066210442847,11.368240839110403,64.53261775361814,91.82234908385362,55.63026265513873,47.67462746841526,0.1939508825936443,1.0,10.66389492097715,5.743206668371074,0.4919376079100441,72.94596434197359,2804.869043295735,29.375308426297835,0.6648782833781824,30.32194138184717,639.6327020146595,1.3045742893604286,2.4468718201735804,211.46565032231683,5.794985840599108,66.75231907894889,1230.002466602767,2.269609215959025,131.4565510168165,0.5822865194700388,4.795824693357212,53.40681877157665,652.7179283599719,0.4811846707360304,31.763423590271266,12.65943971306157,19.448640768898716,0.10215304982078505,41.29673373254079,2.187968730105648,274.30632477226425,33.830342602215545,7.516281056770403,0.29454802479769004,42.34108784829295,0.892152047784917,90.30655308179341,4.25706749840727,22.764387241357976,56.07640481386367,2266.32254928252,4.779026752387241,18.993096687166922,54.65897936055964,39.75489791619099,100.44892246810748,54.92261432393858,1950.6861973021778,80,1,Uncomplicated
3213.3021595349414,69.80671203903509,104.4939955714154,82.13595110626962,111.35698653983279,14.299400201065126,130.44602588667172,111.29447600852897,85.25222803349004,106.77364128998215,92.22316832952617,111.12507919250325,41.78071528666447,3.5590688953462175,5.051018805866706,113.80391188350444,341.45072574116193,243.33858824549554,0.20526929300864372,62.09598598560988,72.52572553911514,108.82600797805725,56.788547105764366,65.41590047628797,0.19558432905349682,1.010441369752116,12.293603736282323,16.47326908992324,0.33683059543639654,66.57984416037431,2806.817227050041,29.63638972168275,0.4896705154301688,37.62541379435783,593.5669290592798,1.442116409238845,2.4470013945607687,333.2357509111388,5.057895637799381,138.0359862012104,1869.312872659498,2.4900971848963094,346.72562763024786,0.9999911933128391,4.765971883632806,154.38814417169695,1792.5022314758726,0.8923557030231941,22.192689403598724,9.139022345570734,23.178031919460686,0.05882599756662664,33.93185178741126,-1.4930253010010759,631.9919482001465,20.96996846171342,9.933916657109624,0.5030110337105834,31.513144510179465,-0.2754579358977667,254.9480107851985,4.084991613700597,28.588168664439046,65.8508359914063,2853.52697356964,4.0569203087927,25.53318575554637,64.33599921427185,34.20690850105455,100.05528393480763,46.07692088218556,2574.562249739116,80,2,Uncomplicated
9997.726553169485,82.10794169057885,116.98711207282822,80.17955588275973,143.80185900266457,17.655470975660307,151.1366071411084,111.43630260814423,75.5299792028875,112.83273669157333,81.87276307732341,91.52756217722421,39.24095137187677,5.857656581662831,-0.8951452484316214,124.84680430452948,385.92295035829954,218.31429567819615,5.023197222237892,374.56937291613576,73.81801837490784,119.70887970423794,50.16915415160738,82.19362341796824,0.2125424057269267,1.0995406112729285,45.37480107344883,6.063565632994836,0.47958068272469834,570.1000151558867,3249.138618683278,42.381291077106425,0.4845362537728968,33.86473377949189,700.7395465400681,2.0970755417411557,2.267294423689315,295.558967371887,5.080209143364418,105.79412370641036,1798.6251126253787,2.2458183672334644,267.55384519692916,0.8778606239072307,4.626682210781271,112.72435227740276,1415.730764284989,0.7832566072730225,28.77162868222708,12.356195005990482,-14.536491868943358,-0.019770632349487643,41.50379734327649,-4.529864763916713,144.0192420235137,34.139818210487924,-38.92110163394683,-0.0071344706043604544,45.5719822970089,-7.559821411048167,-306.67984622640734,3.094137090314188,30.646337672706593,66.30652958501996,3080.068981951908,3.127121841424405,31.45565320349424,67.68099469244089,56.29916166268802,99.12844061675742,73.34962454786947,3105.644082322561,80,3,Uncomplicated
212.330254708408,0.025645603312451914,90.71265462256197,78.08893978362485,82.35843655839643,111.47196504931036,99.73429161369788,94.60603423792196,76.37869056562367,54.28598579912685,86.92895248291333,146.94044356479094,53.15475992700263,16.3119577118117,15.122873330317319,237.02797255468244,278.92966691820067,211.57126485734008,5.314344304867102,12.309564187879896,47.071100982752114,58.399139466348416,93.99798625310888,38.51737970084462,0.14252515423391693,1.0,11.656978654673907,12.241541411212687,0.6013394348549509,38.26286294919106,2624.48769780181,33.24758147465836,0.8061214596973851,33.54098262677653,646.5664942195792,1.9756649858747635,2.5074695430930225,325.21629958581383,4.912014006206259,125.18551483872899,1788.3801719541902,1.9723444736435543,154.5176934802413,0.46952554554274495,4.234245130695316,69.98327210837772,717.3742626502477,0.42877346769819624,27.931944607367154,11.554816134797447,27.362201257980423,0.05309332693784079,37.95793931881926,3.1007486140012253,318.44740588693696,30.28702353625333,8.151252220278398,0.26039714660414803,40.308298845574036,0.7758213956513604,121.49652005882733,4.981722624286229,26.39650597510414,54.17036309501113,2656.630416772917,5.044343994286151,23.438198330881107,52.66828551179948,76.46812568484559,99.80758580275385,107.0085069068449,2349.503907337007,81,1,Uncomplicated
859.2318604221755,38.59467202047658,103.27834207179805,80.65774629063213,50.50707086993425,126.01268767693851,107.12473022329613,92.09260028766228,88.96389664905064,67.72522611220974,80.71393045751203,128.06374198344676,57.03789886822197,8.288401480175603,12.250141308233191,169.1056986675244,374.36830884772047,231.03582996223253,0.833615847343803,1.4792789982937506,61.50349318414076,81.48002763090574,94.66397418170874,57.72299917703395,0.15313457476570858,1.0854382789478643,11.85400895167666,-2.679113296966735,0.5279538775922115,47.79574723588935,2478.717856995848,49.64439784860858,0.5572884401902001,34.735664166669615,580.2112427642613,1.8838081555124135,2.4452208154033164,424.05938093956183,4.896335312677552,172.41916648905575,2445.408366955675,2.2984153762139434,297.25618012960365,0.672813240431886,4.51708858880988,135.93113258839807,1427.3590064724797,0.5810743990630417,21.651874266633442,9.17576473532798,100.69455829800127,0.2668222222734562,28.620282136009966,21.805920891664137,847.38820110735,25.115850240575405,45.954206915125546,0.44548186151100155,32.80204336036961,6.910228685025125,577.6410195571607,3.923519555980843,31.801085483187276,70.9822712733359,3210.054934841841,3.811830526691719,29.924610425541054,69.68671359157676,49.28541472463364,99.80419430320457,65.24052320872038,3004.8668500305694,81,2,Uncomplicated
12660.94116651084,182.36425735613,110.7013884720656,92.75540405815399,104.87672440717041,213.06255350840766,131.31635649061207,101.14462224190414,62.62884781463151,84.56027441277551,93.270801002372,122.17938894485766,73.6536677981374,7.75039245253226,28.62010576345375,157.9233685048049,493.67291027006195,233.09190983424264,5.410934638082438,704.9890341212425,63.01866004101941,126.65993777279242,40.8463760880715,73.14683105796428,0.14628538958118473,1.042816533518141,37.66275109127489,9.902723795023444,0.43946476563179393,558.5372134640771,3537.289848801466,50.901379646168195,1.2049815595476003,34.48084589475451,723.6117125972858,2.700615931386487,3.3053440120017807,328.4278428044481,6.368846390044435,109.78358663313023,2141.228648253774,3.11973184319571,187.75861120445836,0.5613178279511789,5.527980721851144,81.69872971572919,890.7707860449271,0.41525885656852635,27.858149746291744,9.151281662129563,0.7387565247560275,0.015681034495447554,36.03915982854312,-0.7710773377684941,151.57218430385308,32.12503896899942,11.13175058673151,0.622080814038451,38.41800510566076,2.4033487384294068,48.149072808643155,5.315603604330479,33.11280300900363,58.127704892112725,3311.5814962556324,5.49117263210374,33.88891233436492,62.15902189105733,87.57516336936521,100.14668824477265,119.80275164178198,3351.152334364994,81,3,Uncomplicated
158.75578392973293,0.9145629061941738,95.25706360751056,90.8436212511703,118.67692996696306,60.56835017798978,98.20861936820211,79.10849718067453,77.0136991890314,85.11902411049618,83.66416585004494,156.4311410662247,36.05966039666407,19.708344100423624,7.867713373354569,193.2539523930629,295.3803560055329,182.1142206806585,-0.0837572710757497,13.116399821810198,46.84476673115678,90.23058134330391,69.80914667892327,41.11989168821303,0.1459331356568245,1.0,8.193274613995547,26.948815113474897,-0.1378629867828387,-42.756312773033855,1631.1550176106969,36.49601158088945,0.7594305579737475,30.38717455329216,143.64415982403028,1.9585584430737988,3.037093056152657,312.92415709767647,6.177126146792967,105.74376778896603,1855.9017769747352,2.4335384772681303,102.71060705057684,0.2951085541219337,4.763486617904739,44.19807542911111,420.9318865574884,0.2208377988939071,15.99867321462616,4.158064609423142,69.54404388945088,0.22875636274920638,24.169283284308694,8.843955255527396,809.0541115226613,18.872387654086836,29.293297931567004,0.4176658006453839,27.250880635713646,3.3140758010382223,376.4772439115403,5.3272635081845685,28.690872234192017,59.32125086858871,2878.5164128824517,5.294961131429431,20.38607348975796,51.62922871834844,10.310988039895228,99.83441346008554,25.600560067887788,2078.4917116110114,82,1,Uncomplicated
4297.005203823585,-19.565628602819935,116.113522471323,80.1885881386312,123.29912456116914,132.6701924973407,122.12260199747821,95.56654580106522,79.94181777213498,149.39672999917252,79.2971213208056,134.57091991858252,26.782686410398036,9.11450859890223,11.115259615452896,84.84413962160774,334.3470475649731,227.10959389853957,1.1311202655298989,-10.909212210654864,58.93081909220417,84.56261497413308,87.33773085170945,47.24091011225817,0.13766765998003064,0.9924796550037032,11.03997236724705,4.294011221209112,-0.08960087658631793,13.030687204674766,1996.1615156425953,10.740983845989614,0.7155544889419532,24.483475153673684,197.8449493442415,2.2917895839637223,2.5926628720240106,435.8075121775765,5.510645090498876,136.9516489674833,2914.0310833528333,2.5598603460673353,283.68384490516326,0.6798493663246571,4.86198557180989,118.50255530588922,1591.649938916744,0.5507679637840748,24.69791901665569,9.367706621817392,18.66285087327754,0.035741240312544054,34.63026986962848,2.072309299960799,437.873466899692,23.54031690530706,11.722629257250661,0.4604818439320596,33.75171468629435,0.9146524942763992,240.6743088969784,3.470854137515669,28.504406051192042,59.689743107734145,2888.4682692933306,3.6910751155636037,24.074190268860896,57.920096490139294,27.13506043014304,99.66867802061599,34.44829976283815,2362.033532881619,82,2,Uncomplicated
8492.446047280224,53.00652055335989,109.307393712074,89.2378829244176,196.1116068308788,176.46869024617644,135.20449594049464,110.80348793239081,65.21418080100554,140.23905530270594,85.38960048908119,134.91453193595905,40.3804126923848,10.398054717695622,25.506112913328685,123.33312213810646,393.04281428533375,244.24902028287798,6.602036266359178,65.1233969796553,91.29695977456691,135.3047050082392,51.2805679372571,63.728110320546065,0.16204381324981224,1.1890064916113088,14.332237011669708,11.480611653196789,0.2038064827089755,565.4737342439968,2210.124764505955,60.41720256374255,1.6189458123729294,22.798312501897342,366.5045843940675,3.5293986351724174,3.0959683470787396,399.5574834332802,5.364474930110903,172.6588239688984,2343.2742484508803,2.8141732832592163,309.8053134054236,0.7649248400886215,4.884705291790839,149.2474475337299,1539.6490095695053,0.6329724316753955,17.2700607634823,4.7483837512996,76.10903923818745,0.20958834127237227,21.419508293209063,8.762012850060442,1417.1409901126053,17.954044231839433,27.752644613724453,0.5015241453878193,24.98553399042237,3.862582020897159,410.26789767042874,5.043635258737411,25.282156900205894,59.85008877816774,2539.1228951077064,4.6420576102778535,30.539386835209555,62.74261478972019,63.66473304586313,100.05231236947034,88.62178994373842,3041.533101544507,82,3,Uncomplicated
520.8793388477319,0.26127433455671933,82.92166227493684,82.99376085676043,92.32577852754298,104.34942125285349,70.42737011967665,100.63177048088131,41.25924791146299,123.60346291973349,80.17810443340747,127.13606110610793,50.5953614587481,14.66262944237922,15.708986072834126,172.031674128733,296.90481763980296,155.60172867897094,-1.3359960577754173,0.19248698062786662,29.16664319663347,50.37552536952613,73.99711615671659,35.45545923204995,0.11406604400134038,1.0,5.794529044093508,3.560785583413529,0.4567365754165665,3.768965394225418,3184.2706937836924,25.604471617759565,0.9565674096080411,38.15779637977833,641.7915915198254,2.3599812905667616,2.891797519234541,257.05152620210316,6.2999427110892645,71.71701825376594,1681.5898706267194,2.7228707034081987,102.16258005257109,0.4189214065511843,5.217015499768291,41.26041843444765,563.3932858846238,0.3231888707782534,20.97501571682139,7.126023941544769,-4.858854917817986,-0.012763162999307576,30.917724605053365,-1.8022337588975015,135.09961323868635,23.052297612771916,1.4086702503623023,0.503752335413808,32.861326249214684,-0.19277487301626506,49.55582444721412,5.791475889952727,27.39551936663726,48.091238230171854,2748.5064533998043,6.0725779236757145,21.693501246096943,54.32287407476477,5.846514205632165,99.98147227010828,7.291582451858609,2136.254359544621,83,1,Uncomplicated
2806.823603761072,54.15667104986919,105.66028038816366,93.79391303283987,145.9488348643398,151.78530305350435,117.6109768426478,120.40326295802765,67.59408797419901,144.50879665271034,88.54185452372086,126.14639636257105,44.179625587895586,11.462078039939783,20.37404724715156,169.63388951644043,445.9426646370524,213.4014938923498,0.5810217318919696,62.54356771734207,45.12366567028665,61.882336707511605,72.32397989386662,63.98015185519708,0.13873646083814045,1.1721637021739197,10.827283527151096,1.7215302686753198,0.38263050319531483,33.54827665431754,3193.6744400848743,13.228617918312622,0.8540669096127066,37.979237407890906,575.8283127002736,2.530309829548471,3.2374960915136324,351.67998647074904,6.279180788750132,123.6557441051351,2397.3492522312426,3.077257313148655,222.1993238668411,0.6536072995950666,5.719943022721966,84.11532184291366,1207.2202527456782,0.5048897552926288,22.3359718245441,6.507188726267895,24.816149000191338,0.08786857261174731,32.5578869288053,-0.5353709529182051,685.0924347378252,25.105023107909208,18.74175432407307,0.3983318534027179,35.08590777418537,3.335061726765415,252.04991343301612,4.718575911127202,34.875865734361625,59.40805330377528,3502.1726098620056,4.87904602485615,31.064461203137263,59.081166761753636,23.79296316668698,100.31156387802022,33.89008852829777,3152.242249934237,83,2,Uncomplicated
9755.438625126126,165.7426872435246,110.1538190517212,107.08837927536067,215.69812798545763,195.4806154054597,121.32960111178609,139.43841147111064,41.01916099374846,227.02289664780983,80.34936118589786,119.67986823061142,52.65690718085804,13.174900416863956,44.02148703132431,170.47026580455793,407.49751089790556,235.32180668323866,3.5853302063027046,563.2835681026846,51.19094026715536,91.88239929176652,79.41243242099722,66.77363991848615,0.16242764383139868,1.3654098348578132,26.612489815076614,0.6989175858976928,0.7138355761117556,677.6923190889206,3544.0863573524534,25.440573877968934,0.6908738065465538,38.221511648211596,658.2582397503995,2.7174115739456686,2.5278591461896776,401.8790776835321,5.4245698365300274,142.7193782813561,2350.9013728029454,2.606899384456045,277.18485356276085,0.693734788553833,4.852406833132559,123.74698168215123,1450.3177384144742,0.6014949877042006,15.592336439250516,5.848829626536054,71.76005655886941,0.18781016929041752,25.231111826165087,7.350655616261213,1285.675448251242,16.069874861588982,40.4759813926466,0.4659790820533503,27.113405677205304,4.180260736232955,722.389820715949,3.9104669314936387,33.67702494774064,66.4894047700066,3340.6811715003555,3.9380604816409956,34.46612151839631,68.832609392822,56.58471955268706,100.54326059813869,69.45035724363571,3461.366169896557,83,3,Uncomplicated
19.79825670032028,0.04313091013436976,104.68761320250205,97.45072917341467,106.81176852130483,162.4270276383793,127.60405095166476,106.78240765972353,103.3406136649903,164.455414306172,102.3243827306825,136.61130291253477,58.52871950619502,17.1695826662822,18.386355184269256,227.72071823140232,325.83360424091455,234.38526348220685,1.5039944331076567,2.1337819026166622,46.49189672152953,103.45096276139316,76.65786416855889,43.237530332241946,0.13187236897560814,1.0,10.1027002605648,27.284119543794915,0.5571733991776512,13.801802178082841,2719.6756976500124,25.84796404573401,1.0605214647581584,33.45731656915297,496.65450455054014,2.019479251181448,3.02685055895748,310.4498186144309,6.044250235255487,106.57837033474382,1858.0815877260638,2.7401228052243307,134.63321052691555,0.4195120367384325,4.999435707807104,62.063146990652186,586.0100670953296,0.324975990316467,20.96990474865133,7.226483228125999,45.50817417960201,0.14775493732250405,27.611619470509304,6.253622322732628,556.2005833202794,26.801168881199487,17.125416417693124,0.33519457194328806,34.241806416715775,2.168247211201161,220.3739846458319,5.774948020579867,25.371067656146316,53.2758369717261,2538.772404875371,5.691188212633597,23.48189885306655,51.22404980359331,47.31386405414038,99.4216728368832,68.6107263309642,2354.765825708858,84,1,Uncomplicated
3825.4328960087905,3.663917845251369,110.0057617841365,77.61119173144519,110.86223634781973,159.4476977650415,128.53485931487313,107.86178299144073,99.96031198108814,187.8354147011891,84.1390546229794,118.88319030877726,43.12275126334353,7.807750165922565,18.251547007698314,157.04260043700432,342.62863609514807,264.863385111589,0.7322016232624001,19.903500065263717,51.590800370744105,110.76943949992031,70.65898642503917,53.393276549764,0.1582570884941768,1.1880768058188507,14.561751281770059,9.825166179614051,0.4170228627146146,33.548960040758146,2549.391809444748,29.034063339112386,0.6937564540524375,30.272407505477545,406.5500354922895,1.7870525078995703,2.7679706547491243,444.518923192999,5.209193127426562,187.8113289816751,2804.519221766609,2.5082258135378113,293.89760374613644,0.6577944413691217,4.971310045113844,124.08870863073398,1558.0117152553103,0.5651228948124639,17.671806716646447,6.212338554272432,111.23033369192677,0.27262282690492606,23.498194136462654,23.14066522986078,1192.4608175167316,22.462591880751663,60.47731285601205,0.4896875420525669,28.641906981801544,10.154159245737961,767.3361964958906,3.9895380366115236,28.5131298090152,64.04160996043001,2812.444185878229,3.9700734521626053,26.99014471328065,64.81615169162423,50.72791662857799,100.11848976700568,62.042175757356745,2689.258531467932,84,2,Uncomplicated
15764.76014139997,94.983587453805,118.74094061485388,86.49717661728542,177.284938825652,229.3298027612762,138.93005587642804,118.32321199759828,65.80404060040296,206.87096466962575,91.59315463835243,99.25544285223332,59.451146329960565,7.596935064014774,45.0778405057381,145.42369331738863,440.0823231311115,302.04914688218975,6.74373055558417,368.21498133963155,64.75654942496612,157.3318073711532,47.24226227195135,64.2185755156094,0.14467122444598798,1.1158253691861562,41.83201365958551,3.628928602031354,0.9391728109219457,344.57615683727624,3341.646231502551,41.99157341811018,1.0955448076526841,32.98576568258947,476.3026707871302,2.239582483779321,2.8804996963219844,439.5106534397863,5.33180568399315,182.7686074398357,2476.9756474884043,2.926425370136873,362.407043062148,0.8308297061872142,4.996491384772908,174.48536994464394,1826.2799510913571,0.7359220159932547,19.0011813251691,6.611068519290277,88.57028875787874,0.2102975718607134,25.195658161573625,13.765412367681822,1409.0745467563117,24.136710366376068,38.53018662924545,0.4311190644772813,31.37255429705097,6.041862821463547,554.2017602005249,4.1464144912575716,31.79401265198394,69.47451302507747,3191.0161260848386,4.118030276574266,33.558748397169005,70.32525502997109,84.6819645013832,99.8528388741919,111.7261005099468,3355.5888269671973,84,3,Uncomplicated
286.01778041253584,-0.4822621301623516,89.05613733159296,53.49295125811595,74.32104657439574,125.17603889582472,68.17813095252086,97.7201053491573,76.76654936280903,146.76250888493303,79.57529262065361,119.89760455521046,51.12461746638134,14.188394767300041,16.479314335982746,222.53613916467515,266.7715396104291,146.33760010934827,3.8176609000971533,-2.4756242755233613,11.909443769610434,21.00001653533188,70.2058993624011,20.98850784901247,0.07213622542094042,1.0,7.832823658755547,-6.47241570517064,0.7185402521461296,54.21479598116088,2828.358565676837,21.087855672360337,0.8405688115313125,27.314142606432455,731.2238547492357,2.197919239496082,2.138216491314315,323.7025218666946,4.752401054650988,113.61870279591554,1908.0765758876641,2.1320556209783557,192.36011125234458,0.6313337179659404,4.460928668914419,83.4136272208657,992.2650566840135,0.5443759695027137,26.95759278293237,12.375394329125212,-6.745039176943074,-0.04974618295003569,36.24019525727254,-1.4170876582309813,53.739371538999706,30.978756940097142,-5.38563814978763,0.38106629547482535,40.67223958692696,-0.9202253909565581,-52.86403825740743,6.255461499251512,23.200999632930092,45.00383785486726,2324.405954617333,6.305510306167939,21.887451643023812,49.32511386819826,74.85702210303302,99.75531766991811,106.55670799738654,2161.321638300563,85,1,Uncomplicated
-263.1892383957552,39.70484011198837,90.40450696637355,69.89671207403111,68.23252644675166,130.46974108395443,98.5373770791066,95.95959028820552,87.52948716258722,173.9464897192614,84.79179448683344,122.27467530807797,57.97338972498815,9.780292131435651,18.239939772917843,203.65372920313175,386.7126926933797,150.82469905968338,0.5876579353636322,66.20441909055923,36.768044762336686,40.343430616065156,71.26966644103031,43.116615221718554,0.1023406933293648,1.2227296471065798,7.301237886149899,3.0919875139138506,0.49518422527906947,50.99734934612401,2473.2558944053594,31.431430447801176,0.5758992086222416,30.251112210579038,585.5409864681853,2.2842421796176775,2.5260660515247713,423.51609372501616,5.18321350756063,179.35504323295987,2622.4264554329416,2.483989560627771,346.36929626335086,0.818459480936005,5.034929159288108,142.16183429159378,1831.6451676017953,0.712040515618305,19.17068870736715,7.864133510403789,67.71006641360854,0.17472791877171426,28.307631481656852,8.06391092504056,1038.583879358702,23.53044515875893,38.46803541971986,0.3755443427233129,31.98040789976141,6.561268588135979,469.412575500526,4.955551988745404,29.79157924741179,62.1047313853972,2989.000371578877,4.921351879233835,26.665996801864484,62.725856577577034,47.1247512437597,100.16142492194557,66.89596987873364,2783.5193044356206,85,2,Uncomplicated
10188.3761844899,171.7915631274368,93.25619997975664,82.38956790728284,135.08507493915278,197.45719096644294,108.46619641191373,106.36147294938208,62.773489338738315,260.58824408444286,91.37615026254655,128.16016954749665,64.71627991827181,8.76201166492572,25.578452224171773,186.48831989445844,414.6325744302818,182.2592239949309,1.0672970437787401,901.5123595416503,31.515512589156828,75.95841794416899,58.46846149161521,47.91396783460273,0.11412799903839971,1.3361282403794628,32.4052401788848,3.820267990174427,0.5446066648363664,676.619304517285,3055.3108212887137,32.08387950763653,0.2568224632850574,28.38011603751904,616.557971260865,2.768366102114499,2.5313860542791344,396.5216878101204,5.594239064937939,135.3906581749975,2462.8992465883707,2.3888044179630814,240.0584677013818,0.5541133022132008,5.059045074737589,85.42415283015131,1372.1077171521033,0.5085762670016264,17.525008812576374,7.381857963742336,23.385260937216685,0.053259343290877365,28.52622639981803,-0.9059688058115132,729.7120443795203,23.200885310183075,14.74418875902586,0.4094508753901881,31.568676755165047,0.9574430055874528,248.16155060076017,4.194163452469558,29.514866467563593,56.590277061046606,2902.7902283858884,4.549564404584665,29.187512553026895,59.26802912686716,57.51036399307655,100.45826938516278,81.62357366687469,2913.3310689908835,85,3,Uncomplicated
355.7885237801288,-0.10052523834137489,86.40626892960833,116.24542684861602,88.27782276524428,93.77781689850335,69.7422669366007,84.87991972581617,46.53679610824549,88.46701384857799,92.42511167037158,111.0570088991601,52.193479270579864,14.179884570542237,12.245183672500621,154.7841933050812,218.83970673076854,156.81510591038267,-0.5624031287375402,5.420666802952534,68.39772092659202,65.78648806610076,79.67029751633325,34.63091802735389,0.1537073898746841,1.0,9.667227684277105,-0.011339460209695673,0.27856995324741696,-0.05988393149428006,3341.861145036015,27.60674294924831,0.9499544280333736,37.556680872706714,448.8564718482302,2.0491417781840258,2.4631690147870184,201.76333399310218,5.9401984103768335,55.328387079303496,1310.1862051808314,2.313447321584166,107.04405407136997,0.5231474348809738,4.867788136252505,40.320111608354374,596.8291045502247,0.43886527148775684,20.65409747537954,7.800379695836409,-5.499850014338442,0.02516934149866909,30.30603514939013,-1.1070560286085245,110.44827072605784,22.215650068145475,-0.8443714313291579,0.4200868369077998,32.202790106529804,-0.07417144547634313,22.605743322462075,4.888466958865381,20.30785984235945,46.24668542557304,2038.8990685810375,5.00760808267196,17.33565865043276,48.09516085953744,35.608753835771,99.91119162081029,52.93704343345734,1702.4567103958382,86,1,Uncomplicated
1624.4899764895263,119.37957049524215,95.73651946716069,111.99767751521941,95.98917966418668,103.30796145578586,79.4155923106953,96.68131248407514,49.9494377725829,118.14482146485616,82.57307548045186,79.96379130732944,50.10504899948823,9.905659490288386,13.868493996769184,157.63077132904462,284.0605833947287,164.58954857843196,0.4040205335894945,47.00664373130745,89.10545902633746,66.26006113520235,71.48174660084804,52.98316402055766,0.1842227689891934,1.2024850711265669,12.56756849285144,3.8569503540133985,0.36039628604747326,43.978163285532844,3359.834326439828,9.060617118462506,0.5743552476501803,34.37551731547298,435.1980996685883,2.177815220096103,2.474965668491605,286.81595882302355,5.247247693488733,93.97163316186567,1825.7278260411965,2.276251973583315,225.87072921400292,0.7961099629086918,4.9204483173335865,77.62930920564403,1234.8183359749337,0.6925309457316362,15.656156651453472,6.371498202586245,87.98192574561826,0.28852959483302654,24.370339368412722,18.27000100870877,968.5466889466425,18.25135221972093,43.73835837288635,0.4992553464855613,26.604730072479253,6.445165553961152,627.3104861655939,3.679787739742345,24.863568904643678,58.45843666333903,2507.973601792596,3.8152625088984977,24.065625250608328,57.56793994652654,38.8128135640235,99.9411248517652,52.630133194936136,2438.9614923383283,86,2,Uncomplicated
12170.81400992451,193.90190646066105,126.58552527886182,138.12654410221052,165.44089678368238,171.44062555274127,109.04679667157521,120.46634493520344,57.10998437572761,204.0883301827554,86.71957009328368,90.75120891664915,75.29450562112278,12.322834462328853,35.64685183933523,136.64501537446043,356.171433301375,235.44975050724466,3.5670572273919827,524.0300323841534,80.36948288539924,105.55880235693049,79.57814660469973,74.48396442568105,0.19461508135125738,1.2801082105912582,29.819951079508648,13.827990429898652,0.5242969275156115,373.08016517340957,3782.263669604607,24.730102667399677,0.5885546872424163,38.739105187980684,572.7820331930516,2.007391733664229,2.595083595344026,301.99544225691767,5.91465260624829,85.83508190087079,2103.0213170278867,2.4899692373826134,215.21893556001132,0.7171698794454837,4.940360150351895,92.71661572061434,1194.2374458965933,0.5795786908103085,9.670782946628794,3.320492143079831,131.36713068560124,0.37604261068131706,16.991885052758995,21.006462573446697,1697.4598396377103,6.283867972025741,90.86454886369464,0.8417079064608767,15.573731768515463,13.490833481099022,1335.8838562872374,3.2957332057419686,30.880570717050045,67.79161551165558,3084.9138069218125,3.1777501379980464,33.05528930875115,70.43767696464687,96.31047926487776,99.39213928271711,119.70096846434502,3314.6366019467896,86,3,Uncomplicated
306.2659379552332,0.4721401935947084,80.57327708102505,66.64913922629074,84.56101111067633,165.90023612180858,106.43144741947981,99.4989399636629,98.19478277564545,188.19532758774582,90.63149080906715,93.63069679098231,52.03834967562736,12.443198279077365,18.857926784689504,159.60770046569382,296.05454449679274,181.77175638246862,-0.5486842202942779,-4.326759998143771,12.913737118678718,98.62236244715511,69.80233902770433,29.27163270622018,0.09739293759681479,1.0,11.046697726915665,24.07689031632329,0.7528252444098467,48.91178058510336,2910.4852905903535,33.140074851140355,0.6283389561806012,24.59206364742528,672.436332947346,1.891340653742426,2.9277255375071167,281.193225351594,5.855732726389919,97.34170421105573,1607.182104635256,3.0097801665024573,132.63142312661773,0.4593981847627908,5.1376898231337655,65.61329930973352,585.1421705010996,0.373274747036687,23.898621247181786,9.193140696665562,59.02573015474397,0.2120509790793226,29.029270962028082,8.205543143486643,687.8419242520948,32.596166108814856,24.130292373583284,0.3885336083332655,38.13737581343903,3.1609019987758717,293.8709022146001,5.812816904454438,20.629527263964157,51.41730012514413,2056.5245075893986,5.851064821717964,18.521429662359246,53.91032480705111,9.995856036565424,99.56378929385086,13.43582671672958,1901.2807896589536,87,1,Uncomplicated
3447.0537210062894,-19.292044024229142,87.45180600809624,60.07353525458589,104.4575781191046,136.30156871593843,118.07060825455244,107.61809993374915,94.61029537206072,211.80530796075527,88.17580826365761,104.61027014175944,42.094005676776966,9.421041730112359,24.973555888748944,146.4348847593411,350.0009095422624,212.06505013669207,0.7742113631638168,49.67350027534108,6.107568051186838,117.0375839003562,57.21919169388184,45.27258020739198,0.13285860104919556,1.3220770882106918,13.279770826119726,12.036376787582153,0.7156014948056189,55.56778604195236,2675.616763284986,50.66693439788086,0.5627648104309192,26.672877046523993,544.9862157904812,1.8305920855655593,3.0710163942627564,357.68157903002594,5.715015582620761,162.1472275407628,2257.979437949534,2.7276764070326704,226.66464259938004,0.6004055852942126,5.218793376078892,99.64842553850225,1183.9813771832396,0.5132977352835344,17.168308631051516,5.03638482671067,68.76191132812397,0.16565208390131175,23.702921111364514,5.915150886191464,1272.093226311478,21.911099736344624,49.933209242085766,0.5449168909188564,28.433521500421925,8.665583777880876,616.7601642056604,4.957802076828545,26.388749919987717,60.309429652077284,2598.307583275123,4.812593256125243,23.07408967494946,60.27390269454973,31.848031683167676,100.11643456130302,44.168105390295175,2335.140234593083,87,2,Uncomplicated
12272.846858144287,109.54768368303152,85.96545751106365,59.77949560546703,168.47194610114485,190.65205509729083,106.12986387943222,114.89845469821549,65.84992936952091,222.31469960371408,84.28925262856644,92.66714905152251,45.48602693076074,7.345435922379283,36.5709903642868,146.55572769326412,370.3743468349196,236.192351677753,5.084462499006007,312.47769407231334,22.286278935010138,146.7042551112961,41.529016316241474,42.0888086699726,0.1257622961065492,1.297899642628533,46.04256852150795,4.8118664015865535,1.051479137328108,592.2636239665464,3314.3705645008836,42.537813478944635,0.7372232480255857,28.046781599578203,627.1719878319974,2.6825607083510965,2.243462545608009,438.6091651021185,4.387223466914911,191.4873673384098,2270.8805499252285,2.5271418502062626,380.14475070196977,0.9054811380040078,4.495164159338952,178.67819686528196,1914.2117175143235,0.8465852774026775,16.286346415989055,7.61525351160463,94.0760195031546,0.2340366743518599,24.731157671762976,12.821990912023976,1463.5257886832358,24.377351583422637,50.99239270605659,0.30437120177730825,31.806954110872805,7.335819086313201,721.6975605788812,3.7803210725718337,25.618775689599598,68.14410275335949,2550.0947962728715,3.820026853386523,25.487595899658146,68.25620318145593,24.643612723713623,100.07651665127968,36.223845770927475,2539.898942391654,87,3,Uncomplicated
280.22217304911965,1.1006713715225527,76.76544449291752,76.32542149353922,95.05261144067447,95.54083209732225,118.08610300289631,87.74020580789805,70.79662003990987,126.09921328735892,86.65191523758553,100.87811701096236,48.55695426850251,11.434352506492937,12.933001134324018,97.60998411856914,259.3559230526412,141.6036493599267,-1.106759971981402,3.811987710527231,47.49132506429503,71.5036498748529,64.85686896982743,31.939584360539392,0.13724378726872694,1.0,4.3976374316526705,21.315225231559673,0.567347961536176,10.099707711516945,2252.374444626264,32.3259532991937,0.2654118713294502,24.221692081723795,450.37262254322343,1.8881439771577806,2.7612909716689984,223.3183350009284,6.214355255551369,63.63829744521593,1352.3549247918759,2.6989309365367258,87.10238153669198,0.4063295180882692,4.902251051205384,42.92147131839878,413.26099827999803,0.3152880017553179,21.138124222857723,8.19083017411468,48.45057836723676,0.2191941648083285,28.627301618493156,6.454687422500973,653.1849395045223,28.547040851791838,22.43859749109476,0.41672335963949647,35.8062856070064,2.891260836152899,303.58951304890934,4.7238226058098185,23.74563363163319,58.38534414497149,2362.1398741209136,5.138230637778973,16.23643202535245,54.73905980225197,-7.813275966521175,99.38073634575258,-3.7107515156268747,1637.8437176713524,88,1,Uncomplicated
5396.148588521493,53.94097177451853,105.46855186391632,82.19097464364164,153.64880487830368,125.72539629509929,161.79868495205656,114.8181713352427,85.90032032274694,198.3604039169454,97.80871731143394,118.99235592434204,30.977326269503738,8.685127663680555,28.63160617848576,83.5173311875771,398.1988919422794,199.41843283541053,0.11566142669160051,42.06830058274523,56.33358067107165,71.2577407402797,61.06272877074277,64.27000327364682,0.1634552470155773,1.2851866261505203,6.5164806397610535,8.372660163094505,0.5079817783640901,48.56661163847611,2440.7676284407557,29.536454245212305,0.4455617514973752,19.538930746272037,407.448036785978,1.8721661469847435,2.8539172664063392,291.45900865409106,5.490064050776149,124.36355217707731,1797.8162975548971,2.4281917073721155,180.69682599237464,0.6507574525985375,4.8059096855925985,77.70144994485013,923.3248189615317,0.54503145356069,23.66648336071132,8.27536358573833,-7.110297342600553,-0.007746180065171526,33.594593510500474,-11.932261199706758,800.0897291551671,23.1658297228538,30.000266441421346,0.7108034584522649,31.840760375981652,5.728681009294028,415.38028016650156,3.239023663476117,28.29701648250298,60.92945431312569,2874.161600635534,3.4646332951500716,25.080094640581752,61.4313587971696,17.794170500524785,100.30149450226287,26.408797016889977,2540.8225869305847,88,2,Uncomplicated
11371.405743572597,88.7908672374075,101.79384675588811,94.7570052121489,201.00137135988817,168.70824620351718,167.7479895195101,135.0826478718627,91.72926675921921,221.47914946903967,86.14977861312119,107.3648263849559,40.00079506759762,10.482852562165096,39.025396208156366,119.3204449358096,317.1177281029539,250.12509671942323,3.4839399987573616,-110.03157324859382,74.64425761872431,78.44513948018614,62.00428534468637,58.27994116144983,0.18285475241069826,1.436020676222317,12.120717980007402,16.48392171033582,0.8360578798828623,729.8166153248374,2205.356207417778,37.413246477593425,0.2819563787163143,17.597071844700125,470.7449650008417,2.108573150459134,2.0992548045104495,330.50207376622876,4.563782301570541,138.51808758151677,1648.0544976250571,2.2069529079911256,245.19465523265436,0.764758620675348,4.090406179211352,131.98006474638203,1068.575138395287,0.6631483414837853,14.143802288271237,6.292898070403467,49.53737481547924,0.16732257496422007,25.28863218222801,2.562983457214983,1023.1994818618354,16.56783699331865,18.136881917926406,0.272322437921911,28.747905335709028,1.2435762594386714,418.5073227882601,2.2142593049672072,22.55833752564507,69.69384237225321,2237.2836190286744,1.801026722831188,28.21970828232808,72.65160896628647,60.43131322291319,99.58764856339833,73.56946626730743,2769.234547798789,88,3,Uncomplicated
229.5550545208785,1.018826840937736,76.5523780120027,68.71943126453037,94.09753814804438,52.39912794821071,100.22101169224595,76.68293625763025,100.09778540042488,101.01150445652209,80.96616083591003,99.8737694234153,31.47860660527219,8.299654770602086,2.9929694667776516,144.27663615897202,261.094277401015,121.71490054198372,1.5786136788501728,6.7156495615958764,39.35960050561023,78.67721854665554,48.61841438533968,36.22667816543374,0.1432403220937837,1.0,9.299802118295137,5.0534262464504565,0.4080872586521272,51.125140346685605,2737.736166846405,30.41157867563803,0.5849092102405422,30.8339286681417,653.2371932746396,1.9015002117449171,2.4737144247321194,234.5106800581607,5.5469918865574295,79.00515588354199,1376.2973455364217,2.3441404604911438,122.74622521668954,0.5189721180609458,4.720952110580797,51.996345458482466,594.7463864135805,0.4210661852894692,24.518082381400063,9.936391116643303,29.39501555803641,0.13403708783163668,33.64882248271662,3.5085373144302316,432.5244257894732,26.104296139354428,15.12639274192411,0.4816822921618446,33.807317951264295,1.8175783365045806,208.38507820055182,4.8448311104888555,21.856566251931078,54.75825177567247,2198.7147782404204,5.0925547786584655,18.618141038947734,55.17349377475716,32.23515807104519,100.14375002089861,48.59398844682215,1899.9286879284618,89,1,Uncomplicated
2388.2598683389833,-3.5280200609724304,96.87777793342153,70.02944651360897,128.54408702032572,62.67830213236597,140.93327854764172,100.09494804148054,98.55599086674812,138.97064019679925,90.36259600450782,128.91527153360494,29.57077368366268,6.208496253403284,11.739070650384111,138.29634464792878,394.44515792317543,196.52184302316982,0.5314464643031749,60.451134257812335,51.364080577750705,91.11346221858562,58.25223880551732,60.09747779451853,0.15122194995502986,1.1193691280635518,11.605442212851095,10.422776912360222,0.2395562708074118,49.99441914971887,2674.7567442164595,31.932321389616202,0.5724153801533305,34.90169124946531,559.1984205810975,2.035888713206682,2.5923235664533815,334.841596002262,5.444455467373955,129.65533481275543,1997.6035455952378,2.5585417917111486,264.39632472007924,0.7732281282104281,4.848385912634268,120.2350528787616,1385.0112532947267,0.6775111743156907,25.182014348841356,9.811644122049199,-1.2612096021974466,0.0036549020484487327,36.66735182658236,-6.846896115143453,453.322729446487,24.688560093342062,-5.76462285435932,0.3653085907856191,35.88197421311891,-2.348903588465792,48.38557102058678,4.747909157022885,29.466104678633943,59.29248843884627,2961.843690849259,4.789148843806043,24.250172841313958,58.46487573799722,30.00233270141905,100.16345258010313,45.38066503486125,2478.014456854737,89,2,Uncomplicated
6886.97031647916,76.31784479591244,91.09530251212955,72.30828324670975,170.99002938238092,98.95669245581058,136.62343758494097,104.30871293570176,94.1088274956247,155.99887018811367,80.488666545755,102.40711655927554,23.51705654204284,6.055581064726685,5.544696689772007,137.73514921384572,386.4366659266738,184.03765037853736,4.274472163246543,307.00018808185735,52.56966915011385,113.80267633137052,51.83437736707453,61.45148087022133,0.164282344002902,1.2142274500122028,38.654053937175156,9.602616189086769,0.39545672469283266,637.0439199044688,2928.4905394672946,46.38253468964516,0.5387039696993579,29.843676952610252,672.0612227453818,2.9373647824929,2.177574941254053,349.1996267456416,4.516490768136985,147.09271648704853,1859.3210440349965,2.172589479193129,298.15572154898973,0.8518014716797493,4.394835431600756,131.67752775845972,1495.6917817953338,0.7829415613023283,22.02700982714207,9.781863123056837,27.364899859975402,0.08994760336119242,32.46226109978876,0.7486005739261667,644.8494493624414,26.99439019889524,3.845971153345083,0.17862660141229642,35.971658151435165,-0.8335663455328897,184.651856754559,3.1533609446311064,27.20478078413933,67.05765262077642,2711.0943354558335,3.0578612498942834,27.829584830287097,67.1733515201027,42.919690666407405,100.0038256799644,62.47700050726813,2763.3692203755145,89,3,Uncomplicated
217.9901428390214,0.2863849933577403,97.94730207593096,115.68953705054547,104.78393330971348,48.11929828772093,106.728895279021,89.82107866974394,92.45947890810776,111.4989588698262,88.01046379183114,114.7288442276188,62.159456320801816,16.88233042898069,5.114116299525642,129.14113041622355,300.943674174053,169.67820110791456,-1.1018367069372454,4.641687504803689,56.73222875873346,58.67074978749568,84.63775511094622,33.58681160729049,0.11138963000299906,1.0,9.739202638728994,5.85987732051808,0.423065786275995,-17.351606288195963,2886.7429901426785,32.26613015496471,0.8127684661386905,31.99775071993281,315.41243225198696,1.6590782417029182,2.8336759226057047,202.14519041540967,6.81025141466635,46.360507978943595,1433.204835268694,2.488505674107384,62.017572980585165,0.3485331441779371,5.103323366431737,20.780422151670102,348.83003750294574,0.25777546798575235,11.281217321741398,3.2038032916512655,63.28584006345329,0.28248066977636277,20.205528244436614,7.57246552598161,947.9898564472076,13.439934066480443,27.952728166519,0.48100501070944673,21.988038419353018,3.4164412135603617,396.02877911242456,4.443326955937014,27.033653871377425,57.517515230873265,2697.973789993142,4.613526647290026,21.009312280221614,57.270678457201484,7.810384917391552,99.89596487519898,12.753567446629134,2088.7101550679395,90,1,Uncomplicated
3378.8962673946744,62.868342523044134,111.79000195188853,108.77229996529336,133.19312687240512,90.05570656895074,133.13109218641952,111.43148441585909,101.65551370761047,200.08201052161334,81.76004622828816,94.23067341932777,43.51065782714387,10.879955111394212,10.786427509898926,140.80580276912985,347.99055539082093,228.53219922062266,1.1773427322301842,63.65924451735303,69.52203643020036,64.39267340671812,96.19994952435117,48.656276130454586,0.14033440808088035,1.2608665436701814,11.345381089218412,13.585130698151051,0.4201187034634676,43.46824402385945,2984.3822213368203,17.730117613631222,0.540504760665437,32.66751882427531,368.9067223554408,1.9819332326356205,2.691482095955012,316.7089953193878,5.846935348048478,90.8037173066758,2221.7932196526162,2.58068916709069,285.4957642546888,0.9130945014197279,5.254124332572109,101.70845336862845,1642.6765790797622,0.7687413842342264,14.151224414254765,5.105755265607568,81.16378333894157,0.24697490427336716,25.676135744976023,11.589069351097411,1389.146928830527,12.316893260094123,43.48960521299722,0.584839064537312,22.999239220761687,5.159708523311002,752.4946664250988,2.679267640118878,29.938067940127656,65.61772205019989,3008.3830659266328,2.8490179297432734,27.756191703238,63.8573265525134,24.818056379412063,99.71881244835787,30.70545737995012,2766.801166391476,90,2,Uncomplicated
6687.502385907958,88.66692279883415,127.46671179560606,117.22637038468707,192.846916147598,91.95013675861455,155.81320357399807,128.4291176626517,98.13469290738178,220.18243099516465,76.55016489583639,98.45997156066106,63.48569795577427,14.519366235275966,14.2476373110785,154.1525600034351,342.436659810314,252.0809586828473,3.882757852262764,339.71839257223576,71.30256093750623,114.31427518347192,86.44334029572546,60.09615022246939,0.1678399786923958,1.493122422589357,26.292809559879792,17.645806206356593,0.38708030885241673,1040.6578018570578,2956.186439857694,29.93624373157199,0.8620983901526458,30.960348279086297,514.5202813343669,2.1350922732826447,2.447432833892535,325.545921825524,5.4438181639220256,107.09447714934898,2062.0503094978953,2.499597187928962,236.8722225157708,0.7356339002829471,4.5600000547437745,120.61315585901554,1231.3973652720845,0.6112594881011624,10.076281266261208,3.7806659150862796,114.01466702136048,0.33514624529446047,18.007136923614993,16.173263860992762,1781.1480308866235,7.066902465066574,56.59314807107048,0.550787623311153,16.920553628500798,7.818316996849637,952.9117082194654,2.9746725059040644,28.08643742486178,70.9703960940676,2804.7661075000674,2.662527297797646,30.328029375412417,72.06130173123321,50.589506381568924,99.96053592173374,57.5490551217664,3042.489514625904,90,3,Uncomplicated
441.29718701333377,0.33170239298928617,91.46811587049052,87.4064915621169,62.360621246529334,136.46497635663408,102.42700034679696,87.92347403686591,74.72048320374947,90.96694058321066,102.50649347826915,122.42289486867503,43.9650961050084,17.33172142540487,15.9224765562892,241.06942632695026,278.7210884158945,207.7222804395563,4.852999056464263,16.636272942035493,75.75469132565203,74.74543470195361,83.52874754243987,45.7230929846924,0.1592782549055804,1.0,13.34202332535148,22.025115883141545,0.2344882137504095,12.215393422513102,2978.8804016725235,31.459794281479493,1.0292203147104138,37.805432325197295,524.3189150428799,2.0512651633191936,2.237719742882718,307.32005791284007,4.107833806085891,139.1639787386273,1458.5579349168222,2.000047343144999,154.0402650725938,0.49237939054986335,3.9781442157455653,76.9302106821649,577.7511572290515,0.43248977905056973,22.20351659969517,9.975422010129183,46.33829779259849,0.13586813857268915,30.553402518341574,6.189071546861617,431.5227516470953,22.232529271317027,22.224741972271598,0.4630843598588797,29.969417370059876,2.703276429197779,278.5775834495679,6.741032566496872,22.4607993445802,45.97339787053963,2226.5918751531317,6.515303389473587,21.88891736157635,45.66746253088755,96.52293705150272,100.24685506736468,145.17867534559596,2224.6804619447475,91,1,Uncomplicated
2466.7940482638032,-64.96159365206782,101.72986412955579,74.80973635419284,59.35299511998044,104.29210007748387,102.19194162337503,86.80896245750496,82.03343010064002,89.97638303543718,83.07452696389794,119.14296229720804,45.28035057620487,7.568432823729618,7.9663202332674,126.76814062227518,312.0998395891153,197.74889542305036,1.1734737277364147,23.80698720470874,83.34036762544198,84.95012398185312,79.94717980851435,50.47639984889172,0.16315826540265263,1.011187713113984,19.115258121411838,15.742598175265151,0.27706450471998845,35.368397534604235,2821.518748537842,24.331174142212816,0.40796935551088065,34.38139642764222,381.08713874253783,1.651570444363877,2.123846368939609,370.74310542416003,4.770871722385295,140.77059877537513,2363.6438279624244,1.8413153997551297,201.85094939696518,0.5373848599774749,4.211212444178343,88.96336516968839,989.7198152151668,0.431483790276704,19.972517895292007,9.363406271782177,135.99775228028383,0.39804172100554364,23.353259961085442,39.123208640981446,543.9129517702966,25.766944704290008,55.051430820295806,0.40928398263855426,31.64564527106164,8.77114136624727,672.4958294477582,5.332767878928237,27.623702251012134,55.569287385100715,2719.421759200312,5.277604719029257,24.13062201400206,53.6404419162118,57.97780100873112,100.05221041452585,74.23476608310577,2473.768551499741,91,2,Uncomplicated
14745.984130837942,100.93593143292252,110.99131882131098,99.38117589576645,100.41321146532754,240.47086941791238,128.85129125717768,104.84130794655083,63.988691551661915,134.37417194787812,103.4785128637075,121.81017314350679,72.17726070134101,6.229422349237947,26.98827244605459,125.01838281866526,467.99453449082176,255.01278585892058,6.406845395114763,411.5686905832761,103.22110426697836,157.84603112796722,52.78084506844805,62.550224238851506,0.13368530519037813,0.8079161889919007,43.405499449348454,7.420458781313866,0.43537366089308294,410.6818025377,3192.150803760082,38.716344863833456,1.4701622282252294,38.44868573143937,562.2313412008159,2.348869348101065,3.131208127455407,365.23259093934894,5.434964675937216,159.85865604101278,2094.6790729714867,3.138524362360077,266.04254023471714,0.7009442973327193,5.182317068907259,138.0895678301054,1265.9483195337025,0.599440845480308,16.85012906501378,5.360906409484053,138.77616110038483,0.3666250902921254,17.24992277068099,24.78342443127596,1699.2413044737918,22.520988429606987,97.61901471743874,0.9415834234418763,20.9435128647728,15.90624222076593,1219.335194192207,5.641384154772739,32.658990619246566,64.86254134180443,3300.8824766097914,5.654352384185331,31.810145445353328,65.25535167785328,58.90289151469892,100.91255484280704,87.93963091995643,3177.5838920044976,91,3,Uncomplicated
160.48176884267605,0.37854861685234054,94.83614257640129,85.72037322416637,124.59707792443946,124.31102827662943,115.78854454743022,96.1194239944371,133.91402101195547,145.4146964660738,98.3400454780418,152.77537057038566,35.03212702505316,15.123894631470836,13.785226039558204,229.9439284601562,298.46024129398035,181.88945995541476,-0.0274700226337945,4.294437646179836,52.918652317708684,110.5506567990787,47.910542715572355,43.12433957229973,0.15110832684916306,1.0,9.657128632424318,-5.8806308174935715,0.38943349100294716,-0.6595906169580346,2601.0060203337507,28.274000453311142,0.7959984080313784,33.26165317290479,403.9296886919751,2.058880351820357,2.950680671469643,303.6848670736758,5.661969689447424,108.1572144922649,1726.3605752569606,2.5135550357035075,155.91398962328645,0.5218195567659165,4.928481442279283,65.56658351272283,676.7075476943534,0.4236434233208725,28.871226094752657,10.002411063418268,22.37058071677676,0.06218217418466761,36.664512093381624,2.839280024229436,314.85702917025014,35.726032727221565,5.145302154734326,0.260804309011557,43.82697549439904,0.5230618104499418,74.70056729164216,5.671309751074206,22.99873908512933,48.39711973404464,2326.2523263863754,5.381450837363909,19.533741907272386,45.29483108318165,18.2742673587291,99.15632919210802,33.52205538941372,1926.4655449471416,92,1,Uncomplicated
739.4569672393884,-8.992362302416744,103.17675625709298,75.55466398373446,114.26570253707953,154.1675153540251,136.56877132172687,99.97674191614017,137.13542855337704,178.9499067797868,98.98196937993535,135.44821914469537,32.68966763243418,10.85468186287667,16.214173821090277,190.84071290278354,365.52049107530996,203.8637509856098,0.8894738356544857,37.22777070535162,68.52725936666818,99.40084588021406,52.36444119828863,54.754229588690976,0.14972715012242194,1.0275451988453552,13.337664281863283,18.633384115148644,0.09013613690271743,12.82947973476876,2566.2190491131673,37.13963670674524,0.5694381884916286,28.064290049274977,363.2594374882214,2.1652920602719137,2.7979472332751456,381.1806833906014,5.7527738132588775,134.59651192085613,2323.5725627817424,2.7137666861258665,188.2007014833171,0.48811935899644665,5.098253841695334,78.55255691125284,946.5089981477323,0.40193021959422415,18.9031177256094,6.488287110982943,69.6400522448537,0.1866892953586296,26.350828757189372,12.659498026960414,909.6311483256504,18.417604734411285,30.895188597667858,0.3891153536955331,26.628774802444873,4.8749332648115065,443.3358022779577,5.115845210153698,25.917262537015542,54.01633559541385,2634.511978977494,5.192895353263232,22.27632934488287,54.39758474335802,43.3665167143355,100.31578510509783,62.0795400286003,2279.623593330466,92,2,Uncomplicated
9841.447479355355,114.13674630031164,107.56779280132884,83.80803827993344,229.12805976875336,224.47248823712715,157.76833968731177,114.27475890236583,103.46302134391017,191.41330521166083,98.26589196163621,126.19087308438534,31.950210066100862,7.641158481546563,25.500385128036445,161.87323821060883,403.86174134483656,251.99366827960966,3.807284680538034,518.724478666305,71.76384300682524,161.12430786594945,35.33637779303342,65.13864182138408,0.16532236301352218,1.1662004766104899,39.95457459566104,6.188655562704487,0.393649252036868,418.61145647494806,2828.3829717574818,45.323799853664,0.5472163313031759,27.013865903806504,458.91511086298544,2.958629549967546,2.5039638496768597,445.51716465254515,4.574996014477088,195.73194969469378,2232.771033860823,2.389773279496304,349.593567601278,0.7845981973488432,4.56757040592916,155.41900811248212,1689.6051791246969,0.7338848916589801,13.882162012450003,5.642732504488727,105.16372222210907,0.25383337899122715,20.380679921120834,16.39752290298613,1464.6118257157186,14.237588273304475,83.19982327277076,0.7519877292646319,20.299538937363863,14.166604187963738,969.4673536517163,4.202073045780412,23.205806038679867,62.436275914908535,2316.8536000027934,4.121230740083187,25.560343387798536,64.26333928314608,56.30542717703061,99.67029448844512,86.8575464245291,2578.9786514208345,92,3,Uncomplicated
220.11397318002503,-0.10079099649142098,91.66891230056792,82.93913153679466,70.34300614380359,52.282598125696644,68.45426339890946,84.90065278038924,91.62790360716879,127.56859753461887,84.01356383553977,82.741436340213,72.03207900457507,11.858674217949357,3.009345626995695,165.1788718269868,292.9044629802557,153.0596364432453,0.13356978010687937,-3.1729634675199287,19.300212277355193,62.899828356857554,72.59827475180273,36.789491025795876,0.11693260790170401,1.0,12.0450420608354,-9.052239265246637,0.6387316600933366,45.52353598888444,3329.0266684603757,30.56046690327701,1.0135167166735664,33.32352935218669,667.9887067614025,1.6461599152313275,2.179762843606657,242.87105937967382,5.229297095762289,81.31419296689415,1318.2937270644527,2.352590658184728,179.7222183818713,0.7199171453242786,4.887247371537837,71.7210746368077,893.6145768611817,0.6105735048975545,21.698070711825192,9.052156556192362,19.349767226664262,0.08096778497469365,31.6325719921309,1.1221312607312441,354.4766228548934,21.173694878566995,7.53701431416945,0.48188368294709694,30.734231161344262,0.4830308998352628,77.75283491866873,5.9092316864395364,24.030288421478215,46.55350676261544,2417.8115138840353,5.997197031175733,22.071564305109284,52.74013599239495,39.95697163630075,100.0426279211,53.517707684947446,2201.096338904008,93,1,Uncomplicated
2541.943643735637,69.78541019002097,90.03871917016221,83.64554852903939,92.35313837819692,64.40587001652892,92.01640133077868,106.48206065270446,89.60904420243324,174.1392160529761,76.47911259024627,80.34657173859756,60.39567180734095,8.663867622341133,7.065356898767613,193.44664161054038,336.1964509527515,218.58807185309354,0.9782752979162578,111.9864408304237,33.30960762628603,87.72890518607561,75.25490462099299,47.55086623240885,0.14244726808991728,1.167374755046601,14.236105767427182,21.83383904566211,0.4978391554547805,62.19960222141853,3172.0493290458835,12.685148632033279,0.6445768785349113,41.722054307232305,630.4228220762835,2.171549818382375,2.4515328142879587,373.6588677470287,5.313524143946889,139.08193550207102,2357.119204748165,2.824534225551502,396.70546402661057,1.0812120447082703,5.375625759137732,160.13745793101666,2180.589102668149,0.9316024058465527,11.614621427620769,4.834670040571863,82.74174827754788,0.22489657419233244,23.173944380041547,7.364745885275022,1454.7431365059404,14.150376276710224,34.3980706678361,0.45417837835586033,23.989671793507682,3.113388644969456,582.5867436040745,5.275797139334416,29.414763036569433,61.07108490938778,2922.620906567204,5.198106292453123,26.877332826999883,59.310106551377885,43.17337593184748,99.86411380448723,58.254251559006796,2767.746680522768,93,2,Uncomplicated
8880.2533358122,168.46204953898035,97.7724142775735,81.79367908322982,109.23628431286221,47.76140436871003,109.03432189371135,105.46897486501693,56.47195974834953,223.27310956756617,68.74934829787597,87.36050884101465,70.61625909528709,12.607227021338863,6.825101282059261,182.38486358284672,381.9689671501176,210.28293559587345,4.67630815335973,909.2317076832734,23.91029723115333,119.66570951643652,83.21996954064132,68.10791057319331,0.16901962273162818,1.3912361727604867,49.918561260375654,3.2869412724855636,0.7396403753239739,964.8940018571682,3464.4152784511493,33.230485503175714,0.8407542336978427,41.043583597213434,759.3435306151412,2.5061287046997966,2.11939209448858,355.1403916809123,5.374514220419967,106.28182577287626,2419.0484227837774,2.2370157763762064,251.66101824283658,0.70036001101343,4.816099069583936,93.37365198103257,1556.8620465981683,0.6366409967827036,14.912347353280058,7.331544095990539,102.18204465499619,0.2709919165870114,24.8939947644804,15.216480804511296,1535.0970177474996,17.537950029143683,51.02368337791611,0.3340725879941481,26.7631955888394,6.724095351835574,799.6705274754077,4.357787199813027,32.57162873534047,61.697427191137294,3231.157125570424,4.67263557942994,30.945045247940257,62.70377512287762,64.33317176785471,100.48039845298136,85.92899040366714,3141.4020541569475,93,3,Uncomplicated
-90.11392245124668,-0.05240947338094465,92.74657282286118,93.25479729769359,127.60620543509435,105.28955966113003,97.83751670474506,88.423855982264,116.45506025619105,95.2977086708662,89.78381044721118,149.44044734511075,49.67308466203189,13.607114985386136,9.070941333658617,221.309848923761,237.95933448976973,191.72721636803854,0.9653749298855501,1.2859587165693434,42.06451016562697,127.87746408933802,71.38534952019921,39.99834603491879,0.1727404782409812,1.0,12.01747201076147,-0.3322616183344831,0.5058567343657724,24.135952018199976,2454.90951125039,31.14349144164587,0.7235915470826515,33.650874470957525,448.49178826517436,1.9174876943700188,2.872317371869705,304.7445518402678,5.798430412521568,102.12362054543689,1732.4220861665485,2.4347402720508056,185.5083338984541,0.6281860393636426,4.979029032725006,73.30015352585293,893.8491579465342,0.5554893116668695,27.492455136418464,9.650962651085019,27.126231483761494,0.0801997627496554,36.08330842928422,3.413012378247803,385.4309638101444,31.7916940041677,4.5130098956260145,0.19321248626301954,41.767443288380875,0.47295729612169657,77.85791796535125,3.8315320273124467,19.878446017051154,55.149099394793,2049.085923984162,3.5715216511967007,18.332807175013315,49.77592813634439,25.402377649571,98.9567745786228,37.094150155968414,1811.4674992155306,94,1,Uncomplicated
815.1730951942823,112.69225675052918,93.10501788019585,83.07299683457262,80.90389543563214,167.42822819168217,101.57984018235524,86.30919046287471,105.41122242473861,131.94650908058046,82.45981381870773,111.22435165395837,49.12659510647872,8.984371286445251,14.587322047036459,210.3293821196919,299.6072014011341,216.5569857817063,0.6118194223606261,0.08029232577762713,65.22457498085022,133.981088439732,67.26239095046907,58.27147355355451,0.18960559605561159,1.1265820463741754,12.670718500996017,3.069900928836053,0.3116960920208979,34.94753624258557,2377.1647477700963,56.44239738354674,0.6884614390056122,30.463686682510073,482.16867922797337,2.2536639277739887,2.5612237034155187,428.14263242814036,4.951346564549309,169.90908750095792,2277.5514437940546,2.5964160119343003,291.80830257802984,0.6628298207790374,4.738518721073925,132.56956453488948,1451.0319367239063,0.632143147910241,16.8586866420739,6.518735795058357,75.9257224365667,0.1796990352292107,25.741354374200263,9.450572618274162,1185.387082359928,17.731481761983467,31.299035128419337,0.4075884769039948,25.822447908231048,3.8274331684417735,466.9992265792331,4.046030559810199,22.721783390079473,63.82799005722946,2344.3057703894924,3.9563852638566823,22.335105488022947,63.76188956777315,50.49402925741716,99.74408927577677,71.03884179412682,2217.558054866205,94,2,Uncomplicated
13275.369985823369,230.46610044420623,108.02958434433695,93.44351148092406,177.72967157604367,226.4485327816178,125.10051617074127,95.01074238324425,88.05723674775403,132.8137629500253,89.71234817423864,93.86392954399429,56.47553591295089,7.1970673869366255,30.332238711605942,155.7249383126462,462.9955204898512,253.99514058891464,6.043804294274746,743.334327762397,49.24589277140702,180.31207540695493,33.7652541724068,90.41985645042759,0.19449370312025246,1.1529333785692475,44.54655538062091,12.687137986310237,0.5986204047522701,130.06686071008693,3694.3627028702213,65.2343285505946,0.9071892930954584,33.155601515096265,621.9737425925324,3.1730117120709003,2.965784127266821,386.939799858994,5.830022212714646,139.5900733115015,2388.008064169818,2.623417290863658,292.99756048475285,0.7474493313063738,5.205252076222395,112.67837352614873,1505.1254999703228,0.6193065299243867,21.64571413697813,7.344224259599989,48.284651407632495,0.12094087713521061,31.85894868981587,7.502211860051497,612.9765806380228,20.688710699261758,42.42888350453062,0.594758036256881,32.14562215653237,7.8930909479540645,407.6594795084857,4.407189950747657,28.22464573254276,58.612440868427,2809.007337613361,4.403573102268203,31.35189915536081,62.79116904513772,126.13176431034952,98.49533121302443,173.63390462999746,3151.012026087037,94,3,Uncomplicated
122.21733472849127,0.9515974718136828,76.96972624564263,67.55918554253564,96.54636252422071,81.83508226506851,88.92325746465994,82.41737164374194,91.69732090948114,92.36313261416862,90.3523825121426,97.98068767121687,66.84629482514785,8.249380815982004,1.7289892613023987,114.10444658977386,189.51746083027143,154.9275250964564,1.937355783974792,7.422625826769421,44.502820213046036,88.31824617445346,62.87408579354078,39.271106039368426,0.1901604494538326,1.0,10.536826253584083,7.579420707470149,0.6086719508404324,58.82053543444479,2826.8663464302945,23.471733220630608,0.5375727170919773,31.918011746422476,525.644180391706,1.1645329254685464,2.0830422787776754,241.70459506607864,4.98276910462423,87.99735853208034,1128.8583524963155,2.119011965829964,162.06476377982102,0.6439959463647802,4.3139159454382945,73.11882992681825,723.8518243706214,0.563557268950757,25.34952879501321,11.612817525847715,30.763626960411088,0.1287199606198321,34.28930812962217,3.3859016855570916,420.84194664351554,25.338077492375728,14.766444135609207,0.4550793791254145,33.37810413383776,1.7474810441835589,198.13468038267266,4.368195846698327,13.617816030081723,52.11741235563176,1356.3573294371306,4.398657734770309,14.615508490362974,54.000095830910745,27.900444566712153,99.96124517250026,41.99681740473803,1519.1287005505078,95,1,Uncomplicated
3268.859891170995,54.076106701023335,96.83748541376366,71.25674258586467,129.17006220941053,116.8630438972942,127.16520363298987,106.9437523476381,78.34158002517133,128.5692587782615,87.19095404913921,118.9216676395509,54.299065401495426,5.291521922499642,10.87263074573002,131.04895055725495,312.10780989206,241.603660063356,0.6479474532732703,56.640685409837054,50.16394786619564,119.23925898090421,63.968785159382,67.28443573296416,0.21315313118908952,1.1409541846483093,13.818050027349411,12.758571249028215,0.4958570812133722,50.47838988398623,2612.466539120935,37.16827519396928,0.5625784240569229,35.60546348266663,486.7163677557166,1.417400771603214,2.1037385103752078,399.532313983827,4.200050242947777,190.06942129246784,1899.9145244770966,2.1352586419601343,377.52377785259614,0.9410196759028451,4.141483257920908,181.25614048311286,1880.665603516405,0.9050913002273572,18.641153380553696,8.37560904369804,87.51919383705565,0.2198763656898057,27.397119947258194,12.02254904311967,1252.150910170969,19.04921959747913,30.50874776652648,0.37086336993841523,28.401285124175878,3.583100503661931,475.6751459987617,4.851919492451566,23.909351875874503,61.00673272592293,2377.786937727315,4.76040392563171,20.163417924817796,57.3683259961677,29.57138850143054,99.66411085107815,43.26012414832961,2013.1865625721473,95,2,Uncomplicated
11051.615992826593,143.70666483416466,103.09466653534474,76.35815954980949,163.5010138673751,132.08176168945715,136.20547092008155,118.97249305496736,75.23136689072166,137.5449966713392,85.53511511826629,102.16346322846809,61.196426142229285,5.014069860438981,5.36123001811124,123.77429775629012,408.10149096232834,245.0980339404194,5.055511654669919,534.7794891153017,56.11890808723758,136.96591303339738,52.0940162948018,83.13630574601858,0.2061378007840897,1.0442436151448165,37.87532574410765,6.313409001976327,0.8326362050777977,166.59054845446593,3195.189720788282,54.30646809855028,1.0363768103674653,37.4164849136296,592.2652517575269,2.246330363587139,2.2459028864292527,365.73687780702573,4.497930066216668,161.66396450842888,1939.3505149368711,2.1682185920039365,326.529225537919,0.9018128410411358,4.38126236070321,148.56965859132913,1597.7411887879448,0.8299287406145657,26.656902507171242,11.30772791214026,30.901542507122905,0.084226530294045,37.33074405530389,3.0005850469754343,476.99777682508716,32.12278964076465,-2.4794121133746714,0.039078742355902474,43.28290886883715,-1.9318197556292898,77.65379584403951,3.997193472029059,29.98684584380649,63.50414303976116,2997.799064328353,4.033202707877429,27.151643269632146,63.46931666761104,27.361219791375255,98.51884846691344,37.32705223110776,2729.10754422732,95,3,Uncomplicated
300.7980936081632,0.2545354236593568,83.92381895404131,94.54345120694856,114.17112592448237,119.39994607333678,77.43064542416536,96.30008743392416,68.77880108588715,98.66310370652542,85.04834886468444,153.18067491360327,34.89140789183892,15.221612763500376,15.080656454568189,211.84823670034757,250.21659823979442,189.9653715805901,-0.9799129564217457,0.9510943658126396,47.99859009329819,97.76316589980308,65.59445873736591,37.598460543194,0.14701799733961513,1.0,6.606495297638912,8.6533974482936,0.1817331063814664,3.3231991623807176,2456.169520749636,26.620021265390154,0.8650278486102527,36.79537646801,513.4911004355498,2.192226061706549,3.178367189547614,284.26648531369403,6.492850008025037,84.75369648056181,1785.4176616974964,2.71465794424657,123.06286867075049,0.4390879633330257,5.291310988477657,48.14336512541257,626.8139143248941,0.3532508559311385,25.65702834175452,7.978192836508042,-2.2826762087081534,-0.01748181487573297,35.20143176227334,-0.977843990497429,103.28720794841541,27.078068654802077,0.07168264334021046,0.3735845731028445,37.31412717689367,-0.2618363081580317,40.44497804518477,4.70529639123005,24.334705847889083,52.040843946010995,2452.0054281566954,4.8094955185875685,19.310883011596392,52.45036595863458,3.0536095810072013,99.89755886969961,4.5688844722637185,1929.2975051451688,96,1,Uncomplicated
1689.381366529256,58.12960786979616,100.60158872338481,92.92384213580836,122.59772628074326,174.77316581450714,108.10927468761732,108.40824754928539,73.5861437956099,103.336509831803,88.44963477469186,133.8570396905075,35.65440522674275,10.63583446764973,17.974979536049066,163.41300458379675,379.65843444581833,216.41584587443978,0.4772955095898021,21.83605467125456,76.0880365267333,91.19854985303692,62.62522366013822,57.49666012080238,0.14997933830147034,0.9908154031437463,10.720025446908629,0.29530542381943903,0.0789623686899446,18.112462120973994,2598.057304589468,32.351387994354866,0.894655671805917,31.471250387845476,483.6427395432081,2.39025857549372,3.1279016382947544,382.436105611907,6.027483984943218,133.11082805317153,2355.399214449008,2.925737184468464,208.56634112045825,0.5422076344265871,5.385861621367995,85.39959803741364,1086.5527452217834,0.4564201937917045,23.70736823579646,7.397843468576463,-5.170401738989533,-0.011775095221588927,34.23783115649316,-6.228036542911896,315.3128420169768,25.238060953737815,-3.4103853695624124,0.305475323475147,35.62286689950888,-0.4187525348811967,-38.048708211858184,4.454538226463779,29.75553667476837,58.722639517059335,3022.8296494701353,4.571905079995066,26.46877667699237,58.52079917371095,29.750029889886044,100.14550784833082,42.95434563608908,2660.421893303985,96,2,Uncomplicated
12394.005036221573,181.6168118075164,109.91043702847067,104.62926569664144,221.16908214893303,264.6639472487295,118.03034868811918,123.96542649598172,50.60845102601496,169.6618838053394,88.75027127344505,118.73605840226821,37.70217792376206,9.00158566292327,49.07055540501314,143.7818939074932,436.3986429588017,253.15971867590974,4.674758200168491,649.6280382856313,78.56103665817739,119.09538382213375,51.515801713022746,71.09091321790571,0.16328280311666132,1.0652051492442398,28.023534000523203,0.6387075567222116,0.463863266994638,193.0943497119991,3449.462864831742,48.114474847341654,0.8725232604157763,34.04045605514979,592.4531935392807,3.120249964986443,2.8869400473684217,416.2706869288195,5.4999754145043696,161.70384775755187,2334.4608103264914,2.6758207598283206,316.30799958382187,0.7688674875046454,5.054300060280507,131.33539995739432,1557.7661330206565,0.6499649501237208,20.40242142677399,6.798926999483193,45.282534750328665,0.10805457876936937,29.44878692189868,3.8911535699547946,854.9616060277068,19.766355126078942,30.05268768530469,0.5627289954318658,30.58048361477807,3.543148669680477,448.39253207055594,4.345744598596381,32.54386006741901,63.515411487971285,3255.7671382228064,4.265185357333051,34.95510303533799,66.55681696669556,77.36471442082107,99.4963117925908,104.78132902167896,3513.683498548555,96,3,Uncomplicated
3.6416179422363086,0.4500929307774213,95.90386944063596,105.26432011463586,87.19351183161464,59.28041313370261,140.2611188528908,91.99004145374853,111.64278283095177,84.90816529527964,95.38233411547039,111.50690038142844,53.91532533045165,12.6645924719871,4.628250461601497,180.44747103364594,282.82014803775115,198.9676432882626,3.302548567976838,3.707494484147719,87.49084067450866,75.60407433462993,74.97198641597699,40.20580548351848,0.14008816769856097,1.0,5.285673700270939,15.145861057333683,0.5256028103577963,33.49653415654163,2116.135383392554,28.070966978410457,0.618796216317346,31.326373330479676,566.708447669301,1.724521467974949,2.5461461655479356,226.99042922111641,5.859072890317331,73.65118028867346,1320.9529225095787,2.2785927966483444,120.32227595969184,0.5270015392524519,4.707772487142596,51.77276068636816,561.5187258097073,0.41981996277668004,19.551892449614677,8.043495720554102,46.618233793436566,0.2167851223221495,29.912468610988824,5.5959945063954715,661.8966064040534,17.311893090068416,23.415106253377026,0.46156114767469764,27.024220985541177,2.842072805868283,343.356759873581,4.060787741878406,28.447841785099325,64.36225173514268,2823.9205552183594,4.495567539337502,23.55113867015699,60.030767768939114,58.97876979383861,100.01730683590961,85.57495936087085,2364.721385074492,97,1,Uncomplicated
5117.285574763736,60.6770438922338,113.76220560752728,98.71653909317264,131.82575775159768,89.27400480602938,180.66353723702179,116.09113495815629,118.04831393721868,151.42146057697076,91.42708695457392,129.04642522804096,34.74041196961595,5.645812840327034,13.561452240381033,114.31760018680993,415.08134890227024,255.9044187785135,0.20780505704712193,66.99371030453291,128.3465154970612,67.16866186397341,77.28542645095021,63.04482163711066,0.150109711081888,1.079115939792319,8.556138234859986,19.621128381475437,0.22413365296406002,51.1562933396883,2265.183037661628,32.19938992517314,0.47813290719785273,27.167330468342733,480.15484992447324,1.535748425596013,2.3877096067202825,339.6737315285883,5.017774645917007,137.2108264597611,2016.2294659164472,2.136638347443253,275.68827893754315,0.8303366798374842,4.506517810488719,118.95121476848638,1420.4062991347482,0.7266629403187606,22.061373324010475,9.577070401444326,-8.223713922086297,-0.009282025757062301,34.925014095587784,-8.675799269635132,474.8550976488762,21.313526009177494,8.855408793902267,0.5816593112352637,32.05785063407247,0.5263862347737636,231.7438219340385,2.9286997214883783,33.290239259366224,67.69106401603602,3361.384581517321,3.091140935771761,31.13607827753271,68.55486774585893,45.13806019016369,100.35411586835875,56.696567940473884,3196.087115360222,97,2,Uncomplicated
15626.348277830155,83.669367150505,117.88084022692347,108.85809018190518,134.20363575050328,169.67823575928148,205.95524438525035,121.82797713884919,117.65124249235038,201.4607716551501,88.67953781804552,95.57418053315541,46.9280589049972,8.298269918755105,29.574107990212045,123.17512664156446,432.5024465252948,296.90110032663193,4.721235448650471,385.4040625483933,121.71060659400919,77.56087347581578,76.55654972070161,67.26804686693599,0.15316991222046,1.0768967544474382,24.78901291870067,13.205318365913554,0.4686420649214129,790.0641233029113,2177.0232651121846,41.43332305132216,0.467823274834159,25.220059400245546,567.1539259576596,1.5168949869914343,2.4470102192567054,288.55992043056466,5.309382351292553,106.45652745416461,1556.0392689008654,2.436703600135492,182.4824235122599,0.6558721850799243,4.559245706853143,97.54698328383476,731.2108435448799,0.5369025714756201,20.81097699302958,8.23691600344691,16.789497401354282,0.0809061623596766,31.787782747853814,-0.8152917539472462,578.3491282297082,22.709809480144365,-11.158299868812044,0.3161782371497174,32.66880260967132,-3.3588234091025573,50.2867336882245,2.3512689596418106,35.07902437428269,74.9153936321298,3525.863790297341,2.046563094278351,39.377448405420196,76.42440066775312,104.8558690377893,99.99041392531927,134.754345398182,3908.4253221080667,97,3,Uncomplicated
112.59511921429555,0.028153628711989842,90.04612874535191,104.15603160477822,88.66285223893861,113.44328157145263,100.95897456104898,100.32331439427597,93.94895828452013,118.04809881398383,98.4198490023634,117.17695984885589,54.01989171605594,10.781877527542791,9.377966203253438,193.26788214021013,247.5665816105664,182.83524924975347,0.924567064625021,0.5005499004877034,74.59821866346562,118.7475858506363,78.77069275750853,43.442373917791826,0.1700028745970382,1.0,11.402474050778803,-1.6618122826968609,0.6592912290368849,59.27060184252193,3241.3299097076456,26.142608732598827,0.8113876868119628,37.356863110120685,698.7426363448083,1.8276792716657781,2.9170077558982856,245.83420140083925,6.073897152420617,78.03539571050979,1468.6445395020385,2.722274358408137,153.77096998432532,0.6173697879957608,5.320673537022663,62.173548420350976,764.94956852998,0.5251686977076707,30.351874769705017,11.319934931947932,19.658401545610616,0.0900469268214957,38.817147543379164,2.614846933242873,304.20704448144585,32.77723095688993,6.7779502559298255,0.26038328094796603,42.16858685927581,0.9879214366621734,120.28745524866362,4.174908670716055,20.424185482001896,52.79740227470114,2044.935814747652,4.319150265262541,19.516685515625575,53.76922734382602,36.21872530220747,99.991106517826,47.42225272649752,1943.370579352266,98,1,Uncomplicated
1867.5798960062125,111.0357467191715,96.67817244649596,94.90506383512016,97.72560825221433,117.81498701332075,114.37305962107045,110.3503353817607,97.72549054635239,124.64656389364912,95.00947094314957,112.94271168410171,50.14595401568884,8.353484371420164,11.640745015300256,191.3932267039606,348.12321262145,213.72610574587623,0.3752911889905597,49.091530853854785,100.17618100883237,127.25999610815883,56.12851036557385,65.29089518031564,0.1931076881360606,1.1148601369180298,15.295249379569267,16.01822531234569,0.45880267241165473,56.802154321187494,3073.67382001945,62.60281501856076,0.5535290540997208,37.18011717942893,619.6726486687401,1.7652625798059387,2.952866110231005,320.51477313735836,5.692547720070313,129.74478953476188,1852.2357980718955,2.6499079036758917,198.258085690778,0.601620550322598,5.118406546175153,85.47514665360453,954.0633826653153,0.5383434748294694,17.427142461114997,5.800662634837622,54.44203666167226,0.1603789621566274,26.459898201752985,7.298472245149687,745.4332832107032,19.550365629966674,26.2542359983006,0.45240996615493034,27.63764451431094,3.797931577652667,353.18823244039896,4.79657466881008,26.864368015435566,61.47439567414696,2692.3779565675336,4.6526836587833795,26.056440089303962,61.548017097214384,48.68030870861911,100.26965746595512,66.160096575398,2659.443905628482,98,2,Uncomplicated
16391.07626788409,202.5374193820868,126.0825850230121,111.05034882720453,186.53676041123856,204.17580102366352,143.71619895983147,123.62596675579357,84.68712238546924,180.80555819251174,98.75321838023542,89.4863043877075,55.883007794486204,6.348854387549114,30.03028695252462,146.68042117884778,483.3402684202747,277.2365423511302,4.474129172903441,747.8100460088715,83.26137725933206,172.1716983499675,54.86062281494973,87.75795345741699,0.1855079424169195,1.0101854971331532,55.49658177561175,5.23448035350149,0.6162178167180296,271.9020844379444,4116.9691224880635,38.17262200255359,0.3403717477441266,42.2227439901568,746.2250998647265,2.190806741537179,2.7359804664774114,372.92997999046446,5.575185278602664,134.25603066428275,2146.1477153692013,2.7268912655181428,297.24326612581183,0.8066735960691087,5.119066357709373,125.866432498131,1498.5739541284386,0.7077147945639329,21.019879739055032,8.075343723090812,63.42713955767526,0.15636609258523698,32.11606064327189,10.518527359373877,810.0980220252552,22.171284572379605,43.28382296868874,0.5613755573752301,32.34983861610871,6.263009580358194,635.9494997956685,3.439388814565887,36.007515175205675,69.73762402205452,3611.5717675847955,3.4966149622058564,36.06427535186107,71.7215191576423,84.34868683163326,98.96440107952904,112.79395227453016,3613.7415020174512,98,3,Uncomplicated
-199.09181498437565,-0.5174331989031415,105.1730215691696,96.57976305314881,100.7262122276903,120.99323764196667,107.53260470658427,94.96461573036102,116.04204434654369,150.46115509800285,90.68763245828595,124.64659816621699,53.69880377215604,13.272518647270905,11.129036525437222,226.46193611531936,293.4056779942029,198.88340671854465,1.7347660758581283,-1.992374498183592,36.34773099737691,101.95913351542683,66.2183200808087,43.06363641574601,0.1478448944895729,1.0,12.552284073228341,9.313891981265927,0.6365020459866363,47.11951380210115,2912.9200958374745,20.914148858174105,1.134409054604791,32.892632073457015,630.537670479081,1.9303037683187707,2.9367072243771934,297.44420315419313,6.2360409871673905,90.7791985105941,1916.5752444557459,2.6456013101886167,177.82615786527222,0.6140593369226808,5.362014554798047,67.84174788988133,924.4296813313542,0.5109518212008447,24.730149922264488,8.76553217286074,20.070585246812215,0.06075325834905647,33.182328003794176,2.4682115400679114,360.7008268523749,28.787386266315416,2.6081081465888296,0.24454158469299073,38.30407204877705,0.26797585164138904,46.671687081601874,4.64429319430773,24.534158793112688,51.59419089818711,2483.028225194339,4.6635415184768405,23.148056819665573,49.333237114661294,55.00033902940325,99.51097899196542,74.03478405613642,2289.40635318158,99,1,Uncomplicated
852.6710155937915,92.82804130727273,96.58821224591223,82.38307177321504,71.31800083392088,113.3684487452607,100.11524093750613,96.05967214102027,104.40736851236622,164.46256621728247,79.87436252237306,97.41625336784605,49.20202325016414,7.258624928586397,12.17108590793478,218.16161315048365,316.8044866224963,229.88818261081317,0.5862711548165811,38.56560408815521,51.006145000841386,116.67885897519206,63.65263834722647,52.851555013498604,0.1676145844913143,1.0987480779500651,13.622618486011907,9.179381648441604,0.4224949718581063,50.20212285209114,2636.960486644212,42.09513991869494,0.7399943181701083,36.30105396596888,598.7966957758326,2.0283165736251276,2.841337437843028,425.59292131916584,5.567259449946852,165.2061724313016,2653.616203140381,2.8516057327522883,351.45916825531094,0.8357867610640721,5.425732935341971,141.17032888497837,1906.747411056038,0.7452165617469264,16.16404655436336,5.633631169589255,83.22839270863689,0.19581426778377306,26.10880094799371,12.679485208287371,1154.0450189706057,19.966472004980325,37.456833577689224,0.38968141319937727,28.33685926138114,5.00980612380854,539.0098443750284,3.864669285062495,26.731054534096405,66.51196388218038,2671.8378946365638,3.776701021901133,26.73752614507886,68.1826121390719,56.55478220163314,100.07870736580004,73.42119896290302,2678.694555677724,99,2,Uncomplicated
12375.575195756483,161.4789602763026,118.34632875681439,89.14567961474987,157.02376332138022,162.8809737201488,124.41338081028887,98.7728644004594,72.9904938331671,203.20187889211996,84.59920401872161,80.55236097429857,53.54892521814191,7.19023897228305,29.456604809683192,172.5030946791568,456.6205946838097,243.9633997031014,6.043064843293461,802.7183943121563,38.754313825983374,165.2787653512866,43.805665129847284,80.13036353718303,0.17221908188308668,1.143702686319481,57.00214395226303,3.0199617051926015,0.7837634635865265,442.07580117056136,4098.649092537395,41.29920109718768,0.6341300455404911,36.79774425047177,667.5683066914293,2.606277985096516,2.9651594680325752,392.51372634698475,6.301616646877746,120.91205594726078,2657.1754103779595,2.819604525182854,308.12635810544595,0.7640814043173821,5.520876843674395,113.69522131098655,1790.2915826595226,0.6560862897723874,23.554055457918487,8.522286188070225,10.933285129473525,0.006429950974961879,35.75455778781417,0.2530726987126286,519.3829214407862,26.55761952299359,-11.478423237397145,0.26819922006742186,38.739992257093405,-2.109866345398702,-92.8345456026583,3.9033351473603135,32.378555020731035,61.295007406586954,3228.3836776292824,4.152859927032438,34.527090362499244,64.29163891679562,130.84785653816448,99.42328691592841,175.65738569724985,3466.08583435733,99,3,Uncomplicated
15.928648539113567,0.31132584641620686,100.45897302281608,86.63142011306721,96.08525150625235,163.72960771141734,154.1746710721381,106.57271028293243,135.0153127264996,140.94893199407863,103.10028781371878,141.12755466380548,44.382783015227645,14.250668981721097,19.57182953823076,243.00759839071594,338.6260196140925,248.88275437563158,2.2604672549806284,4.811172619274172,62.48802587319338,106.44390173268093,55.67115166210509,54.90687111091746,0.17556259840886757,1.0,8.949384854104519,22.428862089941596,0.715390709675959,30.60907466149692,2429.4141024153964,24.395046945349296,0.8901260812641163,33.157336391365654,646.7687639571163,1.8591000062683833,3.1803430702188504,310.83021920007974,5.8983464641046695,112.2568725020779,1752.3882668180045,2.6849880486924413,150.1019199306958,0.4810317372040348,5.075345250398934,67.61897516144354,631.6366153183932,0.3833439968047077,31.12184164939344,11.106245021423533,25.825114894307372,0.058790080278172785,39.72983308051461,3.059943366246066,307.11468582210745,36.9662229621471,7.367791253432718,0.2146257623498487,45.358087412929414,0.7433902761369067,94.55264988776435,5.5831383474818415,28.933946654874767,51.3900037483408,2892.939972886298,5.710473499854796,24.02631571502743,47.17160725821551,41.99069160198188,99.33563742095579,60.953231466353195,2397.24701383324,100,1,Uncomplicated
2307.4057237716333,-10.102152959891164,109.8219033584485,73.51610431626233,96.33922043619212,139.116837119688,161.80132903853948,114.9041386896138,141.94544671277728,137.05701377546515,99.85109891297927,135.23852409562727,32.96454887285676,7.956410567811224,20.770905779578435,167.92086509571803,416.5304579903262,279.2568106972673,0.5578910440784521,42.293631521159405,69.64553985632018,102.99829805886259,53.75254065548476,66.26837147072058,0.1629429313133337,0.8962799531227568,13.081156709642892,21.51737893575543,0.3764750330918741,28.14340609710436,2396.9439660455723,47.39130807220481,0.6051324152079676,30.454458768238716,555.7312609568469,1.5142732971188178,3.121220044481248,381.4717992115807,5.98237100861611,151.43972883662835,2357.1219769513473,2.8518804317007023,192.1289423301501,0.4807911068931772,5.307250877714276,83.35381030319894,909.5728599176655,0.3681774741257733,22.36623526404405,7.217786810657274,46.33194104197436,0.10711510579171866,30.051352518996588,7.173405590301659,635.9010029486035,25.237991171279262,32.58409948337445,0.467677094541227,32.9111031399493,6.060945045773181,382.7394824450852,4.4782102644216275,32.04393385439131,62.795462229200226,3215.6742619828797,4.519328124561905,29.779008883139255,64.82528373617569,49.67118508430593,100.66784584641198,64.16204292676501,3022.547312767366,100,2,Uncomplicated
14030.798562051825,92.15867403718778,112.5527241510972,75.36477660726834,169.2881756689428,235.808843996833,190.91807202026044,120.40927393533708,88.3836035693661,158.36098396065563,95.94267007362365,112.28891020716127,30.816617894628237,6.146126660593453,45.61987175225362,155.98034664868663,446.4825121818299,297.11127830403734,6.213054906761405,514.982006491693,81.2518551804151,137.27776437116054,27.103835558689713,69.1273963405409,0.1624537445169165,0.9107177673861949,46.18417742057929,-1.9890149553141754,0.8795986761361813,615.0276797270624,3038.5167439010843,38.77342916993679,0.642498842034835,29.045020996900078,599.6279678067318,2.05878946875133,2.83892077169293,396.37891710063536,5.4156859416588485,158.12704267674556,2048.754576653291,2.9227809551755515,283.8102549363673,0.7083753807530547,5.0712198667528545,131.49959312914538,1285.8306788104328,0.6138080708905379,26.07094641150874,9.807895867302008,1.1264177839069447,-0.019880243434847483,35.99254222892587,-1.110208944094687,354.30989864502885,31.33416562007441,-0.8906332942904953,0.41384681504583626,39.30693143237999,0.4253798264569504,-79.54297867904688,4.299309218214655,28.86557690049578,63.35420130792272,2910.0489869846433,4.401975579443837,32.33359866428595,66.47211256664416,99.06040690185,100.28709683401418,139.031565891104,3222.3407993956844,100,3,Uncomplicated
