Estradiol,Progesterone,II,V,VII,VIII,IX,X,XI,XII,AT,PC,TFPI Total,TFPI Free,vWF,C1estInh,Fbgn,Plgn,PAI1,PAI2,α2-AP,TAFI,FXIII,γ',γ':γA,γ':γA Fold,TAFIa/ai,F-mono,tPA PAI1,CD138,TM,NE-α1PI,TNFα,sIL-6R,TNFα R1,TNFα R2,TF Initiator Lagtime (min),TF Initiator Peak (nM),TF Initiator T.Peak (min),TF Initiator Max Rate (nM/min),TF Initiator ETP (nM·min),TF + TM  Initiator Lagtime (min),TF + TM  Initiator Peak (nM),TF + TM  Initiator Peak as % of TF Run,TF + TM  Initiator T.Peak (min),TF + TM  Initiator Max Rate (nM/min),TF + TM  Initiator ETP (nM·min),TF + TM  Initiator ETP as % of TF Run,No TF Lagtime (min),No TF Fold Ext. wrt TF,No TF Peak (nM),No TF Peak as % of TF Run,No TF T.Peak (min),No TF Max Rate (nM/min),No TF ETP (nM·min),No TF + anti-FXIa Lagtime (min),No TF + anti-FXIa Peak (nM),No TF + anti-FXIa Peak as % of No TF Run,No TF + anti-FXIa T.Peak (min),No TF + anti-FXIa Max Rate (nM/min),No TF + anti-FXIa ETP (nM·min),TF Only CT (min),TF Only MCF (mm),TF Only alpha (deg),TF Only AUC (mm·s),TF + tPA CT (min),TF + tPA MCF (mm),TF + tPA alpha (deg),TF + tPA LOT (min),TF + tPA ML (%),TF + tPA LT (min),TF + tPA AUC (mm·s),SyntheticID,Visit,Cohort
-126.24071583029317,0.19009282866096408,101.08349037925625,97.50559130221482,136.0865535454032,80.4143678192199,112.23524262229232,89.97378347148705,136.98400215548753,124.78089872883803,95.03599446384993,137.28801914034113,47.93482847849543,12.135098554156437,2.271142627444047,205.22034981351976,257.56046093939227,174.63739708598018,1.5058522061931046,0.40073624521264506,49.756913798980214,119.03159419456867,58.69963397401802,42.47461588917391,0.1676107550083433,1.0,10.937414631864556,-1.598752296198759,0.5553797375245432,25.04418286232968,2672.474042072552,24.698705179888286,0.8343605629875517,38.75764289315491,433.04525261038583,1.8266878286984314,2.7376940607785603,262.8097101024204,6.0366443404417245,80.49379103732716,1583.102440383727,2.4614947467588983,155.64585045632825,0.5938627259683684,5.026093930412291,59.239268081883964,748.0794018737774,0.48661213851492574,22.465821889391044,7.956249984689155,29.839550328395262,0.1256032286654281,31.14870564547908,3.660403150305349,471.60106390791043,24.673073834546436,9.396666938444646,0.3519163643074087,33.55522418983295,1.1594111941087974,141.89013685168723,4.588177794899591,18.570922103629318,52.558496244137885,1908.6334279229682,4.330677680167826,18.796410352750033,49.536649418238,38.10365582302558,99.18033020482841,58.82831272354149,1863.052574015472,1,1,Developed PE
1595.7816546236106,66.74320336021212,101.77377537011455,80.68620701276065,124.80721805224627,135.71621837058498,129.94334839661767,94.24798714360948,121.62075069653984,175.69388756666152,85.30790217056276,119.87010221045898,39.62697292881886,7.3600082677905,9.632597656751425,207.94324799492017,318.5999020004444,220.9158741329163,0.7332582000831096,39.79540232704581,70.88401493906363,122.96067561366905,60.93286776268814,61.20137260805437,0.18964612779993992,1.168259259069732,13.5940743122955,13.514376452288223,0.2216767608408433,31.611244519017948,2545.0171289361333,37.97238207803723,0.67838795260533,37.08976804795029,421.668376966405,2.1086524993742723,2.469324677363055,424.1914445545226,5.039446429264688,163.76691299161266,2383.396589746805,2.6022044812460297,315.9600479437978,0.7555903022717099,4.838831803745809,139.4679562381444,1682.0713556746716,0.7139423124056169,18.149033723066665,7.30842704088417,60.77829085091733,0.14319926033658692,28.405573348388412,6.408065812974797,1089.381507820512,18.256736045869353,15.470880898513654,0.30328495262753136,27.791085920805855,0.7408083237168586,328.1886262620051,4.697590242343592,23.522956124985697,57.80495424562217,2378.369835061019,4.680785852839789,21.74229878383969,57.78396346172418,53.11604230587133,99.88478226783846,73.56551980969583,2189.0906401810616,1,2,Developed PE
10906.0287558132,144.63168044423978,110.55214134674131,88.31265327694504,203.05574981308362,165.8102116599599,146.76418291780234,102.00832314131824,110.58009119845767,186.97822587503404,87.40708724806504,92.08049298172828,43.4859148899271,6.421219048993175,13.711159775882283,156.68387727217424,428.7939835604722,258.35264287610886,5.235714187325863,596.0359104308827,53.11270225144969,165.00385839222363,48.4784277135364,84.17343953265109,0.1934065462005806,1.1974350330518226,44.68894716669831,12.10670629798043,0.6320204223067957,219.7051124336594,3304.6392268792997,54.72403585614166,0.723810167150263,38.31147936950871,538.1888736596202,2.838060320226655,2.614863542455651,402.772446696659,5.226305761685608,157.38330620730898,2353.093146899264,2.3711701364850977,332.4696396749037,0.8242873775299177,4.859259599819411,135.48593695724261,1748.9794919363965,0.7431684672341832,18.382165453062704,6.965616338774637,88.16906929393548,0.2223322129911129,27.61323805519994,14.332849700585431,1115.493892807145,18.316498105593165,51.83828368455896,0.42031162366743463,29.025139586557323,8.565220700744556,655.7070922009839,3.643533058843284,27.74883970726107,64.49422555587388,2769.3690711158742,3.5376538898913763,29.164565117084553,65.38733397274471,104.01600375153964,98.77195016581784,143.57814745925987,2954.769884498273,1,3,Developed PE
529.4562876908226,0.20720200991923368,83.03989434584491,85.76705455732177,88.26110533386088,87.17442828014778,83.87507934554449,105.44022801790393,96.75013952545785,86.23776910495475,85.12009029227448,123.25970982889282,58.20082333279311,14.241537139828171,8.655967658562302,167.39098618870887,242.86182899122235,197.0029729730977,0.6234556592735133,-4.982342370766252,51.29468461393161,44.22283058682004,81.38107196846963,28.78832622117907,0.11271095934280316,1.0,5.4775339419400835,-4.891668154720181,0.7873126039711882,26.954244561987156,2524.1588646692817,27.490292631859138,0.5163553031379954,36.72786211474366,624.7719862226714,1.4336145986325035,2.680487252400282,220.41597895237095,6.135841683574162,60.19117254741242,1260.1260551240239,2.460166060260887,105.15731592984596,0.48580274280232855,5.01493670631765,42.814924632129205,527.3113800393054,0.4009911412479188,23.694623752803608,9.186311278649471,13.936597869965343,0.07535137194747911,35.33516836290369,-0.1797911954022613,359.8951932289626,20.984994208934406,9.774460639699113,0.5074399007553481,31.629965829918767,0.7608995829630947,172.66625582874116,5.032614147293109,23.073672864003782,48.81997103572919,2292.6944438571663,5.2814807317320795,18.526203490689014,55.89747206142472,4.7323387244121236,100.10175468893422,5.619187420087563,1858.1538169499393,2,1,Developed PE
1335.4852310485262,56.89048954707293,97.62443870045274,99.01623002614004,124.08283934417155,146.70846218945158,141.21105732717382,126.91429204450128,113.8211976582164,124.65340145591168,93.98515833948746,126.94647742787244,49.028977397639785,13.010524149232785,16.383554974539408,174.8783864053843,431.298801029358,221.38219013989405,1.0247915604438278,111.71389715221974,84.88964122797123,45.69161071335506,80.1728448841028,55.79876804164831,0.12238099847356543,1.0532973789743694,7.371872535504347,21.049547962528422,0.5206667999332182,35.516690888113516,2683.2025570086807,47.26465658951514,0.6152371211532881,36.11720061641111,586.0445920516822,1.8001600612231172,3.04011616163822,307.52773524932644,6.2850911642226945,100.40102387148211,1826.8483534869447,2.9423267982392027,211.23963934006298,0.6764237298657708,5.496135550694786,84.42843490480963,1090.1214801714077,0.5697929628752243,18.96335738764553,6.133630390263151,-24.69311768993746,-0.04150997305853529,32.75039306850997,-19.928894507428964,707.6541565152872,18.52505355033438,-9.990793161393238,0.3483627283255087,31.24392778745247,-2.2332717721950677,-70.47508580893219,5.252271119465428,33.04971828931938,58.045710771185924,3348.7694604964267,5.3193176087184195,28.92209170461001,55.73247687354491,23.53983218383381,100.03207142243001,37.33867367405261,3004.6209883871893,2,2,Developed PE
9074.226461840646,190.47332003760005,98.46759854318503,99.72668655412167,173.60216029953403,201.29367294165309,165.46791134785124,140.2919612405736,88.93683373836461,211.16147053759153,84.19338649589353,130.11046368074335,50.69342355244894,12.245791319832517,26.755272493015756,171.5779702906292,377.43064887913863,258.64664202244103,1.0835224830158325,1002.1981536153,75.26597178861668,47.95795928696815,77.97385341953921,52.666158384102786,0.1443207168791684,1.192901348122181,20.89054714781477,4.116046491305442,0.5481602464610226,929.3932939791778,2603.8997711032393,34.71639630525669,0.5556765893743874,37.770097906824496,707.6120923578472,2.2011067896135526,2.33036242131862,342.75846247674787,5.264038978479777,115.53693976606267,1827.7175191239278,2.359435560860869,172.45785839564155,0.5375018596877055,4.711039323437476,68.90685933012776,733.0970966135817,0.448119598410465,17.06984668106161,7.201236920155858,61.78699229711374,0.17877341062049065,28.35630064204455,6.608978557169001,894.5392723604159,15.740421028555666,53.145500351289776,0.5732306717436014,25.943775260491137,6.695087745803684,748.7255119961599,4.259770006823974,30.62883190668485,61.73535603929396,3062.4358245860976,4.273942113684206,29.28513246180757,63.65375718069481,21.83416124263246,100.18321026521745,30.364452175315627,2978.1711860510977,2,3,Developed PE
165.5305841036206,0.5729218336938741,94.85653017462772,76.10191834378612,122.62491195424455,97.3006889369421,125.1940411959774,107.80584870004363,116.15467329539399,113.81579330427479,88.04169121098874,161.29689916396936,38.08410304720758,14.48851545369264,8.06813514530086,245.77813575188287,320.9220034447935,187.78946142030503,3.9973974385726807,3.542996761346786,47.21654370296096,100.2220737779802,80.65557199840224,39.15867947893296,0.1186409871438358,1.0,8.692269554412384,8.87526507865513,0.6710796845594199,38.56351546445784,2506.446453121642,29.90824137541105,0.6905579854340578,39.6923755694633,671.211906509279,2.2926799262516617,3.133228497621052,319.0910112114065,5.997779331689518,110.0973837417713,1934.5865839819407,2.6370102936087005,123.20896138348292,0.3762849076587568,4.96316495527063,54.72599946037724,548.1403021818589,0.29494437059488915,23.17246314407821,8.176350848392255,57.730434411268035,0.19146102977846466,31.678233421305354,7.465997731943888,717.766099100939,25.005058648989547,24.84190347738798,0.39959146356271774,33.38892847742801,3.0383689437651573,364.5534275055251,4.873902912939089,25.861913244772392,60.978381991065795,2616.001043737279,4.830161851138885,24.084744342190383,60.273875154570625,46.12081513138547,99.72708473329318,66.42352444311577,2414.4610505063715,3,1,Developed PE
2641.3867823293244,-15.682706749509961,114.43044966581196,70.86962048437738,142.4658018649844,168.77108313239137,169.60133283667898,108.71003326214024,133.68946140760926,149.9067820719582,92.42016656810148,177.5379054691455,34.38293545985917,8.51824255074612,12.761193455004301,190.98733892252017,479.6903420939711,246.1776352851714,0.9280458950022119,15.47524321832924,72.52450658016693,113.37622250146163,79.00657579250635,70.00879106345866,0.13887513111915384,1.1902048758155328,12.852856065767606,5.428553144687639,0.29892356088163075,33.82837220459259,2349.586826022546,67.62847545840711,0.7078108960009563,37.988853044216015,543.0433106494615,2.164446805460145,3.0403241200165487,443.5194663693811,5.794327594562603,177.9486080371683,2681.235509551706,2.7920252775201364,216.20050061089918,0.41667426794594176,4.964119523859816,110.98517486341561,1046.2464690641666,0.3555126589767011,27.238316867061172,9.429523565844702,13.667508772277877,0.01592411812298211,36.608226619954294,-1.3981089848745594,388.315796244877,28.070360939156533,-0.5950162809938391,0.2836037450914275,37.83998650364817,-0.5346856615406952,21.642632594382235,5.111082235939342,34.40449176415475,63.276229682378336,3458.2115439468325,5.015948695532803,30.149376410072712,63.33259525287986,46.15353415232913,100.18983726083808,63.526935389569076,3052.028844076779,3,2,Developed PE
12472.191371175757,116.90796478944628,105.68877059741664,79.28991311763659,220.38913301101277,249.37184479699158,166.6155667243656,117.67304256646494,112.02887235773781,155.51552256695834,97.66738402106789,126.46636108778604,33.19688802683104,4.848229203809943,23.340488888490366,163.48746517641183,547.6621857512247,269.0147591162992,5.017130966468397,488.7961063050565,67.10851731113766,163.95564495761997,45.623871434650184,71.76995482795266,0.12682668990208118,1.0932981003385254,41.329406761853214,8.54890862169508,0.41403054872629474,458.68629220332167,3160.8538913245093,58.245768263545685,0.8929721346759493,37.28035693365757,673.7883663939131,3.320764175907321,3.039802496081263,449.18549576692664,5.100236599716546,200.77793119004843,2241.8220262957598,2.9556275845004514,336.48009692337297,0.7461021141614214,5.023927912934901,159.2859615432336,1523.2289778816425,0.6687566672498573,25.35195654454469,8.709708390235683,38.42665173342691,0.085332925789621,33.82649648646847,4.214335870488902,612.1121344205148,29.68015728056287,24.168119182551813,0.4154482594838901,37.071204467957024,3.573544601079857,294.85910135643195,4.176926212340186,34.50933051670888,69.62859781119595,3448.8502161934307,4.031441917025347,34.33986890375272,69.95029532494492,57.06842410316547,100.0493901516673,83.7075071019635,3426.645393839778,3,3,Developed PE
51.22032722622586,-0.2639092612723892,99.30884018316534,121.18015076796564,136.08941429917977,117.7370143599914,119.75218214790446,94.92388117514358,166.22792447109055,65.16702545405869,100.07615464659301,149.4342164018379,37.298752979147665,15.769702524981284,9.507682334629596,231.80046205020676,222.28746529560095,262.6152587274158,3.546436596227184,0.23391479672007875,65.57153447082986,82.13501862508609,63.68234278099246,29.782642359041407,0.13428755451127117,1.0,10.912103820916077,6.226784127347797,0.5294746224533897,22.628109366685372,2316.617686473737,27.932467436709953,0.8269959859732349,37.76013830684097,429.95148635650054,1.3349988973111702,2.6750869765897325,216.3995979865424,6.285818431563564,60.54468028701983,1374.7375976593771,2.012884881996515,89.43845086481957,0.4088870818570571,4.641317879306148,31.579462094309548,441.792959687755,0.33101893237909297,23.121615505349673,8.226630629200397,3.742519770890887,0.047283059676680686,33.948524342710556,-0.49835278703366104,239.04638663034115,21.604276544676196,0.4136584205102469,0.375918544169374,31.18826858904397,0.006305001492396656,49.94340715361088,4.281678962781101,17.64916933545267,48.65278014981737,1796.7886278105882,4.077211149482073,18.107359799951105,48.652412778219414,55.528738456029984,99.5493024824347,78.88198062642137,1842.563948239499,4,1,Developed PE
-2072.570604454015,11.974683958475737,91.48639871673892,98.27327186449635,70.97541662130368,117.09829234596675,115.4188033662391,89.62096162334831,128.78173940310327,89.05553920247456,78.24315274334761,100.92418670340689,37.59832966748278,9.269522146767722,9.245279756307156,200.5663297808607,268.4149054912441,236.54771642187046,1.0618395818710062,56.111658178522745,91.88777652305875,66.39219365021643,78.51327811555912,34.479833852710655,0.13584360743997778,1.031940858834818,9.161859074021955,10.260412816793242,0.26337265708631874,17.13440217406094,2345.2223502999295,37.639223884172736,0.6426767240749006,35.16096079803871,411.5661755477921,1.5378683076347273,2.242276275089592,378.60529462380975,5.012629950428434,128.6428994488125,1987.041412873027,2.2957867346190457,314.92745323688786,0.8245159667532225,4.704743165507737,127.4562918111074,1685.181374055957,0.8009857634781581,15.797785728112414,7.425591376798649,59.2387247318838,0.1608025749622661,27.203705563292548,6.293842221848413,1069.1464196011161,16.265927215646084,3.5045738084497238,0.178016370832023,28.10211773664961,-1.6093778196261073,205.70246715671493,3.7925461306870565,24.098746114825904,62.54628742792685,2442.7920567195724,3.8066382178957197,22.020754983869015,60.9479489699109,48.97480597045917,99.4837439902463,68.3787686875638,2221.432138845017,4,2,Developed PE
8108.230596127967,134.27316807344445,101.33162622738818,90.01708267607681,128.38476305677764,193.62137867575163,135.23063494464665,88.31000393586775,110.88826686731994,120.32301801475114,80.29541996497954,92.78914397651228,42.25078152753961,6.884427432314118,19.925498368371677,146.88921952376734,327.7255534217476,244.907085143618,3.506415361562753,952.4672474343754,65.61065012811775,68.46454683892499,37.065310534754516,40.919979807674444,0.13106439395059646,1.0096406988844877,32.115018175356454,13.41603713305227,0.33854793043399395,330.5760198820766,2948.826130351547,54.386561874837135,0.9819698830596656,35.83489693209853,544.2877420794259,2.1497626522852613,2.6263363234653476,309.3231241522559,5.548240041541552,104.40692526784514,1852.7671311971167,2.3209172002322744,219.9989098346167,0.7076662987599416,4.916761542836441,78.80342189779434,1022.4950596419608,0.5705861643943807,20.09098677073257,7.68090751870611,79.25829783876858,0.23376213338456348,26.863807260489114,14.198921420669471,864.6208339746485,18.454716356758293,72.36134791149058,0.7652907458920147,25.01395139156852,12.877875934562262,799.3006883287737,4.09280886165204,24.557505468234037,63.22185862350797,2495.9929144577204,4.017923006070706,24.374825038071116,63.023722225533305,75.13242844056964,99.12482196266109,105.87719535799394,2484.3662815187836,4,3,Developed PE
158.23690555025996,0.19265832175670353,85.9355597386107,97.19962459203224,137.80893753815639,98.9693743047723,110.96422265689968,92.6073828464629,110.17263371824765,41.99709665403124,88.13051600906671,153.97023033738392,62.2830492335637,13.610458095573826,6.667140042540751,200.40809575484423,214.47228305650722,214.07131060689443,2.2863368661372743,2.549465281809351,56.434398377026845,104.63070532025105,86.46212757307958,44.4905300416435,0.19938399685836197,1.0,9.265216202843588,4.879697804117371,0.7073186725408538,-3.1361110028173265,2646.8315119995123,26.40996079691557,0.6485924510133835,46.04552175579289,461.18137136157276,1.9472976518042882,2.6123062665800423,261.8055819269982,5.529558245508669,88.78638141230981,1317.4622845506092,2.1661331057348603,151.76339429471494,0.5932884636090394,4.574413227165001,61.02127953499392,690.884816348769,0.5339915139681728,15.437814459747532,5.936820074563363,32.10949855199575,0.12347209720876341,27.223192506651163,2.705375695013937,563.92387962789,11.293862262079664,14.934506574335328,0.4906401955742444,22.709410049867355,1.5469736856018184,264.0691021665506,3.1502692246479245,18.559093856430778,56.999537697377015,1930.3621215414787,2.808054309541994,18.490506650837943,54.81258292536234,22.395291735389144,98.68148199291765,34.57148238863964,1797.676854574538,5,1,Developed PE
2332.87511438543,121.80443060862417,102.14737738102767,97.94832487051077,135.03691986258025,235.47668226716226,150.14733773918493,95.68697290643273,116.58955666274568,92.53778707546324,80.19459269883777,128.6870875851576,51.251009183634245,9.667407800871679,18.7669402661588,222.70809393375,386.53101806930323,268.181649794631,0.8461999232162349,17.51129540734237,87.0669958564283,118.76463006716705,89.94001519000103,85.13795920960513,0.22625449117880023,1.1752762952620148,13.868866622204976,1.0968291127216698,0.4634425247114061,20.557235979768205,2591.3254363653723,54.498209685559885,0.8093901841024476,38.731240445785446,514.2124068665039,2.1906488774558577,2.3941190674196338,413.0911395525707,4.608678343500585,168.18055071554207,1910.2881965441222,2.377360150088401,244.30828057354262,0.5776393062941304,4.2936765407647295,123.3932735438389,1099.0623104640285,0.5717459846150429,18.81631830135636,7.712145926874612,84.30494852470113,0.23212716588888443,28.23102825709091,11.849826255342814,1250.4121077827401,19.70584410396532,23.776124622213263,0.2952500788511101,29.388163213499116,2.3754401234544305,406.0778873517251,3.891433048325425,27.777821465693854,63.81430577659274,2877.577252877231,3.9407646948576436,27.00069864234706,62.39390485546635,44.9873373985196,99.7186553137931,64.44338495433563,2677.1576762509376,5,2,Developed PE
13676.83543853231,279.63460490455884,107.434129343097,118.18603151105187,182.24202568308647,312.4201619723875,172.7752096784762,115.05727127616434,112.84469580982562,113.47755975402794,84.2228266263145,92.29024552047122,70.99042252607407,9.331120995203932,41.97690618019352,155.90639826524637,516.6470360709454,311.699015112633,7.293418727526596,802.6027538520214,62.99140272304804,154.71846655370084,62.12613760919854,107.56548181331934,0.21265881699010394,1.060583864212225,31.271207398516697,17.68807254524627,0.9307967195880718,164.395526417087,3635.498136734093,65.13616159499335,1.4290863823499946,43.810160872118786,677.6240301198542,2.57135509034067,3.034653741628797,340.7149901575744,5.958455730272849,122.94562995868021,1949.9895147338852,2.7753004971452886,202.5475520132565,0.616281537922882,5.0665008207985665,96.47496738582555,775.6254095038904,0.44759551227254785,22.939487682327975,6.9382852834120525,56.83750259799571,0.17069092105320224,32.93998254483514,9.150984847662135,434.5695694906152,18.149317842121373,57.99670192854042,0.6777556367620451,31.2061958468212,9.829509693131842,612.5133297952584,4.389246549343546,33.87211939819902,64.02524188392013,3374.8494458595255,4.192223588295823,35.46496802430963,67.41147609560595,151.69379728831865,98.79796375097018,200.98174007490735,3603.3398583109974,5,3,Developed PE
12.442972953125093,0.2958042203610369,105.21681767049154,93.44350310538044,92.56756883056936,84.3159759474167,132.54961466724583,114.94063944395967,124.97888287161982,137.35524451568278,100.01598886999398,133.54915804645472,60.335015104925006,13.76070997909351,3.047175694368904,187.61177179644557,278.2515706592674,183.87041039467294,3.4166618149347117,1.195957018173098,85.61897918726889,100.0277945911008,98.52035230148125,37.251260040697275,0.13462776065347065,1.0,10.256728930336587,0.8109912740682486,1.043773857866745,64.54855109536726,2465.6497466234982,28.038327777328377,0.3667642487197559,33.04939273009216,577.7115104411561,1.350093880733779,3.1754454413200337,265.43522594689955,6.603947308026448,77.69751775540075,1676.3383058412014,2.83610570177136,120.11185754646529,0.4497270596494864,5.3881379303917,51.46664093877306,569.277562418368,0.3659635823379473,29.075144668909335,11.02333320785413,86.94297940486906,0.33385965850558813,36.21909169382538,11.841830604816671,1023.3140628289955,34.367907539873485,32.7257822017776,0.18575870922545676,42.51432062521724,4.385446903291854,460.49920621585795,4.285406356991407,22.398757519450285,59.83758765117579,2207.333564040675,4.489049214551612,19.811227461952296,57.53389968429365,38.09113813770628,100.04152002605348,55.026914700494544,1996.7243664017806,6,1,Developed PE
2419.538224901092,80.16746804551758,113.17796077606471,86.49311932539771,107.86689164556932,114.23964783191786,161.56260293432751,122.08039737254772,145.5198495270812,194.694029621983,105.40728873865504,146.89440685204784,48.99247309899895,9.840455883922782,8.300043112662554,169.1064905955584,397.3734698667038,206.08146677795142,0.9677356093488215,52.31850367160563,113.18761665515862,110.54222413955198,74.2429281348578,62.662714519297495,0.16186014384492453,1.2016731628303396,10.959857106316843,28.164528449002113,0.6714100102116345,65.52366018942577,2376.2583957965157,99.17373490571805,0.23537909787841882,33.18881486413968,507.9012512029763,1.2726041071546854,3.201345561986363,332.58468412573194,6.31062359837634,126.36500342406134,2116.7098021730285,2.733886539125921,175.10267277577316,0.4921808339159718,5.213315552266305,78.84068884929385,864.9376473452021,0.4259204399879923,19.96585607527331,6.456744111887338,7.983338098841948,0.016071307824096187,30.761082596088183,-8.018779625156604,653.0871094962708,18.349631147866894,17.085426346434872,0.5447232401908374,27.413482752607084,2.59158422394587,224.9021264919062,4.869463708349713,28.304685122261343,62.22677688520934,2832.6918394498375,4.655368664079354,26.730421837515788,61.7135957372569,46.43335706889954,100.12055622248157,62.548253499963465,2754.369120355387,6,2,Developed PE
14394.051258685598,126.96850689489943,133.08259522541485,99.29526646652779,218.36685981501006,179.31401925369818,204.06349578671467,140.23974710632038,139.10833545059987,218.17924484871014,114.35272669614491,128.23073374145483,50.59022881860359,5.601216506471371,5.3928801058271105,158.78889521016006,491.43548269227597,298.63267419675765,1.3952798112603322,581.0693129277388,103.49850257031045,166.2811488552553,52.53394136711679,74.69155971103143,0.1585865770016159,1.1176421647775134,44.32540908097044,13.009160486681788,0.3665077533259695,748.841314790015,2943.0158805787905,40.25991691114219,0.041147292977071204,36.63622115232006,648.5997026357429,2.222968618986844,2.976313039067835,388.70285646239586,5.556394496238944,151.2027098498456,2060.1604769661067,2.947131115718353,262.6856091643168,0.6730267370149601,5.159213898234869,120.14898133305879,1217.7334247214728,0.6032134682595804,20.75458598882464,7.522432784334158,48.49531404950714,0.11799553398791045,32.73267294610897,7.049513238952336,685.7618969817337,23.19465109681106,27.843600521571197,0.4621913632665028,32.51779650118122,3.901173155427745,415.3251940844005,3.4378427379967476,30.874102469604157,66.738714047302,3103.8292441131966,3.289846995499773,30.867518911525607,68.68350159884046,27.757746262334273,98.9874218201276,41.054836834477285,3068.7747708393663,6,3,Developed PE
49.96702421950083,0.7609747210337774,98.42298543630461,107.74679654783725,118.09279944954129,83.17274479421405,114.68921526613987,86.33704382063553,120.92094911132335,80.0454323116382,110.20844115514714,134.4524743939369,56.33168698436658,14.136453133608804,4.309035889815096,191.04079977117226,235.47384163913753,215.51276700841925,0.09507094487936762,6.642255433952043,79.72631019367253,141.48407606763763,68.5538815939027,52.85989446440601,0.2243853012459538,1.0,10.365228721975395,8.300879312470965,0.456788791182389,-3.7769680921878575,2076.7453634660337,38.54726507140953,0.5454368809689836,39.502433798896455,229.3504163703127,1.3394488692825997,2.665862893603095,244.90079887411315,5.518839611414665,88.97998149594652,1098.3379844345413,2.4368788187435118,152.2989530215519,0.5944570500686452,4.725916046394814,65.86626854515556,581.0428956233259,0.5035070961263929,29.840495199306908,10.527329087224153,38.14860135614984,0.14380859187811276,38.31305239187707,4.65193826670529,354.23107049017983,33.451820984045355,11.979123212249167,0.2447701913333679,42.15083357523838,1.3391625749017038,115.05594250951027,5.762933918227516,17.66233958636628,47.4778361456,1797.0486681438974,5.509170048610366,14.517057339593883,41.24275559975774,18.807627765544833,99.01578546326606,39.872121222324274,1475.6540836255197,7,1,Developed PE
3824.7364845245597,61.68996294668348,102.20842022885407,83.34586914985132,105.5896370460444,127.0363962367536,117.77608070030587,98.9801011136811,107.1668730542399,129.62902882409196,92.12536492076705,103.17123570182157,39.71191729933304,8.3237529717785,11.189021317324869,131.80528811712773,250.06985124713793,225.51537064894993,0.7090436587259215,37.61119808303607,93.99992386526047,125.52947964054647,55.256440823844265,60.429824788052954,0.2229604510762237,1.0061274429715414,13.901734542008347,28.909741465201147,0.2392984125048959,24.81355457931406,2450.034730571571,27.9549601365028,0.4350175233020702,30.89555190742062,267.2190377574127,1.6678824078214682,2.28934870822651,361.10803448561245,4.791409931371891,131.08583099019017,1934.538438134706,2.428847994479594,213.60652862713658,0.6073250448783115,4.524586698698139,98.98028644445682,1066.714125096718,0.5462740031607812,17.155475347547075,7.4024194975556705,36.22245523700223,0.09171889831372348,25.343910834523605,-0.09734270515912513,852.2987406390794,17.124449950569627,20.57543338857904,0.5267437351414312,24.616453467381124,2.2459870687011154,311.9960541288416,5.622831311023606,19.595881065353257,49.11610834673361,1999.89017284104,5.6433578781316625,18.153720354589254,47.3000307291857,53.27180848224493,99.79673956055507,73.00544459993648,1857.5361602658343,7,2,Developed PE
15218.0198574659,158.25897703838328,106.93077198670872,90.17591333987916,155.7973897656917,165.95237560735845,161.62399567927775,110.48958457101648,89.24407571954865,127.60941033681877,94.06681830346186,107.38639569217855,54.33396171538302,8.865068739328546,23.339824103102917,121.90363882173818,349.400960154424,306.9510258454087,5.977799208683793,370.01625702935996,96.35064157363156,144.06248538568758,44.75846650177059,86.51002164650119,0.23251534996694995,1.06944829565054,30.687754827049474,14.179133175460976,0.7880056003511628,237.47341519000454,2369.062422079599,58.52222393900861,1.056529788261329,37.23895986176082,460.8727316030204,2.3628190106465374,2.5772115717280797,344.76898702006565,5.08187499518192,140.0042035441028,1964.1011713568364,2.4002119032847107,248.6708366360725,0.7296380036537645,4.740235289060757,107.3272240034186,1191.9573749032547,0.621358569209434,13.032747964304455,4.811294839107239,174.84861872518178,0.4679300499778559,17.653148893583186,31.973280246414006,1832.5909665561467,11.449366624458406,130.44457380684133,0.833247049809879,17.994977611617998,22.56107887280274,1510.1272781514508,5.005320612978791,21.842028693633456,58.675626883804135,2218.5259301511505,4.739095299363023,25.653289768937313,61.7069341494183,100.07012852084405,98.7402069988914,140.99841453011612,2598.3052016050274,7,3,Developed PE
167.12860541498497,-0.20324693969315882,91.60237509463514,92.6294997714935,112.77439449934492,104.99677028992258,110.11133771193549,89.83077105647082,108.38136824799257,103.29652783123434,81.53209232706737,152.79163274827516,30.065012870852726,16.536184672373256,12.164052504177254,254.0076020737348,281.21883145522474,176.8841820679072,3.1994049771253454,3.6697418299482965,58.21954173170192,76.29578047920022,69.6222726198915,33.9578524837988,0.11299534729774097,1.0,8.518143976492063,4.54516672369348,0.19619387394902754,-1.4092748721642963,2560.810224218019,21.685461397517507,0.9682759840716506,34.83911037359722,531.4445176385078,2.618178251019518,2.7699049609607997,314.9591631434584,5.544321570672346,111.88549206058701,1930.1810506819504,2.2097038435744296,154.59243917109947,0.5151972600863595,4.72678987245121,61.68983700468511,759.9793263328608,0.43369606235023966,13.077554966450634,4.901234743552987,39.43362102035862,0.13979262600598896,23.201120957771497,4.787002535901089,665.7454800938343,10.60064678834243,19.312272241647733,0.5190081841006742,20.948088595688823,2.267510068893497,337.9497376325919,3.7919524766630355,27.153896555354212,60.87116177513726,2743.4911587047313,3.6194898095032886,24.77099331437337,57.28884770450021,60.01607155789284,99.66493875619754,87.10415052825927,2426.867246568316,8,1,Developed PE
1069.966630658234,25.008119134243756,104.13338220936339,92.6846488700468,110.13614671043513,177.05774897874278,147.322995760356,88.00187377060477,121.37220873100961,145.3557284054392,82.13708457458051,145.3681149084436,34.060212961040115,9.534934873713459,14.931131411115532,204.34125563185103,424.75173980490507,204.32408920660356,0.8484162582121679,15.701200588857365,101.98202496855151,75.48688394951792,85.69591324628617,58.04518058126761,0.12558165308744335,1.0860527407159677,12.696734926821645,0.10013315803922751,-0.009262416533595497,21.504823789710937,2357.0889251900026,44.34048212772865,0.7519489849135693,28.733565398201524,465.19217472175956,2.4980075517103817,2.5700933285015353,406.41933314799024,5.438337104783044,143.6086162997268,2511.801368336455,2.273131932636059,229.64749527386238,0.5655264549175374,4.685769801019286,95.82496460036246,1178.1658533641876,0.49394397913319843,22.00544664428687,8.772648160842069,63.31090447368999,0.19024591313123554,32.070416734858526,15.866925259017238,568.9339641637415,22.984484330234064,18.083989928326478,0.28473867879773146,33.3527431427448,2.1436831641974434,335.13303000254837,3.0814573118259405,32.13434649387804,65.46410538577511,3280.0100995190232,3.229498857665372,29.296216641729647,66.8468200087336,47.203057752822474,100.26220716930162,63.92812601470409,2964.316554646336,8,2,Developed PE
11622.536189270124,150.54250855888822,113.05436856999012,118.75639687271051,193.58901116067597,315.91262902367066,158.7778285105314,105.06947319012355,117.68132862775909,205.08275244969587,94.08001342668584,108.6376178273824,45.74665181948832,7.325050932320111,38.33578372307275,156.8589448578007,538.7133541355706,248.50864188047726,5.3391903601422745,679.2952826292401,89.85814678358184,153.12875236446996,62.4401140217888,70.62607774531168,0.11841141401356493,1.0340617746376597,35.674286493705566,11.98243906308228,0.13950992701064446,460.9261486616038,3296.636961845927,49.33818706600661,0.882978293165344,27.094830925354543,570.7972531272184,3.029895759671458,3.1119660158452587,396.75025693304843,5.715545879899451,158.0514498158567,2196.8688953587584,2.8522242215559186,276.22165802913895,0.6678890563906252,5.069768241119664,131.43778294613085,1258.0660395127702,0.5481035693627944,18.896304111438994,5.641545641741289,22.52626332787721,0.06369482610744753,27.377583679865786,-0.4380311197460003,672.1358468107959,17.932530762652522,13.670611571815087,0.6729208845013581,26.176617288112272,1.2565549089121442,228.59515400076896,3.46878672997813,36.154636106198744,69.7668158490687,3598.66806331546,3.2849643710222693,39.13359183977616,71.6090609591764,118.25129322996617,100.28381220793501,162.2246724501888,3926.077696289396,8,3,Developed PE
-2.5965526889752084,0.7306989679825746,102.96338996276218,83.1483374027836,135.31704213095696,149.382064986387,166.0984687209895,113.95814462626561,118.21111269562924,104.65964230176715,98.87016181201064,158.51197078804014,52.59832823694095,14.34111920315572,14.4282986170848,203.67052642254168,313.0793650475947,244.30768046617695,5.420980375239364,8.168617431992683,43.05276175514898,97.21303789938987,93.59172539429291,45.927389579772736,0.1695869804546219,1.0,10.503160838712088,41.27300727358797,1.22759007677063,37.127384952658765,2496.189606589845,31.14677032813615,0.5452039219184709,42.60273956056036,604.8891135288235,1.8808024623222135,3.2836738760335265,281.23431225591673,6.628671322297365,84.8190317011559,1791.0209023882921,2.7297500329958653,58.75539501856987,0.18081160167318383,4.871720080277937,32.38042865169142,228.33666069707897,0.12465450250456367,23.041413916099472,8.120392061321832,66.92509763806649,0.23267678370063222,30.584398301006047,9.053746956777193,769.8552444846671,31.19633290631091,24.750804429324354,0.2681007777006158,37.94810805303774,3.341844190488208,332.08531363127884,5.130430459654787,21.83250811254397,56.28493471934829,2232.059008299181,5.1387278537863805,20.63867882578647,52.229066951439165,50.57375738748506,98.73208372143553,75.4496292525079,2086.077542737016,9,1,Developed PE
3029.9754368673953,7.233590025359245,118.86277955713825,65.61574525719952,126.00015972045884,172.76716132076214,170.29117976376926,104.785197690319,124.44648979391904,133.28106441503837,88.29984725964862,147.9192953578957,37.839118110677475,6.834580603637974,22.15797142496909,171.67908055041644,411.72705109940125,283.0498736000122,0.7948132153912152,-18.149360175830843,28.77034933510126,123.36004422523744,83.28908367931166,80.89292489207214,0.20787249869345042,1.3726682731530329,11.508911109869475,-3.05756778992278,0.9619317959195302,42.72456929659933,2354.109302489078,69.91737819243303,0.6021843787767575,41.41123363716874,526.350333272622,1.5090490759821296,3.073946549252075,438.23545162802384,5.365782916492757,195.0503825707926,2496.5186664870985,2.7164488016105195,213.14581060019754,0.39891205128373686,4.78833199489365,113.21445564981619,1005.7524955340734,0.36606593477021265,27.859133309872135,9.656010710859745,60.13411858024746,0.11918785400860794,33.903743734075434,7.155498746556589,954.1856018783831,32.0499877505957,35.27478844811031,0.41184463234284185,38.90048306975672,6.156713538045892,408.1044894086862,4.263899421761932,30.046978009150877,66.93865990696492,2998.7053988092825,4.132523876128711,28.818703011980844,67.21723838800146,50.350328989504796,99.84388029244943,66.21239020491532,2824.7095506714827,9,2,Developed PE
12491.542465600203,106.90558560324592,109.21788567328214,70.0469952283749,186.16596555851223,218.63203442243656,173.9934293423064,116.15501412888675,105.12125175373512,91.37947752269395,92.15386465783526,105.29136840832312,47.420578997045965,4.974681021727385,35.15541972835581,152.96069969974425,452.36337522124586,296.9467618287251,6.722445335418578,68.86235767251418,31.521768626772385,139.69881101351578,21.97113128294377,76.81284873064419,0.1784102520614093,1.1934319076310425,35.489213322916264,18.031721911549518,1.2658118181163847,380.6596977961766,3464.773938918335,55.393356334665974,1.1347703918370173,43.07038522267459,638.6078166666709,2.4404095914259134,3.3341466513515527,367.4978518579522,5.9878172551680136,145.95339808894767,2079.340999036292,3.328170450495548,259.6755481583894,0.711042179178885,5.389420707448308,131.13541991744256,1124.1984244565238,0.5631153360761642,29.648673905577116,9.4412373146418,30.677858254347214,0.08990710004227509,38.55097744357436,6.099232961547399,226.17174298188218,35.63582991179771,24.1779280130697,0.30183455657650354,45.5021563969153,5.543843112959647,177.82406313943022,4.265153339086518,25.304926399044465,65.19841077833635,2545.9689239892145,4.070027531655013,27.054883375153384,67.16625311008855,102.61299187097859,99.340444761261,134.97559180018354,2662.4012298750995,9,3,Developed PE
-146.38960113392105,0.07061381391930999,117.02809673433349,101.62808494632752,111.33402642619093,119.43459660385652,122.75413402458693,110.7292023647187,106.83174885566432,155.97079797661462,98.4641948917676,142.39920414886998,54.55527457103149,15.869102952576506,4.75220707166724,232.94186745108348,285.15511021441876,230.87458335942188,3.1068557143173425,-3.504622976563722,61.08301307372409,122.29490134723376,87.86359255410133,49.089879927390506,0.16757904871153353,1.0,9.342918962704017,37.35331009850582,0.7291812232380799,32.36106713192203,2150.1022002626964,18.25411533603331,0.9509158077405501,44.67588226067758,507.88451135638303,1.6919353222836027,3.414178111865202,296.31549068107336,7.11251255203952,81.77851806244465,1912.3272235075324,3.1678469986793885,124.43509577935883,0.41137482297968786,5.73293084108883,50.22344406783138,580.1766768202402,0.3014600068895927,17.770178384407984,5.215990692877062,70.67637300731813,0.25217108888047896,25.48144825474888,9.215199911356958,841.749511599987,17.757867424149918,29.916038896478135,0.41073956969681524,26.390597191805032,3.748169411798389,401.4462316742215,5.499110411597976,22.216603731462975,53.67848825489698,2224.217354114079,5.5099119679985735,21.374711109507636,50.93626053269226,51.40542430344198,99.86373265681941,77.43359920154356,2170.4568270273935,10,1,Developed PE
4335.72093004491,51.147311100816566,114.47573409436511,76.56945536165044,127.03696019116501,160.86786839992067,134.63201640723344,113.53285601485877,102.70845940003497,174.62674627307953,83.60857683045958,137.75344760709766,37.047489892478886,6.800612400997898,9.389312391860013,167.26220024919027,344.45111345053084,249.76366037541652,0.9374365627626378,32.77677597499306,80.05790507075791,132.1615028462017,68.4283995073927,65.03731345297464,0.1907345863628998,1.0880458335441436,14.130065089208435,19.35463348879939,0.4303806855422433,39.38197482298435,2147.4040802542067,56.38865406499512,0.7849474333860993,41.78031400957212,447.2336856167386,1.6546894872502205,3.2492214431097697,458.0511255384875,6.15026519935528,170.46115429484541,3029.9094688612395,3.055581821085956,268.813963641194,0.5431822755914661,5.560248140665031,116.45644788476517,1535.2377654644367,0.4781282307451745,24.593692569477252,7.865398778383299,-23.120944850440985,-0.1080514056466376,35.890582145994756,-13.129211549276054,240.64574280702755,29.231414159432354,-11.237861893129828,0.26057926180825186,38.732562159618965,-2.0074939031201917,-175.15453709181787,5.428907663214476,27.356266574545106,55.14276293289118,2685.663239077209,5.328739830734669,26.179742874352815,55.82762587193021,58.9437820618588,100.00719725426228,74.0116801444575,2631.2926024069016,10,2,Developed PE
16499.28082262973,111.42434764442072,122.35155319604632,89.30698309896056,203.81953247127439,229.9646189419439,159.82524796996816,126.22220580477395,83.78270504832645,231.24755513699378,97.90713210801485,105.94330360652718,43.61840842612373,4.965762496465556,33.3789683734077,147.20006911003264,505.6088722446425,326.9652440503851,6.592130439216809,507.18326954024576,82.43309166860696,166.62028506699374,54.29530713542888,85.30956184563821,0.17142144522578645,0.9105339466360969,42.58888532453823,2.055415551108937,1.0369034053892152,257.0770658867308,3353.031715284371,48.932795409545214,1.0747706492589868,49.93007348307563,569.4225993808274,2.713548569552526,3.543721947656143,448.1785701836861,6.396411290137321,168.34640326445182,2764.259527029988,3.3845034252950192,340.444550982058,0.755810178107809,5.870834645655212,141.3130610209488,1833.2623257324658,0.6487644731311382,24.21787544283523,6.92247499807443,62.634026797777175,0.1265717378689307,33.64030875036585,9.530789691653966,943.0643405703463,28.323542824164928,6.098471591278653,0.1637837821582553,39.866421206054945,-0.38100749373433374,182.60226588394505,4.779377810997377,35.06767592401509,62.95685637934194,3539.105547106158,4.672338684848134,36.33370596859075,64.27248911308574,113.7212453743346,99.34783400567586,154.42042570235276,3672.4009606215777,10,3,Developed PE
399.8906196378517,0.6803692379811395,71.99268287362892,76.28994818100814,75.29653550117334,75.28862235775404,75.437967372206,77.25832075235392,60.25608712201771,99.27417023149312,78.82858919402918,115.7507145657796,37.188146413369836,13.670967964860866,12.015963970168269,201.1881588543982,311.890032880895,140.61814462571664,-0.9387666731843332,8.349418901604016,37.26827216051963,103.86790780942299,66.91933029490744,39.403175970065,0.12005559801181176,1.0,10.707591471805728,2.705758601948391,-0.08993403817009127,17.654379369325255,2887.0021182177707,40.00168245451421,0.8962489054051632,27.12173793051616,630.9514515872961,2.505836618968419,2.7090552189830244,316.5925565411693,4.947696859149708,129.62766967952643,1676.1553392915118,2.4608262094372173,176.42879848568515,0.5786235218111007,4.740023382070781,78.11387515040586,790.0639900996076,0.4995503331965763,23.860363827331906,8.624140577387573,41.23594481271358,0.1223417820840313,32.02749039341277,5.265853267993936,480.3955362752258,25.275887778142017,19.469397303100397,0.43465834031610573,33.98076498869658,2.1038685132828667,257.75967689129465,4.835562271514253,29.8722798965683,60.72539474691703,2994.6649378968605,4.941739554460914,23.962640823161507,60.255061515596246,19.473444070666503,100.36854912217973,25.617581603278843,2411.6582772972542,11,1,Developed PE
4062.324819623498,-3.199549191864733,96.46567022426608,78.80817084105776,106.43846309036529,108.3445742090133,109.71038022514551,98.81853756877106,75.31880822352946,125.73544775280101,84.22815710579388,127.75582940454761,38.5943778402189,8.639511544125828,12.498974522530919,131.51757145079662,407.4456877806281,217.8438928221689,0.6508307501857032,20.329281653269724,60.03989845867754,113.26471409366802,71.77854962579872,52.58483804807663,0.12131620651032912,1.0335022028757361,16.516862243243914,4.784574836471802,-0.03755911769130593,42.79275230682201,2858.971272754631,27.01135091021404,0.7178098154777122,27.138254507316212,547.1100776391638,2.6083553806115427,2.6678194379549174,369.5795421848683,5.438353340516696,139.26538058885887,2374.618636412105,2.5239498892534735,237.70214742335807,0.6555222656671238,4.836644046265418,106.77591320604921,1177.7148813787253,0.5163059897900519,20.60787348361689,7.509209351460246,61.12283485957697,0.1811407584602991,28.75681899223074,13.92196168796165,540.3400104533916,21.675754284379526,29.478576769320643,0.5243108847182827,30.227537980955223,3.7518591514338766,454.52933177266294,4.235408498225089,33.18108050397998,64.85495885110015,3346.9568913276207,4.248103315194321,28.407602052872363,63.984596316716065,30.247025757314702,100.26508204603296,41.03647485786939,2871.100834528861,11,2,Developed PE
12698.211127926874,138.2180115415384,99.4272955152092,90.58526966114142,161.89277696937606,193.09429772930875,105.4669087070871,105.29463844637968,50.20249007121618,142.0668666979713,83.96518774439927,106.52251057898675,46.31270344543089,9.072804340016601,31.57858385174204,136.01876626745093,497.9443593581515,213.50672604902223,7.186936086202101,428.25967995054486,74.87474018568582,181.41529479416852,60.70542816298624,69.30022013110802,0.1343905685840151,1.1263885196857097,46.33530665884504,2.9734953799927943,0.1333304703549874,593.0149496549441,3436.3519284187155,52.79389506515648,1.1763546057120142,24.404772418054158,709.0497023853228,3.49846502908996,2.5352877635681548,414.1617968687917,4.619207465743398,183.9798672522595,2203.773825223553,2.5933892045585174,353.15581143710034,0.8661285036574791,4.556559937223315,171.07754411616054,1739.7494161623347,0.7756482010690537,18.862843714380887,7.505026007954515,63.138802205163024,0.16442087934445782,25.283970235720727,6.52178195700262,1262.7786428177283,22.666521952314667,31.37169908142547,0.5638084763404949,27.955503469031967,3.6721463954121902,517.459695099663,4.283670481333908,36.788298294829815,70.58410222593834,3663.5262799316147,4.252842507956009,38.56401567996832,72.2454466213624,52.52737887892424,100.75320316001917,75.50908353769233,3834.570743255063,11,3,Developed PE
77.40520173464189,0.8209738130512898,97.49323002937008,86.48020190371962,97.20024985731519,53.5469198165406,127.28410849819981,89.42089502903485,122.80889726027772,81.97243037443702,101.03946039784059,115.51172490906963,73.63452651957982,12.161228865272806,1.2222088779825988,172.2388693654904,292.03805259824344,201.9838461214058,2.471229234628016,8.880163290498267,66.2482213131745,80.73163764758026,63.22433009796465,55.25332101996481,0.1976116854440897,1.0,8.222491818865098,2.8348558849815095,0.6733855239088351,18.114185027058546,2559.8048598342616,27.901899291673267,0.754570374750796,38.592911930010466,464.8467444897895,1.313309438486518,2.138887340996928,245.31935177708885,4.840157355989778,95.13411323435243,1062.6537951232592,2.007070550814652,162.62883358660136,0.6479943797324378,4.257678184386686,71.7887512603923,652.758018554516,0.5414522261459296,23.84552115865904,10.187154258513782,29.999761457578586,0.11511795784155188,34.948456708965615,2.3381301393343814,398.5859083629321,22.095337890041158,13.585210627494408,0.453537762249559,31.542713377518634,1.1803323286022054,160.88498043766307,5.6959524061539835,24.415723852907195,51.27782936574905,2447.7231089567913,5.727282995860935,21.48318184765256,50.35893528823461,44.78596124351101,99.50135689885882,70.38335380507965,2148.5159173140178,12,1,Developed PE
4809.894277429796,28.802500115957514,115.47155538114946,82.16877440414969,141.72268222247814,104.45916742897826,169.16617690064209,118.02365272602255,127.12702465335124,142.28317991742566,91.60303481450111,125.02861149711501,47.72091089631519,6.142276491811215,9.302390467064786,142.1117824859698,387.92499247344244,294.01349888304026,0.8036006527645384,89.82206223160938,80.77369605306048,89.93100351493725,73.22100191189188,74.62752691598668,0.19809650803710765,0.9895424750391257,13.738435961187015,30.578573484302456,0.3202687927050744,33.79319192848853,2644.0377099317216,10.673119754848642,0.5278942400328985,38.133083387781475,444.21700862376645,1.5016040520720937,2.0845342701928646,399.72460461684005,4.526136998004792,164.2617147373485,2142.8030353313457,2.3598098436500305,346.87984702509823,0.911099504279496,4.457217552988192,159.2584543629041,1744.058070980099,0.7942496090680006,17.98702062940036,8.359675386433526,74.25150042328058,0.1961684252877371,27.90139058298217,9.561922308927933,1156.2174656197167,17.33283666401526,30.913381752590436,0.48165133221421735,26.942204650847316,3.291223491358474,522.398433499359,4.981028261703531,30.86079982378589,59.660518201568756,3099.3080150370106,5.085570783001717,27.536762728488707,57.59466873521053,45.6346714662025,100.0907779212688,59.741321672986906,2816.694230129192,12,2,Developed PE
11869.502172409268,105.08811307117239,109.79488420408768,82.98980292049653,135.22167619682267,108.83312913658415,202.73579208214454,123.77223087299875,95.84710881844249,151.7530741249105,82.49401869670042,111.88338593229935,60.43340698530884,9.87293383197839,11.029204671747122,149.00913279615895,404.9116262332866,299.9180683126783,5.963969052433016,545.9441079165484,85.1697678836347,108.28289154946681,70.14944472793556,86.93632583217372,0.21168659278180035,1.0983746296348804,32.4402009882475,6.310100212777847,0.8463112660004128,744.6346324603235,2267.8421876453185,43.86909185998793,1.080299014974604,36.874730822987054,553.1786005501468,1.6961320428055107,2.2173301988888148,331.3533268726017,4.822554447547505,132.7485971077325,1782.7822426584173,2.261812170711117,218.1043991878465,0.6654834735431985,4.407770414795152,108.45245698757249,994.1797581077107,0.5904305030394039,21.198815575942987,9.037098357988238,75.53301695541727,0.20982492544330897,29.525592834734574,12.120359447563292,1017.0159027270156,23.44309505176727,37.04355893177358,0.3268607190569441,31.78645006684239,5.651698639442311,503.49444744641806,4.367947258072756,30.338978769969216,63.8812082180927,3045.114786554747,4.344971828674806,30.95523498917927,65.07489543840532,77.47879676218075,99.95879186533406,104.63469031160191,3125.462820644212,12,3,Developed PE
32.75038872575338,0.014070088199168884,95.72493735238238,92.54229852087627,135.09195206095455,103.91815959244792,102.73413477833245,93.14499365782194,101.31416695123373,107.4308800272901,80.8646442517636,141.26110456591192,57.54085642015504,14.454849465703374,7.1826190731887785,166.16823721363608,245.80718056838512,186.02257665033827,1.6202216476537925,2.5705963736381072,27.992745654158945,75.64188751573168,78.32194524982879,37.57212702196821,0.15816132900921923,1.0,11.51802631083511,16.043327958508893,0.6857321924008334,6.040195202476006,2966.4410429545624,18.465505908966584,0.9144317554950396,40.158967532012255,438.3948858890478,1.8272193048437493,2.8982921026131074,259.88047356237195,6.652936529807753,66.34032718723765,1744.8914309320512,2.45790510054788,104.05677726980375,0.40931483806585234,5.068189687870585,36.763717443862824,575.6969208254307,0.33779117985434987,11.291702538519067,3.6785625170928506,42.25079033436895,0.1656584955811548,20.967262142604767,4.6257831503185,745.2202271775824,11.883019486621665,17.471352797924666,0.48132128944647085,21.23725264338406,2.095673511957002,287.4789743273126,3.689318370741053,19.430212370510425,53.75194124344359,1992.6220259330453,3.5176882630796733,19.04643953635572,53.529021186323476,22.515765497648957,99.22636925995407,32.03653865047812,1879.1253932503867,13,1,Developed PE
975.1803917990155,86.28605360481725,104.53984766474588,89.32696619815778,126.6746285022302,179.01311617213688,123.8646708679306,95.51380641357966,97.91347093613159,151.31469645975187,73.82777826830647,113.69611282893085,48.71315579255991,9.189549873105578,14.93473154518384,214.85266906436692,344.92409266823205,245.27875514462127,1.1682374539816003,19.31464676156185,32.78963864767893,105.99673270235564,90.62392502633578,67.73824890053956,0.1958823356553912,1.2646945325156074,13.212397549163365,-4.888228588839311,0.594223258044531,31.61088077791677,2697.426298594865,43.443519427984306,0.8623133535994616,41.92122455582958,496.1262486817948,2.1213417483815116,2.7669387622021455,433.39362942183857,5.408793153952682,162.69867623996157,2501.704858342572,2.728128289423292,337.53365169481367,0.7852778139076607,5.070491394118807,143.75181172485796,1819.14197267771,0.73749856931061,18.821341006200303,6.593699253948649,104.35395962340668,0.26596100662496486,28.879108407404875,17.28505757603797,1448.9406409000267,20.621443168106392,32.76912172166801,0.23738297034031494,31.027266816231595,3.7642546822854746,540.7667074577025,3.2889430314679693,26.96272776485356,66.13383170275867,2719.520908773136,3.3155522459362894,25.651251241736013,64.8800514819285,34.371302846700736,99.52135207791619,47.42268438223074,2481.730739043999,13,2,Developed PE
6766.277668617042,175.39809433046756,117.234978365862,102.39645888990054,213.9312534763867,202.8419580530953,134.10187009192995,114.35559127462658,92.18829321645183,167.90886636209055,77.58607383788019,91.68077074377673,61.37019443048966,8.965627181472923,24.43544674669375,169.48784707878025,447.5935166738975,248.969017372071,6.080544937298129,622.1825524609447,23.687674169911517,155.99314152048012,55.698061957940844,86.87544316536257,0.19272525991179407,1.2561836697137059,37.273496208309304,13.211441034698712,0.889598846173143,354.08810975341305,4121.663566239667,48.88570443698699,1.2789902331895733,43.36402358986648,606.6219948350739,2.829229933186926,3.1225593014757083,381.98321368313685,6.2237864175751545,128.253382836726,2481.8120852367556,2.899402886412833,292.5959914103754,0.7633333054198285,5.304410144998991,126.21660940004557,1537.2672364410441,0.617437304138421,23.809051835504413,7.380858309269335,23.48121468350324,0.06531069995107161,35.04085959851595,1.5243940247348569,474.6108724706868,22.838331645071776,0.7088815596416183,0.25411672771252736,37.49186107851876,-0.583047190170424,74.16659741254438,4.009361170553681,29.94802074641154,61.9422714605936,2975.0313693302405,3.949703753358167,30.086416756683093,63.838745110508604,105.17000809983286,98.95343998133129,135.19541744372026,3048.981044896035,13,3,Developed PE
295.81433966372185,0.5729425562967345,80.72074776719387,74.67179023071162,61.59969149755638,82.87988580157037,74.08970727352131,78.1865343583374,34.96611392780132,112.56992353521383,79.7698610465049,92.55072617750155,54.342413584054256,12.905563213440669,8.525636789109146,139.39707938081762,255.6916108497684,133.18823689291702,0.4694921696180485,8.307336269836712,37.6067528330036,83.21488238395898,86.77464585316393,39.364641450737366,0.15440000294834902,1.0,12.120750494545682,24.104804114937423,0.33373907189375324,27.6137294772862,2897.7079325953137,32.03421475009294,0.7514014597604333,30.207195985334714,553.9434704819026,1.991746628562904,2.6264685539052546,279.9818231368357,5.49098323571287,99.54703010030785,1570.4539456088662,2.635143409114631,147.36527333191896,0.5268737682975185,4.9190796188291595,65.97830114380068,700.4440441130741,0.45757387020762,18.505250729009507,7.489917849639815,66.75483670062087,0.23634822242349618,25.9507698192606,8.869412671484417,764.5286459776607,21.167814879130553,29.64875920341868,0.4495978906002517,29.21811996617689,3.6512478151452132,379.8192375569007,5.062803465614096,23.12171213754831,54.7946955608346,2303.829638649091,5.2582369836796685,18.922847765076774,53.766626067192476,30.57262384256056,100.24614149116323,46.028622109065694,1924.5420051373715,14,1,Developed PE
4556.055768094148,61.80342951150783,96.57396490804982,76.44085772716979,91.94507996940187,97.79982311630698,91.16677914566611,96.2563082300003,47.930979322891396,143.6049613155816,79.29912115288911,101.30487433930661,48.73384670949085,7.650415402323487,13.12632785735954,114.06125854050477,325.85770581976686,183.80475623752156,0.7712463909790557,20.790098191350275,40.67367369848749,113.39830370115047,76.68025552586104,58.90784718326614,0.18088875484401598,1.1857214427582263,15.614907285556987,5.776643126653581,0.5122458854972833,65.11026528987219,2816.3746693488642,36.89243469410331,0.5652219877437166,32.7322308002025,520.2639508381366,2.092634539925434,2.753602425203858,348.5978544864187,5.501593044581998,133.45754814661169,2336.5853522555567,2.509568443551208,250.96677351558043,0.7107592962674122,4.943974351620816,107.53179814336485,1343.8016546919264,0.5896756375561567,20.94076058301922,7.616278914167343,59.02388256652341,0.1675183606227079,29.18303378918216,10.080844530775092,687.8457440540769,24.708031013613596,37.81099547331061,0.555648067317703,32.36472938999598,5.603885705000372,491.90450663843257,4.30495778639157,27.137399986436918,60.95896379452121,2699.3975819486504,4.249519813777867,24.730436390977307,59.54335745314679,33.11223916854381,99.90063834402154,43.40112539200713,2471.1630935233084,14,2,Developed PE
12369.469267439741,148.28915412372817,109.30348339526189,98.79358807315424,148.9024250423712,154.63023064660425,105.60533245548501,115.3796504377282,47.28626776277932,178.18325556082053,87.39218713903624,99.66046253815858,66.75959855045198,9.01006224252988,25.531569641519983,130.7702594239106,452.4195500410484,220.96975429382695,6.629745204254871,245.37905745412525,60.50811937224645,171.91145671100043,65.36589371561462,81.38187271278412,0.18172427366586885,1.1785618217632339,41.27274883634671,9.394619803031057,0.7074121358792496,586.7833724961508,3714.835235873068,41.9267105916025,1.1345554436140382,35.60896274106474,686.4696524394627,2.9842656136029535,2.976014789339061,362.80444491612724,5.8120288296333635,133.13555227112633,2375.7585888578255,2.9967015986396777,287.37050012068084,0.7883757236906002,5.209438567285679,134.2677750259667,1580.3137339121406,0.6657181862878812,19.24629010413858,6.471392669666586,60.25486849251986,0.16630896355935246,27.994029752967254,6.878552562689049,1091.0549355347782,23.852744992834587,14.274914397726636,0.3279842915679042,33.240779038931244,0.3561371320142186,367.17942410263936,4.440001114281114,32.57104253936322,62.80968740831218,3245.1293266644993,4.402597572116012,34.220234417874345,65.80924345224248,75.4708652117304,100.02261386876935,99.22993698922565,3399.267896928134,14,3,Developed PE
370.78269334325284,0.7218510880542335,92.31249046527755,63.63374020868103,72.03512279095126,104.71055704645846,113.33954766977986,99.60245206265259,84.61261642654321,174.10441402141822,99.1568379733751,93.44698879706948,79.8988340815548,13.683256473089278,8.274777123873864,125.08255106744718,300.048442990417,128.77124922182134,2.433979472556702,11.238642812237117,51.49715939197178,54.277867203806565,88.32111892450192,38.79321987201059,0.13147212224867152,1.0,12.693527062783875,1.5395309728548394,0.910032922393642,27.858563685094346,3657.577905694326,25.413982445028644,0.6498900792591094,31.152323056532556,483.5618453250555,1.6318139193389498,2.13615057056656,271.0712008309084,4.605027111709367,108.27630368567526,1360.079666977279,2.306559026704892,142.62621634790605,0.5254818397622872,4.261084994796038,72.76414012608055,572.2700017656775,0.44688389390804667,18.217667261331385,9.542297118951986,88.47358627375861,0.3288169332762615,24.239675618746382,11.887268771714375,1033.7359698378611,24.895264038269286,37.735350742300966,0.46256902589545584,30.490946678482157,4.889164311454145,486.9774820851734,6.269387420814451,19.228429378634125,49.57088864635036,1884.953479076323,6.106239369118247,19.37560805304158,52.51541513577357,47.91984100128187,99.73897353948374,76.05158671389515,1931.774747887359,15,1,Developed PE
4307.125009810654,-7.239116203722844,112.60117752088988,69.11744591665115,132.75563992792033,116.94518428587124,151.13350862703282,112.48708578726745,114.0697662725131,247.70993973863398,97.00257217925717,124.30570732427722,61.17753181128637,9.192738497628113,12.613266803511243,145.98550663218344,376.456994374935,199.54981294434424,1.3883787095369715,67.40183936276526,41.62060258084401,95.37458439720432,81.83456989332366,66.7122695827396,0.18323993265985572,1.4138567731453626,17.849765711581757,25.281290177206408,0.8275768531429887,61.19954988060012,3177.254695932871,42.40935011433273,0.18014573746491136,34.60373185465415,384.854534111601,1.4665131071586286,2.3764861225897924,351.29478992230514,4.96925822753276,159.04518200604298,2212.1577277220686,2.0593338277769355,251.03586635642637,0.7001684003982852,4.431992279024277,112.67736791769667,1258.0549064518664,0.5885971019913812,13.896660511626642,5.86144493050082,192.30259423046334,0.5378637556195772,17.421178878250117,42.75539146718876,1790.009496135063,15.426791200684821,98.28813349697808,0.628121215340159,20.654059437273304,15.885239688239073,1287.5855807975754,5.1598209102160615,27.15366367401418,58.22264494800308,2652.490508167262,5.050987011581703,23.601622639207612,55.53409097686974,37.6188489148065,100.04053548001721,49.32702103823509,2409.7873652844737,15,2,Developed PE
10475.506100478098,79.03622897955077,123.94524444920786,93.10941692192738,199.01331009154023,137.4600263789837,173.55829841714854,143.26410679990016,108.06079204681986,250.79096113507552,104.00506329541409,126.46067254562912,85.7864701178385,8.833626172297059,-1.8098853533616932,159.4267714014843,434.8702719683885,264.6776872824769,3.078935806786652,198.36900383697235,62.054612656253525,187.85248470988222,74.26475083447667,72.35585352011424,0.17232392699613425,1.3546340089064899,44.28493566726073,13.68506838677008,0.7902605541048688,835.601043331797,3062.974012284226,22.80514511578383,0.700630967638538,35.99403799396991,497.3945125432307,1.8792009104257694,2.3416580994359126,417.28893340300795,4.350705501268028,191.53381113533618,2126.5840888924954,2.637298451785502,328.56020081069846,0.7868477873196069,4.3143270193558525,184.34351433077433,1609.4107638940748,0.7699348861186337,11.408220766746016,5.291029427362398,146.9174685199923,0.38057054135412693,17.376069488038645,23.64391175211295,1951.6215656629722,17.332858337824135,81.11505335129164,0.47270554188737357,21.923830430531495,11.953356915686024,1194.5784313682257,3.7756845837582276,28.052018562756583,69.6639511094818,2783.2491497470396,3.7342757279972245,24.633733969018596,68.79860671688377,-14.628524594337222,100.0558287182583,-19.8526791087222,2459.423712647444,15,3,Developed PE
240.02498747895203,-0.23852306599950562,80.50144304710169,105.08355034158126,95.20214409496958,117.85163918847853,106.9255684977468,93.28740516908022,120.3177920868799,104.01615632702642,95.7964571529701,126.45896035683502,35.95278373261418,12.807653390988053,14.75356587715568,237.53148138964775,257.9092577906051,176.29039971245348,2.0847987863265924,1.0638470498615638,78.73403307851027,97.59168619797138,68.08473860556,27.12904270013243,0.09767656422404851,1.0,9.867738639649932,-18.1471878088805,0.294247061960408,44.49417219470598,3116.345548771981,31.02035719229491,0.7946005635192736,28.425740058078446,686.1179184524074,2.3603933494253106,2.4843403168872373,264.7541302703622,5.0182121445727494,103.54077324992502,1507.1869977067324,2.1249432706316327,169.88267794939816,0.6504021163885421,4.563992822135228,71.88778628864014,820.3269017489667,0.5653503776586214,27.10126095698609,11.10476683825685,11.402259968020918,0.06910735451768095,35.963503742322374,1.8059845089598037,282.98365402044305,27.924469277942336,5.408559859277025,0.34603178332827245,37.450902448855416,0.8505376421735069,140.82553383389418,3.5458234882509716,23.22475610937024,59.843048922161245,2327.6306171997544,3.4972626507155544,22.712610891506063,59.7488900044207,60.001251170790724,99.93045011872933,80.55289060554072,2241.63189882278,16,1,Developed PE
401.3221365914967,46.34394747929105,90.18219243905426,100.76586169250689,86.77290449038593,125.94050529135393,132.07794401384947,94.48963294009266,121.74612129504645,136.13954045743893,93.2871282630616,123.55293288895834,43.16004455575453,9.31925247535863,14.330267491009021,198.77147375158586,380.8364287786302,189.61767064400615,0.3039620628370491,43.210973500114,129.28094719443718,85.57558265245903,66.18793737380999,46.18011062466444,0.11681315676875281,1.157518913359905,12.950686416566036,8.533336204773033,0.06330983539377716,42.99586615059865,2847.280391015738,53.592274138589715,0.47332298865581174,23.479180765429103,536.4225093573261,2.1126457340621503,2.3015866200447452,317.5199251136313,4.868023101322768,133.8361724109924,1701.4219598330724,1.8918659436842817,200.213204879908,0.6355040635798354,4.295086788640212,85.39950049403753,898.8836199942023,0.5862950351247846,14.817671881304378,6.789965939049518,97.34592081972679,0.30409935678276323,22.930690489316788,22.25676319789472,919.3080133889915,14.92677096229365,41.31119265043075,0.4764664002765356,23.27448771994071,5.940965881190724,635.4616380522507,3.399367294035057,29.083296827486574,67.55572048264162,2962.9411292909,3.376273214897364,26.80010079742485,68.4727280180532,49.89099770828027,100.40183171796404,69.3055709223259,2779.0331784039845,16,2,Developed PE
15980.306159275877,179.35277142280947,113.61663876874839,118.85773880615379,161.67558134876492,273.43203545158656,143.48039790498493,103.09488182414094,117.84995838120535,191.8609142903909,99.42528877416328,90.56683517132115,52.716632308902206,6.192898468504323,33.70482871235161,140.0912480070371,485.42422934725187,246.6775398772763,3.1695758829303102,819.7754655331239,101.8556953130009,145.27158933352231,58.19263196132485,56.31393400568637,0.10595598324319695,1.0541263421176295,47.74082646701494,12.433448518300088,-0.0551106637655947,340.66618895271836,3406.016296083049,44.37744547444677,0.19589465258655014,22.782027102089497,643.5057954873181,2.2252464302405794,2.286285961036379,363.26813726519225,4.583688600754144,155.2793213746906,1732.3765535533707,2.22324129197005,289.31992592825225,0.7892351379861413,4.350993160640897,138.5678135909872,1244.3968281891337,0.706286511504659,14.785780985399107,6.7270425413300625,76.34894833540763,0.2150414170042093,22.741495581438386,11.01396389385382,1097.2761395269388,14.719176970196894,70.28439163743738,0.9332192909992485,19.491225033147416,11.090243235642493,939.702201305238,2.3433862564825776,36.43363048264955,79.08324599499583,3639.5526023300995,2.2499458691596947,37.33018759502286,79.26173587595903,69.19915236444436,99.65579121476388,96.3643539403517,3721.1464880295766,16,3,Developed PE
5.164357988189636,0.3074106889510023,93.63782561196525,93.39171218265167,99.44672760649922,107.21124827915175,94.55492075629111,79.63897305048519,65.60722199812263,117.3629436879642,82.34386766380813,122.39701836814855,30.71165433483615,14.667472403260515,8.607474324966285,213.77333560751018,248.56532713144853,188.06375935061803,1.5961658784740334,0.6339181499723088,43.82695674829299,116.90827366369516,70.78518782854778,41.89352153013781,0.16029767394080513,1.0,8.407961987177796,47.671444822013186,0.04681410623741067,8.576514194656724,1907.6248071385232,24.56358531628814,0.9665577261932699,36.74353678936524,473.7571740448659,2.319593278553971,3.056985422867188,300.64996644395154,6.339526102540613,96.24709970616195,1847.2077559020074,2.874840444550297,140.41389021322766,0.4672021337180443,5.292525877822788,58.13365931025028,670.601641200513,0.3689674158156149,11.877742484297853,3.3091462372147156,56.53297363069669,0.20364376869069784,20.023880436769787,7.569933109539088,689.9403170277592,9.653734950405513,28.20153544056693,0.5647759829571497,18.585055061607413,3.437916510045411,381.3231774387201,4.8857132545265305,23.55684041967666,58.01038702811714,2376.5892760822035,4.9509857205146774,20.405157154758164,52.13852208468153,48.111958418801024,99.97050913127713,74.49693880974105,2086.1774556904766,17,1,Developed PE
5084.9272458706655,35.924080965555696,99.10448052062792,75.06501364614465,112.33392918128273,146.74296198414902,105.81352157033973,87.9129919996247,52.428189736305306,133.57012948000147,70.19250706228,118.44386454656912,24.480769597132014,5.243657711305341,15.14925941879266,118.14170950515765,312.5160995562349,208.27793635147782,0.4476867275518751,-2.1598193368471783,67.66916064030794,118.787171170781,66.30292041277353,55.52893231116061,0.17304639250653908,1.050708057692557,13.4067918244926,0.5116875810680384,0.055728203433694445,35.14983797316449,2023.9952749013873,25.13465242233189,0.9230912406417682,30.85727530345303,417.2491477906213,2.311030398001445,2.791121707297484,435.8207453186708,5.4489153387211235,160.7203625565192,2871.64419376918,2.589313629873963,271.9268336671576,0.6260621925478995,4.995515891433037,117.0081304794763,1559.843856699777,0.5522999780407007,27.568782155036523,10.212739224841862,-37.53518382082685,-0.12541519799736991,38.83304502100569,-12.012686410138329,-96.96437093817178,33.187078495809466,-16.661730793851365,0.29981985253446825,42.92389031023182,-3.095226465301248,-203.72937471877884,4.0511934584601095,26.364996289473503,56.816302292349995,2631.6572662158687,4.143417417339947,24.24063086596988,58.15857985623451,48.842619488614126,100.00810066136468,62.144500072148645,2410.1538469291045,17,2,Developed PE
15820.400341209901,116.1702474428227,99.67339224326047,95.47766651796515,156.52318373614094,256.2384624912073,107.29727170606559,98.31402654925436,54.20193815419077,198.32327086125923,83.84753906304641,85.42452763399174,36.69660361074651,5.656695410228555,50.682843075041774,109.99800733066814,475.47079719396606,260.7302651721411,8.997908983790335,225.54626369184786,79.88092439879996,147.63338870814562,56.33962641122259,76.968865305167,0.15818470151878908,0.9209645408085656,32.12175301852851,6.350111213227322,0.82834380696037,110.08342543496775,3276.3539297329517,59.55816578370943,1.4268850990040534,35.76704379606951,551.3962354088989,3.3325781521862385,3.3870860214890732,399.4524427210934,6.19967481356996,153.74816254159873,2585.499810558729,3.1295658322314397,329.915169031693,0.822418349422804,5.570346789408082,141.1639905543044,1778.6527217676598,0.6698701841886222,22.173924944741326,6.135097950191399,41.47212341730369,0.1040595996010763,30.11366854076518,2.997106129613485,914.53917821462,26.15254971938595,-11.424486049236869,0.2028346036118429,37.224548105765045,-3.8989078373196246,13.956682380936286,4.349231949474811,34.720520860946266,64.59422326741817,3486.030659555253,4.092789924441117,39.82856895648676,66.85343065090873,155.2493403431622,99.86590857204062,208.898386524679,3989.9009888874916,17,3,Developed PE
194.98928384183807,0.5167143229114208,90.19271922798147,83.51625439371557,105.1407345189274,139.54926769777512,124.09076724515506,103.81278112854214,107.44185729091478,115.85159539063709,102.00776396143694,149.93552544283074,36.62858605813866,13.460535867537649,15.356817215411454,248.61536325547672,291.7612013287718,196.55697752785545,3.196357715971346,7.396542039150718,68.0059374097277,122.11530012200463,73.8149725562179,43.92433303399534,0.155827462128207,1.0,10.388290307757938,6.423614048482813,0.5846933011000369,42.92577929655978,2737.5414694969886,33.246230831378014,0.6796581060069657,36.61105815702027,648.753609596348,2.246285708068464,2.9499523968793366,313.61727427538267,5.3079061240742815,121.96624838609696,1719.2575498046108,2.557100041432954,152.54063582891388,0.48572624943654846,4.743804179310715,71.52203751636445,637.5190417040999,0.4098199620794672,33.25741786445612,12.53794977403301,33.376264310559336,0.09705253536052641,40.520709004912455,5.040083289116911,319.8872379661172,39.37936916373461,11.381259874889444,0.2215853228080306,47.20562038464149,1.5653986586292563,158.5294565030183,5.396320804505798,22.416450663856434,54.04924993701801,2260.096678346867,5.296236907906705,21.049867364376425,51.46643405551827,53.80175492259848,99.53424202190452,79.7043156413255,2111.6057720483554,18,1,Developed PE
2100.4080317315693,-1.2837896401012259,104.79357282288088,71.4338738969528,101.8703201208441,150.0459188798026,139.62937208270364,100.93754424731273,117.7824077281296,124.38846219406818,99.55349870654923,152.28410063645748,37.733798912340724,8.177495620405148,15.74563978584209,172.60203623643895,396.46778821098667,214.24174324583748,0.4966625798464441,5.206655824486127,86.83065162652844,123.27338602906244,57.14728106627942,65.51625739321182,0.16872143898058584,1.1271183812103223,14.737129825893689,10.407637430463277,0.3090251747577901,37.03949094692803,2600.0855086191896,63.208282563312736,0.49454282044896747,31.620791883452263,497.9040074066065,1.9066633957313794,2.8128987590685326,383.59419091804085,5.333093546763956,164.63390533930885,2208.3800772689406,2.4342042585530006,145.8415109983252,0.33349870061460907,4.619637968318678,78.45387773544344,589.0919619774693,0.2814393334302369,23.759472842735377,8.708433307754447,57.77138503851051,0.15273702357550428,29.149773134460606,12.695873701912271,463.9752475890338,26.244422307024045,29.805595573908395,0.43638103600954953,32.56696275730195,5.393596841552139,331.6441714575877,5.397027040005316,28.45781681660831,59.15364792107062,2861.068533711665,5.266549854627664,25.59264759869815,59.692741528716134,54.854314056665885,100.38258533073859,75.24273683709909,2619.5461712185283,18,2,Developed PE
16644.908624278363,142.66775424324945,110.17053326614017,86.43405488861917,191.2093477244345,266.3254078709325,153.06342629685568,113.22847387764853,94.99135191369157,135.6416794228606,108.35873726091214,119.27547185042876,42.16336430016492,3.881870217989661,33.81141140489363,140.8668052207646,502.191425745842,274.58288596338076,4.951630851952098,413.270262888851,85.74844713492193,175.4553376979364,30.41407750479243,73.57065848424364,0.15023107159604,0.9789227486708258,47.26443880625585,8.24887870248963,0.4859046879763592,185.85859488441412,3318.615855115098,51.942344562012195,0.6147214619485897,33.982268645050254,627.232595378831,2.7880428462305,2.890124053389474,421.66376118755625,4.91111073616266,192.203872156248,2065.75086922877,2.8433434589665323,330.42926619301704,0.7850109805514741,4.927396184249393,156.60977817844713,1481.6432111507147,0.7080784805758437,21.407212473934614,7.804971153691021,82.88546680926284,0.20209944564565477,27.749928300528026,14.32709241919035,966.216658918434,26.015099889221574,72.16397257722758,0.7421719136326249,30.374376035952352,12.505346500817119,820.4283030866964,4.228495288409675,31.004139714103545,68.71488022793969,3113.9753252984947,4.151008589714261,32.10633425386953,70.20670497384577,66.97107290645698,99.61531398998406,98.97999969861884,3183.588826787022,18,3,Developed PE
96.00556410523157,0.2376060188761033,93.21737035160308,88.55810513158829,124.49433350449706,142.14297485069818,107.4404488824804,103.2486880491072,123.37309634654613,132.3379385416106,97.37549271545193,136.62788874646543,59.83927189661894,14.624391721206349,10.93317962987421,175.61006782059084,226.67125219343455,212.32194782593564,1.2316430372418665,-0.5187218623376593,42.357817094962364,104.95057458635864,79.4662980225775,31.83073449263729,0.14529076207591804,1.0,11.615978962657909,12.219185979305681,0.7965577308118192,30.64629162160631,2566.769123264911,27.324363011056338,0.5613467110276948,32.97950815155954,408.39792877402687,1.347794838045954,2.8937228962820107,269.14201962953456,6.208532506711304,82.752211578932,1558.875637693975,2.6044061321292133,123.47374846852868,0.4447457133721963,4.946871993647741,54.46000386683296,556.2912271036054,0.3761639016173603,24.086836232224766,8.976710854655286,51.8166870356546,0.19268738247806966,31.093819328972938,6.7532361721433,669.9390261712515,29.507738376230222,18.381613276429295,0.3018351310019306,37.010151624525264,2.4327003415916195,256.0163123882593,4.6112584046043,14.745071292371243,50.84563188552717,1486.626859207061,4.359990198732983,15.178584189195057,50.725300702947486,14.677401903494914,99.2821605302148,23.259112744572782,1551.618255251928,19,1,Developed PE
1162.1214363552533,44.98488080608703,96.0022333036718,77.35003668180944,103.28975254021051,174.19642569119748,117.23195497702727,102.55397551127487,109.33075180608822,170.72630924265695,87.06230838543564,114.66431164605936,50.70506715779988,10.14058848896963,16.320449554966544,178.33761338476398,288.26118636230945,225.0322272224102,1.1063786506696194,29.729793501702993,48.18462426712958,118.56725912112321,71.4133649809164,50.913343200067345,0.1771386332276163,1.2483647111216791,12.154145867853716,11.000385800195827,0.6432964886997208,35.80587162930255,2404.795143587062,63.427352374364574,0.5564261122214935,31.506570542356606,397.93796459076873,1.5558692803546474,2.705251030489617,405.0205201390896,5.198879302630291,169.40851077141676,2191.903358552954,2.5178692730500565,277.8374695646677,0.6451298457032798,4.793116549677912,125.22880760870207,1423.0348263393669,0.6271774728633596,15.5140401305359,5.518192865815533,91.0681699586694,0.21979122136567503,23.162237714087013,11.025705974793828,1459.1409416543079,16.93789135241061,40.155222121716825,0.37622995827738925,25.069853773016778,6.023319491029357,544.9632033404205,4.651263014152208,21.601943927599557,60.04313510183807,2159.861709855234,4.501672571911771,19.689043483287534,57.93308228533673,37.6506336924134,99.53695360819832,53.479003779619106,1950.5002487426914,19,2,Developed PE
11392.802800320114,162.1390464656992,107.31682519174431,81.12949699690894,199.76195123651607,218.74130851007627,132.21566991248957,117.89269259736956,94.26377381939845,172.5819484642583,93.38833275656862,107.75208539944668,58.761006225452284,6.458079861910246,22.10912970663223,147.97391063677804,391.01804531850115,273.3127902620376,3.9232387751440645,616.7539552889698,46.7236166438546,152.07900852713644,36.17342333124921,63.72883182374469,0.1665728218931224,1.1595311780277098,37.42684900017689,11.20701342513024,0.821328816986445,212.10595948461344,3301.989235501004,54.9480740967046,0.9539958752349919,36.55785856131098,520.6851839150546,2.5573423447618255,2.7203319105517876,415.5860288768258,5.086546317046261,172.6929696920954,2264.0631741668967,2.592484275166408,336.1008719214597,0.8239222281386005,4.843544676258962,147.5174171217295,1634.1878594718057,0.7313644485935771,19.455780362737134,7.246651050222331,91.54164034059096,0.23052241522287462,27.865385913283163,14.87198147281066,1089.0974536019994,21.50240996433484,62.63631486458694,0.48388569568564405,30.944110067209497,10.355447372633613,741.9941916768597,4.381781513403487,24.521040059213416,61.76933995330525,2459.2686202775417,4.313983821001424,23.38497782773418,62.634464199954934,36.34561930179112,98.46881563861056,52.07413185926381,2367.831142956269,19,3,Developed PE
394.73738749727625,0.43617983657088166,76.19478999046746,91.4647556485446,126.46647742869969,85.29167586089007,92.1472225064127,94.64244916402541,81.34012926632906,85.22931802423432,81.35361288329878,142.48291421369345,42.93601912293688,13.513989781362366,8.19154023182933,163.84053417593287,238.8041958844782,131.4813610540833,1.3317064148663973,5.9702998626147075,49.5053388683933,91.60224885129018,97.53183901013537,23.895860106608048,0.10976814069868468,1.0,12.092713164947021,-6.9865422892060245,0.5631743764053283,21.71296896566623,3354.832596400835,35.54364300849548,0.4931538804351104,36.45724803982668,542.5648724103919,2.3547001335125515,2.8901950255321327,250.1730990935973,6.086501165521792,77.89634514931524,1630.4543377747505,2.4509731149809864,88.29690607971037,0.3694787299790859,4.826626273585276,36.735654127635584,470.92171988529856,0.3252590674638104,17.470577042989333,6.458063334881102,63.138418419072124,0.2614772079162288,25.185543407207785,8.6774545366427,894.3423823960237,21.012946584542338,27.568853275584686,0.4196716796192918,29.171222109796048,3.7823189589743005,440.999834069838,3.0503660475150545,18.290795146052922,62.39168646341482,1871.0767758245318,2.878452388991492,17.954240388064573,63.42829513478263,15.754164981239992,99.60259725816759,21.09227010115917,1775.957378503244,20,1,Developed PE
1094.0693691302965,71.0124496757989,99.65611541700004,94.40754581078926,131.03396210004328,171.35563868276643,129.55362066736075,92.10994812623358,99.59609178272436,147.57616236336003,86.6000364350893,137.25100299342682,47.45855924459178,11.420029477380236,14.737378763606872,201.2800254408643,396.42281881886765,179.15270393295287,0.9921353830521406,-7.57471275499163,71.26334358853633,114.725578015193,92.42605540945569,64.88193914289562,0.16403627644572275,1.4829568215816162,14.023548053271776,-9.961728285675814,0.5346269172618653,47.93129213966791,3056.9173603271465,76.35026568010804,0.5533696669020401,34.86156068849392,501.5293422615972,2.4202999206944233,2.7700567339320714,338.52033054588003,5.389629226553829,133.46491599655252,1882.001540451403,2.3074582142608002,164.75762617828087,0.4733288922466419,4.50190703756593,81.75349563973235,744.7768400727277,0.4537163774589925,19.59877365465097,7.02707760706927,102.43062009188064,0.306181098282786,27.03007662044815,20.39982553717902,1163.8036959830613,18.834165978281103,39.13851643649857,0.4101403354209658,27.540427014961647,5.239946665752781,605.1734122564311,3.6207008072145546,27.737344910886403,66.58787216839343,2827.549533368294,3.5041918605560474,25.136271075003943,64.65508616489019,29.861700764492884,99.67062732978091,46.07855380094631,2489.373624610382,20,2,Developed PE
10005.29145964999,205.94399992654024,116.0218515105749,119.03416403693835,241.76418034736872,247.50545797563112,124.98982456951843,117.57736853270775,120.23682870144187,145.20569864501942,95.25727173470948,102.86354580273141,62.30406856950598,7.824255416048698,18.437115812581425,151.746126196232,501.4815187157344,229.10300268325284,3.6322761447056626,416.63791754196666,51.88301009811262,190.98995460243566,59.36211799580332,76.19102183872226,0.1502849240607514,1.3666484997502188,39.86902479737209,25.12341709320841,0.19843971225687873,313.24148290279174,4106.6079456333855,54.26569698565965,0.7865551996273417,36.738446258869885,698.0273916729935,3.256513862477294,2.8439342652688913,386.26831771364317,5.089124117884301,164.6776224500295,2032.7772535882186,2.7334540949512487,312.71197914921726,0.8263853414248886,4.692644670714921,158.20570467939854,1395.0849784580303,0.705043486721147,16.179033837474513,5.2585045406746715,100.16760106223998,0.28842272803402524,24.162849479906697,15.205657525325943,1130.9776851827942,14.2370428997489,85.14184971108513,0.7975810405817843,22.86939135284758,13.486016275902045,1127.2567395650385,3.0130817731041724,31.945367583336516,74.89488993301173,3167.4652539861886,2.670991560546079,30.9923917701751,75.40505046894644,40.83368028980934,98.93344798199426,52.427119817474754,3085.4115851811544,20,3,Developed PE
112.48700236665823,0.6159924959666914,89.19706379864132,97.10242328000494,103.96890881244295,118.96211203347839,113.17811110985514,97.12456249594122,107.22931304745758,55.02614159910967,92.4966138141775,151.22641140375578,32.20597282714617,13.439537528112366,6.911523716141364,240.0496953106341,228.35454704978594,254.11884470792165,3.596965387842782,4.915283601236462,77.43672742487145,134.53432564547768,76.63654167653294,50.74600214901557,0.2036496448786146,1.0,9.956248725694044,35.20964053214547,0.3574831172778197,45.50165776258082,1935.615251362769,26.016673197026535,0.757205720484843,43.480299067338734,634.1425865816061,1.5746432158051533,3.3113938005608596,289.50386176751533,6.367614863357952,99.43229600636054,1599.5492395367205,2.707087426396842,126.1472226660711,0.4231045681184248,5.2125219775898275,53.55034281839575,530.5713214900699,0.35298301045625313,25.71326493266753,8.47416960613121,44.42955021720434,0.140559293132045,35.926867258780646,5.105710960545256,504.0086506419848,20.32065445430977,22.579065626886795,0.41549852558978245,30.168057957211044,2.6091275063361272,330.8151958745756,4.000349054631381,21.554356295355472,57.38950316045105,2158.491765049173,4.107855040502675,19.68691815144181,55.249357611773995,38.52086688709298,100.44877342654966,53.88156274213778,2051.8369928775105,21,1,Developed PE
2459.9462679019225,11.144201833905672,102.16418992060498,80.59424864365114,101.46123311323248,156.04728737889525,132.59173001575505,107.35305829820874,97.15986969353499,27.5495833446884,85.70862211289302,152.07807395625898,30.20020904298934,6.584740963732285,8.271445419652958,143.76447100298859,367.73566065955123,275.86340862841587,0.8499768795144319,14.242045104383578,105.18918674597307,137.01006897093367,68.03685952275092,67.09012235050706,0.1856682481362341,0.7806496792568887,14.976672442177195,11.845531765211806,0.16437919971205275,26.534836185582122,2082.8402831818075,71.97827192277347,0.851127207430466,39.925046883578304,571.1583732572599,1.5086628246428573,3.0738765026000476,406.37912368441715,5.922606757994899,148.4080024548564,2295.211354529704,2.809321498139687,199.5523413740935,0.42383535911896253,5.00603556152457,102.46662461412767,960.0640087340716,0.39140689514937943,28.716257185773728,9.976022117489666,-50.75619067845678,-0.15668498286234875,40.280470352524944,-15.59886659969887,-358.982517401982,31.45793307042077,-42.14473943920535,0.1305286559231083,43.12297966795741,-7.582946313974736,-552.5414863097917,5.265990319614612,29.94588700700108,59.301746767230505,3002.967833397294,5.156286660471712,26.546404714616713,57.818110727375,43.99554220416169,99.9665045230381,59.30816694719195,2653.8347845982235,21,2,Developed PE
15698.669841587947,155.13224037200135,106.07228903414678,85.7385206774026,164.76631198948203,290.29327296952454,150.81117806177787,113.0062344645117,74.6318635680784,71.25332905096391,95.23413639322634,110.45313682901462,26.243653049208373,2.068944552521767,38.15396887122701,116.9945680258721,540.6406553128818,299.3940225799969,7.878041047212612,738.2240570224982,107.15886912589892,153.94148198046616,31.89394776451027,82.78494288183221,0.15874331122044114,0.5013070383881522,43.43447005213997,-1.8343870046567456,0.5754418826508968,42.18729712926239,3520.5315231733903,68.40979598059594,1.5185086127866598,46.01504958525256,751.5412248218147,3.0042243689186203,3.543759240709697,388.7776689131887,5.984355027934112,161.44932103393546,2108.336216092225,3.3084668355967497,302.3673966675033,0.7909429837851795,5.676067830647302,126.77263836280976,1339.2863499607085,0.6367014189156692,35.2389707454887,11.283361343100282,-12.228477109413348,-0.04908853905549801,44.297449537819155,-2.8782665205838445,-122.26049931606406,39.051832608876836,-16.23665568444882,0.3443862219538142,48.080347815173965,-3.4349522519771636,-247.84862611032304,5.529712804002011,37.86529043366926,62.454159407547685,3848.1624957830936,5.455759408538173,37.809829995940106,64.03362865072289,90.6588626754638,99.37009563803049,131.18243731223862,3807.412092432017,21,3,Developed PE
306.4635266544542,0.2946665249301249,79.81802195566604,93.63297324724685,102.97034811130128,107.57928734291077,86.03168527334623,82.54187445856294,112.33908350473533,62.323062477224255,91.65952485914403,124.71436583137857,50.05381581907741,14.159317920734388,7.109736744869647,185.53050567271296,189.3283185277901,207.02595923458017,2.3723671475564467,6.995052189680784,62.018438491075436,86.79210109821578,70.51550118418287,34.644184964126225,0.16327174704104513,1.0,12.309685581733646,6.500840382082424,0.2578734694235178,18.890170814971633,2719.4529961636517,26.175862456937164,0.7799116672350132,35.43063404408624,429.00276523620255,1.4051838174494047,2.2620865406119752,254.03200485548123,4.97394468543225,98.86154399905938,1212.9893150811952,1.9168036889780518,148.2642297596927,0.5698574362804572,4.241591838576045,64.11113277400655,636.6089183387711,0.5100773108373551,18.89391589271365,8.216016365821147,33.361568089934856,0.1292510830808122,29.06902961561556,3.363723037035207,503.51871329705426,14.082701698957582,17.80763494352579,0.5348024139029153,23.33260568817706,2.027223792433359,274.70022208803044,4.051183056686928,15.5113621782154,51.26324969280594,1552.8795306537634,3.756718037416203,16.66945164321872,53.05297650043225,39.791637304482634,100.08999575308574,58.1884440888981,1711.867776568842,22,1,Developed PE
635.3799559084202,9.703653984564806,89.73240110326992,89.05818717195774,89.57797365530155,145.37934861175626,108.92307386883948,91.42313816894489,94.69130274386251,84.25014329040737,78.40630846798982,111.67577715489776,49.05801099135921,8.844489226503892,7.956625620323716,162.59585057004188,284.99699508531,230.1527656718776,1.275734158926439,46.81885505912555,84.41054762884097,97.01591577966711,82.33542931321222,48.61489435464659,0.16872264872946427,0.998734352161186,15.618961605302951,11.55286893216561,0.22627735760354836,24.612346204192907,2580.0140915161323,40.33804094946199,0.632451092671062,33.73418003001545,413.57626961631036,1.626291931641469,2.0344489606776586,380.0888869405483,4.566746137554054,146.02097770127259,1904.945160488403,1.9799618110076076,304.00912470481427,0.7871045967765717,4.1730923794616865,136.74532225483674,1521.297246109845,0.7570051353650081,15.319608621987328,7.447120152096808,111.17867622847429,0.31656893696827526,23.926448289160888,23.23644809828724,1097.3066938981406,16.192462186711495,24.953730422283105,0.22667142507846508,26.62060138298596,2.105801510614155,442.7178750090632,4.3696531879887806,24.26417788629626,60.27486344259479,2442.2671071755676,4.333962117574045,20.57785912319781,56.31236534609899,35.54813053951483,99.50771945496905,50.84601567562021,2059.1613130569503,22,2,Developed PE
10270.075562399232,170.33478809149008,102.64838686044972,98.56559405661298,141.85293213440102,238.1249444734678,125.82324041764306,104.8095550187294,87.74389585625269,118.21368194338096,87.09132419861506,104.07504942314696,63.030485621162214,6.31219761490127,17.147681670750593,127.68756651871222,432.29946334537846,249.91507770120492,5.454060978158921,867.2099868828846,81.15007863692394,140.3599742500555,53.32046920595248,65.7445880728681,0.15217253534039102,0.8444768769160425,37.809723789592475,8.351258817914754,0.3671215019916543,190.7803704020754,3307.959244139608,57.72029042946562,1.5123925674398508,37.263776751944945,584.6528384030423,2.4915535537065376,2.681177747340594,358.0863110729674,4.98905751091829,153.7112393239134,1926.1714691702302,2.484209696372052,289.21561137059973,0.805817600590805,4.706199910988695,132.25862962015748,1310.9820857916752,0.689944990456221,21.534551027683168,8.025207329929776,79.1580091773923,0.21856971564016264,27.416135626333176,12.560540147488041,953.4177922423761,22.032830590790148,55.99357630766322,0.6538711858211953,28.032952140681783,8.450097790198303,698.1078166833571,4.858183898557747,31.736615095183417,63.99492690679429,3196.577492284022,4.8215735017395085,28.912322641017973,63.603821560326566,40.50397020011833,99.23523208527848,60.78356892899521,2946.0787586308484,22,3,Developed PE
49.37705787984038,0.05855274389936621,107.08147152446391,96.9512964207064,132.79225371515844,80.51441422639498,93.32495016458087,102.73453757792517,104.09895550002936,90.14664506276405,90.51132636715839,152.39633604395118,59.39423899898874,16.501806561700842,3.1341732011963925,227.73011754177114,263.0229644641703,229.26527679356914,4.064550310744336,-1.42874972832315,36.469843603605774,61.30034408500963,77.65929998524608,35.60096231935861,0.12532355341962378,1.0,6.318137864739095,17.112734359629222,0.5451609642483692,17.5030825807632,2256.7446760191506,20.31722115877166,1.0537602039261211,45.7996299635918,472.1537778589822,1.6645040428136866,2.5363088791573927,265.80007835353166,6.191287554829774,74.3765442177691,1652.7505688265783,2.2369989999012585,108.32546069369104,0.40825973174606023,4.6799244216346665,42.338765967592494,534.1985745062548,0.30403549922832207,15.40129422050168,5.559353696580245,8.989760169541565,0.04237631122102417,26.624243757308008,-0.38962640959777683,282.36750406091494,10.11727440234916,7.365257671602486,0.5977484034000289,20.324755124729375,0.4864288571215776,121.66400332563475,5.760009133128973,21.529090269969547,50.40022580173413,2181.7010109692114,5.693188410804917,22.12061199502832,54.16614880732478,63.39030093708523,99.88557204116324,92.41942145711315,2241.117270397509,23,1,Developed PE
2721.335211067075,18.78349639330645,113.06295002483618,85.12694427199895,146.223706158393,157.40621335663417,129.75586091968958,109.97309991434506,86.8504141650161,129.6446412451263,71.27542249193087,138.53632024346715,44.785440135335044,6.698799466563918,7.197759856439518,175.59711284958308,359.56483913967156,276.922579573625,0.9534977260006394,59.08880630787358,63.580692510863415,70.95413443663895,88.99305804715758,55.02718443394152,0.14936863976416728,1.1354759460696953,9.566037068884853,4.498669865177969,0.22397704906748722,19.360348170332383,2265.463656943642,6.2720449470491,0.9742251438333329,44.84750563185894,409.69493548044466,1.9750762691121355,2.3290559909797626,521.6972287713178,4.74308029034502,205.43736278502246,3028.7382690710238,2.6103098898183776,451.58197068475806,0.9557563711276216,4.8732944097505575,197.5840167573635,2489.6513758239503,0.8908429324161651,22.598437531567985,9.56929919484182,21.89091782047759,0.020329608504068925,35.04682507142877,-3.8364515519758307,791.1356708009811,25.496223636251187,-11.273885215757236,0.10441268085697858,37.650948045288274,-3.5729636043719055,-40.843205197582904,4.932085462626907,31.012491933174548,60.46782775687905,3076.5150897916806,4.987398039562922,27.4829004071491,58.481863969093894,48.47730494303346,99.5269693926179,63.08493763554798,2761.806656675338,23,2,Developed PE
10993.840967406792,116.63606601228638,104.06762255754025,82.879173931259,160.60077151878198,175.13838523090084,130.47593837497305,112.32392614809125,64.33948784589633,185.85332053247896,75.53687293525255,113.63141647941941,56.26609023580197,8.337903752165909,22.78068817329828,156.71623119162575,418.64366438015145,277.6147855488009,5.079133405225718,785.9021557506697,55.17919856999285,65.70534576222852,70.95898553793474,64.0112848413568,0.14601410477186452,1.115867269489194,20.924453223054492,3.5931598378004663,0.773191516388074,260.61980665731795,2771.8393104405127,54.25995209061967,1.4823220623504143,47.30902492133642,508.98379449438613,2.5885233238689533,2.8414769648768714,400.6320862551021,5.683707072136627,150.04980953370114,2479.2161598224006,2.5570277703849915,286.31108319535247,0.6966805042223659,5.127538530878499,113.75159500248819,1520.0217795444353,0.5968494227740379,23.750065682135226,8.141201075029088,71.81147160536395,0.18468059038506565,30.994602687104425,10.038588555477489,1026.1618812328456,26.232431761300937,21.77629844630329,0.19346383908173787,36.31851904364888,2.0704548320405225,379.1074780228696,4.821862510788681,34.7846407824415,63.48614514259984,3491.165445778475,4.7941535687710095,33.05749995564299,62.551161226862334,78.25135151155746,99.65700349382344,102.63040239745453,3364.5610403624437,23,3,Developed PE
75.08134946710203,0.6191773341598157,104.69214872431371,86.25292260959431,158.2599909205138,82.54308839044046,111.48269929460821,98.8903229135168,101.11559743700836,125.0414987276501,87.4754421071262,161.46588633800735,57.94835117105633,14.64066226560317,2.8054862527928313,183.40957277956676,302.0254398520109,171.90307882969245,1.5355798903452271,7.901387912859413,29.556468453587954,81.48868207321368,64.02815668205247,53.10070706290003,0.18696266077328716,1.0,9.59195511575835,11.300801078372965,0.6121827795684953,-19.89718144306919,3249.6404224336866,13.746233082362453,1.166546607329532,51.96541370777793,375.1175545543866,2.0835132471430615,2.8829175678095775,273.0924210390792,6.467398396875652,75.22187999389185,1766.5926928960546,2.4778834586915455,95.7113211350782,0.36409626998427924,4.956784330230104,34.37737246999373,462.23014941626195,0.26269789163665047,10.043697879881327,2.700873759273297,30.445406049686266,0.11023526936957667,20.1490139086914,2.664342128699613,586.2266502678038,9.684154216723021,15.04445822412905,0.5939804719942698,18.45319444851487,1.5669587246092487,237.84550331773016,5.347433336611389,21.026209986789876,48.99954082582717,2167.1167361174744,5.0108834090709005,21.285644245738887,50.705532272240426,24.01256081569795,99.13097168770338,41.062795390195305,2081.9417294751247,24,1,Developed PE
2791.9163956446573,20.68031480234736,125.90960100834005,79.50068547918262,197.74272408151552,196.02082383867355,157.55272022136464,108.3440474481417,109.31089619257219,171.50051006284588,80.44298207390707,151.39184213551428,40.11769217636327,7.9930371324277525,10.659845157082971,218.26738047224123,417.0269219229031,283.73162263289,1.3238478970765453,29.630240881401214,25.826358933112537,113.38239720106637,83.29858103954813,87.85354146517251,0.22030597826694884,1.2258508059596758,16.926125639048905,1.3047248162460487,0.34435711506826155,7.266491455252499,2990.6144240711715,12.068020171566875,1.019279811168499,52.604836736327,401.04846348710055,2.3521494378836647,2.7673267814283316,498.27817453675493,5.401398546153714,186.56377775648025,2977.643466261001,2.9608401721276945,346.6031039206396,0.7184285216117148,5.157292221990314,155.4338758636092,1884.488115974284,0.6429330788284484,23.615321220453175,8.123698029157833,110.79591624768585,0.27552671807150686,32.357245054204064,22.997551293995777,1247.4171910144253,24.880429411843384,23.466457751621913,0.0956420466779826,35.39188212303732,2.2775784162701207,428.5974074048122,4.87121527062014,30.770106790436014,57.403283284191865,3066.8135876470533,5.008733796837798,27.10983255976568,55.74714780125356,37.590021862617526,99.79261054033198,50.648162330726315,2633.7059590933018,24,2,Developed PE
5535.100171624381,109.28872364884964,123.30206848845961,93.16827649162765,277.49083548433947,179.922173368798,159.8225322259475,130.7671413082669,89.38335206520877,176.8904448588831,79.13179485832353,114.25547812846678,50.77610360112277,8.96043741353125,15.872902685302652,179.82981905023973,475.50778433466456,277.72142726870663,6.9720800415256745,399.3710020327603,27.836854411906245,174.1181433451132,65.10223073698896,102.6001292497121,0.22067034122380608,1.2656506128144052,36.149547130052824,6.726824085865451,1.0106212618588528,243.73891948430835,3844.2750998219562,44.519227313113255,1.5327947418225292,52.97211445646907,497.72849422790114,3.0194468090830453,3.009214095239554,461.3052257834471,5.4884760023269585,188.48260938440313,2680.460648535537,2.8513724805588767,378.03877713162024,0.8354012809265967,5.031513361941247,176.27046046071874,1968.2066547337956,0.7468154023528141,22.853588291021097,7.0235188186525725,78.43848352813865,0.18270997364159886,30.737880085774346,11.70671471139161,1090.1242653451031,22.656304845250737,26.661150220408075,0.16406820257210009,35.5902362228744,3.40969596137633,441.539003249428,4.499187509897361,31.395453105141076,64.66656566315176,3120.7454229880423,4.379663337069949,29.91664451514915,64.33381841705683,87.69515317595382,99.41119577645144,113.73760659641172,3060.6057628281255,24,3,Developed PE
357.97447318003344,0.8248438923297439,86.97768839810641,88.60781356739808,90.65682115978413,94.90627361369799,107.82390013181751,96.14199454154368,59.85252394474539,82.76638204700313,98.28292643483368,104.14323267691287,78.21820844415126,14.30179734574522,10.023844482094114,126.6262269553703,255.45639277982937,198.53560334426277,2.965228445583625,8.887783457903234,54.405991661361604,39.43784084759898,90.99483102976225,33.753946274477144,0.13375543816692692,1.0,6.259101364880331,23.785769490038923,0.6684969706889459,16.1796072553232,2794.2988851983805,30.450607388037294,0.6568437349537345,35.61184073966765,467.8878732280953,1.5427486600486362,1.993069541622729,214.24078043733016,5.125960271494141,75.19343321935922,1079.1693776349703,2.0293796322849813,83.1478971528627,0.3960500250881086,3.9445722780604062,46.835064792564374,327.3339330260333,0.317451879655513,16.326849312957943,8.112673365226522,33.57769481688265,0.16121296491146755,25.627028497185822,3.6569928084125123,464.8771891777121,16.37218408386064,20.167760640969263,0.5953904397633032,24.17289181322374,2.4160836639640424,263.7810497707028,5.852175072145062,20.670479363422068,53.007703678644575,2046.4019758028126,6.047515252586216,19.28843879781237,56.559294655469195,52.67067976255579,99.833675961226,79.82125166545632,1971.7638317805524,25,1,Developed PE
6021.546543412523,16.61810053568751,113.9788584950958,87.90462543270674,151.9613512891426,123.6792060973416,147.00410345670605,117.37142829224716,63.05454400910974,146.5546215666039,81.68096580258586,115.98091262455546,53.26412328152333,6.209993691401832,17.22232836876197,86.14160377811903,358.8711456656808,266.0708950317373,0.5629738135453117,58.56990841245435,60.12312900975631,58.69263817639071,91.35177642370796,62.670595909262445,0.17728176532288994,1.352336895100433,10.465731884597503,6.673922404204886,0.6307348016591421,46.70308166227937,2785.265409073065,-0.8025717631528622,0.5227299207857828,33.70648133463269,367.10646286514213,1.4399106039225895,1.9461427718817892,392.5296961773631,3.900613930136362,187.33577886575014,2142.3933145304263,1.8017698186681033,358.55717341914675,0.9531842742139935,3.9714392764319153,162.8976892961682,1842.3936775596997,0.8614931815605555,19.15205071740512,9.232703508304414,104.36303659130456,0.2885690672392126,26.2152134322169,18.435938808754283,1349.18317228049,22.06795342785587,57.127636163150115,0.5631538457553562,29.959329394480534,8.88104516938592,789.5460959316097,3.867283414333251,30.45251542614369,64.41067260302134,3006.695539459225,3.9642171882201773,27.149354494159184,61.34730845007318,33.27574849028045,99.7066437806946,41.04574422470107,2733.035540968719,25,2,Developed PE
13938.85862054053,92.07703308654263,109.413120047867,97.10142074264493,125.52424189991993,144.30272945728285,149.6058863917123,132.73153940075102,61.930330351676744,175.38184080744225,80.65394242655516,106.76116355148898,84.48753272731082,10.68700871002764,28.358773712235095,117.67314348484085,347.5396197310644,289.01638283319784,4.761404263685447,172.96648702126555,74.67743060834324,54.532426552324026,83.53183265477438,58.88033542827284,0.16564539554745825,1.2835659207154209,12.237778620849248,13.939392590297977,0.9995548956712204,516.1915022046873,2411.475277863373,37.68201748350414,1.2628995057574912,35.773462264590904,465.1934944295858,1.3123528392373203,2.2026043888029205,313.59566819032034,4.707555280376431,134.19967918547076,1710.1471829953357,2.3331012151195485,226.61488617646174,0.7343434943473381,4.2045417236095295,132.7565962531489,990.6150894664781,0.6295335338845337,17.245117894835342,7.17296689874537,116.26794544679842,0.34664730570382435,22.701704416368944,17.688404697296512,1515.7523885609078,21.993513846117725,56.190242592332986,0.3414887621085807,29.14837960819777,7.519235941033425,915.5856400423654,3.5593669330740583,31.555059742090684,73.32238295354017,3163.8728696963763,3.3340200466044814,30.677756739997847,72.49053498401274,36.87495190064641,99.84595410801968,36.77028653782573,3051.331256999785,25,3,Developed PE
139.6511724243779,0.015338763481220041,103.80791056799539,96.41319355830417,87.71262336638362,92.72162354151499,92.76545346796853,105.58932497830847,71.29150338721406,135.06220401008335,93.53451631618324,129.27261944244833,70.36075762897681,16.81848790693156,7.856230185462075,192.33153911002134,295.3241134994187,185.9101479634537,1.9821095265291488,4.184135169140681,56.72281587649709,71.26854454602167,95.88825462317646,38.63541767560143,0.12257379319951936,1.0,10.2154130131212,8.917871105820371,0.5697508038323704,26.611388537868113,2979.1159730098125,23.91579167136399,0.9892480608462249,35.890211186473145,510.4588373346105,1.7380524324915783,2.783434431793742,285.5280165001728,6.085959049920645,90.06342611613502,1773.8647297546295,2.567011224132678,129.58778411553862,0.45324126523567315,5.0177921134311365,55.20188122386428,633.8702857827996,0.3647194841111455,19.833560826578573,7.495464684648167,51.528613505183856,0.18575834221879534,27.936377291940147,6.485603362922596,679.0290362824269,21.510618533459674,21.62427777790136,0.3918552492629237,30.40003850392785,2.6247689569050223,302.1845124715667,5.321730132279667,25.089050071301518,54.38717645286447,2484.50393041472,5.427550046408242,23.030172912963682,56.45485087285215,48.41649523872792,100.30736351512621,67.96051650973308,2307.810820123074,26,1,Developed PE
3529.540512639036,59.59484302814683,114.62013941521232,91.22939548229252,116.33986175864128,125.60864856619183,117.73451478304189,116.87270028097251,84.68159298469729,176.52904279594688,84.77742683703062,125.67774508786931,57.10560557381925,8.816929953091154,7.1653961070629,156.84714384932664,361.5431975034194,236.1754232250639,1.0220418176290778,45.70068597800056,74.30464554196736,93.38064094075456,87.62996255361539,55.97893799043546,0.15608988929125905,1.1952454950913542,14.086447924814891,12.98862981161821,0.46208111183392253,50.53824077154173,2804.705130571601,36.62983727162115,0.6080409420782112,37.56502678177059,452.4278617299241,1.7857275157516452,2.7633009248250735,418.3579890803429,5.522618779555665,162.29248603944785,2743.2694671988193,2.572579556944842,329.03928436369023,0.7989637656161158,5.121025399778133,135.4329892678486,1782.4465688620744,0.6841107398815064,17.243266698908272,6.215775138355429,92.95817434760778,0.244509462829691,26.034307862929406,17.655826493766632,1041.7806463932834,19.448715629243523,45.070946752951805,0.46157921473357905,27.91547885171127,6.678429766761411,611.191555662277,4.333213353387275,30.648114025137517,64.45651663180111,3022.685451391933,4.259222050981949,28.559874394360143,62.860874287951106,42.42172903441974,99.87983070477534,52.10767242101089,2873.6952685137317,26,2,Developed PE
13576.17488430797,125.05131407186445,134.26493291961904,106.68785112449707,190.37768881437722,165.54015603694626,142.14884697630941,134.72265411711328,66.58635844088383,224.09423684421836,95.5351689658031,118.60192375717892,75.4924670934011,9.339660143632704,19.415332361280985,157.52877440226538,478.2857794587735,281.9574387551044,4.209558814126939,604.5099063341282,80.45953839221055,153.80549131061994,74.50572999360509,75.46100854986165,0.1552940546790345,1.1713049180296713,39.55371268607922,4.362937955356088,0.5451944310005541,569.3754344758703,3486.2199785699945,34.126568708057945,0.9436884872088502,41.032635447264816,571.2482346664958,2.3203442621780623,2.984443007282191,415.5375654161617,5.7474881564373215,156.61854076534496,2530.2963282027113,2.9579385471600763,313.9672856238271,0.7447279285956023,5.188921653987806,145.9790165302415,1676.2108793443904,0.6592511487743048,19.180456890335297,6.452513624810267,78.57265553954699,0.19102510320524016,27.30349501868005,11.146678941309126,1306.1906626768541,22.241264393734152,24.080938058871844,0.3819890882592229,30.912043919928806,2.1205291240057735,510.978043300938,4.272522528232191,37.060755525343424,67.54479779646773,3708.960888185475,4.29453267771314,35.82397533780511,68.4525595045118,42.16591668051833,99.72270673791276,51.92467377208093,3590.935288868119,26,3,Developed PE
213.57912912275873,0.19454197825521757,98.70971403149768,113.62659212636699,97.49152062259184,89.05002029010006,95.8357304423751,97.81234050931053,77.1088622126989,114.31832262692835,102.9447017613562,117.54000431413172,70.55693055919554,14.509789830568451,8.038236158960308,190.60537461535054,308.1518160116128,191.82467327874053,0.941639946610766,7.679086557987235,62.23879993836792,90.56508454001893,83.77397067299573,46.98794004315255,0.14908890795944316,1.0,12.186997885160835,0.7787415218006988,0.43274424330274275,19.724178060527535,3770.6398056369217,29.15641940930228,1.2522224191847702,42.68816559028457,551.8290270380371,1.9392234955504548,2.472282374564559,237.835214114051,5.549109437390662,83.05676539023541,1375.1175151549046,2.3427263923087165,123.26439939314047,0.512085826901172,4.6968330075156315,52.46535237196938,565.2781441815893,0.4124137698112044,20.795982036186604,7.817771133565197,17.95575696763539,0.08449527097986087,29.533767047735836,1.8976037069436011,297.6935402698307,21.28595546002673,9.197798621639624,0.4524457156344257,29.784746769008773,1.0681520203249089,123.10566236182413,5.725009759520012,23.327169504103722,49.922124551356184,2340.3218072430495,5.687917102754698,23.506413587052766,54.65423506956922,55.29678544849008,100.10681978089681,76.6824706803036,2343.352091698275,27,1,Developed PE
3841.826174323103,39.55671482298602,111.50831710021002,97.16841931367898,130.70706022772015,99.28276417171193,110.18738855075486,111.88785041396693,77.77903896396579,143.57164947423502,81.18030099200057,105.55335955384972,55.33023714720082,7.118835265120924,5.200292368814916,169.8042328776833,336.35375971268564,265.60177937529926,0.8109170885350566,55.74791563522152,71.25788280839058,109.01586183074076,79.26459435446641,60.98253718551945,0.18456562283444736,1.229095233101987,18.940366395450244,12.34460195752256,0.3508060660016531,44.16020559635812,3552.66234948042,4.728965583949368,0.681665548818893,44.574058232216686,468.5735349119603,1.9304330387913895,2.3252172462452934,396.55970436532607,4.749966167235914,161.20710741163307,2419.718776325345,2.340858772785871,338.69325931867195,0.8929658024424492,4.756722184919143,142.49606030986885,1788.1240069794949,0.7787597990046801,13.896939019054322,5.938329422545882,158.50597352798502,0.4422941365786165,20.200335345898697,36.821361281647455,1375.5122145659386,17.101985152052457,62.193597603621456,0.4466346204998162,24.39318562561147,8.473672734384513,902.5381128828392,4.628905401239132,30.13462755338629,63.07779177479822,2956.7942153814315,4.580271613949609,28.045696073551486,60.9837039822687,49.10596558604841,99.91898377850656,60.57130199778814,2812.3172519413038,27,2,Developed PE
14033.581397964332,128.05917127206433,131.67090989993116,108.65880499690341,166.64561844828424,122.57361377102606,123.39826183921917,122.59923554175391,54.89095485555469,173.2840608679803,83.78174111952795,89.06310598509855,79.68541197711629,10.124411996792151,20.288139657770692,148.74119034183045,443.8304365176109,282.8787166876082,6.320199296943179,535.6147849285632,68.36347157494968,162.18833728992558,79.45519112296765,81.25393822259095,0.1778240517654059,1.1943674808404308,49.90388084896524,5.298503499531148,0.6687229716323692,368.59314123314863,3965.012844081116,32.01047771515539,1.1927638951648958,47.65662991387346,609.0259605763616,1.9478039746398448,2.491814930931956,388.22871235222954,5.091241088180812,152.7322023083505,2324.927131897648,2.6152426033021463,338.40795352687314,0.8782691438636205,4.7208235774758505,164.6971323530458,1792.6849988684098,0.7925267444413182,15.950322477900606,6.342877441662859,157.2223063937592,0.4099056215073648,20.371632465721177,27.68383000639991,1988.351753930177,17.94118166425587,87.75384708535157,0.5918821944130029,23.683905526997584,13.395956538984386,1302.4180285454458,3.958651528493523,38.27163474191708,75.82450310638264,3839.2982856052195,3.9861877470094407,35.857851216485244,74.49065875770552,57.71072102240386,99.833263962581,69.9878113494607,3610.0648036161783,27,3,Developed PE
155.4475807451457,0.7129489126500347,86.82466373425693,92.68150548977277,106.54575138796059,140.78812522965305,121.41915501411114,93.36563571022396,111.69983233631226,141.27856104119425,101.71691083128192,113.63407666148642,48.99309291497559,11.695340363859478,13.889273594546832,167.7298828266872,260.4384330350166,205.71470924869573,-2.3018927371635467,-2.381267238064349,54.10023589212394,143.93730933782862,58.26731092014188,49.1611875335584,0.19769083774997742,1.0,8.727639034718276,20.76261276943699,0.6253429334981796,10.635281052850996,2354.5723615714655,33.282310596582214,0.5346971148513289,34.30288081897994,457.52654560939686,1.7215248484145673,3.1359442908448982,248.13224283727888,6.208544205008296,80.82444131403842,1275.44346084732,3.0630057875986596,143.4861661329187,0.5656814999866238,5.395354594746959,63.5188292117411,592.7149499550933,0.463530746022444,27.966796701789363,9.321978127842767,37.8269136222405,0.1455046429358562,35.1771660473328,4.832513382671419,421.112944243475,34.496324942727355,13.879912264640742,0.29533627851038613,42.22886886463935,1.6865793118025028,155.86791213899647,5.440709144734587,19.846914477879295,48.732672273622086,2007.4126494667448,5.417180905065161,15.210872642798376,44.753885899141444,-13.511681955275826,98.89924623843744,-11.69814563347878,1532.9328264286162,28,1,Developed PE
4326.95979522223,57.49640146548799,93.85617728834278,76.47062459161043,122.41337629651504,158.40433685050232,131.74461233816703,109.50424050192947,107.19213940862618,166.6195509987046,96.96623889543383,101.58765333979389,31.875056054753177,9.444754280828509,25.2183276410075,143.2536028041716,321.9269104470547,226.0367992770651,0.3947887343443496,47.58002847981196,60.222616176472734,133.21744053732846,39.3081922903704,65.20151714176106,0.20509557496276426,1.0732475275685487,13.326296301691144,24.36641642993655,0.4452248258268998,32.28112576875342,2583.625924744514,42.394465546446476,0.5813714350654262,27.138995378080246,444.7170504109684,1.8332700607166799,3.081241405192218,314.9251926939546,5.80781818968132,122.6943342354987,1829.501153748842,2.8982568326933706,128.46632152655658,0.4463523232540873,5.240207132864612,57.91668751248263,619.8519132898915,0.3717431676265353,19.050493411541026,5.658977808419329,2.2673275746364396,-0.001172611167881643,27.49964743065654,-10.688436369390832,791.6553321727262,21.384590449532183,20.270149962119273,0.56043897844283,28.59125391170447,3.7618693595651913,241.67814959734673,5.3124088977727295,22.751953287726028,50.89351752387431,2308.72781555194,5.3608118428873555,21.15191357539559,51.6477655276294,40.130316885771634,100.3279031734245,56.621262697727545,2155.6092945664745,28,2,Developed PE
15350.102613624727,162.28635003603327,96.29458190667255,82.86123740216944,189.4166186016895,222.3099206979092,155.222494865881,122.15052113279788,81.08622215017793,187.7782608473665,88.78062128188431,90.9355458576417,35.5526522205275,8.746679825297951,49.054472990045994,130.6725771905295,354.9961785136061,299.4604352864527,6.385081043094065,287.4417161739916,68.52019325486856,146.58596909288073,41.005524719699075,77.0597861147731,0.2125171660331116,1.1299968714353632,37.24045313084059,7.123525571818146,1.1958058199788377,358.5775110835235,2901.184127527491,48.045494602647906,0.6687023320867145,32.32599260539876,561.4006189004435,2.395701587820251,2.39381349397154,386.9888078005254,4.86885567421623,157.61236846227942,2025.0952856606277,2.483691408868509,301.4781646831896,0.8088587248559436,4.64996084920252,135.46150429523718,1434.3206982187608,0.7080705309952771,14.292675671516959,5.9013198843829535,119.6539588410875,0.3087738291425475,23.12963122711429,19.426865389293486,1460.9900291822294,15.181410137515883,85.44659990828487,0.5642692197547918,25.53136969737932,14.03014701117896,1035.5237409446918,4.018680693971635,22.793355503488,63.11015937328531,2291.871064160604,3.8300831482838276,27.559975620190777,66.47783954313155,105.88892564598784,99.2267915075954,145.82786633402134,2779.0800826148848,28,3,Developed PE
83.10564158046914,0.3089685919412796,106.7891967919498,112.93295197957761,151.06491165430117,14.235654935290142,100.62116962729999,102.51377566625688,93.8131569367078,23.55074120014463,92.73711165137101,176.11841041897415,58.79217820483628,15.894504254511336,-2.077513483877947,212.0439519717919,258.72752084162533,187.81654568361023,3.8131850057477843,4.777390874656656,61.80789268788977,78.78698746712523,106.04439680527366,35.895089580719386,0.1489169213659258,1.0,7.417778329868596,-9.348465733751976,0.835367641147295,9.023395698417662,2347.641610815809,39.958742381692026,0.5267431651783681,50.21630859106736,397.96082752356887,1.8990550584254964,2.7395527928378174,225.73066425104986,6.521669475624056,52.094214728681976,1508.5728962537917,2.207569740206338,74.15734335986747,0.3554987386660511,4.7400587747137095,23.9313332976947,411.29134030495663,0.28237095561676373,24.50795468067057,8.176711295363571,19.2533844336371,0.10120145060875999,35.75557356469719,1.6129050138070453,333.23627177802894,25.738076126251805,4.514534638503918,0.29896672582442024,36.83635640031932,0.41449267319180927,86.54472079297109,4.899745051966483,21.72960661000432,55.28412142199187,2254.0085203388458,4.87238088586845,19.345317483831263,53.95632301737555,46.93548008419536,99.09188358066267,72.3937738141346,1905.30001053119,29,1,Developed PE
2091.1411338693033,130.49580838908415,118.87946684752285,102.38940661769541,137.9513209127722,139.73221354009254,131.99814876034813,101.86247049168146,102.49622269290495,109.45274164746561,82.91037953014373,139.21093488459135,49.60862675606063,9.39768082480946,6.711511396608283,197.92055487251287,377.1875839764869,221.42683186092364,0.6736414789935736,17.001043253039473,95.17765002316831,81.2116304739476,97.66614338451757,70.75305216206313,0.18847891803900002,1.3684727018178136,6.92715594030667,-1.0936852399263906,0.46298714838781785,37.239016176078934,2619.376510645555,37.231627995015586,0.6191894247111709,45.80474176194378,414.9674987274475,2.350682937549853,2.462019392613321,426.51952094054707,4.923131084172836,153.17800784997021,2365.315311345829,2.6775612174595227,292.64949207827306,0.6978234007276821,4.715332874803172,135.99400159203142,1521.0714370341782,0.6480909032826606,23.59517832909456,9.862046678878853,0.45141670064082007,-0.006441671085850614,35.6362449022933,-11.755789378450164,787.9939655968308,22.196857590748735,-5.409034697090089,0.38049539328695514,32.75711985898251,-2.933705638269442,41.988652527748116,4.766697070308439,29.030663838831696,61.59070250506249,2977.685648948705,4.756479174116261,28.038651695137148,59.6928945827666,54.47672708522097,99.39523690578496,76.07787249301997,2833.6830757603734,29,2,Developed PE
11596.58745563366,209.13850206374372,117.41497590395092,110.79560862772951,184.84071228260132,131.69303522891076,155.93087333552737,112.39107422328,104.93389362490592,115.15133536691741,86.81112832369789,119.85796705717893,67.38891028201287,11.609675607278982,11.517318874451563,168.02163498947453,416.70350503876904,272.3106152695299,2.914500804106943,540.4119390542014,61.60315830141787,85.25402247036351,69.23489792894216,88.99883090890339,0.20431094293967736,1.4933117272966596,15.777738454142167,26.938271216978773,0.44561696372363124,428.4321147676525,2843.802128142002,58.95464590356609,0.8413693652401968,48.76473054916219,625.6834837428191,2.860175299687062,2.9918246486590063,304.8829977204721,6.279739962544818,88.03979072361025,2102.724840069969,2.594805264305879,143.95403194177135,0.5124648247724926,5.241099342178759,49.979863685883174,716.6086758202899,0.36706801958930924,16.932138769242236,4.823913659425038,131.6674074980077,0.3873883741741584,24.58906088697632,23.568690081406544,1201.136928142309,12.057548238757892,110.9695235229074,0.7882117044723013,22.461316214148187,19.10404457735281,1329.354738068399,4.202072073091047,28.467349992246085,62.668059078525566,2842.8669151902805,3.864545169227968,30.642365687357017,65.66553919830812,110.02114806710384,98.78189952363438,141.92433027374636,3066.7961766565513,29,3,Developed PE
387.0294522637412,0.25064235187530115,82.79021066789062,68.88454691772415,79.9247864364057,83.81881511133516,74.9428677433784,82.0421808768142,37.616733922463105,54.486574204798195,81.56290111572113,155.73601802564178,35.93102455513648,16.131550096712385,12.008338411458908,198.4497311016779,194.95865563308615,113.40482308224527,5.052698735195498,21.554326531496955,85.9566970989777,18.70309863707527,74.65098318165862,34.899907546191194,0.16845874968145966,1.0,7.062899257933394,-7.330987014790114,0.11526716311260526,-4.332171678423254,2598.5249409196426,15.54606286355402,0.6823553763082705,32.43132468984409,380.9026673163203,2.2529857525875023,2.063957359066752,319.4802151718408,4.377472960781867,122.97144749337093,1792.1401363572188,1.5392166074547529,164.04991790864966,0.5423358465578153,3.85969220997243,71.14814766265766,806.3135974832251,0.49432594529964735,23.18368759096492,11.211357793006457,11.017475374732555,0.01902898447876708,34.170450290177506,1.198534390726694,250.64647784224553,23.366705873112934,6.0697338293011445,0.3849073473739777,34.456348609461614,0.6264868420693825,161.01332290696226,4.455073122369937,22.74505091132804,51.75117687436004,2251.624895499549,4.468013482288801,18.851814064933617,47.693860643819065,76.34974182151058,100.16579589161842,119.49193053755155,1832.7514298229942,30,1,Developed PE
-154.55974859366643,65.75179666256508,112.79002544874382,94.01885494260002,87.00319561887302,149.0529445774763,124.36051806030106,87.30646905137998,75.79131149241479,89.67605413594464,96.35555572248735,158.55234575952227,49.720722682791234,9.679983165143513,11.573531574695334,143.21347064225634,392.2805916017701,125.21297014942888,0.6617015282039231,-0.173038055890828,122.16733748511916,29.219966741277617,85.03778699565653,68.40189936494383,0.1721240688268131,0.9833466714758333,10.01004364311856,-2.154975976996502,0.07766392550940299,27.13348460870293,2434.7520556493196,36.714148143683275,0.3765845289981511,26.1493418890961,340.2618214058548,2.0882602583402616,2.165568084331277,358.54487874080195,4.942245547975541,127.57275110087058,2140.9394181511802,1.719884361145359,201.53044532717206,0.5675359800069415,4.0549776645741735,84.42460214474936,931.4815365511976,0.48046448200084046,26.12868355712715,11.654478311713085,91.24589079145747,0.2984768250330295,33.448472774753895,28.82677030955852,273.9840399323881,25.3346028166936,39.17487973148113,0.3801369857653363,34.35984707700274,7.033876534238147,486.46260889512666,3.453106347603269,28.82111383935164,60.25560534286825,2961.3663325202588,3.6768513553216655,25.236839173622794,59.0922279593841,36.30267703961749,100.20353645737855,52.521736584326256,2582.2827004574965,30,2,Developed PE
10106.653814022031,162.89363801070496,135.82695997743937,142.58570007648757,204.4529673468012,290.9425971877752,171.1337640206154,130.05612252892848,95.59128562030736,178.2432996205844,118.70594879225263,165.46321664729476,70.65131052927819,7.204351392541607,20.40596457606321,138.98017134280767,508.0575740579627,212.67550718753756,1.1875670756956591,529.9431863293895,132.03745240348366,121.26663694066579,61.774896038842236,86.88429497838912,0.1757851152633547,0.9674501926048606,15.317787810357341,13.76228491938392,-0.17273970500152114,342.79558329807526,2923.4565033302415,32.55789563383486,0.48386529186974603,25.524840440519025,440.27479536034167,2.6091067437664344,3.33943189434036,336.4245557062029,6.068897933135571,130.69864157697378,1959.6941948005092,2.857825505990771,181.68260404940503,0.5125766363331632,5.1794437348995155,90.68204040014152,774.176638837271,0.4037437519510842,19.99773369954647,5.477878496010646,-12.951337721367281,-0.016887557130174508,28.650064285073945,-6.875744685827138,200.86056635303305,19.170086266902832,-2.1362456681158193,0.7804283095302135,26.73701036255125,-1.8853633051534286,57.2372388814681,4.148251954730802,31.683620526306665,57.37350278749961,3146.4008944214056,4.0310272968477285,33.9808111552311,62.32744623694107,65.97138106395926,99.62306614264091,91.47142053105001,3360.5742811805935,30,3,Developed PE
108.6466405914625,0.29893818730875543,95.98472386288988,105.72098228138597,115.06161504305645,118.26521073798172,127.48414035373594,100.9278887712544,149.68519742296752,118.49283417218138,99.39073146021366,129.79411734926754,52.621787915139805,15.191581178375397,10.395065531761901,198.30995285932173,289.1080913434061,249.317871366505,0.3252605048165753,-1.7638801090940666,55.61412493874556,103.15337121338024,63.80434624357407,38.95156088305529,0.13314952700915228,1.0,9.551670994445114,13.3173535404702,0.557561368794371,20.38667758647446,2351.84167367182,30.278918175870857,0.7817587567726664,32.556013827056056,477.95451661914626,1.3298842028215032,3.004610199657785,243.9310171039358,6.4174201992589195,75.96255850860783,1407.4151876216742,2.577664874447343,109.09209288199708,0.4374152237934446,5.076654793079235,45.70542917847145,463.8972477063825,0.34085204405806596,22.952472758409034,7.596363460466804,39.70986325384525,0.1592449433753057,31.923529555499503,4.272644142643969,574.59520034433,23.858835204277106,16.775099028668734,0.39198479749717235,32.170063424468566,1.8945498918880463,231.52209829313142,4.768686047650579,23.59838861179781,53.88649549974244,2357.5435967977232,4.768381413840427,20.523983241058833,54.24317758803162,13.406225563852143,99.72900111592057,17.824269483640478,2092.5852528622686,31,1,Developed PE
2102.1844200137944,-5.892327644810862,100.63927276660527,88.38508404727204,114.06600648000465,128.739883769861,144.25994515960141,115.5600811674056,133.1071674368412,152.2145151948919,87.57853905019616,113.15064895569456,36.93617526832788,9.55929010058522,13.722951326622901,160.20892647256738,344.93944866266435,282.5765401165821,1.0668987397733654,72.95065994892039,72.33895230102502,95.74694503326364,71.0540784372519,45.11546270892889,0.13323925356418168,1.0091772874940632,11.874408411988206,22.897070818593573,0.30953640189395926,25.492458024969395,2435.2935900878515,39.15996327106873,0.6655596302635953,31.2848876473323,451.306237259379,1.5067693785541711,2.7608258283515825,373.8782065952771,5.654131572185209,136.47826640246788,2177.508517783347,2.7134681841238737,284.15258440588417,0.757809743654572,5.163575653397092,118.19354016082022,1506.2569121091,0.6741899795616814,15.585514240168663,5.451372708106546,44.29487183632311,0.10736475505313473,26.4997274544303,0.4393482537656297,1108.9178599510396,15.592851050023729,16.07347232064148,0.383524942687702,26.32390169627326,1.2816217085029016,325.0717575966033,4.211572728417988,28.78021652011399,62.65429818276262,2882.147555752842,4.227120808262714,25.58138719996382,61.3236038615631,35.44871692760125,99.90685363825062,47.11412395782241,2580.0085346779783,31,2,Developed PE
10576.53167954682,97.87597939482065,103.44907097748613,77.00979334185598,165.10633525273602,178.48869585857778,159.05266548176752,115.67560709777094,95.18417324463384,165.9874811655154,80.12733591958397,99.1680550821657,38.01851790696679,8.536740807265488,27.071241674772374,146.91945700781736,365.9408904884913,286.07223476870945,5.090425794739174,712.171125280604,71.71756138082786,110.16134336550574,47.98812383551963,48.78407173781092,0.13930281055576407,1.058985415372517,37.52934463814297,3.7097042356906558,0.620378091665648,630.5079553561726,2732.6151155083544,49.42456266999608,1.0274152320139553,31.39196780493867,561.179642400786,2.1536339504251556,2.361816569677705,382.92478671918974,4.771762614814417,156.42597760838643,1966.0944044907324,2.402389120390437,303.1133480077963,0.8068739791770368,4.543010699371796,136.8235870385557,1402.5939071074204,0.7104864953793615,19.935603891287567,8.379535279418743,76.04225194733345,0.1990503430181461,27.893274399032048,11.416852959127064,1143.8036370407071,21.484534268187858,44.88930904055462,0.46575382380422947,29.230957745901804,7.094168967886041,578.2408136240051,4.070991930815682,28.073009652357086,67.54757567919214,2838.5710296301922,3.997548136080275,28.290047710391676,67.4155456705942,43.06621623736855,99.71716367977616,61.26918447057573,2868.7438099858073,31,3,Developed PE
136.15439540279922,0.6753041174291372,97.0919980187038,93.0001857715742,81.29540457714143,81.95665447783009,83.80319995529665,86.55352802940251,47.54933858204089,110.98798651028709,92.2363822026743,126.31740259082957,37.692888148521774,15.292837210646708,8.991305976167382,206.5689213479627,309.15068695858895,171.69942262145238,2.0356374171840868,14.645521749233028,51.29374978205002,95.93949142494805,75.19010202819905,45.54473895854345,0.146794458809994,1.0,12.337670204886326,27.009194068783895,0.02683524694684486,34.13607264180699,2802.7393481950107,33.39383242461523,1.1454072220172422,34.91343146888505,540.0162610432598,2.0428085655980377,2.9082508208160616,297.81801386832115,5.963791876171936,103.99508827509854,1882.4250375135798,2.5920302881965824,110.21337015703831,0.34043716633106985,4.92500363339426,49.3309952775987,511.7044757564629,0.25317130121038023,26.69045478457644,9.104251429702215,36.079354635157,0.10879815299155965,33.610225681124135,5.353832282045199,328.6432429976028,30.806626521252948,15.067609121246036,0.33206919210652774,38.044362348935024,1.8842334741143731,164.19345798274946,6.34456265447979,26.45779715157001,52.43297761066606,2631.814727681265,6.5948655606712006,22.743805057865252,51.717675588133396,63.76734891281129,100.88865653971294,92.07954906257505,2350.5194708026497,32,1,Developed PE
3668.22171682487,-25.517388194198837,111.0064970321898,72.69195446474998,91.89870635029024,46.1075526598775,80.57193547611413,99.65440778072674,42.11614092502568,108.5788156896408,79.54310107044398,123.6236326527484,36.92288782616583,4.958859610703643,1.8894326359489462,95.45066491131996,307.5772588472562,217.59715178032212,0.6917060784547944,1.4573872095381049,50.468309674394035,111.3089600258387,69.39685423186529,46.4192380535771,0.153692354086136,1.044571547361758,16.194545986065638,3.2023530676385032,0.11545896678914558,49.2482216148514,2795.7148663272324,11.627306358989916,0.6867218575992977,38.66844572124823,428.28775189679357,1.9666627646121722,2.704256496668972,424.7739913394835,5.466318951974076,156.41947289586747,2970.721536762682,2.588704692116305,322.04715841380596,0.76833005675238,5.075666014699669,135.72563189920388,1797.5272598850763,0.6301155134341627,25.401515656428458,9.591694200142701,50.91845461474415,0.12184657239420926,32.79792178856761,14.787882250399525,166.88537936263674,29.42548569098276,19.95248699246183,0.4039128011887664,37.441366500458585,2.446686173220985,262.4400783956627,4.844192974622157,29.381471391353482,60.943263918627885,2862.352665798767,4.7603123829611524,25.506369170442017,59.45306901313418,44.02945487619242,99.88930127401099,53.41235774724137,2534.0484077547367,32,2,Developed PE
12339.123927134337,39.025972574819065,121.44475206574985,80.59617195207316,157.31172879724772,93.63465119617777,84.80011015471206,105.43335973832207,20.526381726097625,126.54010257713833,90.41573352516728,114.05166805853047,46.899505315303344,5.801010221618599,16.038839779391456,120.55194080069174,437.3190981182943,216.29954795409716,6.708635737683571,154.62652446840883,76.3884848956027,159.72918738990253,46.213990102324196,65.85792923785198,0.1525713523021152,1.03237187516197,45.3089545047353,0.6579434730920202,0.3086178945788364,302.43494392830155,3632.6006641428626,43.47766032682373,1.288778765754285,39.30927311591414,585.2449806342324,3.148195970418218,3.1261301284810705,408.71615986877237,5.55538850011428,168.16645369829547,2606.795638719524,3.043444779421324,381.3089229255879,0.9344023852181144,5.3296753135886785,168.50074681031793,2141.8533337932113,0.8355943927254845,23.829043571965066,8.134108299262001,76.27830292301161,0.18538689299841984,28.004911701520808,11.768255444184929,1339.4895500162752,31.920407213288534,14.656729101278685,0.3119715408477739,36.326626481487445,1.16610931871186,378.09380797018326,4.936873950056073,34.04381084839812,66.16042877084912,3435.3600213283216,4.945983841240701,34.298654105328914,66.42218212933732,40.7157527883796,100.16472678365308,56.17146724081513,3386.9667285925043,32,3,Developed PE
332.98937014422006,0.5724702936311515,66.71359801117298,74.00626487928363,113.27310254068567,132.8253799608584,96.96190328019895,96.03914253336985,120.8675779156361,121.06925154628351,95.02626239302292,116.6289627275012,38.70614822393331,7.88194976041541,9.311929805129987,164.9658440466976,179.95638464736626,133.67934583559193,2.7549410132221572,2.5851915218415327,61.149370580758166,108.52692166102428,66.58934917978455,20.76385096703817,0.12089157390476271,1.0,11.996979983876376,-16.202579538825013,0.6532506801665141,82.05410201014409,3439.834416013213,27.055351963825245,0.3683438128135228,30.31387989559525,695.9658458349224,1.871731281061341,2.3536934119719137,244.95168774123294,4.96388848235932,94.08557679771545,1317.5503311733553,2.2344888344598237,147.3314239402095,0.5898025595384958,4.404348803232619,68.58601073327827,681.3146111974742,0.524375020179553,29.61970187491626,13.31961092347672,31.531266851146093,0.15427191300070656,36.31489551247742,5.017760574428257,468.3526238366462,33.141766872615186,14.927475981155201,0.3842914682299356,39.841633395982626,2.4174636356481503,263.2706714717564,3.3926712470555187,9.23985769248187,56.05114854280358,927.444299293941,3.151563903439386,14.204382171897867,60.08837728708125,38.00152596147732,99.9158220175743,52.291735947982914,1451.8681449491316,33,1,Developed PE
-194.09655512744803,19.013188104845167,84.61107871273887,75.54673036708171,119.64907132670602,151.4235900663126,135.9674670331129,95.29732441867675,113.40940704694246,148.605341062974,99.56483561105762,143.06475759175632,47.556170885164214,8.507540733070163,14.475688212196644,194.9998433781488,352.598814135429,166.8106619164451,0.5857981758872308,33.77377160635862,87.19253110769905,125.16582831168739,55.23639834397315,57.15345304748224,0.16522339230156788,1.3683524387058792,14.622515629985964,4.974903793518299,0.44258902504742303,50.95293120194287,2885.1540391481585,85.10700130264641,0.37961876901218516,29.73481466720268,521.0760588289363,1.6970761774520267,2.3284481556161634,329.18535064240166,4.55097912472812,169.36005669793127,1410.5389445138276,1.81912699169243,194.40365048202062,0.5349882652854088,3.8940140489090345,105.90145671660459,792.2153219072736,0.5768530228528586,17.550877721312872,7.512224663888644,112.68678557930278,0.32412813984133226,23.374475217873563,22.764169569824055,1166.4806298950987,17.264400922795407,36.854565573819514,0.31210101831004494,25.20238252896423,5.509443153185081,534.7692440818657,5.002750937302157,22.437442271749568,60.89530412307163,2252.986140733997,4.749882496876269,18.278346099027534,58.84683578518379,36.1490527394654,99.97471671286327,57.96312735950145,1881.3722288606346,33,2,Developed PE
12996.967733092517,176.20300450317507,102.50172318716909,91.91989543188369,222.660282241372,262.503966995842,125.6409379117918,113.22961142031481,130.10300728700298,164.76210445252738,106.84177387622749,101.14874247155414,47.927873348659375,0.7750523317042362,8.914297117003223,128.39008897311768,472.5701871273879,225.5641920834961,1.7214386433319668,637.0069176998919,65.13455884392648,179.44982047247504,38.01290120713251,59.85698500837872,0.13030617700393815,1.0522860880864708,51.576408922323495,14.96404580872105,0.22800907388448755,-117.14411386037688,3738.9403960763148,55.05940472126568,0.22548204622195922,32.298965504525555,641.227327329417,2.5946576684236926,2.1121640334420233,421.10575724856284,3.5616826698210478,215.2050214306222,1720.2484765493637,2.060313464224207,402.3766468164645,1.0018495762817925,4.0159040119954605,192.5904431527773,1756.1496971170375,0.968196708439149,19.57897992920899,9.235221041268685,86.75363940438439,0.22743280354452516,28.21445361062811,13.537106828143433,890.1505890833939,23.577938462108982,76.01826325528651,0.6196439169927683,29.49069376707997,11.73113498407297,989.4951219626316,2.4907734918228543,30.734972015240515,77.30484742674075,3065.0840509650916,2.370757687232663,25.803075993104088,74.57352791138636,-16.140913805208754,98.24092737179552,-13.575234684962183,2576.142272563677,33,3,Developed PE
297.0958815541997,0.3684785117528686,86.66591915247483,83.04551674952873,107.51595539879374,102.46179191940284,96.6043610038784,106.81775905044361,88.012994740526,122.89819774189165,88.23620658527308,132.58643369809855,57.59664873737124,13.04418359178858,9.513562768871312,170.58476440811268,265.0765222608507,170.12199956183488,1.3834938259114427,0.978318106286546,49.826670320917984,62.63031930272945,74.61391186540028,32.42522680518296,0.11742626647370588,1.0,6.685468776083194,-1.9854312662482272,0.6556462113176712,35.54799070971977,3028.8600665452295,20.45244019684851,0.7528699052583465,35.96331870296096,622.2308921674401,1.8434090655030235,2.7137397420911156,254.6481098070958,6.087235798832309,75.46778526396919,1591.1666297368388,2.4668560781345206,112.2154165501347,0.4539635766912341,4.902746992837679,47.725823731312595,572.3352637971652,0.36176050987554664,22.104232063793077,8.737729918669588,18.50049896827662,0.08792345753250333,31.570534526869128,1.6259490697018388,414.5165954202597,22.643165446081436,11.0256769887761,0.47606365637795117,31.734980316400687,1.2657245327407116,201.6902674287159,4.56535720839169,22.31502400492938,54.631198725165966,2221.24812561745,4.722363071505609,20.735629618209483,59.71619249167911,23.317270645051757,100.07930454282767,30.892628722007288,2068.080551441076,34,1,Developed PE
2301.1516167473696,43.787026107471064,109.71073864399585,90.63912465541405,155.6502011424059,158.4883790619686,152.20932372106816,123.4365626965361,102.34006183508806,160.01470303903173,93.95662080859697,147.53784589059146,48.11255391867101,9.552749298193074,15.06620856098124,175.49624507416968,438.5147659859474,240.63510380593416,0.7181212539913644,64.24427812955719,74.2792957861247,78.63806378103196,75.36587969701164,65.61565533537023,0.1476526639797911,1.2027602944304405,10.959153769950348,7.743604507963774,0.40791496652091097,37.246557796542746,2824.760431855803,41.99855923086284,0.6993593954420508,36.42319159112972,530.8533976923126,1.8880103308260856,2.8530397818578557,385.39240389852415,5.55255697510783,161.05717695737505,2235.926012280226,2.605461914622549,281.00476480988016,0.7214383541549766,5.010067501470127,123.48715192107396,1429.2305622456167,0.6434062985979963,20.61823060085657,7.094760120363266,55.2985483948476,0.1540018149593493,30.746225798403735,6.232554038863608,960.4030831876807,20.742209797176926,21.857158380692855,0.33765534806870634,31.24216697452198,3.273918407458237,340.93526733213025,4.416103858612046,32.77768768326119,63.83963018424103,3279.630098304748,4.443756556350244,28.75882225451535,62.467995370695746,27.75991392539177,100.12778127398285,39.35975106248058,2914.7060751140875,34,2,Developed PE
10939.603451367717,139.10404934395837,118.17213759647298,100.52169282298446,229.02492273962213,208.87886097130914,157.04140853464952,140.92065318866332,87.83010510620292,214.58975490350872,91.16059629928156,121.25775519003517,52.73326195212116,8.214516606839059,24.316431014798678,159.11425801958262,453.62706518904406,265.4224904504914,2.6015050220247202,677.9966813235195,70.26347517563255,112.69745725980238,69.4462049020114,67.25220520903206,0.14947552910927037,1.1913948143144366,31.78436441694587,3.6409085651257795,0.5372399474533172,464.99492398264675,3280.690598643356,36.73928744769282,0.5765180156624439,36.67104404263641,599.4071502537851,2.287348042673933,2.436982673146801,415.1989277817632,4.804280081695697,173.33281880729731,2096.270294415844,2.4369191490222577,319.4722393172762,0.7815924643431928,4.539483036474512,151.15712298969453,1497.0619929380066,0.716668450675978,21.401179864500506,8.578178772025382,38.82759757194115,0.09588561366250876,32.1447493091087,2.52440722936871,778.1528880731435,23.552581663683338,12.811319870818238,0.3012666250932825,34.33527514617749,-0.06180908797955187,348.4419024188882,3.2786115742847612,35.12295450416599,71.2702472410293,3500.802607504787,3.24330163212443,32.97890458456289,71.14275609808719,19.705771272422204,99.50790687557279,22.952525875221852,3313.181553229764,34,3,Developed PE
405.1799835321189,0.33491692049093646,88.73852324901247,107.88596767881761,103.60905100498613,102.02876133279442,99.6263521127226,114.81368361722534,75.79895624305878,64.11156754057697,97.86033688068801,146.6953325838025,76.43245483124502,16.70278644656281,8.05016322144474,146.75178499235267,221.03410060630813,206.70643175690387,3.8955732844586075,13.278561877053367,91.99034861175346,40.375818356938396,111.4590677186215,28.701775208727426,0.1243558676575971,1.0,10.352733148707953,-2.3910861897714533,0.6731749463421185,32.71086728404422,3457.5159079955074,20.998413009440192,0.7212718045378712,38.164189589886305,484.3698904885602,1.21675041519915,2.5320822474253495,223.8040908457035,6.02714004809438,68.26192660601716,1403.359367305964,1.9607109451700502,55.80436485286998,0.28106978900446544,4.319337216670523,27.574540705118046,280.48838394667945,0.23991861770909023,19.189125454993302,8.533115117588807,46.176712084830335,0.2042658200916815,28.835978662774668,5.412574707001484,740.484638772295,17.154889434621154,24.306714923403,0.4554244945124433,26.079698764831157,3.2075299932436687,415.4166710468917,3.2814351377449755,18.62572599644158,58.70363032343619,1806.1682178168207,3.3839092265999344,19.757925497100523,65.74642849968922,41.96012179290151,100.80755750651241,53.62555267739414,2003.3972037740996,35,1,Developed PE
1235.3137611148045,49.43451828414054,120.3568331360402,114.23215469363042,136.83576897158363,152.59787895139232,146.35479190338376,126.5088260414869,93.05217255174779,105.03215709665275,91.64588696966356,148.14675745907434,67.09597313226472,10.288394189375301,4.690155196760239,151.05123785139304,386.3199263198759,268.4232709445189,1.3517758969611262,39.64543506114765,112.9330137578742,71.17063469821592,112.0988868837515,62.61428610282856,0.16632318414390168,1.2587675054805476,13.702415968799158,3.531297332401893,0.6325484300104625,42.826705186675525,3109.8525925879826,61.44273521919209,0.47189452316404507,39.86603290852212,428.91218989060246,1.0796382523424657,2.416253598791866,365.55150779196106,4.926243569596786,155.38451289039796,1927.409775631867,1.873477763571112,302.1592904569475,0.7937381619237326,4.215888708864983,134.46793343685636,1455.316140648338,0.7513258957486318,15.695037739735643,6.604855606047277,169.5949340587509,0.4911466155918087,22.806660166513552,39.93805827455466,1432.108363431995,14.139740276807359,60.90261452912105,0.3600444896720215,24.1510512485574,8.944865200203479,871.5975503248171,3.170502700037807,32.150809174580125,73.02265031757209,3184.134865219252,3.065652613495148,28.797725953162406,67.44978716574403,21.15158455406009,99.4594719541292,26.770344211972013,2846.743522062006,35,2,Developed PE
11207.637199291285,142.0517952114432,153.14339506792183,132.21168944598392,224.41354382234832,219.4525946218242,168.52903987230746,157.11960958614372,98.67406041849223,139.0563730802281,104.0505924317535,133.7317573878977,90.82152978730983,7.5501301043378595,7.191944379341297,138.72109268756026,492.74933903422874,299.89565559500755,1.595445375875201,768.0895264251754,109.8632731885022,132.66641790490874,75.22542857661978,69.05161060336788,0.14081331787775295,1.0039037516032248,30.295341511847163,10.840920537942734,0.1277173540016623,341.83722672535066,3752.245354094379,34.587894487450654,1.0792597302151172,43.74168762998981,570.0587638502698,1.4514848797930235,2.8812542049441126,365.169460757585,5.119939025387094,159.5359120966195,1794.6914583178327,2.836287312471827,287.77868199258955,0.7988388178455396,4.638621815056895,161.18798202069866,1155.635523100865,0.689264882322932,24.868866010100362,8.700923857166119,53.80551411699723,0.15641538024385482,32.295934926305435,7.920714485725556,719.6439371057661,25.28927812086203,27.91948639525407,0.5774404304530465,32.55636843407405,2.7244652537713505,566.3511628274683,3.601712734484796,39.939511329373545,76.78827748480563,4020.6881829464483,3.46572902199908,33.00909124134053,74.86719419592545,-47.5494219067252,98.70094027923177,-73.89880777419056,3303.9670747995447,35,3,Developed PE
155.5816969666854,0.0021087766088967452,100.89905013229327,95.84644041368057,132.98811791069295,105.95177714645045,119.93643185866154,102.35210089152392,132.53292732862343,142.56799135783336,89.5926166066973,153.56342153812062,50.21599734431684,16.500987825170633,10.47628300732038,216.1289339213743,333.45786211832973,184.3500202236455,0.6297870883866488,3.2169063854335374,39.04402215628065,89.07994592226173,71.83799885427831,41.160798206265056,0.12414183880566121,1.0,12.451610526021401,-5.563571403398651,0.633092552972714,-4.03788791094372,3305.96376643423,25.596094301652116,1.0165548997137233,38.75235504009017,476.6117969941775,2.1604907292262676,3.0994020989985085,286.5335890423846,6.319639810768665,89.27346309114547,1853.8719363924072,2.5484544066000048,117.72131608223867,0.41700847010780895,5.141298522614035,44.30754340209834,573.0571623395613,0.3315916694368745,16.78866965440146,5.101555830900651,48.98554776339217,0.1731550880998846,25.381556857978907,5.826670229984651,768.4987533469885,20.84681210249008,17.948727301885434,0.3854935332161638,29.342512541657065,2.135723014294563,281.46175684014446,4.647680086704154,25.354807861932933,53.568516880144216,2579.45893632443,4.333975812038926,23.417825395302533,53.896190324587664,20.6076818263237,99.20828927695644,29.36856904593852,2282.833668788364,36,1,Developed PE
482.0113532098635,18.731620024330077,109.84284892461058,88.34518665269296,128.6919142671176,165.3334536859165,144.47549289577356,102.21615382891522,145.75309125432898,193.39706898652074,87.02049767092285,130.0174663838397,43.43506384254766,11.793530785874877,12.743982304964486,240.9116413943135,409.60812024492384,242.54101807008306,1.448791892449167,37.204101926968676,48.439713415186276,104.52571153958088,84.80809406533606,62.07368110716482,0.14992670622264323,1.2231964522064132,15.95598434784707,9.234007583185171,0.3927443993258211,23.499713233038214,3010.599202540917,47.13024974376606,0.7114614771155139,39.491041989237786,479.49387131472326,2.319550525695301,2.9738831166099495,401.8781342553146,6.046457503420501,135.9142007876071,2547.8006676268724,2.897292834296677,243.72591694524,0.5987634882061112,5.374215253897511,98.60883110958181,1288.4358767979138,0.5045815193520343,15.843532994891214,4.802953523335475,132.50352925571406,0.3609328783188888,24.031949357956247,27.234321013215954,1492.3394098240135,15.71475672266808,48.322726409814365,0.32977415681523914,24.954315136796993,6.432092883271377,753.9878763492761,4.067603799802258,30.63876459185498,63.86374593487125,3089.899571768394,4.078650686361332,28.046743776361698,63.475045669468706,40.102211182374475,99.99423163111184,54.920330559045496,2789.4380815759623,36,2,Developed PE
6548.462779229616,135.78555166986547,121.02883825182064,98.19429489372658,241.74757809194537,202.2991141998914,158.35838813697245,118.3700592555873,116.14724502365226,192.08755041560448,86.98726534162527,108.36545190622209,50.728996834663995,10.038189444277911,18.09986966774597,192.8882511866363,469.75134019749004,255.0442809877013,4.92205107892855,653.192727751439,39.00772635490399,191.17291687431708,54.89849993028067,74.78656878662657,0.15807544660671005,1.327525313946373,49.50230636254084,10.818352577871885,0.47609538607509716,688.1134812465984,3834.1380019305634,40.36013961823868,0.9260000821980161,37.632973839407164,600.4480322104788,2.962722613292237,2.816437835793086,438.68334422719374,5.332965999589572,171.8439945629892,2443.9774240487786,2.7960510061646566,337.4637095698855,0.7675945033364905,4.902898878263633,157.85417428510374,1684.8990387308072,0.6817998730920232,16.267733052518462,5.579215690327999,90.57442367916175,0.22382190008164599,24.196980341295685,14.045201678945542,1312.7186393975182,14.765819928833675,64.13282351150441,0.6481710303274977,23.350316326390093,10.703695103710483,813.5865661539558,3.947873282840674,29.404172867522107,67.4999420680764,2920.4180214043527,3.902714666465495,29.235330869952115,68.2791172924797,64.99935076097633,99.93639811652305,89.39400353263325,2964.0482116035696,36,3,Developed PE
225.6666771694313,-0.4717116779589042,88.95917946453578,95.43226312746384,50.08247008644279,140.0549805844859,74.67047736167912,95.88370367701916,67.75823167503614,191.1176780981175,97.56717524197173,62.91697705560904,73.26563097509339,11.367726582380303,11.280221962683344,160.63075839424135,237.83546025255464,153.9104237067285,0.873088179630929,-5.622046166887802,54.760831100227094,83.19309736729527,84.17444260233168,30.317971607078626,0.10857358806087955,1.0,12.512719084151268,5.684913049784097,0.5798513390702669,66.58632430391923,3850.3067970522343,17.73902479533581,1.0969440288314607,30.55333071013101,719.2214955830971,1.8462149147950313,2.2063561512769962,243.2641473653487,5.163027738985635,86.70347491238186,1365.7013128541096,2.6441596960937317,187.00886473800355,0.7461310402291179,4.996028383954733,82.23754997872466,923.1761277455932,0.6358397645088316,17.760785467850887,8.821393320606184,37.886168812202015,0.17703559464213822,24.37729781136883,5.3577105607221345,555.8264517088008,17.73298948863318,19.697838479308405,0.5356225848739152,25.53619646913327,2.7308069638316517,278.15935918846895,5.199813980282075,17.009016869750496,48.89536218986288,1655.578006426805,5.235868843848959,20.21563889260516,55.50828764925926,66.581942276135,100.50500751807802,90.27794806600507,2029.1332138090122,37,1,Developed PE
3612.4423830413784,81.42629883301728,85.9519752900088,89.28619854461715,92.32472394111034,103.05982425922033,87.77235692861609,106.89250637189248,63.0599299195475,210.47081717180868,81.85816063159822,79.40632260134018,63.37742955909907,7.250079669023585,11.60199211183093,171.39498617631648,283.03971303448975,179.72926797765703,0.5743606926073368,90.57617215029241,76.75480369010508,108.5457258977562,61.5985320777585,45.56611947947958,0.16525411866790274,1.3165013281099711,18.18743284080293,20.596251777291947,0.5795950954794318,75.40135702112528,3311.3397523488293,34.69590959710907,0.5015169127068314,33.5306695288628,556.6365779960879,1.6684187610767427,2.42376076699094,334.969462442956,4.921699725845312,156.89921017158935,2126.2122881829873,2.067491647328794,313.9246537678644,0.9077560636424739,4.806594899383998,123.32933076529228,1701.4745708804032,0.8248767000434679,9.29173120135395,4.080304333249037,141.1875092236646,0.40308195137138936,16.343595977754664,29.32668170766746,1399.0502670700507,15.706162713833718,69.15944675504477,0.5044078185622455,21.99695920968341,10.853823269565904,911.1863254433815,4.692066132455749,24.29943374438253,59.923543345706726,2340.5477078984004,4.5160270780967675,23.33027603404917,59.5770620029278,51.08117391473644,100.1816112164053,64.70819709058219,2415.452708434962,37,2,Developed PE
18034.005246539273,166.5188179418466,121.9697096934586,114.71027263859504,141.91025449705361,191.1468071020809,102.80010381342305,124.182190811897,63.01486207762834,315.31449950272656,94.19067157166035,70.05573253431484,86.58516751389367,7.197249421685921,28.493698338478254,139.01301883128076,457.88118271336486,264.94275804138965,4.335139075670428,749.9568117931838,70.46579254392185,170.9161243909947,87.84774035474112,66.77974912351448,0.1392767652188273,1.0922061881651586,59.311352953785274,2.194759607066614,0.8629256794139917,341.0463862375112,4154.492802013247,21.028987904332872,0.47516932048298294,41.053113088522565,639.3339832331981,1.6233763025708319,2.32375586615849,408.3173643390855,5.07064519037385,156.08748135910608,2442.3576861918846,2.5339955811367756,363.3757447180275,0.9017840745933144,4.78846955444704,167.2476493962588,2018.4092110747256,0.8529055920662341,11.936880820027966,5.784837553926884,128.74373487993103,0.32062421529942137,20.721399836951136,19.76781082390537,1878.0459152028598,17.34938313113239,52.70329353117485,0.3944482823639874,25.23087443709668,5.469070172391733,1007.2456853909532,2.927682505840791,40.43042480494232,76.27575389959092,4035.3705849913886,3.112602820339446,37.15555443086104,74.79068663969447,54.05730682403845,99.64013499724071,67.25671285892376,3747.3865400776544,37,3,Developed PE
252.56251283140807,0.6067628432518639,84.43789057613209,88.24599381285483,86.58510370627751,135.77604682751945,91.85551366601361,79.47519762495715,86.82265209842305,107.02552893232357,92.5117861582814,118.35362258408196,47.578183382749,15.658967970870933,12.890804438804334,166.46424645384047,230.46205422923077,208.65356015064626,-0.7417312500320874,10.346954899624599,54.07508934686002,112.806870894813,64.77114610858513,48.65579869821683,0.20401105422995627,1.0,13.583402135021867,30.464582497826243,0.13669318655672752,-6.403733581902326,2480.6480550361043,27.668897214439326,0.8471460884759449,31.47220583364685,313.87304072662937,1.4105347242928452,2.8776021606700675,289.05174726597886,5.628802946191292,108.38147705252345,1452.2416357084473,2.5434008566811275,147.5143800345432,0.49679095872678897,4.878709473608262,65.64779596779466,595.7417066812226,0.4337557885694817,20.631874320682485,7.229177699505073,59.142889215092254,0.18631765692265448,28.418313501462425,7.325118524481841,666.1991467259159,22.37402238624209,25.152476305609035,0.3967885319883149,30.229450594453784,2.932466471483389,318.01602295519984,5.019452243769886,19.595195126299995,48.04271238775089,1945.7385165018186,4.844537125355023,15.828975370071475,44.8704843817152,6.029720346347041,99.93863674907257,14.676346306933624,1638.6141488675207,38,1,Developed PE
2450.198307113919,2.1388409484202597,93.53614622216105,77.13024483235742,76.89292188563867,138.0551682390929,90.82196088149048,94.6476234134261,77.16362450919911,109.41357021588165,82.08437132420558,96.54857097412032,41.0353172057978,9.378316945532907,13.02563501393734,117.44253231732704,252.20905277883773,227.08894513765162,1.3157063666255708,21.354436536625737,48.989671931137984,123.28181704932658,67.34343063165764,50.78417039889723,0.19339878568729596,0.871674570088369,17.892903409090227,17.26323821536632,0.2971951226036071,24.580507845804867,2531.21800357268,36.45129721713116,0.6317891069126867,29.492735804855165,363.7284837853892,1.608545989698447,2.696956747256336,358.6988123201722,5.611266610866824,120.01962648546153,2202.677167573486,2.5256084933135416,225.33585169465135,0.616198650804802,4.938072036149468,93.20534266849458,1184.5330609225466,0.5252353641783271,17.361252028322546,6.077219783393446,91.30640835988213,0.24795380000537232,24.344590997435574,19.693572416656497,854.3044622099048,19.959828032635446,36.881445763797814,0.39302419312460213,28.261073143417093,5.3733776498030466,491.4334254518233,4.515320201914222,22.299627027185203,55.341716787801296,2225.3995913570216,4.528105629063415,19.295956187457858,52.564206742026634,29.199942117600266,99.73833675232686,39.08121906258988,1883.5071782615519,38,2,Developed PE
10331.69775595135,130.37829888783875,108.75977162364943,89.18321273608626,164.6069872322985,220.74142676082093,121.0584496750693,114.36119320847509,53.172349929986055,127.07571283525095,89.63595600445264,109.21639653003103,53.20745895004184,7.584465170871333,30.847127990815586,120.56350446011818,402.7424665525046,257.87423215549904,7.663311341238387,460.08863664807603,79.3928952264612,183.43494164284573,37.54207658368683,74.93338371909171,0.1908384720519989,0.8371991744525209,41.56604503493535,1.9830625201898089,0.7167805927965051,322.1822961499581,3454.667550054303,50.40913400812394,1.6485864570976376,34.20159361325969,531.1436135202739,2.809044465549623,3.0639586455728782,393.0966007195425,5.464542769235148,162.91624521817516,2294.10832956237,2.9820869986775542,332.36907375934624,0.8559804552507829,5.127190585608027,152.6144473729676,1665.9032486908095,0.7250507004987593,20.903718155594216,6.843215955558144,73.28747877387364,0.17974337429191206,26.720357105878897,11.10300193149783,1133.8088142575914,23.180605125853333,36.3395523237259,0.53608790195676,30.422718304737806,5.345090411220005,457.5655522326581,5.7121241202346456,26.432186685985968,56.27683645757821,2673.3396492137044,5.687637284644925,27.49818106123662,58.89691947709411,58.68140917748255,99.53145726794683,85.98495676202968,2785.153223803343,38,3,Developed PE
307.5167679548102,0.438768273620635,84.09240999699689,78.66370446872357,74.07561097850065,102.30384938249458,85.65827680986244,93.84297214072689,65.03075529478397,116.48669171239631,97.29417203204366,114.9370260846802,52.901606952477266,10.410355553411154,10.748681235020968,213.96380390037172,288.48846879653473,145.90772638683384,1.6589700602032,7.971354127600546,58.428131076750944,111.28588230344862,74.47908145876012,49.621372311123196,0.17275576487487926,1.0,11.975203189141773,-8.261094737259267,0.522907410524924,55.54698388668152,3608.3483207256872,31.849476288566677,0.9295047871514939,39.412870929978624,769.8349298425258,2.3177668818407224,2.471629011912609,292.60260367821775,4.62504457228517,119.70075771251825,1481.0965825619494,2.471499041727961,194.57519870822694,0.6904344240840002,4.709615664905521,86.72396413386431,875.1191096742066,0.599646192722737,33.76765215256637,13.639294138482779,9.310502396583306,0.013605858492387796,41.94836330891526,1.350124741422516,56.08212645607432,37.45426419762839,2.7350413872787858,0.29772426865494817,46.191222495222284,0.2758127157816739,25.462483228403414,5.943664089426916,22.373329782743806,48.46885119909105,2254.155178623295,5.951777139733924,21.689181527178334,51.01471010993654,56.95652454603295,99.97106528423068,81.23670121203611,2151.7385331456676,39,1,Developed PE
3095.2829351383343,50.73778503151314,99.86675372495156,75.7166831065448,103.44334145917746,108.1905374261109,107.91038043180518,104.47096830874683,83.15794554087434,117.63439750435126,95.6375345241574,128.57741757896986,52.529935995636706,7.236765998923627,10.371887876654263,182.04065258581937,387.4795398023585,202.14259065218403,0.3566065703502869,40.09993959733949,74.11755325815186,130.54823160523233,53.07523895808865,72.59565311978882,0.19453136583475167,1.1344492035810732,18.77332966559827,14.195322392004266,0.34759191778127047,55.55767244975422,3355.4857398823133,38.926864378610574,0.5386200741121897,40.20678682162999,619.4714480344678,2.1740363091992276,2.6479551912900905,360.9440301726158,5.131799126111169,158.14204821167186,2127.704033456554,2.5181283621980457,203.77238212640228,0.5517269957245441,4.774861773897571,99.15312757487368,917.2901783415841,0.4524066952082878,20.044582312879875,7.557359256605255,93.79286549879214,0.2687221304594394,25.419739706335235,21.54121365872065,666.4198599600257,23.88598481834001,43.068019509405794,0.47779710711966333,29.696537854500043,6.782015511087648,523.3435585955547,6.176029672904684,29.3217703911987,57.24963424196386,2920.5755360671824,6.012741948729152,26.673597443245768,56.87116010972365,54.984158878001125,100.46191454231686,74.91491185637479,2753.0171134939574,39,2,Developed PE
16847.144253832485,189.57338536002518,114.71959970202849,96.31265831158348,167.9722300203462,184.35954468164107,125.75000466899286,117.30460374556989,58.549983504287354,157.52268681245135,100.35478526834589,106.31995606678645,62.843324600690636,6.540950011215488,25.124402286414732,151.94453966586934,516.5045641082176,250.78829603927093,5.553460410738425,563.0976620941299,71.04504695008796,192.51825451143594,56.89118586364982,93.89663350940808,0.18748516736867538,1.0667177781250883,59.083818790652934,2.5888806990810656,0.6158336927936681,273.52610756083294,4022.965716185323,38.19357463726429,0.6044951945605019,43.42031246089103,761.6526436109367,2.679215980047394,2.6052050756221434,408.37904187832214,5.006889073510254,168.91289529133078,2263.445077294474,2.6917944282249153,327.8360247566485,0.8047623219416656,4.933080929210909,148.44271772797842,1688.143074288562,0.7483247528823129,19.268164354317562,7.829050997178942,108.33537665845266,0.2649233814722798,26.498020654395713,18.8199593272654,1306.4484053876731,23.95087587728596,77.88201099025429,0.6538690370961309,29.40847153923478,12.185108410786862,1034.2373931412408,4.3746079298119795,36.89828024548013,68.57950288915974,3682.0932652831816,4.551575152272328,35.947400297550224,70.14256340860351,71.52729326266086,99.92429666229185,100.61972669778373,3586.2790362457044,39,3,Developed PE
137.07673125740874,0.4653089548733612,95.7930178534982,95.77428305094512,144.3695335209086,92.7073931808524,110.8516598192899,98.81670742328406,71.13730332138371,64.96597643176527,84.45859712281843,166.58768599433515,55.28166661874253,16.93860167491357,10.726743844246942,165.77789592426186,247.94905675091468,199.51209222496053,2.1199239590143617,7.504765640100548,44.31419297162647,53.72930447253746,86.45250210307309,35.66998700928291,0.15658172756286806,1.0,5.2754311139949435,22.601600565628328,0.6173065071849289,-21.652552088200597,2230.0523800941696,24.71823453960422,0.6512880773642927,40.79323263478377,315.6941755908173,1.954862922848905,2.9039268145737345,252.97962164586758,6.777703361423098,60.20101338252307,1720.668104555801,2.317976840937401,57.51381015866414,0.24702030112817144,4.7278282772746305,21.965744959085036,332.2416141471706,0.1823147638003124,14.523679501702398,4.622830129023267,25.40633120010796,0.10905661557216678,24.98413302483922,2.3997191679550203,503.1306657016122,16.819825556889782,11.339641810006922,0.4397225954512994,26.791146331859323,1.2551351960918107,202.38592768824904,4.289583917672487,23.06282280256141,56.22568137858409,2348.7868760911706,4.361897173793383,18.676963636290434,53.30883543924893,19.543814400036535,99.03422247889462,33.807291001121804,1845.1428204971655,40,1,Developed PE
2807.157178620175,87.18503616092795,120.2026637943233,96.67450081244857,154.16775806070316,195.91883693370437,146.95127975228803,105.40003356238013,81.19119332971647,128.0419643636832,80.70851811928736,137.37102858506142,41.752380299668616,9.319106167951347,21.067149084902063,152.66819368893874,389.70285222505686,250.08010990652826,0.6532201887128005,-3.115346681980384,56.92966009777696,64.73354025705584,95.87052593277903,73.1785357499195,0.1895446391531821,1.2812099070032097,6.61723837264213,-12.17537299902527,0.49789539879048883,19.86128314419228,2354.819236973783,24.093544982949737,0.8071622834446225,35.10779140907233,361.20032372547587,2.1291465152737072,2.686026355188318,434.37495430180354,5.0961226566328985,166.95351190949026,2488.076213363351,2.535050280356801,297.04838577360465,0.7003491621229325,4.739351890685824,130.25627314516532,1562.8248896440691,0.6382177737149931,25.46356671834716,9.50812520859025,42.356865397232475,0.10268821468616934,35.60765510434862,2.672281754389206,989.2460196850029,25.971842562881193,22.540387445744376,0.3740618187097548,36.25639647229784,3.4120072323359354,349.02754807364175,2.8223392047211053,30.070612176728325,66.04830033940937,3066.864698517903,3.045642305392006,28.25283746590106,65.03251478000739,29.24824406025238,99.60726184030203,39.87604098775322,2760.4692016693193,40,2,Developed PE
9245.709057702838,152.3315365475321,119.440413971627,111.94302515512732,218.30584430698198,223.86577631860828,158.6012221719409,129.00235006319608,82.41793444658806,148.47983556177334,82.39560912993379,119.64352197310777,61.06919949107157,11.171218784042031,39.95598963581598,147.80602199368317,395.2209659283999,275.64397907594787,4.675179351434891,270.8172703427572,58.40231650250209,77.84292997263502,60.39304190735754,80.09836756850292,0.19702493349073896,1.3551181084948225,5.187513534520246,18.4196253725042,0.828895065797348,348.37790510450355,2977.326737490427,49.750338406548785,1.1746023064665008,35.958196198132114,457.9071995721689,2.5087765369805344,3.106547532739939,338.4948003969092,6.168909864440881,116.53645267641497,2120.192585498625,2.7986936808054113,208.36878550817397,0.625580425072841,5.067586245508488,100.7341022277491,939.0425995621329,0.45648883316648214,21.96770902135655,6.157637035281574,29.724417194710746,0.10967433735324952,31.60884080104824,1.6345370068946288,521.1982257661562,19.855478701058157,13.362724435574442,0.38386816673684754,34.02187756762548,1.640990754979426,226.54275327396738,3.797500463584029,27.257200105258867,62.664909856252464,2713.763064832204,3.448850009818197,30.96144187424444,66.19817392082707,107.22634927811812,99.00310031935946,132.14355329400456,3088.403833954491,40,3,Developed PE
177.81067752460305,0.41948139214572555,99.65414652271667,91.99320464527008,126.2899824885688,107.09891569106018,134.04306834318186,109.31343389105754,146.43832376143968,96.4932582083375,100.94729009468914,147.24137960385764,69.64529991119473,15.547875768782237,7.324548233203982,223.92607182945815,301.5057836027786,253.810425261619,2.2947374241195764,-2.060897550819087,51.32014040997607,102.80145411332968,81.96191790961083,46.29976887275687,0.15638721641784542,1.0,8.103174703088323,8.028102715464428,0.9289407981005174,10.342453636357606,2352.8412952290687,31.800086021513703,0.661775485244747,43.370356079753755,505.73026706918637,1.5464280635964411,2.755614153378113,270.9195358531546,5.6232607686678575,95.9649623163401,1306.6571416285794,2.4476578771408235,139.57067132189036,0.5162543334797861,4.707137966503937,62.38407034745482,535.8667312940704,0.42679261979270255,21.025740989738885,7.698214418406328,47.151537434945695,0.1657241958232815,31.353167104698883,4.602160352591873,618.6089479030567,19.697008869999703,20.232080719434034,0.45819643283458683,29.113000653121496,2.080995208960228,272.57282708263347,5.433418810834679,22.93184750481426,53.045413459033036,2329.7302183435327,5.183059065268075,21.555294386796234,53.86247888970433,24.82652061707442,98.95392955451926,38.993261911387904,2151.622898838809,41,1,Developed PE
3775.7690207639835,16.727143251317262,109.7898121087247,82.00900115462764,144.53948873220116,195.62422180498996,173.27354083394172,118.34039745217305,150.4669541068629,151.51463747405995,88.6451787512216,138.39740682944247,46.339968132054324,9.931834255224915,16.285527078320793,195.3100668263998,417.13249268292117,305.6163743860601,1.175075266044215,70.49220089569809,72.96475654880146,106.68866099744034,82.45528362269508,70.37812199356478,0.1714244117250747,1.1215322201189182,12.962176219094703,24.093510904994304,0.4926726952896136,20.48553870092467,2426.1075574110228,44.906232571731934,0.6897441294379333,38.55528741214429,474.7356340504156,1.7421761955503423,2.614623084751017,431.4818274934295,5.130326594834235,174.81716431657972,2293.7117419840124,2.729295575462544,266.1044542281911,0.6027355420148461,4.811714326255514,129.5365981377654,1291.7905965133405,0.5391537489486318,17.5643457758783,6.645342530109372,51.792275904533696,0.11952309206455033,27.22045598061659,-0.043997187057936316,1236.0201541816832,18.521196411244645,18.700139632396926,0.3639301086602635,28.067025878248828,1.8648739699739183,315.4034817360892,5.466274715627463,31.19839094221936,59.32948809965456,3150.673353779404,5.44909701194319,28.40459298760481,57.728091116197895,48.52890697847599,99.92237088021895,65.87797069690937,2891.7806085236284,41,2,Developed PE
13657.298940310327,169.40172188331562,96.9596578215196,78.81582654618019,164.5387293775767,234.24703773915064,192.41105546090006,123.61140314884777,109.9323752573812,157.16000411511376,83.87694495344826,111.94480934634097,56.72211494329093,9.826272224140922,31.170948815540285,168.2802820649419,446.99843087160826,334.6364678420107,6.026219983882997,762.3122125508926,64.21701716520802,121.31865352534734,60.50193345465383,75.23080858201595,0.16802309986521471,1.1126145725938268,32.572978360880875,8.32718272712919,1.0109160199079859,612.4438578834295,2526.7161255904916,57.50839545631493,1.3166633163280723,41.64313938354189,613.685591332088,2.24910237868689,2.5503280136213267,394.30151516171753,4.9838753543430325,163.35138366482104,1978.4664022790173,2.58688120688723,244.5116811512233,0.6237348689092126,4.688540768270173,118.19662563940607,1002.6360241033956,0.5310948705654912,19.685669231142505,7.459211576184904,113.2496852250487,0.296230396451102,26.96686293006834,19.3345826791157,1225.936954111997,20.00865475572914,86.44651493937745,0.5851676701503259,27.990137378403965,14.579302431088678,971.5421298915946,4.946015348453506,30.526103566163858,64.93367206040872,3064.564754727831,4.849644257839593,30.29680229549615,65.77306738237542,81.05795270332366,99.88185938451898,112.75562709179326,3092.963205735738,41,3,Developed PE
-204.7575003297766,0.19924146512276789,94.70842240329591,82.7337013939944,121.35474356768549,109.45824851737581,94.0409748028636,79.13611254124181,114.66805248832581,142.3978150448687,93.14012737496925,143.18923529566408,31.959551046198996,11.968770891693449,10.12532425989707,217.87030010231632,242.7757137337412,148.498872390112,-0.3117835683423624,5.5954589302569016,45.62124837926233,137.38062650489252,37.673489957293505,45.69085860482311,0.19413072807747403,1.0,11.690503725161038,-3.2794579087048525,0.18920555314823811,23.14290420368808,2385.4715132123306,25.05321843535225,0.8318653711197808,27.93383742109415,365.776973005276,2.0004028238559743,2.8735155207527856,325.5260831914652,5.659167239300567,112.15830604777534,1899.8798260898702,2.514742442641274,211.1904809044454,0.6865239318504899,5.094779388952773,83.50531430497261,1013.5124270662423,0.5858638662004897,34.31605794215131,12.118084374384907,8.160870721492063,-7.732489007425403e-5,41.31428305135492,1.7132311692642608,106.05041619373537,43.34543181694994,-5.894830690773256,0.08797347246023052,52.10095495208063,-0.7262139897449074,-86.9085767466357,4.812013479674286,19.74988960008206,49.30472956053457,2016.3070906294938,4.593431180365027,16.798703053010055,40.89323496468687,26.388009099716662,99.14382133459719,44.52963150153055,1661.384992867331,42,1,Developed PE
299.949832379848,77.75808362657568,93.82182124563575,69.35734799829054,77.18267374871895,124.00988430590603,90.39229568974116,82.40932726813527,98.2465610405284,163.02447117442443,92.4816252872539,113.52411894562289,36.86289288243394,7.507506582893701,13.159671024297689,183.03296855381737,262.973473697799,169.4235745329331,0.3058370681293384,-0.10526138363704973,60.54140094008142,132.22373530098992,35.77449184944089,52.71464256073387,0.1911265007921713,0.972817005364286,13.021170427796006,9.943481866491965,-0.008310959455525901,28.502623762960212,2309.5409345072235,37.35183749418815,0.607701112028022,24.88756081090567,377.38756082346845,2.2765905394327084,2.5974336972953833,417.2256317025914,5.20983885835007,158.70788802367048,2431.528348505177,2.6416991188780505,280.37143506471597,0.6626555896100614,4.942295896622528,118.94365547856465,1461.6705244763366,0.6028053536322031,19.390131324723562,7.266145875796062,61.47144676924125,0.13696050228180892,27.443550440023017,10.395041237911348,813.0977731265186,19.5675692337542,29.20025526321011,0.41568219030222725,26.94476315203393,4.292587044858069,407.0507648574895,4.53810965855819,19.027779185175085,55.917105873715364,1955.7528165371255,4.54511290896255,17.484941793303793,57.252616185457065,50.367587054575,100.14643242458796,71.42799235487638,1754.3601332862816,42,2,Developed PE
11595.517717275972,150.5386781471235,112.63725717579571,82.51738217345566,212.77420585500406,182.63369258304724,119.1891291807288,93.68324168236985,77.71446907534607,171.98032589563962,98.72850304415003,107.1661418772307,33.398444883078284,4.839824952543605,22.449480860910974,144.40405136136562,413.1157909140877,217.13361927434272,5.045926314404436,497.58224514580877,61.81658321423896,193.37767838015995,17.96194473727177,87.43525688814974,0.21130823052440453,1.1126867847439748,47.86908047703581,5.746481745012214,0.4178020238415733,0.8665322772052946,3406.831177646354,55.416099507447086,0.3975732451865455,24.826400279563625,459.6632270018126,3.3743653908779185,2.772596225793448,430.72935826135756,5.2985576577971365,171.3832515712606,2566.076807615065,2.3713692944265516,377.35115393326146,0.8733858867918516,5.0253689465684115,142.30516273605778,2073.459054907557,0.8001579579698613,19.497554398040585,7.301153996183819,38.961826958432354,0.07104064672017339,29.48400482333394,4.820441707686729,777.5917226520783,20.99650289582067,21.837332417052018,0.4635729185582558,31.613572070820613,4.205227700699115,207.08360797562187,4.108051436011362,22.66832529389882,54.98438511823153,2253.0442833355605,4.152866219729986,27.55462952210778,59.355909281437306,109.8069970604335,98.41927555501972,157.9993679116983,2752.7638445593616,42,3,Developed PE
205.73047459758544,0.8884622672349265,82.90732045426938,91.84746586207979,116.12452440448193,150.76983328769154,135.77605186712066,85.39101162764017,139.42956637869332,116.90278755366833,106.31837116736932,116.9554986619504,26.057592980828097,11.088464973379297,15.415495698167165,197.31072393905526,265.7736150849842,211.527025948384,1.764736230844874,8.1851621145185,57.67555631588145,121.48163489085779,41.581757414465095,42.77337733898399,0.1698413231118142,1.0,11.7467731865104,21.057864010192283,0.38880460557067675,29.488898016409372,2791.8990887954237,33.774459061872356,0.7505276823911698,34.15359669043108,532.254356997598,1.869995768687298,2.6272889309611926,238.89988954107676,5.2933724074112485,94.750861842801,1240.383939808235,2.358388658860091,110.29622810121833,0.4427708255505723,4.453328416116021,54.18028185049305,401.1001737218745,0.3528633213326358,27.820187590910148,10.602574068128273,20.282968029298605,0.09010208225609301,35.047604088330004,3.0718609877436998,218.59778633294889,33.040548025044686,9.215331483135252,0.3869440279510992,38.82768478564988,1.355165902250091,104.37005469786959,5.764914982578087,17.069713402935953,47.42216432107786,1731.7871784757858,5.570951815785279,17.015844846013866,45.64062507805069,45.15058325528845,99.37796638644701,70.7021933084831,1758.4080892643635,43,1,Developed PE
1669.685969612011,-77.59488675971272,92.09099442332229,66.00788107586655,104.41239756064914,100.75131020872723,132.46725946038816,89.48682488017374,112.1698836949426,121.08156232408402,90.50930727562307,111.78498096289252,22.753444351979354,6.15414241878214,17.5706646696764,139.5683571267014,299.69189228930924,226.51775467142085,0.5734045508083632,33.287868385858545,53.99264022485108,112.95501848058771,44.66043068333983,50.78200264966406,0.17249287410100386,1.0998439576911874,15.449032097503686,13.515209291171157,0.24114823134793945,24.619180507508084,2714.6830518883608,25.242510491606872,0.5280174751272612,30.69724228964987,399.52964106854466,1.6110150234386327,2.3272397229278248,342.88788397106464,4.771873419882514,145.4858617146891,1848.2998835690214,2.1504711153146068,196.39935282593228,0.568970868039998,4.364125196843181,93.12846694023655,955.6650995380498,0.5243449210770962,20.906969122338474,8.778069828445833,81.14594084100354,0.22222950600820246,26.261709817975905,17.802111793761476,819.2217693351862,23.87985420348133,29.47904496536177,0.3590394954504725,31.23522728522569,4.298515836455201,436.8628512485758,5.000879439306647,23.21281477871156,54.76796229973446,2306.5738600778054,5.004965625014511,19.1778183588874,54.41567762249515,46.60659476683177,100.1396462429473,65.0456701182781,1940.8765705684436,43,2,Developed PE
11234.553044970722,57.53242980774958,88.38124972308776,64.88567818187997,149.34225496414024,189.10174174791976,127.9725607483945,91.83432110396527,92.29069659266226,111.67666172532147,86.58032652743738,86.62504435509005,25.259932316882505,3.6842197946339326,28.380701138489485,113.47951805255407,332.12169239076263,238.82196416184925,6.351364913268811,176.90410612515012,60.027073392544196,130.79867716125767,22.178512346590924,47.2363613595228,0.15344844943458427,0.9945745327422005,44.35140324124555,10.099598821047524,0.7244551695362401,147.03786455422846,2973.0809101949594,51.35106564473163,0.9406008616423478,30.289907824576616,512.6605366513013,2.3341084835234347,2.1908230406500913,369.96916015056485,4.017932459963365,180.2020922818699,1734.1606534196178,2.2569759916672716,354.2437962553862,0.9672857546291166,4.244678020423949,169.4138894271196,1624.7514624123398,0.8856557630062641,18.088021769395286,8.222040564014009,125.53375437484246,0.3386114169015093,21.694281390518537,22.28126316317865,1456.3449249946566,23.60140596477941,93.92114080598564,0.639181101268278,26.34820748322551,16.357403430550008,1113.3880075183874,3.7181272721365826,21.785450019399512,70.81430413329619,2213.3025103647633,3.5520196629178824,22.637704980734206,69.26638546834823,57.2896487028743,99.70023972186524,85.97721144443726,2259.8045703638977,43,3,Developed PE
292.3787306392975,1.1974471565621718,79.57122446666095,78.84944694403619,74.68772045559516,44.79844520099406,98.93665535635765,77.14946091256255,63.863698371039064,81.16551047422129,88.87951090323193,93.9161400297652,54.828752081370986,10.491755169281237,3.1612246675347038,154.3124260581372,296.92349198808296,146.1280419676193,0.761430732287758,10.263026042917833,49.38564201347066,109.83438368432714,77.94971945841952,49.61831278965832,0.17454386102224803,1.0,10.821984104953627,15.200257045304072,0.371980285361008,31.903956066853475,2847.3307221579644,42.27293191646871,0.6650359552040088,35.69646192490935,615.902783045786,2.0312051157415607,2.45499648873649,256.1540706457969,4.950549440606747,104.02215033560714,1204.7372054868715,2.4916675952019394,150.1609001868797,0.578938283760357,4.606436394712149,69.99629671084668,615.4102997323857,0.4916392647409364,23.17073657828842,9.157914316917259,58.8159287773981,0.21712424082351506,31.627737699593034,7.4497571415279555,603.2451717448389,24.122249504520273,27.56090892193938,0.4712356726917164,32.02879890636191,3.2219914786071806,325.7688818842838,5.553779189705858,25.21365448556689,57.56898676498096,2538.653557976068,5.739833852408709,20.918004374156396,56.384750454494785,32.991290718079725,99.99744330482973,51.02470331552407,2129.1866447198327,44,1,Developed PE
6588.022201201502,24.062870450997888,103.73007497674355,72.92435597039449,129.36189431483498,77.96304323671474,130.27250616112704,104.3252689253253,75.66182838222811,126.51536164692136,85.23821187955176,117.83585824645382,40.49929315212018,5.627054528780143,10.84564950749844,106.61559440670683,383.0841558722172,237.05309393369052,0.5334865605690875,39.23939783330356,57.34664374049866,128.71956112362577,69.84291522721308,71.15084866784417,0.19031497308186116,1.1575209550779701,16.906770203700304,15.100208226002831,0.33529878808873015,59.47930125209035,2942.531507147679,23.554390427635745,0.5534751570249955,36.53735396439106,538.4687679574212,2.1087622622381885,2.462188850153036,351.8875465030613,4.943249630705196,145.41935988320228,2127.412587744148,2.464279802936735,242.43753057613063,0.7016582399285022,4.56629336306322,120.02482686683842,1200.1705057507845,0.5769937122234675,22.61182280189093,9.07301103686715,35.72504029344142,0.10405129440954702,30.9961833214994,3.366081719138898,569.9181648603421,24.575486756643873,22.89954857506053,0.5924983793165862,32.4216281756629,2.3290115864525207,361.46758640940044,5.192175186691265,30.59724703103718,59.45075690438675,3059.034473689338,5.153965889230184,26.983742478137437,57.842084069055325,40.792295420981276,100.10820493136629,53.983722541577244,2738.578632965657,44,2,Developed PE
14320.397327461002,124.38490679480029,97.84204401609047,83.156838964966,129.59857578525876,110.81082466196993,136.10643984383955,110.18983414068116,63.59678278379588,123.30325978551718,81.30303371729576,93.59731205022723,54.89813959486975,8.930437922453919,19.895037970024948,124.3226893117533,452.29174058110317,249.93090931690287,8.037103558414183,125.90843589691576,69.75715106095032,162.42777768323006,68.36901439390878,86.69026762974671,0.19380624797018298,1.1834168458033676,42.78913664995897,10.87410783494857,0.7270171955383153,636.9213094081961,3089.6599672201664,51.85100877662282,1.2249327558450285,37.01276751388085,731.963074394921,2.807625457440151,2.45044152446115,344.7376854175972,4.833294284570171,146.50683694956194,1960.0387840292478,2.610582047119814,278.3566752336789,0.8151852758041715,4.607598283091458,141.07029391396046,1379.808936902381,0.7142973547820184,19.317010762889048,7.787621305745251,106.52408647117431,0.299410852206479,25.927954943770636,16.820869855017662,1395.2423650749874,24.201379881785748,56.09014897364045,0.3986372170278713,30.803615109752464,8.172033381514016,819.7904529756643,4.2627891271756955,33.41412053960744,69.63297510058887,3342.4717681083553,4.1095922351376855,35.18166110730323,71.00316674236309,80.08817860614809,100.35961276574898,107.92609524407962,3495.2028805747996,44,3,Developed PE
6.219198643040585,0.062053447875304646,94.29683397900023,99.09296345490006,126.9673222360412,147.2997372189015,125.63545886533576,105.74217729704466,136.9609631308456,159.82403349976926,103.55075831262144,127.59196261076283,61.63042608414741,13.524424479438338,16.237218618839,202.7618028523189,301.68111899582254,217.3337136058004,-0.41812360824920236,-5.549929357286784,35.681872803244474,122.89622041722696,68.86437760552177,33.042735448358215,0.11207468262106948,1.0,10.081745337974912,1.6773982302869062,0.7772907780146411,34.69892573602496,2865.0692836519897,35.0373581423609,0.7293874580277087,29.11609128675179,541.726867960574,1.8873445652473244,2.8830865625587045,266.7222756901745,6.004369359118045,87.30678921445231,1555.3559340358677,2.704513464906068,144.74573355425008,0.5348185084763828,5.002309240886295,64.02853114876575,658.9082929572755,0.43609248919093596,27.978800015196512,9.971989482006837,27.166467112701156,0.1127330799196105,34.36582819048723,3.8559292460925505,391.1358722014518,36.71555277889176,6.089606310446152,0.2327246425285966,44.05620895109553,0.9005858322326363,75.46453676684379,4.957552683474846,21.069202073417184,54.6558300319413,2140.6998828017217,4.803071263096382,20.24029441822214,54.05894682081878,18.130954150537406,98.82765741030127,23.73135758591234,2017.7538235332172,45,1,Developed PE
2719.769370924499,47.673170277498855,96.02545649954357,80.79870608686505,116.40211749946485,157.23419884184847,131.0790724341294,107.26087581403323,121.87930617534425,209.85468432800712,89.30408136190583,104.40832185343099,46.9657571509544,9.114774687696434,22.131265414397603,191.37508271792166,331.53405205596647,253.5505812104674,0.42373895876415985,40.47198691546967,48.42588480185781,121.69596601407822,59.355562006082124,48.646180423309374,0.15057495943947907,1.3499288789463173,11.799870364458272,10.990325656956047,0.5057299002211977,40.914518353224835,2701.45234364918,40.88202923258111,0.5970932999035002,26.288905990592063,462.7400789909529,1.9331977309294919,2.6123517462099057,403.1624921676511,4.805040401921273,186.4231190716622,2187.7164547749053,2.499534516380254,293.94211652148624,0.7276474362520393,4.788966324475119,130.18792372378059,1476.6926948851192,0.6769831443476348,12.173866475768335,4.386508282388283,110.56851055474536,0.27166817334397886,18.883154873327435,14.757916346019005,1781.1214955507435,14.085396478102226,63.07692276515026,0.5794165668374235,20.331691763583148,9.831168930130726,875.317642377818,4.067486736045722,25.202147157143685,65.57701131115842,2529.9799255489993,3.9721391891460307,24.098746297989493,66.23079142962288,47.360398872635365,100.0150340520432,63.72349412134412,2429.4702668762266,45,2,Developed PE
15212.858082643072,152.6964262267367,102.91733869733231,76.98159949112186,179.34924432778195,191.92462182586868,131.41554703442526,108.50242249296299,90.26826079140265,199.02569663368257,84.26711059730006,80.7357411568844,55.61755269384548,8.493648951372371,38.042003722408424,154.01981744907403,373.3914399440035,284.68843505987513,4.914153176142331,520.3554918147751,37.06137844851528,143.36753450768967,42.5252709138132,56.702103751970576,0.15014070991856426,1.3797395043077536,43.994040078912576,10.861760412634714,0.8965436836215674,331.26127504813667,3200.0216053153417,50.86358310260803,0.5658759856950801,27.48238695311657,534.8913092328081,2.205614361797213,2.069449068643194,417.61466184527063,4.3838101075228035,176.16516429766412,2151.896986652452,2.1560654779396806,356.2075920054491,0.8780493989448541,4.269236348869284,163.68698751087987,1730.69839679309,0.8066729156804775,14.338045464977807,6.980994833720188,124.08944384433572,0.3207358005279899,22.375847718299383,20.46933765766515,1595.8286227662045,16.892602949137014,87.41098262447377,0.5621682538987369,25.262246668941035,15.020549829285889,1080.2737057299832,3.048042485252256,26.72208772020877,72.74850409554526,2663.250820303019,2.9914664255890298,28.267289822413296,73.15450086443346,69.64366238700167,99.0154273109138,92.11707918544195,2830.443369478814,45,3,Developed PE
168.45083717654828,-0.1483688824442388,94.9747952589898,94.11117796698177,110.45369364633247,120.90386877701266,106.48218490089518,91.78480404921525,126.91137655582405,109.73192596926572,90.81194234973074,128.4554251084842,46.355474585336154,14.186352492055216,9.815126418113495,222.83012906414214,256.477898070385,214.46395838978566,2.3852745485899236,-1.3516127522629287,45.4298802670814,81.86903834884954,62.19752461698916,41.013128780066964,0.1540142863438091,1.0,10.15971232922866,10.880499048241806,0.5532639085139051,13.329408956909738,2748.779422258011,20.41500416900844,1.00709674183122,41.0869056571648,549.729126385065,1.877776993390585,2.5882621561981174,262.0981530124858,5.636992317323701,87.32217258526127,1475.2071176641475,2.3145796758933974,148.90409929788834,0.5729457863687908,4.826377434132534,59.143018242850275,698.314004727434,0.4777438225397862,16.618322401647408,6.405596973973689,17.505420902332922,0.06905679529908215,27.363081243025608,1.0112799539077053,383.7289808268473,13.475970450762034,9.431437704238943,0.5407781657585856,23.322483408266567,0.8747081709225832,158.3686184878108,5.089110792000144,20.68421868784528,47.02098461331415,2103.201797142709,4.860071873168456,20.576010329954993,48.23462195133331,49.77865649059939,99.43492295932612,73.39889267415904,2042.101058697308,46,1,Developed PE
808.1283401684618,24.020077547573223,94.51121781135849,85.32556902489297,102.91912989528889,155.61430326752782,126.38019509857438,95.14468799567453,117.38780702678379,129.32057135638652,78.99044635174444,110.929590301646,40.5553800508375,8.994644127170245,14.149617465127328,212.51929601230938,347.83070522688814,232.55024022554326,1.041891522909724,67.52858053143385,67.12124043115804,86.55590166458725,72.17666141674295,57.33717785186785,0.16409957564533048,1.037216498313396,13.936074180565079,14.142609698798132,0.3090232831008134,22.25121284051559,2617.7295965794356,30.06797294942036,0.7831068708224547,39.07650642234079,511.44328863654073,2.0170384572000013,2.5443736984340277,395.9476500565126,5.377377382937896,141.89896992634255,2300.0293107383945,2.6011714838590323,279.58381230648774,0.7100314675208461,5.030547277464229,116.03947647237831,1493.026239530415,0.6413816620261903,18.074752662441814,7.171475993759323,62.353451620121795,0.17151986809455896,28.522466795337213,8.646870659410714,938.5777248417726,21.399852029519288,11.765179493495651,0.1976550075434514,31.89849263004828,0.5807574818884427,244.4058494551475,4.762367136114294,27.696712562086496,57.27472170852574,2789.148294481827,4.826732454082879,25.254241171115257,57.020826217210875,49.86049389243661,99.99890588409717,68.59438985067604,2566.914995805923,46,2,Developed PE
10042.99855032795,163.5456875618173,98.56849165809615,93.97672871764762,151.2943909453796,235.79297782395244,144.43931145462093,103.91143697430185,93.96124528457436,190.78960836500022,80.780059164301,93.78172849787789,48.96681008228383,8.227807608032416,32.1121529987374,163.84160744426686,427.7010342682581,258.2162984965514,5.812576698651717,859.6302004023869,54.663967303415305,120.25809817629366,58.36698971070821,69.14322140500552,0.1586698109132882,1.0154859308319744,40.4652055163832,5.86694363414971,0.8020400930861868,452.1735703328895,3359.5333989815886,44.829711335333954,1.1072652854476823,41.034124170337634,620.5004369490734,2.4956380048325295,2.760529414389114,372.2156718635421,5.692487271270563,131.95153983789112,2227.9738027113294,2.637456983559796,256.68460832260547,0.6793841305838964,5.111066807565894,104.35233756339296,1296.7699451599249,0.570008024361206,19.14081373480826,6.8585228654997294,71.79574581881877,0.18710297251147442,27.545330267971835,10.832852263444817,970.8809172739374,19.28764127975965,48.78420538821291,0.5434784261141403,28.28725004214767,7.42936321901195,606.4171273080119,4.482190718919954,30.693308539882967,62.11774742265237,3072.9565666880717,4.532130832603923,30.943782267580854,63.10651327088158,112.365968650801,100.04752590914693,155.3285994396004,3161.781540988027,46,3,Developed PE
-31.643629239501365,0.12488482662825756,103.25224659387577,102.83852236542722,153.15487903444424,125.37821971481716,143.42086912644766,93.12935104150552,151.5486504061417,123.70799675942234,94.29965642631495,133.50597821277518,44.78763572085953,14.02813699167922,9.266186170610549,198.08269478971488,286.22284401962315,223.86694006149725,3.3299815462210436,0.11731996702014413,27.334577501181275,85.79757448625547,63.375671056681455,37.24845289876585,0.13899320043453992,1.0,11.428915728321789,27.607030503239102,0.7900733865375997,5.636826233028177,2860.3080186943585,24.24529256135856,0.9715516316300493,43.10602450341,459.32947957314184,1.9860464227301666,2.741051553658244,227.13755008766356,6.431869424044124,60.69256773609356,1531.2177791977758,2.386764502281274,72.77944845998275,0.33810695004282776,4.762221265824374,27.877900077196568,353.31287174049584,0.244399295231336,9.25278267801665,2.979014746702788,39.22930612053613,0.18047931830266384,18.262589702728953,4.624103396904411,670.1056572124787,10.79975309635638,17.313275214561397,0.5641141631251544,18.12040110753705,2.2605703510723587,254.16720282843306,5.012147446668696,18.175954788508914,50.55322758430201,1893.8388211131526,4.666419503661246,20.11842356355914,49.495506368767415,55.55316869751445,98.65926948889492,83.59403014544021,2007.3812365300666,47,1,Developed PE
1376.2603798227242,-9.039122717010919,102.13846858823793,77.57546628486372,132.45184479452718,150.87907842319146,145.76649041692474,85.41618286987018,124.75137999285637,173.34734413102663,70.30779288497969,104.27921206551812,31.34460183113432,6.858723582185491,17.694111574987687,213.11168964089595,324.268102774694,258.2502273304734,1.0494463509047274,33.652158218675524,24.541498087316086,97.79405970669262,80.85493191663345,58.536787248516994,0.1791788549276267,1.3726227531564188,13.020310678096617,-0.14842846637708362,0.5543820098030982,23.438103454814343,2622.482808669011,21.13137928549552,0.8106556183898254,42.22507345402421,422.41106566093805,2.0027429576261806,2.3860509785999415,437.70554045831784,4.811084597170544,173.00230826654925,2497.6739063997074,2.4547814737265954,333.0031531648727,0.7823856962546714,4.737420954534894,144.07162436143724,1838.853554610776,0.7499986478846377,19.315335312168283,8.08037127846049,103.00100146523135,0.2564195103074534,28.108486320762157,17.14338677173321,1502.6429540435897,23.192563355154288,29.837146966823855,0.20897578393087549,32.72324865953825,3.022810928537713,543.0063847160902,3.6956511879123664,25.613623200441964,61.904210223764245,2554.5754685821566,3.759138926050019,23.91767055984246,62.18191264036181,52.49929776620792,99.62024721081569,70.29062459212247,2343.5160869378306,47,2,Developed PE
7066.361349261136,90.14723582075113,95.13221171262424,78.13673015326772,164.8470647852957,177.73684718774706,136.33762010297437,89.33579439579032,115.25399316429431,166.93810659941636,68.75008501228395,67.68080039942697,44.39641874044832,7.492437552511477,26.747820151387074,158.805278096212,357.71185784395766,252.39079890642128,7.088045067625259,338.8415917063915,8.703394394343412,116.19421653610456,46.95551547752291,59.314402700437476,0.16070974283878475,1.3164813124294867,37.04081684485953,19.466541034413964,1.123573430173165,361.878699437551,3427.0274020344345,51.314517631800705,1.3067276006695325,41.696224326201424,519.8971636549667,2.435787613466737,2.6626501263138262,359.02298721254664,5.480836199604706,133.65604882529848,2205.7736730788747,2.5792973099622674,294.0740457529978,0.8123083532325375,4.863384078790998,133.5480091629501,1493.0881692739094,0.6820723635414314,18.427503255493324,6.520290992456197,104.739628312597,0.2958385993517141,25.154764409582395,17.842785725907277,1235.7094527470947,19.84672044677384,63.929898488427696,0.3813079518743496,29.4423804441127,11.201295076458166,787.9341999420695,3.4174276376837405,23.82469334705609,68.97068323549057,2383.418352907799,3.206694411267177,24.86336746423288,67.67664213729176,126.48300332386975,99.61350905757489,166.8213619841806,2525.7772177400857,47,3,Developed PE
-6.375111203083634,-0.08827469338094929,103.96931594558065,97.16486522300633,96.10154106167984,80.15126597626164,107.26983459040008,80.31450424263151,123.12554147716239,133.71049879867766,84.02135726079818,123.5997879765236,32.54474560702949,14.867947415033782,1.824067805260646,212.6433708117215,273.54310602828514,163.3188715886252,2.49386343673199,6.136252517418216,58.76541320371681,102.63180986199356,68.25656445021016,46.8138028950822,0.1682754499707637,1.0,15.932472653200442,16.056958294832192,0.3131798669008739,14.317216082778044,2849.2327634853823,19.28166730145445,1.0819136565049345,38.179237898863406,455.15898626764897,1.898048372195623,3.0483738773780025,287.7956949052222,6.269953728350922,92.75207613900812,1843.7691592175734,2.6123314621209235,146.70688869067433,0.5161093609337442,5.390808983342669,52.7324404517937,721.8112299745851,0.42832306496037276,12.234596718585168,3.841491974834492,82.46128049445406,0.29600922179300315,20.813043006967685,10.668768131480661,1073.651627016984,10.944754120527474,34.392490036943336,0.46245905725584824,19.59108189630065,4.301722901740779,488.47646197193626,4.328367793365436,22.51114828862562,52.74926510669875,2267.2801897316062,4.100157036824279,21.126184027719614,48.506381939666994,54.27040946632766,100.1061181423956,81.3909908153635,2108.441016678584,48,1,Developed PE
292.6417150562688,24.329035380566914,98.69090396123515,81.30470681334063,74.79101814238479,97.59870976428677,109.71319748226045,81.70059283199822,121.7018355808677,158.21996066941165,78.27048609388243,110.19222785638657,34.527353155187114,8.686458747674509,1.9972640774910655,205.27489219036656,309.1325073127945,181.26586699747037,1.6172001481833678,34.0669391841248,72.07115820075305,119.95834727601024,77.24857108823889,53.943752794071315,0.17240316208684217,0.9813469243513226,18.91190372600768,18.519725680000374,0.23389474401886787,39.66278090632296,2607.9683285686137,58.81137125898097,0.6254496844075877,40.91370603070653,476.84405077604873,2.038039431670013,2.922193361055127,365.69245909319346,6.460302053907686,94.77678710987495,2602.8873791773754,2.802066419963092,229.06223880830223,0.6121405041953648,5.468055459624194,84.89859872248223,1345.7072526905424,0.5187028109999271,19.599881619710608,6.885582227756226,63.049891256974355,0.17929567056521603,30.637022781050142,14.644324788225031,529.3394464906389,21.27267647214207,7.736385408668514,0.2110441292083026,32.036598469668185,-0.8498508088517585,220.7574497292768,4.381672936611176,25.114672380572085,56.66611307065581,2508.3251052924693,4.338307086863413,23.062883935650277,56.49740154461597,50.69453952853799,99.9194674624292,67.46456721734657,2301.9534010669618,48,2,Developed PE
6719.291749598815,107.89453482036053,121.15343087057066,102.915112560265,190.38064157638357,184.6442656602789,144.19059533462294,98.88537422040447,116.08644223211999,196.94688773104411,93.21562253584665,96.72915874480287,39.48210244115029,5.7853877687379525,5.453315562475762,162.9221518073493,505.2322709348441,222.67048378109843,6.532324917119611,634.4121864642887,69.11328486438191,222.5541744977481,51.082558187008736,83.75997428557461,0.16782993710298025,0.9405081154300627,60.345511629354775,9.542362709196373,0.31880220900962963,633.2019540256056,4025.937075162952,42.66593482888771,1.076393667589481,42.239051083133944,656.5507638474015,3.336328200937839,3.507009941123918,396.39636024264894,6.468361490041966,136.79281590899083,2633.0520322293996,3.294112455148152,314.57031506048173,0.7712916340404221,5.790050843488995,128.5350903092241,1774.9330461078382,0.6535314767554464,20.214378302524953,5.685509312077297,46.73610444589305,0.10558281599610879,29.0594735439742,6.522237094161381,881.836927796696,20.617707868662766,11.063989244779862,0.4728660979354931,29.354418702788653,0.9789008198785725,210.89063180216147,4.620378036187928,30.797598267939772,59.46681767702583,3089.6644227712363,4.591723047850425,31.784868673306118,61.111974290079,106.61508265180942,100.00940088735878,152.79002410969116,3224.8385034947273,48,3,Developed PE
49.88598330811165,0.4263471583966744,105.07569023605188,71.05893700004611,110.43928962701312,42.67719749849575,84.96624252345674,96.671726090945,85.71851725513827,125.88007593906045,80.62396525779931,160.292778646272,50.40900297259928,16.13781658483662,5.202596027896581,205.78712416581382,346.8565361311041,140.5595675322621,-0.05010322490577668,8.017587210835373,20.911321447051893,83.30767249605253,73.43708326830908,46.00939036198265,0.14398417257252877,1.0,11.223016940244287,-9.215879085854318,0.5865730196489473,15.338523869263263,2551.7893799521416,34.43214499149093,0.8002849671414906,33.4937080227201,455.3457798310775,1.9126132513453036,3.2488770890223577,332.88642709391115,6.488422176969459,99.58062569362696,2152.595442966237,2.724539244258243,144.44737787987526,0.4270331759701345,5.409427672814214,54.08423275772384,736.8404776383317,0.3413074273574346,32.62295579758707,10.379054357288132,37.35183558125127,0.08159525389303884,40.8561385870258,4.395057986281482,441.83096443442173,42.61577599850372,5.5592668837924,0.09253747409213864,51.85985061978988,0.29334968886030266,46.323598364669465,6.026288000040571,30.1878392524221,50.62668712905365,3054.658737212023,6.129605020987442,22.253477921948217,48.03951979781339,7.710013832571992,99.61579611582853,13.95455415712248,2198.5812792721686,49,1,Developed PE
1103.324507388339,62.0393239776438,115.43663911326335,71.96861499035946,99.6007042063374,98.79229794014346,105.7257538251751,108.33436809868219,109.88199797889646,174.1495161921448,92.82538640030644,137.8325333427174,47.79096375411856,11.165933925874196,6.941379117690701,189.72480492833108,398.8446994163824,205.0302993660968,1.1397171229599699,22.440078123941312,22.50730442958892,102.7996844778783,74.32508387356718,59.63768443812433,0.14744066372745612,1.0689171591576812,10.968284198329279,10.713781182705793,0.36438741561276894,41.38093503764076,2627.4837331979843,42.45210893391684,0.628691402083857,39.16252438332275,505.4751213193895,2.4905906087096636,3.338467171823874,433.08437711211525,6.652801343271267,135.11765788592973,3006.714674096242,3.5597676924040105,292.54750795326265,0.6623912860739034,6.024220354362193,119.76565828489538,1606.288517849133,0.49812155761110255,22.536993704622002,6.466099927316335,26.850453226644134,0.038926541075542026,33.18076245369745,-2.9175327628190626,802.8590179105755,20.966892767957514,19.295416699606168,0.4711962222675915,30.420051601995507,2.0975472293833617,284.33789432551606,5.309885800947681,30.825432212418693,60.91438832930539,3119.289309305209,5.255712867678027,27.728443756820734,60.06188058363682,35.82933588385813,99.92172642978639,50.34468377443655,2781.8936045421756,49,2,Developed PE
5300.637707535056,129.36402563897317,119.14649770877654,72.65001181834803,230.65348254184028,65.23623608995591,136.37562886647828,118.73184512181642,63.62233904096088,158.2526289076295,90.4699091833382,147.96246778871523,42.854908106956046,11.326239695303702,1.2307162280944226,200.67964864268816,431.1670548798353,202.6562685141313,3.349978793102116,531.7445121164783,32.93392300555247,169.04138350777902,40.68660968697831,84.58014799297183,0.1996149670876899,1.480813913084812,41.24761775011281,4.755292606924522,0.3055017406728797,912.9980695650274,3307.8965696477203,43.62466559687063,0.6362447319717377,35.27085601691438,645.6335095980877,3.8750112525586733,3.0626918191363557,433.9511301580237,6.016705493830125,147.3284690169022,2818.718998872461,2.8626000314829065,296.49011268749206,0.6487257719936859,5.450172791190255,107.73077489374552,1757.6096104462654,0.5773832471407647,21.010636764392903,7.155219061182838,36.01514842431793,0.06772073969519216,31.672298309189635,3.540786893459032,848.4801685873342,22.528055567060097,17.891997159753547,0.3759253023815114,33.17382412452596,3.135725200087762,203.3123905662684,5.384744325602197,24.321066125326638,49.722280007492785,2402.4019410633605,5.5413493552549475,26.795348988769415,55.021387361899656,48.249270857397065,99.87298015231475,71.18669937585209,2665.879353630001,49,3,Developed PE
185.88146055744687,0.849918652776189,80.99422532438243,82.55604374658354,90.12712444258953,90.17437777475227,107.36897362988906,71.14990934826778,95.89648062952013,108.92947294693252,85.84548538923981,83.86682688145771,35.885303998656006,8.614882213344007,5.4772150256457675,128.03649849970168,246.18761267871676,153.77252641295115,1.3614464400885924,8.904612965394483,40.378521948541454,87.29795144222068,48.56124259752889,45.926235623198586,0.188808152579281,1.0,12.900267799242428,28.3571059804522,0.40221588538691144,35.576372216337276,3134.1705870058227,24.287238853813612,0.8874807582138956,36.41668004929771,595.7241463928675,1.7491607232440542,2.5185247896848213,210.94452145743077,5.78103831753649,68.59294547906359,1242.490981528845,2.441917246464148,105.21660593508004,0.4866578991996865,4.832820294200035,43.90086283906288,497.6259235127146,0.39276494738240436,16.869027700128196,6.822508847156236,36.32721482662196,0.1634607483778875,25.82778817236693,4.342407026035226,523.2987259868189,16.98018078372329,19.62848147258591,0.5718920597574315,24.006212632368246,2.464569115893649,257.84723553487123,5.01654102838924,18.482211138895707,48.27537630264217,1865.7940969894535,5.126146255645655,17.248139157086534,48.58122853497103,39.605002537131924,100.01083245943876,60.127089771876456,1771.8210351508362,50,1,Developed PE
2446.1025258088625,-7.51379434719879,92.83992142841193,71.40366894150743,112.30025356317931,61.8293726270743,118.06609978278351,90.90044302197076,79.99541313109128,118.73683111981713,79.26165626235431,94.60213765140898,29.695354041102576,5.029633702491147,11.979955653367691,139.26459134364654,312.4454966428555,215.04656487848285,0.7940616839335554,54.79158934155703,29.765040049944027,109.55260250821098,58.819314534185,62.57956368942104,0.1995668902401309,1.0916041014529514,16.640723454399545,10.249423762342522,0.42336464266928503,47.093159515636906,2977.371485673148,19.868148480600155,0.6672630640302949,41.52238609139444,545.5083421471617,1.7754572627485339,2.563413324763519,324.8335239492246,5.404830718004377,119.23733636253493,1999.5212020351955,2.520455807353826,268.0549208089258,0.8044903479062825,4.933879526594963,114.40286206839032,1472.929067958358,0.713065001926851,22.798054435611363,8.867412320685428,54.882932720354106,0.1590468952601154,32.3707665251545,9.839334036495517,691.4500364774,26.125296276380276,12.005255498913675,0.2924528651589681,36.25195534055286,0.3413005243397511,268.9266711799349,4.5059683992146145,25.670419994439634,56.847752204109014,2537.2139591797345,4.553362132234151,22.009265972445238,55.76573504729262,34.58568792717413,99.98002325632449,47.97839609030965,2185.4401058007925,50,2,Developed PE
6378.183964661081,72.12016679557979,96.57206452480473,78.38921235714085,146.9067182156131,103.77280789172859,119.84219222736935,99.1235705289716,76.55584283810425,141.0305759693155,73.26743666321573,74.76507401377785,33.40049121583404,5.9301112815395225,14.279543131602734,127.57020627429904,365.0082484105028,198.78129938783178,7.320575933147266,221.95272830725418,38.42863663506206,138.9445182786408,49.36139685792204,70.74762239897571,0.19363755816710487,1.0659440262502995,47.89760057439982,8.42364867500125,0.8853164216075029,481.0242872705989,3732.068155032306,39.78588425580541,1.1018940781406166,40.24602191511222,670.6040935103954,2.5549275673986824,2.5186210643647855,327.4885276741272,5.224327256833197,124.13016037674939,2030.7520213368625,2.5786758628678643,306.4674066342292,0.9206062983525358,4.834049336472989,137.0902673631347,1641.4729702992774,0.8067144678413358,22.93130388364937,9.139917329126673,48.03255317077044,0.14261108437285805,31.837708536201657,6.380324138311493,803.9468903823214,27.95301862582627,7.836661527429882,0.14840949720324564,37.45497664841247,0.015150400325930846,248.36359262847668,3.695085053754694,26.735179736103078,65.50279569764007,2684.6868502327284,3.652219850095506,26.990116351751254,65.2825735894291,83.81536122754865,99.97912802213284,113.62251572082191,2708.908324760513,50,3,Developed PE
-166.74321888965838,0.8328335059344691,101.26227719844675,87.78364102353042,83.12637989548296,104.1574116778108,122.99785363563831,80.0311228249019,88.5980361484839,174.5294838489654,97.84142315183703,94.19557054080278,41.98122903565191,12.076480624935947,9.011044154279135,132.16616676370353,279.83431616614195,158.2562506342107,-0.4113686544608204,8.527957289265442,53.933235121357754,115.05986813685222,52.72864549995572,48.464072497052896,0.18912858128900423,1.0,11.33226678503368,38.657223582987186,0.38467315113584655,27.202972418025574,2202.7378107271984,27.75501595728062,0.7020703658879979,24.306520972651384,346.080965286135,1.498932592654242,3.078443146251751,261.16396248509466,6.615060226070924,76.93319254824823,1673.44901897901,2.997465341488564,119.59031313699197,0.43745616437007956,5.410956372997795,52.355117793438836,551.7654740747907,0.3275511890380301,26.26812312886286,9.054783910577038,66.63089522059103,0.25092791010937165,31.190590467843883,9.927413796978444,691.1738827662714,37.410852076406,23.226091729124953,0.2053104119604344,43.10012558097891,3.1905008165781212,248.0527286643015,5.899632272002096,22.448557645732382,50.66771702866564,2220.5194068322394,6.1997877244785675,16.290981404777142,41.89224799778204,25.73458770246438,99.7844142715209,46.73454429052856,1689.2893245943083,51,1,Developed PE
4463.394961598204,30.42664627969739,104.37711627099777,64.50813647475765,90.71596439441703,43.29053318216283,107.0813856314129,99.40709730047455,75.0951559606643,206.41032137030004,91.51938276046174,90.37650035458086,27.569533816836113,5.1825330266381515,14.514079217321521,75.07900547868371,243.41139648764812,183.99094777049754,0.40693858207191985,22.90434166305145,38.810781462511585,118.33279808674578,41.52219025912237,49.298692953054584,0.19537840413127766,1.0729779016094498,12.413359959772226,21.05958228195966,0.40548763256283793,57.19262323453314,2321.6243824288854,25.821310632652324,0.3932459073101667,25.13889564666181,331.46490881016314,1.4786867192249933,2.933147608879616,338.83000923076185,5.867486273786096,122.93605679844484,2459.803663590174,2.695984379538264,251.72962085469712,0.7394121538608696,5.3212517264437,96.01182971898656,1478.474503681666,0.6119995913843762,22.43184238966767,7.721075251930311,14.107979142879223,0.011649345736883199,31.14250735387747,-2.2444496370737284,553.977663576057,24.69933092439069,32.216268670497676,0.6463677342138936,31.709357165519883,5.479582330616043,407.7902010178503,4.088388288310427,20.44401923806653,54.91812299056815,2001.881820880155,4.1334087153216466,18.81543242341942,56.00322333360051,40.03709025204582,100.14761844980924,50.083715693623006,1871.3023391710612,51,2,Developed PE
11175.571225956133,9.507427475189957,117.62346536448422,73.28936574224373,177.64975158706406,68.6410766029965,135.74377580891894,112.1824854922719,65.72258559126108,211.14073124768655,92.94837919295442,96.76526639167693,31.330066461525348,6.1302887820998215,19.397477497363845,112.2696599547597,309.69770368655696,233.58941231617052,5.790926010135966,-192.04234154868124,71.84501978984744,154.02142648720965,32.13857147895244,67.69105694364886,0.21042338581948355,1.1909593536073222,39.480274946895975,8.07302556905791,0.873653112574283,532.4310246912304,2837.000382486158,35.58090082845256,0.4764543443968001,25.529277030301394,415.69519371331387,2.4572942750728677,2.7450455336284243,369.6765923845331,5.466835853700144,141.04036964950188,2372.8076541933224,2.724744987602589,342.28169845456097,0.9184949533034462,5.0359378284569045,148.75769423692603,1957.620207984175,0.8255764977778433,17.956741382855096,6.833506471450969,54.8393267967855,0.13669049545033254,27.3404570070772,6.796273447776393,1188.8928762277046,24.76192557674613,-6.343929996948532,0.08204220718325395,35.05765449506466,-1.8315685338765695,87.88548189111765,3.5425312851826702,19.348733503476073,59.623387999557956,1955.0437776308027,3.376671905661328,25.314147437809247,62.748594534774064,82.22025034949753,99.2564890490647,111.28075925365853,2482.8541120759796,51,3,Developed PE
-88.36994622699217,0.5256937745003242,96.46403218053501,86.99981886894035,121.65984591190744,113.4087586941348,112.20765916963632,87.85427222008227,80.43850220209305,93.36819978976695,88.17513759762063,159.08951694240952,56.58848503275513,17.070962305143063,13.864372293428243,178.34803006150432,264.4594705761924,208.7159983989108,0.08172751232973763,12.036338434439667,46.0681183184195,94.94939894152955,67.13220524766821,49.25627391682869,0.2016343290774913,1.0,8.475804393047492,26.589044038560317,0.2962359176228885,-21.31025737427449,1923.6857475148986,24.9414413452194,0.7694312579295529,29.428172498759338,224.0808159459985,1.6797402796602385,3.0452738533503902,322.6069838093791,6.230430015225043,103.74618203957053,1882.8448617326237,2.4155693360976063,140.96056243846536,0.4254663225186236,4.844067603318943,59.022638882739024,648.4345842817895,0.35842509638905773,22.679676019500498,7.365952452573037,38.80764397716846,0.10233793496101642,31.401931797234308,4.6200000100161995,511.0309977917317,28.691605010528818,11.27773866939696,0.22007852258929797,38.23685125078891,1.105032371220033,155.1577182958576,4.271154940490327,26.122569594179062,56.56579107570421,2628.871344747637,4.297792590433154,19.12757563476888,47.57074738528851,4.838068085154973,99.11708279591267,13.028535955687254,1906.8385618322695,52,1,Developed PE
3221.4000514494974,80.06946292336384,115.38084093892496,83.6516590973442,108.96315039827265,176.32046045873795,124.46014065605037,101.85974618896313,83.22404026623634,133.7837531628728,84.78042151195504,123.12966349195293,43.229061440788875,8.39892924005351,19.368976677458605,124.15353841023094,324.96251381166564,265.25185775297956,0.6620598249227663,-19.788932230790877,48.850490388148415,103.46769050531563,77.30374451892604,65.96771397827943,0.20028953580879236,0.9756608992771159,10.473301791926554,0.09722818138688005,0.2766356240374794,18.96498390308117,2067.945794868765,27.17478892961487,0.7429388320351573,24.77230316191838,327.5923486292619,1.9057331606081678,2.6981606255316906,451.7195366039698,5.15212183991048,172.88491678721698,2643.8568214436364,2.600150479853706,320.9035706243336,0.7266203932294251,4.821366778445663,138.29779819489644,1654.5333046861115,0.6319733176728644,21.681545681605524,7.748576746787113,78.43246792865573,0.17805986143568425,29.927108589241705,13.834359215448679,1066.699703867861,21.772758903529535,47.00806799257683,0.5191831081869298,30.064942110808648,7.628611148151927,625.0479256686276,2.6537010190424333,26.553883441180478,66.84021691977759,2713.5762304852965,2.831316112391093,25.158424223946486,66.23038508211125,29.417702573464368,99.79774789400184,37.369355376602805,2424.112610527258,52,2,Developed PE
11019.858371534508,135.26421772044205,124.97552550526436,96.01200700778497,203.7995495687876,214.80073434540589,156.61126130782324,121.94486757625579,58.65073304860297,125.9520749246033,88.82023731942627,122.15278594673649,56.69200012801387,9.505461990161475,41.03314015526413,136.10346526872308,418.3715546098,279.16366292529415,7.022737966298219,296.89804151165765,74.7430942683402,147.22600483438248,34.81028471037688,91.58349206207815,0.21914238495783267,1.1160848736569804,21.51069627010126,7.151970961682478,0.7648334688475042,312.6312458279251,3035.2112959058063,55.177094589544076,1.3212612066400111,24.707775129827958,408.5908816894862,2.727313167645022,3.228583627516666,381.35873960644415,6.0618241854051345,143.16382260937084,2353.1982057448076,2.911204771647875,282.40683561222255,0.7291861780554146,5.175416840449289,129.49470262622285,1388.939944860671,0.5732049461377138,26.02513556453049,7.894090737999415,-19.20805591423067,-0.05416881198489254,36.18332267403231,-6.873146534159597,242.09662514831678,26.602028405631657,-33.28119294675119,0.27257810360226997,40.177113391186516,-5.409637902239512,-428.8886886509831,4.762269438200293,25.86850483935069,54.767020479206735,2584.579112912851,4.634775845294993,31.700857081278926,60.65884878043116,111.13046402114941,98.8505190276272,145.61847725999854,3153.0818565548534,52,3,Developed PE
49.97487024222508,0.48566029437713354,99.6671658462155,92.19890195236644,95.01829817741843,121.97387243928318,109.4562221379622,96.30856529461586,77.60198415013372,153.5500270671732,100.52388353716228,112.25815607156882,58.6265373726593,13.906854993594159,10.570867443166545,159.67721264442048,268.2288120744231,180.68730349642667,1.407160656262271,6.101613374482633,54.30337828466193,93.957648964507,76.53509250311602,41.350090078952654,0.1580952777747531,1.0,10.552229078214895,26.54402872269931,0.5712778842877853,28.67241666663272,2795.1029633089147,25.216803211854412,0.8290356314167301,33.472770968724156,438.67720753130607,1.6704943180138445,2.769817055167732,260.6409363539577,6.120568215669092,81.36240346323405,1599.669286040446,2.7102598067675983,113.45175970953439,0.42374464696342085,4.970623109879323,52.47942400933332,518.3347347727037,0.328846563447689,22.37706259427338,8.530221599246097,49.60905023672734,0.19340459139779406,28.615316225592306,7.105153932825614,574.2308472827107,28.80178753545956,19.844242184945216,0.34866702055765225,35.51105940261963,2.706686700473208,243.34926422324722,5.856820460556918,19.6364666697044,50.043459521733816,1948.3377224698795,5.936451690256238,18.117611034650157,48.50222014826657,44.325756120687835,99.81804168515102,68.75351940603775,1849.397657483741,53,1,Developed PE
4118.286521488026,33.72455903588024,108.06925142134921,75.62538658988268,115.32794555233257,107.34168329811318,113.25679063459108,106.22425346057875,71.97845618155344,185.52576981093256,86.98114509284774,108.86286604101235,43.988784606420204,6.474996908416508,13.611467139406782,119.20681600869122,289.9399267237137,213.12833526681138,0.6201999509605223,28.928070776096448,51.47442843884832,108.9418239362445,63.00461985218265,55.77274062957246,0.19154533254541858,1.243912826916597,13.80942721594986,12.450255058546446,0.5287811340120337,50.4726167042276,2682.3695597813166,27.249278255275126,0.5150837970930134,33.06144584553903,365.5150100348234,1.568105325042577,2.656263402544733,390.01364970153674,5.161097115395015,163.76615338424165,2495.5093756325914,2.400070319269768,289.1436224824916,0.7402212918801654,4.865184397969286,121.78185342445259,1583.1616765540803,0.6533700154436562,19.749242763226672,7.421470090685431,79.85047161642174,0.1993188056789437,26.562830211758836,14.572570893862109,971.8415576149127,23.460896386943023,47.552549027165185,0.5120118277157591,30.161996585810627,7.843549157078577,602.591308287958,4.501559812719144,23.951169536154005,58.08874464427525,2337.6561886320583,4.461962727634874,22.117058359820415,57.46284644501501,44.11161790681685,99.92924638631297,55.608850627060605,2208.3585009284666,53,2,Developed PE
13775.62026577958,77.8935222914394,121.94895763408923,89.59566464552458,183.57738616231677,145.53921310958518,129.75324964030608,123.57080122764835,64.2753800099764,210.88748910730212,94.62384355195745,102.26371100502978,59.98381824934847,6.81435146392859,24.48824624861537,126.87256533510379,382.5048730251751,269.41479154965833,5.109157467496915,143.91911454774748,68.22429128528394,146.41747440563597,52.40871571805718,69.79227236190901,0.18278427532998398,1.1799044985395584,37.18909110738467,8.390461193442254,0.9126913668895382,298.8007270610904,3255.34737269097,36.48404571559782,0.8154715681249219,37.10900227855569,461.8917687510891,2.172036027288248,2.757678173559027,397.0492320721737,5.304875658151699,161.20185476611914,2375.7848998711647,2.7584662185873237,344.73971438638966,0.8735344362670154,4.9447558483343945,160.9334606600402,1842.6086648481573,0.7873994115593101,17.64767605260046,6.441804456497575,101.22256288184228,0.257872250834271,24.776799404865507,15.946208689429092,1468.5845274299918,23.181520947867178,38.19112272059157,0.2903441790954753,31.734734225882406,5.159106379613227,649.3941936157785,3.804560585675896,27.916143595852986,66.70967923380111,2805.280475816008,3.691836995873982,28.95298784780708,67.42003996677526,59.00156595059992,99.2151760272509,75.66261265337711,2880.3343900456716,53,3,Developed PE
395.9970036427417,0.47482850297422563,85.68729163211417,60.830455238790904,67.46416325089467,127.00062087440214,96.94674720168345,88.5600136507384,90.84812395013083,135.83702781742184,86.4060168890716,106.29899144804097,50.01550712782231,14.649003136939433,12.405629756812559,154.6257558401414,250.57005165210694,166.90149976800743,2.259298375652514,8.951148954619693,43.868786843757135,46.01141131088144,66.5322962927238,37.82042914194818,0.15048381514042997,1.0,11.423842314643913,18.480394011612127,0.5680853304478272,19.266762398802395,2736.2571963275896,20.114332150152983,0.6994957561051214,29.148844398212823,484.81015919164906,1.4647733292942746,2.4670717702965663,286.64144256483644,5.158308396718014,105.95627011767897,1522.264831269159,2.307293785829782,140.53086014195972,0.48671454149767296,4.5700504582705435,65.43370130772269,609.4599173730256,0.41802782983928394,19.553936563609117,8.934363427896777,58.68386231103559,0.19474074977488637,28.0157752510135,7.050588546672413,736.6827405216194,21.88093222939917,26.32147813870523,0.480402147914286,29.403877253984476,3.112451839419257,353.3818299830376,5.797450686261941,20.540589730394302,45.10928728342144,2016.4028336117487,5.768002665712121,17.528915899457417,46.24659970868995,35.80463291857394,100.09053949176314,57.90301826528976,1782.2651139666903,54,1,Developed PE
1184.8008746362273,-26.922810862700082,97.63253186951489,68.9859352745258,83.67400436344474,118.9837060496877,123.00123988809098,101.65638717299458,103.3408719147742,157.2725908361452,90.37870230890788,117.44744392757683,45.953307238509915,10.219557042751827,14.583218917607377,139.82057208972438,345.84125832930573,185.79553366798552,1.4629824900057011,65.3398168913292,40.734068944824,69.6341797911544,74.32920997350206,52.87614459346857,0.15454413868757713,1.0102196599364666,13.94407783380436,20.9467700517363,0.5613565035541384,38.78987818544469,2537.980898864598,44.41940763009964,0.4246830474004244,31.692070033498666,446.3464782755508,1.496113239361589,2.736069854358647,338.3058452785991,5.910642638370193,118.2727516612638,2215.994342028997,2.4784643072751513,225.9117844867062,0.6421310706712957,5.046243211165177,90.51021553954243,1199.284516305017,0.5265998127352894,19.490632441727534,7.1464064202032525,85.38395808216376,0.24494404789017987,27.424568423387118,16.78504878939365,903.043693201224,21.708469300486474,39.29270679107922,0.3754485482531327,30.854641732135928,6.393347374606176,505.90961663211624,4.949047300235426,26.846972538106336,55.47403168035033,2666.9459938222612,4.971609820987103,22.42855904052886,53.27695516821756,28.266698017573738,100.01121421265728,40.22179923643536,2283.0054357129634,54,2,Developed PE
6401.4667602788195,92.38952694168734,104.59694000934954,84.04306317935632,166.75858174356074,193.38173819728763,151.9685364094146,125.88945490477066,84.59940466723117,204.30917484164277,95.78885938732256,133.95122797857843,53.90188192180549,7.745121864573825,13.661455017359113,153.42958867693451,395.7195049184911,220.06995450447275,3.522172190660487,530.2882714953746,66.62653053176989,133.6298588342039,50.56471571378231,57.48977814169868,0.1558627590279277,1.0240829494197397,35.98111476976795,3.971465451733473,0.6372453036497062,811.9533064872121,2960.837807217708,30.856292027827287,0.9459855862963107,31.941732911851656,551.4602204326279,2.480988243057799,2.8081664846342225,383.51546383669506,5.321054771321785,153.88958567118863,2152.1804113643702,2.8354021245587515,268.98570975208395,0.6865326077474925,4.977361670998227,126.38816968050662,1341.8847026281505,0.6127172428033677,19.352896599553322,7.223351442065779,39.74232114232409,0.09789002721776723,27.78501690053386,3.2549524149870557,861.8818718450068,24.2640673203789,14.907294096041081,0.40031516694902497,31.05553109844778,0.9306013428447617,256.5785283755676,4.996050721900356,24.818940293869563,55.49866444639826,2482.1708560236857,5.0951742111977385,23.672595273611453,57.285324160158694,16.51830224871771,100.40437214259819,30.30734371462009,2385.868470910294,54,3,Developed PE
302.3189370133753,0.43078283392567884,96.24506161611824,118.07143893027607,113.73232593629614,51.0445331565042,118.18135182326843,90.793753433653,116.93609690232806,75.58500395032274,90.2482073250022,149.55630130792719,35.636135858941266,17.31684200783957,5.178851650874454,211.9167910946388,318.10570149437444,192.3776930148811,0.16404632695333543,8.38515693355983,81.41532492478068,93.46066827130734,74.61106211636249,45.82060137207961,0.14419882617146976,1.0,10.072065567218884,-0.4594085003348649,0.18092508279468783,-23.517331853453303,2687.6175157190096,33.79818213120074,0.8985935119847354,40.39871856538937,402.5891976337598,2.047683593936082,3.1599985797266874,242.79409099445388,6.479903869370705,76.41731877257138,1535.7902617065297,2.4605638808245134,85.4168098897868,0.3717281238440459,5.1477367414333886,29.27656443236504,386.35626368999567,0.2849877818017119,16.31087515194337,4.1796336177757505,54.97360647007996,0.21851189312051778,26.769914998501356,6.233915472107532,791.2059582265314,14.470684912370839,25.705202135450342,0.46320191750638506,24.224763918739335,2.946401118309237,386.8812226928956,4.317877087227826,29.826516779093865,58.43952281533876,2998.439118914941,4.311699773883248,23.498856087601354,56.29938312352704,16.997989486262146,100.03456027949379,26.937759429185313,2326.8049836736895,55,1,Developed PE
2034.5793682904343,11.003657371005158,113.75265080452965,106.9368078530795,129.12792397908794,114.86275486266624,151.68682030445987,106.71010159170412,134.7461471652734,127.88999776133201,89.49155213113686,132.3910261416084,28.84661777593964,11.480899237146778,6.599645363906799,172.07339580714302,415.8076253993895,238.33833921257676,1.3223335318827942,47.37741623758079,111.10473923805641,82.82045944330378,88.27238917654894,59.05038233464299,0.13748796204561506,0.9737220327531388,14.868866341259507,18.16361003918276,0.01380515725444359,19.37142300351332,2883.5250110689162,36.74511543778424,0.6398067527748124,36.546821613413584,423.15159609039364,2.212610415888088,2.9272449283578563,315.38287733019,6.431359545084442,69.61885149459165,2185.571100050663,2.7846823968501253,155.19032068311662,0.5497611244508482,5.32534848948726,55.45275085272619,844.1441598980766,0.4186610027887462,20.119850629993962,6.8752282466051735,32.74600838334142,0.1299011941608393,31.802260217144244,6.31267454405242,477.95321326425045,17.494164880471,3.443324290205034,0.38168964349950707,29.356038626560817,-1.3902926920764567,216.6184908141762,3.835122179287921,33.41308525936038,60.60005593434689,3397.3310310854595,4.003957411764487,29.797251518445638,59.492083700173055,34.968625177415184,100.11586947947322,46.835277373472024,3008.707057540564,55,2,Developed PE
8024.650963161228,107.60913527452698,123.87549834061674,118.66308056095215,210.62699607083462,191.16644093520895,180.28647103913772,121.51186548388611,117.53401857248133,153.31034823301994,87.73653731080935,115.0409567141372,37.33819255636998,11.355777830221546,19.82466399355177,156.4678747264476,455.64721933057035,267.181978973936,5.2089123698335005,540.3761997356788,106.06249116497835,152.93112752202288,70.6139068246089,71.52261875542578,0.15611027678076064,1.1169320562905152,36.58497480941672,12.3547904298614,0.000820517097265383,876.9826581942248,3057.7318603111285,41.73789710334915,1.031312873968274,34.863826266775476,620.0954603350905,2.810711622727341,2.8827989398146467,357.46752771450656,5.461177564545883,136.72657160156976,1964.4025780798697,2.828094543169897,247.01285769935905,0.6968050483429211,4.870696043529689,123.10606997058973,1105.816682073327,0.5689103444852887,14.69068605571142,4.5424295153252405,101.3072268467117,0.28353739493806457,20.71932635329505,15.59751585067043,1441.6601255571784,10.172802435748743,73.14446771061364,0.872365753909196,16.434642173740883,11.488431202195354,989.5043734167967,3.9723882404985216,32.170133768118085,70.35212690397077,3237.039867094382,3.6465362661420544,34.59807552872089,71.72276025978593,70.62640553302103,100.48918316458533,97.54802493536715,3488.840044290602,55,3,Developed PE
329.5513626493954,0.4165511485443619,78.4411656958682,67.89056595956137,89.0100982642109,97.78600765969786,83.45064447307428,85.5813450149441,100.69254582095408,72.74069234416376,81.17442952185077,132.24177054719098,31.565926953853403,13.826820697019404,11.105878567164593,210.79345703439893,239.0626032313126,182.49973334465264,2.674696296977775,4.390912526753408,35.44824162270626,76.95824635463687,69.23563652552741,29.081499181886734,0.12481743250737101,1.0,10.263992816615621,7.328693237405151,0.41678154558860275,43.02751346745613,2111.8923499474213,36.44551574593806,0.5030917888466598,28.625588554920398,603.2177482808772,1.7629467192182775,2.6439965768317792,297.9191346302228,5.27514508088228,109.61469899894976,1615.2388552154785,2.2504751915230825,149.53611792528937,0.49609798363924534,4.593466654979735,65.8119220706482,686.8504413501283,0.4380282345043698,29.912757533670696,11.678210907630408,29.279793990496827,0.08103500967790019,39.26164371633583,3.3005579019935327,343.9255795542149,31.920573511926072,10.835878559735242,0.33037971941478794,40.9879234976065,1.0997023448860683,147.71391733872602,5.05205948427853,22.02897318933306,52.02619210186708,2215.978999948141,5.093192088700137,18.158606925440054,51.595093641984924,35.785285074420756,100.00310939442038,52.376970988563855,1867.901843041309,56,1,Developed PE
93.29595857924915,-2.021102622348188,87.01555999482703,70.47184841722006,61.25211199014105,113.13608007549459,103.682582158577,91.09805463857103,97.72087840060615,89.70657938804165,85.71334187962259,126.95003495382707,40.40387311528593,9.796185561261543,13.42823798831821,153.64454924252306,351.13289215354985,183.61333982482944,0.9137112021183613,33.13026472838571,56.35710808678318,81.5789180551504,72.07415365307992,42.637554555802154,0.11916689585406248,1.0008214628211576,9.380784055280648,7.0322412234731875,0.30418318912610987,39.46414134926793,2171.2938730311366,55.816038115168375,0.5562604665376366,29.00317189217913,539.1473747680808,2.003564654868046,2.6699182309081544,370.5873819129487,5.565162585350483,134.6530246907528,2151.104727611401,2.5955361110220836,239.38481922337346,0.607197129590642,4.877873577078868,108.98004077127618,1195.9755720726916,0.5314680285774551,22.977529230437256,8.90870524970913,-0.9665648728829908,-0.007233534155610288,33.40220802421344,-8.146453182744391,419.2991394234027,24.045966348782624,-3.392302167556007,0.34190034761146115,34.43164279342828,-1.357010092327672,-19.774067205927565,5.0448330697401325,27.740306449801952,60.37384989808414,2821.5501479995187,4.9631174318125115,23.41638981362413,58.696928619120506,35.56162874667705,99.82026411188119,53.88706584156574,2401.5891731436873,56,2,Developed PE
9097.78438074406,157.84348650307595,82.69894360458598,70.63362994825918,128.6636908196406,198.92745358060756,114.38684703640062,94.86596927863071,75.3762157149383,114.81827535585289,88.82987399546204,125.88816706854857,37.94119940628322,6.626947314653122,20.000487785940606,147.303661170048,406.8054316985153,192.27829849652275,3.645960078382421,720.3980169770639,58.27349031095196,104.2666965913121,33.10055288918229,49.40230366465769,0.12815666226021952,1.057819670042349,33.107496521077465,7.954928819011092,0.24646392418957197,576.9624063173766,2821.235091919396,59.3460028614767,0.9094821359932446,27.98555206877204,696.7941672226369,3.3608552459907575,2.767616390552404,356.6777969829851,5.325166336590411,138.83547183765143,2025.055266187107,2.56655777837013,238.39501940227888,0.6600841433992232,5.026493187982439,90.15176743703253,1142.5612160462401,0.5555240616262119,23.089947985264857,8.824588805302664,26.128487357620763,0.07908951318831542,31.684802542159698,1.6435903439471105,482.2382164438998,26.930652861036034,32.18843956888966,0.580804686611244,33.086331293301924,5.1318912778246215,306.5630788831244,5.11747669635422,25.822952535401654,55.51315870604155,2584.987417540765,5.178092304805965,26.540730468871317,58.28585365145345,42.36684466605965,100.03451376904653,69.35841485461029,2645.1484120810715,56,3,Developed PE
-49.88238017454751,0.8685220938484217,103.45906939020142,110.13381213302372,145.1115053551679,84.23804320261766,123.1453043368056,102.01882016601309,111.87110911883074,96.96343726160157,101.35581965679722,160.0229814461017,44.987905895429755,14.947492090336505,6.943807366871658,199.5987480852901,299.47395867360177,226.51324804960436,0.16016364042758213,4.525981359319603,54.42124429368635,129.0916715934688,69.88740028110423,45.80654809984054,0.16632961305655453,1.0,8.101820749479488,19.772456468556996,0.4873375921766258,13.9539382410361,2077.399961117781,37.66419783968962,0.7101875229286715,39.55279299868594,380.57031659823065,1.6396840371756833,3.3841836055851484,250.1034533675586,7.215043772386834,64.19691572407208,1655.7226235950784,2.8426240082823413,68.91162194998117,0.27134199551903937,5.308847385806965,27.274979434691662,303.5443859760702,0.1732626986215382,29.68074957021327,8.471390896134185,27.463738369683064,0.10866935152081875,37.51239357210832,3.5191757769511773,317.34582337812196,36.05741404269162,7.874799512200273,0.22040029097374478,43.974424904837605,0.942513316952873,82.67708351106475,5.4330538677999005,23.750843623702384,55.003936566629086,2410.511294773796,5.560064212640504,19.063202869276786,51.51708908455953,9.12611051188884,99.48282277200306,16.675908551920287,1956.24760822754,57,1,Developed PE
3662.682469389224,26.921739052735497,116.27276428142541,82.36753619582984,143.2426415809493,119.64008041291493,131.7029254836932,114.38092119696792,96.39897118354789,133.762843659628,89.03792525021358,132.8666471391051,29.395505013586757,7.325631893253943,11.741596259148022,129.97126624974277,335.29416339482907,274.7379191887991,0.5131743242611848,11.588200348959997,61.29069990644591,120.03136855458855,63.133055094711004,57.89401371509799,0.17522691834998833,1.1244493407120044,10.025680462874416,7.887831343824542,0.23896713498321698,25.69896207896629,2403.7358429047586,26.99445589678714,0.7517444828435124,36.30333228397309,364.89144138850577,1.8682213633854066,2.9478054473937885,428.7853856758377,5.536940969808357,161.09358604889624,2574.576577869359,2.9828351913630518,283.9890052073475,0.6620784298209487,5.207908705695099,127.93042041998231,1530.955770414806,0.5858140529985045,24.390610303749728,8.28870497443565,-11.9500785060416,-0.07336249605676676,34.613647031339966,-12.280492925697779,585.6597155874213,24.284614038548188,-2.6587835786040763,0.41681931649527676,33.86205006458751,-1.3100323459037733,25.08507703998896,4.690663507096879,27.481941008879666,59.979433651993205,2752.6374827242157,4.700028361336173,24.787537200060406,59.066056017392796,40.21936861842196,99.76297355910378,52.968342567946515,2450.0423329739015,57,2,Developed PE
12253.03367852433,82.41311227330881,112.72193322805042,72.62186882648574,209.83002447425667,122.0069628313637,138.4096200019071,115.33220760691752,67.52816108375477,111.51636687527821,83.49074930004329,109.41005741217663,30.042658990034536,7.818878850345684,26.528502722343184,132.3371803544772,356.42986221246224,284.5898776676223,5.6869513694444365,205.3738074512246,65.6485184799556,115.79087077879284,35.40633916774688,68.40380136634673,0.1890983176219515,1.2327938002566836,28.08715773087853,8.68156783911471,0.6764594663519339,237.30030924642318,2801.649171027175,59.357763840006434,1.0242275511896946,37.5932591105248,502.76155244185173,2.8226246411799054,2.7133927487889387,395.4980850599757,5.123010273452348,162.57935762398594,2235.2406288706534,2.5592285313721335,335.7071510536157,0.8700285870971687,4.844266725610898,144.03363298435067,1682.270830230132,0.75582936893142,22.058435555875725,7.958162185037114,97.26075167063993,0.2543181666442657,28.82767993909505,16.39520429889999,1234.6320878832505,23.977177951941748,55.248488488260705,0.3803092132728395,33.39254101919503,9.569829970369597,697.229652467709,4.219918094065955,25.39288053727521,65.92054304286924,2572.82785560689,3.942945229659789,28.347678566838514,67.14496476896278,66.28678440996538,98.87086543685565,88.07352022287498,2824.580408278251,57,3,Developed PE
112.97788241961547,0.6617394106279857,88.61889717266537,61.68132977606198,113.66548731902029,103.30983145658513,90.1685618893121,92.6442035642461,92.80599752345016,143.07992214507053,81.04190459866422,142.50407352762653,51.113972516306276,14.89279853544371,11.332395995489255,175.96195035571063,282.4521617843105,170.49525424109538,-1.4694655577179379,1.3645200843114247,18.156027413547612,88.36410079203321,51.855693619652115,40.18562685422063,0.14793860020181052,1.0,6.363180624935166,10.824476183531035,0.3717075943687448,1.625650343963187,1974.7516832848855,24.536793488734265,0.6741079103383355,26.91346945814518,382.9149637722632,1.7299523745956942,2.998249156198529,328.15565541702824,6.085892825498462,105.68144859672294,1873.6986455076528,2.6906866437209946,163.7723890577058,0.509362679875646,5.115707237226522,69.23177881737308,756.8613550616716,0.4134973911421826,25.171197970015875,8.551637157287008,31.848943880290886,0.0778127487838429,33.513444424569926,3.296327041130472,450.05817109344815,30.47445311460597,10.67032642886251,0.3357518438426681,39.37709440630307,0.8429686977693134,136.0616570344352,5.311601354901685,25.668732004734082,53.002837773851304,2573.1476329396414,5.355054362149529,18.969206594404085,50.48381882709117,-16.30457623344069,99.45915991575993,-18.14832252233311,1904.7454963323864,58,1,Developed PE
3129.86405555525,28.988836714241714,106.31950272094487,68.38283787579003,135.83201629997552,174.5800697845646,133.22248177979705,114.6320584996658,99.25861274488906,186.11929644595122,91.57027717457451,139.38875803376573,39.28212437537178,10.112754703589534,19.97836689851576,142.47457748199437,389.345807468451,239.7473780111885,0.809611330454731,37.88495584251857,28.786317264693388,95.63775059319427,61.727977512355395,58.052209105612974,0.1459132710197379,0.9824426770364605,9.248980140990474,11.373065546690752,0.18961930463867807,19.683391871634363,2076.407796907139,29.28971282082666,0.7982200383605978,25.466571258341492,409.47627895419726,2.1840191730566856,3.021319239832713,446.4690867282829,5.84430844359042,170.27391698836558,2729.756015555487,3.063082710677567,314.3011664237115,0.7091048251011974,5.392878249414751,135.99084848042764,1669.7513999604712,0.5947699186999399,22.02519505666367,6.80213248502235,12.688241550024252,-0.005539111244619532,32.75742767233864,-7.718399511812983,887.2329619050092,21.395874979897183,15.355768892724766,0.41591053401214234,31.53749011444768,2.54997785837648,222.52292888653858,4.550605965404563,28.891700683968903,59.18154480069364,2930.042374827018,4.682384461336597,24.498777401608507,58.497374168994455,21.151722271358263,100.06844634175535,31.341337466733965,2448.9182505835342,58,2,Developed PE
8647.05382494994,119.4637454922402,99.96816967995721,68.95426086711343,228.99805723113258,193.0153748160552,145.15048644764616,127.82107761833865,60.12114064892506,202.5211677013339,85.1127223209172,136.46463345408557,35.26167379837764,9.534748212550845,30.779701745143083,158.9235497398579,398.80719107324705,246.69475444072808,4.665719933271526,505.78318659232093,53.29102511292532,128.74879208761078,43.677049018995945,70.43969460844039,0.17963311528818743,1.2311307136142169,24.47819602471896,-1.8554500485017975,0.6980996185322098,542.2580398017733,2555.187853226061,52.41857051004485,0.9289448008147304,23.51053693584716,465.6578063325609,3.274712810468392,2.582707133232536,459.8293712196876,4.907294940756885,192.4710946952472,2477.7315395894684,2.426973491313997,351.54173253878963,0.7676809210124993,4.6867406325756455,150.17877526460487,1787.4177333548669,0.7008273308978487,21.98898454237993,8.36770968609348,5.033640698707558,-0.014570796993839286,33.19864267280135,-5.196035658044648,665.7823366947778,24.961519685787408,-19.533711586363935,0.1172428293158499,37.72771504331611,-4.580275660795374,-198.4448534084123,4.734143438890131,25.36708321742903,54.87205959186861,2513.1314134471854,4.744328119125685,28.25786028422335,58.572056907985946,46.86353017840553,99.55747885894839,67.8685621384927,2842.788183994633,58,3,Developed PE
43.30173441948074,-0.04211919879003534,104.20179203037861,116.22703715439101,97.33983226878813,109.05286134013618,109.62020603178792,111.88314168647409,98.16581646481986,179.65292404493562,100.85736639540815,123.58266111786958,49.184311220472466,13.837982315762417,14.55027609013573,200.06099253988057,341.6926791022106,195.9724998532209,-2.2657222492075872,-6.0427385241275875,62.40092506456147,92.39805245212716,55.47677520631778,39.9464391801543,0.10515671731423754,1.0,5.0857573063104216,-1.3476631461195439,0.4621443437408214,34.591069213660575,2856.6259504819495,24.311456232813363,1.078624557748844,31.1354123291478,634.6667536759918,1.9410509206792974,3.327969372543161,233.78534871919737,7.36039855815913,50.875085560555966,1769.0391995000784,3.0853190667161905,103.62566468418089,0.4534170187304769,5.885524199034219,37.22378135673466,593.1022821002118,0.30629083595297313,31.760614981161087,9.84688623288183,-14.585325594220762,-0.020331413290389705,39.83693897038536,-2.1215864056255738,-6.08050128026008,38.247146620245346,-8.00935791066295,0.2395795281645823,47.25065960540804,-1.055926031991703,-95.66989429095153,5.7028638663337325,30.805007159784,51.42010916357812,3053.8693891431117,6.24948349323636,24.166284962072325,53.768908738902596,14.399101596331775,100.22805385946351,15.411749035805322,2401.8794730799946,59,1,Developed PE
3010.0754586456324,64.51031361384447,111.31401819564593,101.56455279813585,137.6272995024678,81.23026563610017,131.07779862978114,136.28706994566656,100.40269943644454,199.39865071663755,100.65076790475268,115.69474902179667,34.52758371396834,9.114069775696688,15.32005166920495,155.6385103364227,398.9035025379018,241.13058118763055,0.013362804029758313,90.10186676641938,89.5048201192522,72.71359792481245,44.410697609926665,46.996453133894924,0.1153698860791609,1.0509956287132347,8.710642982688807,21.198879477070587,0.1434225757339647,41.59811744240068,2978.0270841584243,12.97479923061822,0.7127259215193382,30.840154873500655,526.5964208004549,1.9432801695045854,3.3795981871237677,335.23325356227883,6.563612409803245,118.21000517584778,2441.0487111240573,3.188375632463665,263.1528015246515,0.8064486278929852,6.118339708638048,88.04004600656006,1509.3725087610378,0.6442756727302852,18.388282903579412,4.760485389328721,-11.600923065955406,-0.033195233556360254,30.646296422999,-11.323347041768884,606.0389061736788,19.026448757204232,14.21603478681815,0.54526421558608,28.903826710289987,2.600512171353535,228.40232042361708,4.1722333675470145,33.04858408170701,61.98244476133446,3284.471983818905,4.304830713656678,30.725219937165,64.274556080852,37.473903951870454,100.70264220959216,46.65865350100998,3160.410081286352,59,2,Developed PE
13828.956469181883,74.14506659372694,130.49951863840067,98.32616187219551,222.14109662286944,115.77326041989659,149.22255166486448,139.04169857372992,58.40360629768492,279.1973921154498,86.91344936737744,102.61797189625598,29.783766348478807,10.706700301905656,39.61404390496004,158.33436418072046,350.0721837952052,274.61863477758897,2.281838295745891,574.330334676837,87.31605331568018,84.36488299796665,66.7429434386145,51.96026678062719,0.14976387304551747,1.3039637194876037,38.11599715451443,-5.625273233003654,0.5125447676825079,682.0169303032175,3058.510512168048,17.797107207924153,-0.1884821587183062,29.358582444527897,538.6805235634645,1.8431463244344948,2.1063851549935633,413.7134218078804,4.954891297817038,147.90551733482644,2308.233182747011,2.235285303871399,340.09703341056957,0.8393245880665308,4.592756428059654,141.16685141262747,1843.6398881651978,0.7873834412110015,14.80525141188405,7.19179876004428,66.59126461528277,0.15401538587435878,26.052083755493566,7.450815987681676,1445.5236902171296,16.746593029673058,18.745306079614164,0.32444372199516114,27.693341486298497,1.0741269201704338,524.09077688385,2.3616941998099676,33.00743855912248,74.12490248426661,3311.1080343889967,2.386944071178535,35.979410991339186,75.2575525605939,52.2284861956025,99.89694744988303,63.514587302174405,3591.7556966203565,59,3,Developed PE
-25.517139398850986,0.12294256926222227,108.52837054807186,115.06070423719055,142.1533028867999,75.81467040754505,133.16897343983,99.6938040225551,130.91144629122718,90.97928000652877,92.07207450702805,157.02697028389878,39.15281400223704,16.443265555101316,4.868440459258496,217.0555048360018,299.110697792343,208.10077229614055,3.559327565476699,3.7571238060868852,53.18781059736691,97.89230253629984,92.99016690246434,34.61952466270525,0.123284608599459,1.0,12.419857529725927,16.09363287534555,0.7411663780623355,16.933011101518307,2540.1487254379063,36.01984377651324,0.7284485688767416,41.68281220158471,453.12755147448456,1.975576237913076,3.273429836703146,242.82671814240746,7.16521178916298,58.90290479909389,1803.1616456996317,2.6165518200177784,52.6631724242383,0.23173864821661355,5.215105670314551,16.14234911415523,301.9761804615235,0.1603087102800874,17.375341504641746,4.751600684819865,67.32511006033187,0.27272970824428755,25.669851574777248,9.006046489975454,892.5516019170987,21.551018796410165,24.931722977718003,0.3214735438999769,29.69172439966937,3.3609852886189504,359.42239914372067,4.362147678273704,22.874441392290517,58.47014559401495,2346.592924510674,4.267348530082597,21.088268356534808,54.62389695298197,49.40233447046611,99.30617008998789,72.20270462110567,2114.1571825194296,60,1,Developed PE
928.9507178497904,40.96518657050337,109.57308575497136,89.84513885467553,104.61140518704985,115.81784862646182,131.79645261308028,89.88440379832198,124.71719458570925,150.75887526936597,78.3002376928259,121.55409746757269,34.469719394703816,9.01275457626577,8.96925381333279,199.0407702458943,342.6434282367854,220.67435544623325,1.1320885781218815,2.3071237962672555,65.66467249915382,104.25139021359519,92.81741241139467,53.92875823585168,0.15762345696728858,1.3482043938962913,11.206456373592234,0.2516340021871972,0.5297247003528169,41.85730498087904,2529.294249021037,58.5776394422157,0.6040854543578192,41.01901209676979,442.12623591164004,2.067133283000983,2.871177663539642,395.21599862629125,5.781867899449362,130.55118121988878,2512.5181257517893,2.739087054380602,243.48651020192057,0.596911269886421,5.116591002139301,103.38202010735833,1355.2139335132426,0.5445805037961811,21.94752498361839,8.092953930366324,39.12413225369016,0.09364570363986315,32.45907887045374,2.081685117810954,870.9342936468211,22.676972570560963,10.52852743554304,0.3498736500963811,32.624013347554516,-0.16959560522261663,259.73195137201606,3.6947744161029967,27.429531030385778,65.12028522292329,2765.0400257896576,3.61343244049596,26.405194039525263,64.90999343711336,52.32622421151268,99.52813140569292,69.95418696754952,2612.291015668383,60,2,Developed PE
8675.060740928799,114.7771628569401,115.24260311026525,94.80038319110776,186.5953794565964,153.6487175601845,142.5570895156313,96.8194161993647,122.7943726598696,133.95884684742185,85.50878415254591,93.4401265485698,44.57290296586201,7.9025617106856725,14.266777446291453,161.3299245624395,420.4074448862216,247.76736297916486,4.972124301218798,351.8124700332374,44.96712875636587,143.84973316146858,44.70463698570639,65.00310595379402,0.15267980896364705,1.344517456099604,38.19846393855797,24.575050197069864,0.44820156733256883,566.1955088650559,3480.248534744776,54.882472071334824,0.9519635676561734,41.547616624071665,630.8193734739481,3.0173618510481375,3.222978182904417,344.44355550509823,6.216184960367502,115.21542866078933,2257.298124771596,3.0126913856287296,248.41558121777,0.7146654673822013,5.4015716723104,106.22370313153472,1270.6576286554864,0.5625923349842739,18.828001600793137,5.451029669626502,97.23068704188503,0.28038495668897584,26.095306609356687,17.153857114880218,1101.419310300614,18.057356018252342,70.98641526085251,0.6456560960771065,26.523268565075902,12.717165615891354,857.1784772750214,3.718146787543149,26.054657686438418,67.27365600928124,2618.539764436233,3.3984269436519696,28.298662186678538,68.34077045187345,101.1845576803185,99.36939737732206,134.8492595717531,2822.020187461978,60,3,Developed PE
314.83615884355066,0.46762991872009096,76.85715634599178,79.14092795712745,92.39195707041925,41.66117965566027,74.95769845879526,88.61484145715752,58.82565051351808,72.1680734343702,78.88810713615322,124.34935834854393,62.63808905606926,12.871268939504004,6.27156412926419,165.69352682552392,284.31863155269684,125.47599372924844,1.3163435824624083,8.774892993158193,38.247927750498,66.8548393000456,91.60422533527318,29.100722250383,0.10075924195267186,1.0,10.3180515646429,-16.74256856424572,0.41775041702775334,40.326152669538835,3274.0920837530057,38.453669890659555,0.6843923315967205,29.33717144370282,642.1592904485481,2.1878441864769567,2.3473866208341567,278.33699524131845,5.076198969118307,101.9966758658819,1589.3376439345611,2.0839236139283144,148.9265814109211,0.5467848102043869,4.395051751491446,64.42045737254178,746.6169763216498,0.4838565671986757,24.457030498031354,10.122554815458377,34.23796096955769,0.12849772950186367,33.552312803098765,4.151788490711095,506.677474314755,26.737088952721916,14.143356693283748,0.3715173783851915,36.215697673222344,1.6138298188866156,220.02402131450762,3.908074436980999,26.241117352206103,63.4683040384586,2640.630181533064,4.071372929182994,23.12346737283061,65.9748996720462,32.48975085627571,100.13616068292109,40.36259733174496,2298.8752293566777,61,1,Developed PE
3065.034330056553,78.97846076852423,105.14467175012689,91.92292214665505,121.54329211706121,112.0508452538099,122.2209379246552,105.53835853942816,80.465607088515,138.52767511051206,84.67180924699288,132.7345324700377,60.20490659759018,8.800158097526324,9.801177807598613,164.47595496651235,423.7146182184191,224.73089009569424,0.6142070904553112,24.239973815619777,64.48111183076075,95.52861876472076,94.29367381282084,61.01497371492401,0.13871310632662928,1.328289999877323,12.648622095113778,-4.268170585360119,0.3626220110742245,60.89844127656847,3051.7243967983595,39.77823148602411,0.5797248440245049,33.06495539498862,578.5836615553994,2.399042813372733,2.347014578232538,391.67378960466226,4.680834056498261,170.20178371733832,2197.101770222959,2.2530382371387905,335.19480687763956,0.8661722862771046,4.398994541504486,154.91274250584536,1633.7217310739004,0.7657224627121147,17.558184368016747,7.410242082618814,114.04732918346966,0.3211867968724495,26.032996376550855,21.838954050393113,1300.1100887112812,16.38526716398875,52.64486523898461,0.5717302954449162,25.088862317266383,6.870165539132376,801.1358792805399,3.502166143408255,33.608501910719305,73.89466097486287,3399.291896634248,3.416320371685901,30.27576809274815,71.49437180929698,29.741384375812704,99.81725511269184,41.490233227025676,3042.3193033368602,61,2,Developed PE
11571.372133266537,184.58086874498457,115.8686395484164,104.26737744269101,173.55467683086343,138.11540652135113,121.66504761847698,116.22676197098868,74.00237301103442,138.21258086465994,85.25820183913197,110.19217711379196,75.92575688553346,10.306678185979013,11.853808371953614,156.62684069762327,496.7927602742079,217.5776962677041,4.132845287858881,573.9169222260557,56.66290276944827,153.61792785695062,73.65072423825904,77.80325915596865,0.15115606304533397,1.4091401026361041,38.85944737959318,13.918824060147621,0.11502272832562277,623.1756791350565,3605.2105132055353,49.93361681956035,0.8397038534598914,30.02896649262748,730.0817712131386,2.9105283356222444,2.4095306669449985,366.04506850232553,4.880570538032606,147.94431438319134,2052.1732170894284,2.382635805032946,283.80376624262794,0.7728072628151194,4.446260661825871,140.41481194215828,1371.9339164475227,0.6803776716146849,20.448621808517814,8.323135086472044,50.33041057200509,0.15438431310636755,29.721704421780366,5.120870613693707,892.6051061898181,22.338463471688264,29.190057232861882,0.4960026208683528,30.74988560786141,3.578476998350786,514.7782719377768,3.390179690283973,37.554385727880884,72.6702460438089,3717.9128131256875,3.363610695060937,36.62403195728521,74.01916927822896,30.529075446663526,99.68634113063928,35.69860159423154,3624.161149749395,61,3,Developed PE
136.75278662139132,0.15211634642325536,91.63806055917061,78.80284316892555,105.10011554589688,80.3816886167686,63.80003715540765,87.68712289022919,66.13208833347078,129.48211826021725,74.39607335714526,130.55498138761124,41.3454505739428,14.86052213698919,5.592070416220841,177.60936831303266,255.55958645758457,134.5724786157101,0.9267549607604947,2.9272229825172236,15.056672342697986,91.57402118556746,87.81755044155882,28.537127124287125,0.11449741527834871,1.0,14.232656442727212,13.81439159491298,0.41564156329243357,35.64038943155845,2822.8089838688024,30.912760579033748,0.8093950129379393,32.820908566213895,507.0438993110481,2.007013708391802,3.120426662116313,300.6495471547282,6.634654833643594,85.7524296404677,2053.716083107148,2.820775996761703,119.20372226163737,0.3810054960245695,5.399494706673201,45.48194134662849,660.25366969799,0.3165690025502076,19.63381821706231,6.313243631256361,65.38505964334757,0.22474728954885453,26.255821315220224,8.970426364788825,818.3009030516591,24.80135489946877,24.27791371413969,0.3439786875459637,32.65853915907702,3.135311043005628,330.41223193426526,4.693932924545002,20.19658412985892,54.2620656249023,2047.2966351877076,4.652147559305181,18.2447039361858,54.326425303710224,24.713454154127852,100.14143844320772,34.60733921895199,1859.6519689231225,62,1,Developed PE
912.2792860740965,56.85441666481273,94.53171525894608,72.63363756555077,83.68204873710465,114.58528575977245,69.89354247856389,87.19460706819436,63.96724033617638,161.16034654785668,74.0573033291432,113.7755769735001,47.279470803845314,9.567997657958333,7.334717977602323,178.3707163094006,300.8155662178886,162.99209429827314,1.223816436398618,-2.5031206340408545,18.757676848402483,123.60407623737035,81.93078376191927,45.082587184569284,0.15033807396833862,1.2847659999049057,13.686150769040172,-4.994088077886932,0.491844128801721,55.9745236777376,2617.1493652685,58.561749472983905,0.7153996473139635,38.46961189390262,502.8459095222209,2.4055337544160262,3.0829560560838987,419.35753325598034,6.082289007184993,145.22340589966197,2820.2710368235475,2.969121390000464,301.6994163892328,0.6860823397625578,5.462895532328165,126.19468006480396,1712.4171410738647,0.6093382592172688,21.306332713099458,6.834823665662134,47.07948321530769,0.10324249785044111,31.170088123245684,4.294671281774785,793.3408406183983,23.803900944215208,15.219821334295956,0.3142588333089221,33.23285588922175,1.1128658783925922,241.019964499296,4.607082197266473,24.649088244602243,61.65596546877434,2451.0403350187757,4.407507785110408,22.12308126333704,59.949496575277585,34.79472045660021,99.42997444927578,49.01118047868021,2166.730069521669,62,2,Developed PE
7428.031843312072,152.54728614390243,108.85720221763542,84.55714615911678,204.65068215802742,142.37341149925192,71.53038261900913,101.4582153353867,60.15642893301002,172.75560154398352,87.0682644269084,108.03110263479702,52.32594260105459,7.187366547746353,8.892873841665295,160.83371934813806,454.3211804460774,182.78956693363813,4.781913058372973,483.47088396543165,21.482419041650253,190.53176584846517,45.04467029712294,70.53834466467644,0.15516361855275282,1.3135178986213856,46.8632307804424,11.182998191781904,0.39658285853155884,401.17187911500775,4191.706404424855,53.55665735799199,1.078968387526855,40.78083858386713,684.5553756546271,4.024243440916009,3.299536274608725,430.4520276679375,6.10892090867104,155.46245027620594,2883.470630337897,3.0581471937133586,362.9264894160086,0.8458991873250052,5.601987963208699,142.36487256018856,2106.633101509748,0.7347300365854192,20.902654353703998,6.432595726027914,58.481157412470665,0.14032769443228335,30.04639951997924,7.099734423314947,1003.6651974128602,24.183953582242108,19.917019369737236,0.3201895634326179,34.55590265286593,2.1150528304249767,350.2796675501051,4.771454558363738,28.986890647408867,58.337422435229584,2879.820644112622,4.7810889482355545,28.568151469805844,60.29942111941948,49.20606287078981,99.28033617975369,69.2093916803264,2854.85254221597,62,3,Developed PE
328.06892253973604,0.8704764500947197,77.00408646027276,81.90190478651311,113.5217319603095,121.91291970803064,94.04247501689046,86.62153218847202,44.63328042268385,62.83232122991355,91.51454015432107,141.24639602030635,53.39556731620771,13.413799121768191,15.982216105590105,132.00575973059392,213.8196520265685,159.4552929967035,1.4078691682092939,19.61535156643428,54.47656953646095,69.14967445874112,77.25803941538234,40.73421285889127,0.19909941288743568,1.0,10.525996304015832,12.558244646494353,0.4530580615867817,0.668963951717231,3153.954504936494,28.675328696632292,0.6295346768226023,35.29921354417175,377.721413609128,1.9180034930416918,2.4775237228658695,257.49465623690537,5.389070460182251,88.87921740252595,1463.3188900342188,2.048584533824197,95.84323079491722,0.37085451195964675,4.179581737818193,46.13132286407172,445.3124350390483,0.33137699389307224,25.576912905817867,10.389053333615266,12.982875788167746,0.045449551685609935,34.06904444674134,1.7558724757876556,215.2688438499615,32.74488559189477,4.117426977012656,0.29581529427196473,40.88329391566154,0.623861632499606,79.10286306439323,4.528884139063086,17.514049291124245,49.95190089239663,1772.4616488435856,4.5076649820222325,14.999471851781362,48.14831198758923,23.433803786341365,99.33012516307262,39.25658190923296,1495.5386669926218,63,1,Developed PE
1765.7764531471876,65.35890058713761,108.41112551857738,86.5296917515624,115.26849667810139,154.4416682794756,110.5932787686127,94.4148643490791,55.49999971752608,88.8276575618253,89.22781238600601,120.74008518472243,51.31789602273519,8.434847503078267,19.54988358218494,130.6330533089812,323.39597310640386,210.66944046438334,0.5239492047834098,-22.290522516288895,44.805828828687794,93.76649459092872,77.2873140663595,74.11589806166876,0.22824244189041576,1.2530872231480426,13.066730303376513,-11.550051651144724,0.5751228131957813,33.407357375930275,3016.7781690467364,28.19060978803016,0.5348620774602372,32.812329932270664,382.7244262151882,1.8648956068175095,2.360768600534171,364.44039488047736,4.495807071217635,159.0741575086242,1890.0907487084905,2.0365647319907083,235.1952846056552,0.6349525620744272,4.130670985112992,110.55990691391699,1077.4141109036784,0.5802399880739191,22.000420249898827,8.880663532743519,150.94229368215093,0.42434744790368606,25.722550834090374,36.32254832845375,1260.2819303397796,23.43017504210289,71.46521160456254,0.49611198174807486,29.767927192714424,11.888860203382004,915.4501372309625,3.4154263168047128,24.834449097660222,64.13052869988934,2516.05077229973,3.4860298418530813,22.580954490735337,61.52185990758423,25.947367434272813,99.70508947026077,37.65265279939247,2182.9498841727495,63,2,Developed PE
10018.755215806927,166.04563832181614,124.76828325959909,110.96686494755058,205.3348769560725,204.57697508846996,126.61386966040928,125.51748252779161,59.532688903413586,84.15336135553264,94.64583549182852,118.7118937716892,73.87094620447866,8.342150128085208,30.157534673388344,125.11590656403527,394.3102842350672,236.76772246642406,4.891599969403216,129.30942762553076,60.25383930137384,140.84645407817914,40.52397547747668,88.0074512566784,0.22306116047639912,1.2203621910380944,24.498804299070514,16.57255035330657,0.7024939749350727,63.32958222366568,3781.3718692921348,43.291437418938735,1.083683236666806,34.43138559900997,502.5914683221291,2.3593160809047906,2.8698282043269137,335.250204864986,5.388492566176031,137.9786629722576,1934.8756976889138,2.7020793520745685,270.49930073065724,0.8036950037967634,4.742772524002186,139.6905234665921,1232.3546608268373,0.6612310944827018,22.022273822010625,7.3069536755320765,56.093263737373135,0.17248665032133081,29.129266631078874,8.52591164564836,687.9086636703803,23.084006577288058,45.17299533236195,0.6003738342141909,32.54307574927169,7.536682242461515,588.8181140056726,4.064307074523598,25.395724305494653,63.19404783726339,2531.032403100419,3.9025498326413577,26.53891994199895,66.39617776827625,58.22922277955256,98.63325099625555,71.12957880628733,2611.970304765602,63,3,Developed PE
19.93096232057971,0.9424954132523458,95.02338165009091,80.65796538975039,106.22662548898415,44.63836625856089,128.7816874246711,91.30123486776732,115.71819155163386,93.68014949366336,88.83810371769992,154.56058180395334,57.89378513950368,15.083539230600921,4.869822137338914,185.81746812508368,343.37654112388674,168.99789376974525,-0.07478660920334557,15.55246415679879,65.3685957174886,105.55669724915425,66.79310716759844,56.55116328608054,0.1855665211582576,1.0,10.433052237127825,-7.758563917816158,0.39989883059499753,0.4554418041429642,2430.905140253942,33.16381360352854,0.6529262762236759,28.652987310971284,386.12889539933667,1.676261449896904,3.075372758514816,323.3780087330248,5.735905934442063,118.92656755793914,1759.688475029632,2.373699090466431,163.9807169746619,0.5204003259558065,4.897061290208927,68.12480301183615,702.9110331781708,0.4426818338085057,28.68667674212035,9.79219043215424,67.904855835637,0.20558649090697734,37.767006530198685,8.204229801551481,814.1549840352307,34.14866228249157,22.982499861671506,0.16566198448248456,43.51510612273317,2.446510546908149,311.74115515256597,4.019558113999805,32.665638259062675,63.45843362278708,3268.660092443086,4.1184129967603855,23.95651362595077,56.32060743273488,-3.2034948173894335,99.6331549700999,-2.217347582056675,2365.0751969074363,64,1,Developed PE
3394.728607524472,45.4790330845786,124.30250507658087,84.80104417169461,128.48039473357963,123.9915158530177,171.41553504914282,118.24258312639996,147.58879166303473,159.21915048323575,102.37854327382291,153.746913766491,43.745365990854744,9.860385657132637,9.098712303313677,151.8922431529718,451.2079339739539,281.32322167611477,1.0911394162649979,22.48127024952017,79.04645400011141,117.1647080468515,80.30726442906567,75.36393200966984,0.16970645778111623,0.9023838678556206,14.396090000816695,21.26374219517143,0.15592067206695706,31.50787418121631,2505.637435861849,53.33535266597163,0.5036571193634064,29.147731256398867,457.80776575451455,1.9285114364138847,2.9083487451245014,389.6013893762131,5.932813454511494,134.2572022486345,2379.3886931308134,2.8619343828768438,246.51060633445348,0.6344259194194337,5.058948260695273,112.40593129992945,1160.8514132985163,0.4884295973630639,19.880434186774472,6.530592324809138,80.65040519661358,0.21110205473749627,29.271043390599253,14.95406951149937,1002.3534700048737,14.538202482531311,42.88223037035759,0.6136684667659205,23.98882410950842,5.724067215566666,664.268917362469,3.596610013197084,33.86675195974296,68.75202915086446,3461.244025074825,3.6683662747618713,30.344408284777945,67.39677378932686,27.320554591149957,100.23538508696659,36.28807204750319,3023.62814911681,64,2,Developed PE
8858.036984565608,107.71561326925716,132.62256952419625,91.463609777799,232.8498592322456,144.05394674612023,212.5448615301662,133.29596658465798,108.18874649746833,116.2052710389494,96.71885911621109,139.85898445915817,44.66969350257489,9.87948673138042,8.302209947574225,165.98220449606046,507.1903698129174,276.14096362660854,5.643368539588588,448.9001473356062,95.98498958602224,203.3826137692389,45.92878854402769,98.33175728824483,0.2060475201892433,1.158350207429087,42.117853609644726,6.095857547021797,0.14486437639206629,927.0407801183976,2862.012681302544,50.197308268669225,0.8719131877722905,23.34593289960372,589.9949435279381,2.90384058996846,2.819245469443678,402.27296051780434,5.090341354763194,169.72257807624797,2058.4242508388666,2.759330507884886,292.49425365974787,0.7218915577948085,4.684747075463597,147.71882801180666,1313.1498001040811,0.6330012993308571,25.121952611359497,9.121944898129938,-9.380460625651395,-0.036049466195854946,35.877168165141725,-4.659925206533211,370.1039565718054,25.241151246981364,-15.704109587383734,0.4117588069807314,35.089959225146565,-2.3701188621756994,-207.10953131763733,4.406754387949168,30.042782261117292,61.5571909987971,2996.221693534252,4.321894655814617,33.36580197483605,66.07002474527688,48.02302410291705,99.72098132573876,69.21203542365487,3315.8392536108636,64,3,Developed PE
203.63105736945272,0.12799723109016012,89.16502414400347,86.50561259263108,79.77863386494792,96.96286710514183,82.49540648524797,90.8618713774389,60.50603480642532,100.80970856466746,91.850918771422,109.08729575144528,74.01211832908061,14.253362763717591,11.725869615230062,180.2863935458122,283.0409338726611,180.2514825523733,1.503711338903215,5.712464132035797,32.50154402541705,81.78835371813346,95.13123050425746,37.2187254215814,0.13378976582666371,1.0,12.4869407632776,7.144942528051423,0.6106050378012614,36.823972145812526,3173.9018142864256,37.88754403249985,0.8630579783550847,32.15984679199924,590.122300490638,1.9096070554093894,2.334167290934678,281.55076700536966,4.999475323422491,105.31418490092477,1489.8091537431621,2.301397640419485,163.4935066697921,0.5786732482633872,4.486085206525303,74.09786667762708,759.3685809479982,0.5101631005633851,25.125779445106225,10.344954891380892,33.40541843805411,0.10924914974860593,33.083114838172875,4.2184533278242,380.20355608800276,29.64733607456435,11.009837986344397,0.31879369988393524,38.30516728887838,1.2502555961933408,119.96187235814833,5.539312755100661,23.10063051732557,52.416804151437425,2328.877855459786,5.562194789565122,21.38315575049857,53.8002864520748,50.2165563013906,99.65360712862466,69.57438808933667,2145.622738512142,65,1,Developed PE
3753.087425798679,77.09010588789693,97.83606145106752,81.99555428301991,81.45623102159945,109.31584413870712,87.28289247922174,98.86354155124889,63.38889661232726,141.08359680529318,76.88438964340989,92.94175692999094,64.35580032684891,7.7392110022000296,13.017266366465906,155.28576600484877,313.5255308506522,229.51116418897266,0.6344842437614324,28.09194625759492,38.14406366457835,109.37905899428716,83.86439906521449,54.091575691465145,0.17342695788129867,1.3086008482580849,14.549506382801216,3.860616679236176,0.629839188579435,63.06793886041612,3008.1088336301013,25.519272398976497,0.5570713465304322,34.73913336899955,532.0331278141642,2.041782736128235,2.2934500145513352,408.33770535453675,4.452583750512479,181.13850579505595,2373.6838877670534,2.302780991055158,350.70520659268266,0.8753823876336677,4.558366329413816,155.38937068218766,1787.257877069875,0.7713366184572813,14.270682966346524,6.328272301866843,136.67049708649157,0.36115759230551525,20.327936105356045,25.652289229844985,1515.5715881109522,18.51860257520993,71.86577742255955,0.6169966370749064,24.339799223690097,10.635362607815706,952.6951307453044,4.316713186012495,27.64549065500629,67.33675369551604,2751.050488254858,4.16463693111336,26.592775796359362,65.56728558757712,47.38421674302589,99.69675339552757,61.07961002018275,2668.124206981244,65,2,Developed PE
14908.29717089565,189.2461701590506,109.58871767158584,91.89485047488647,110.71372490932569,132.52802819986957,100.35147838333893,106.41924597904672,42.01453302158485,149.76068739776525,82.57026520732585,92.2851679643433,89.51351839453375,10.628389276530523,26.621950872800053,150.41371757837365,428.5631997868303,246.58584175393352,6.173562803933945,518.974825064975,40.20029915510655,148.1420322054911,63.414463837208395,76.71367583818488,0.17326647428582914,1.328475111931786,43.10093072895193,11.006980800984637,0.8139775043354469,507.0644377328683,3695.7162651975855,45.42947512347863,1.1628059304027323,37.429376672157154,680.7896336612895,2.437499102634198,2.6231952782987467,353.4480678986621,5.5652647631663905,124.57192133290005,2324.7740629746777,2.664013672104239,263.975209907919,0.7375238109182257,4.955590156895842,120.73778795631122,1440.0785441328107,0.6257670627551336,17.98585162362085,6.968357160868736,107.19234870558634,0.2931150505336181,24.963693465436037,17.8030917492491,1405.5626748437908,22.0927091828961,65.37246406744367,0.5408204086171717,29.357914266128116,10.452161498300594,883.4875790412283,4.546014748938918,33.03488484971943,65.21269136769182,3288.581720222585,4.671675531191606,33.16833076857961,67.48513486384549,77.63239124539909,99.74438090039071,99.109960285298,3299.3488862989757,65,3,Developed PE
-90.48827474360058,0.39329462711350277,105.37923365459548,91.03621396538189,135.2045616182803,85.81582908532124,122.02731900241905,109.19897737625593,144.42292889587435,146.0314026413362,95.57558260392348,132.8430891824234,67.98576882831944,11.102852826760733,-2.094608582325666,176.8848631313545,283.752607623153,192.51061651496585,1.998641288174201,-2.3141709447101615,39.13469412762825,126.21132311757935,82.17592782092406,46.41524214231023,0.16856999591079905,1.0,13.98419525486598,4.428225137721477,1.11641755668152,58.87058761400422,3204.183430931068,23.354091784511663,0.7771038316414199,45.14089296484124,595.8165558048568,1.3643863552300486,3.149820501778012,250.95740306933476,6.843287685918296,65.9598108934793,1588.541659791818,2.91511510082563,119.80593957237899,0.4742493647961695,5.515643269033065,45.55032286755869,573.4481932859961,0.37741336462693076,21.66737345813782,7.328286661135968,67.81017241946842,0.26079478140055823,29.517328948638642,8.382414723167264,897.0986747477027,23.997084534885442,25.7338957675369,0.36241380201237666,31.650450341576327,3.286625951893214,355.06770489442863,4.473238510774194,16.68275286994828,53.25991467702754,1708.234744194852,4.276965050770075,19.136323736796548,55.932238213416085,20.61217002971185,99.48192128279729,27.358987922544504,1926.7598527248767,66,1,Developed PE
2101.3102349976507,62.23602835629285,108.19028298019052,74.18415191358449,146.82914611662238,145.8706601615126,145.6599837618633,115.07456400033614,138.2488619530765,187.25752684293457,87.54015070444913,132.2202318413148,50.781990615646855,8.064342922262622,5.76748896687235,233.9736109751062,366.01726014474247,273.53662465022853,1.3616542995411909,56.230293562716014,40.868638155783074,161.48473893615147,72.68631096161477,74.13694081461874,0.20978828171806743,1.2881629711736078,17.167596243233355,19.047886807861218,0.7391438837169695,49.22590480721184,2872.02787191344,74.87653862429289,0.7060129146684594,51.37105363275043,581.0246848586986,1.666216240829884,3.0905267987824026,435.1295806736601,5.839261232300832,175.13455163210375,2478.3920815253073,3.157713844235312,314.33901411356135,0.6817229449777394,5.398019155276909,148.1194226744631,1657.6066553212495,0.6491535034826936,17.70124508812335,5.290324132794068,72.67325471378084,0.15500559890596388,27.932047801400667,4.771833239805607,1368.2173300661361,18.45547181845311,14.8585489260678,0.2301853109519402,28.345115882747088,0.3377011887544672,296.22704784687755,5.782660692413008,26.510530380386168,60.28238611633978,2615.2940272140286,5.500797870006513,24.548286174373754,58.27936525558813,46.5668146916389,99.65575149536241,64.06754870841986,2430.9652150654624,66,2,Developed PE
9630.612768920884,150.40873788991337,117.5524715593186,72.52840726315216,236.02860616322945,130.3110275583246,157.60848359146803,123.11166775268194,115.06469906586457,170.25191363729238,87.09600209211467,93.45093199650188,48.76518447099513,5.399858392449616,-1.1969946087896375,180.6734360747002,488.621277946858,287.527148825782,5.531254030497027,709.154921085347,23.135143437503572,208.70097781217896,48.296521648137904,93.31934664767158,0.19881226862505094,1.1906504526356727,61.12888740561718,7.790060997734673,0.9841188108999437,378.5264647656004,4108.740539907474,52.972958928840164,0.9649545735242633,55.33488702036533,729.5503020589623,2.8307045222667164,2.8397250269388334,447.97472583368216,5.353020753725677,176.47681133482928,2549.8993239720535,2.834620814378677,381.0411540929301,0.8872922130350182,5.169241770953132,161.5059869487342,1997.5630308039695,0.8186526050629548,25.581640358990335,9.512732443684063,79.34080811179962,0.1770889517888221,36.82254352172736,14.302477221989466,855.1083123815,28.264222288911995,37.055787910692004,0.1354719519639973,40.65078180501362,5.824073305081424,493.1067758004916,4.266081106315875,31.45281126479638,65.66034751238925,3148.892984263926,4.304885752279048,27.48339363922568,64.76643405577026,51.11963105436881,98.61246162899609,71.15776175029464,2807.1479711519846,66,3,Developed PE
247.2851144806458,0.4885330002248433,72.88709820042257,91.75449183598113,128.57960829486652,137.7504400430746,112.75868722963996,87.77083172509522,118.07892618910903,131.0324003602254,92.73517692357362,118.59251256877299,37.465724362589114,10.878851573536995,13.29466280189929,164.7955831928317,219.19510232614655,159.92385742063948,0.030288828242391874,0.348636275299695,55.056568951457045,109.01746560117414,53.11792084337398,27.920503844662097,0.12929404959503518,1.0,8.615745703756406,2.693708921150469,0.3231445647079829,17.244029386893807,3029.947838767192,24.52341909977432,0.6435941036804397,30.69957714838154,496.64142975695927,2.2174093589852353,2.5494826022022625,238.74653528518735,5.515716375003019,84.03803862783698,1352.794939296392,2.3695068856642827,130.82763961847843,0.5483665632270659,4.610855277459102,58.02492814669975,601.0639931748533,0.4590358230099772,17.007486524477102,7.039082187602501,29.778451013786764,0.15676052216728273,24.62716694762927,4.195667128572446,546.6047361842201,18.667452959636382,16.927961948109647,0.5379915254597359,26.123464839888946,2.390377290739786,289.570746293395,3.4646685197108704,15.750319343032183,58.23563699198946,1596.7285352037557,3.221846833547828,16.823416413433396,57.892382210107684,17.763699518357434,99.3219092459351,27.6066879734611,1676.1035119242501,67,1,Developed PE
2240.505468030441,20.397742600431386,91.84181453553208,86.77149965723098,151.03859381660405,182.53658848866718,151.32370997536358,94.89351010671108,107.75845430598929,177.90509496114507,89.91076384071226,125.11687220312588,33.16768591920281,8.48035102602992,22.710440673304667,173.14657654717126,357.07362439130947,207.41809174202805,0.4233274727200198,31.02603029715975,81.35562159136822,107.52522641600295,58.606621952218106,58.66463112037076,0.16458590831454512,1.3009543736939944,13.72279263794385,2.3669046103841618,0.1832916886278092,26.337449860385355,2738.084548493775,41.14838761922389,0.6447014818028781,23.949581110120235,400.6860242930305,2.0925960054056425,2.318020048709212,346.1669684760759,4.583124393385709,158.95829176216077,1709.7344393192093,1.9097691911001509,212.6972226084731,0.6208854124159493,4.114277045350147,99.72269142981438,1007.5593743383238,0.6165578036948676,17.342357402972052,7.172039580445524,101.69101640262296,0.2954813482541425,24.54497546363303,20.771732477887333,1242.1812803524442,17.700707091730685,40.0146830739703,0.37444185847652145,26.259964544724742,6.079986441165815,633.0405411820391,3.421612174844827,24.449586488256838,61.15255404413682,2481.826834282852,3.5116718483961598,21.05323404714284,61.14368437815813,32.541778598950124,100.1515206978124,48.46609648739199,2115.3581371724913,67,2,Developed PE
12808.963779060625,143.0394228433274,101.7310797052297,104.95779432607962,223.41130359935613,289.9451172111221,138.9022491183498,113.1142023594682,119.29113289055084,205.70136411319342,89.75865925332158,81.83850796704044,42.81144784247079,5.425312364548765,37.674613797107305,120.5961211813115,422.9951762825998,258.44291415444803,4.813198417115835,382.47003833041015,70.60227084323998,152.9035569242968,54.52042356174067,61.253499910521015,0.1447218189494376,1.144413143295398,36.257948018329756,14.975890316297283,0.5436793362441202,14.189639456415534,3293.3894545849626,51.945649809750634,0.6373970965427918,24.81422061020514,479.83728537693634,2.383363171414987,2.0810429626838136,407.67302925176455,3.8495468001658106,199.60740116147954,1781.0616072806652,2.0481538770373904,382.7436897399043,0.9780669831438532,3.891701949235297,194.24134627301987,1668.8670266675774,0.8987013550664895,14.380874018810218,6.512892107871682,95.50272811225067,0.2629163600922661,22.128437300884276,12.940410930194103,1295.132998239943,14.835876756478026,64.49681063872096,0.5752928097718548,23.53474622713219,9.46166517340909,919.1413494336343,2.053787394398696,29.95071907133761,79.58572392547273,2981.9018156291554,1.713010285869371,30.555402908825666,78.10306943263615,60.66557076429058,98.88940184187864,81.25992512241575,3071.090247476285,67,3,Developed PE
241.26514957133912,0.5339279005679917,80.85147316837242,106.39537595040137,121.00014219472459,93.7301747843357,102.98793664859132,78.19142685568366,98.89516556233727,75.96284963282253,93.96970904627857,127.39847269962516,43.319927707164005,13.698177071788265,11.90368584240354,169.47508307174394,233.69964755309155,184.2270143880626,-2.2302772923016043,2.5490945482878153,59.09813153964036,118.3273882061689,61.74277548736132,40.46839273346635,0.18025210813152362,1.0,7.9259130614826265,5.052577927370093,0.25918519345805613,-25.26206606063319,2302.660756001721,39.22625687167482,0.5407702750534698,33.75650202105975,302.3945848933275,2.0290440106268433,2.716823031825477,229.32149120413578,5.7512355555224834,76.29096978654584,1180.285909400743,2.4413709804710177,134.21939947009858,0.5722176625592621,4.816905971635902,55.08178619222863,593.3369857473331,0.4876866568484488,22.67961134339699,7.524536224498642,19.762864647453647,0.09810648260629996,31.927379139061266,2.070748096408827,313.6842527829923,26.190455557460687,7.243636806218518,0.36071973286008696,35.70945550289694,0.7336188439639397,100.76422499784947,4.524518270449166,21.144160882438214,52.65676860211623,2166.0263854856844,4.394527333133401,15.521637405700005,47.074322928193894,-6.491455824720553,98.75382819806184,-0.5052534531260164,1528.097547039664,68,1,Developed PE
3249.905812159548,88.19790698669107,92.78614848035296,96.40044586304876,116.39819400672783,155.93327057030825,119.78688033489651,92.1076563170912,94.56551634526974,134.89329691005898,87.4063221966097,92.76297076463607,33.5503553827167,10.414253147613351,23.072908390911692,146.86907679952455,306.1668991983865,202.1850910501514,0.3471981817721983,28.239408304931743,82.17363828341784,97.74782447597018,60.335046109487564,58.678581694018774,0.18851041767129068,1.1221543359465485,10.947568342282924,10.384362007186356,0.179714725678639,21.74767392339242,2641.872807812392,19.75109751294131,0.5960195884567212,23.306555631175534,350.7601479215846,2.346490533241221,2.44651472386173,309.35243238993615,5.011411702736106,107.24052102340295,1660.7842700241438,2.403100608098846,166.67184593176341,0.5992246369356837,4.626892218192678,69.93027397350471,814.5340698037335,0.5272182434739474,17.211509274462248,6.810067743615237,33.57461186634526,0.11389215725184995,26.42585228984225,-0.6352061592414522,983.2902218642148,17.01385548505726,26.567202723363106,0.5794465053733137,25.362779629323512,3.571477033932659,434.9048485271962,3.8102274740395377,22.94840133558796,55.6603294276821,2396.418002471543,4.0232529061667845,21.53005580592342,55.62115738720757,37.26822313011704,100.00926960995457,54.351730554933674,2178.855355144624,68,2,Developed PE
13029.814475439125,198.13648005419208,97.2043489610767,109.70191232688762,168.84419328110093,222.59335134246567,142.64911878991967,106.77657677844422,89.00752679527889,154.5559471721816,81.27359777020231,88.8541522375137,49.55617685125561,12.09928503759036,46.813245579512945,126.4223344199855,333.98916816282485,267.21377642158654,5.905786648338077,326.4911439417615,77.34510097276967,116.69395471187697,56.415634317910055,75.93705015800607,0.20874605104245597,1.290821189178466,21.96589904021748,18.89873630875468,0.7011729030384404,372.57113648795337,2682.869151850223,54.04538063698552,0.8455570684732499,25.688028897499464,506.59494281884633,2.556995316246071,2.3169316684018906,317.01924501346485,5.044541470810568,118.85164524135382,1789.0912836146897,2.1845801305676806,219.25559505335758,0.7153762378810846,4.410119512999672,101.3776685282595,974.4846222932513,0.5721298648686814,9.154141474888032,3.5438490927220325,138.97837195767482,0.4012589207321612,16.03603125212495,22.213638324933473,1649.7804350567255,4.35180109215575,114.17818474766013,0.9060520599430737,13.868461700928329,19.13383669504439,1383.5124367604217,3.5878243772408376,22.641882333720734,64.70137494733981,2259.7867072948284,3.214408818852312,29.256656513795452,68.81278743139178,129.58393837817405,99.20769021589142,173.25100919584474,2941.854620583062,68,3,Developed PE
-206.18179815454923,-0.009370483560833753,107.75013412999158,124.28834720477263,155.82278311139314,67.2264043684261,122.28920051536286,101.91002202181365,128.8195872824247,88.51392769237975,96.58193732869823,149.60287382115388,60.320399113011305,14.714748665382158,1.2660103088944155,175.27828115709963,231.70736518659731,209.58159639423295,3.0417151864467096,-0.9990742320041965,62.059771420134226,85.32452225911658,87.2751519852127,26.378694810370046,0.12161583617015201,1.0,8.215408029070502,6.873794131879458,0.7326283101349031,26.457837315388808,2378.553012715918,26.531018126619458,0.6660149157139609,38.051684307224946,348.20279190815666,1.4965243241231199,2.800733162839037,203.9751908770993,7.182137479869194,34.93812486578607,1565.513556974246,2.3238398638689572,63.73430894528761,0.3451021686602117,4.945477279230757,19.230377621905177,404.0397457736364,0.2541790999063297,17.095500790985056,5.718516675363183,34.67508005914719,0.1947973868676265,26.209908576473396,4.382380825630346,639.7084739563268,18.58471707496512,12.899887873510652,0.36619643018027936,27.771321875869578,1.8735383129497851,226.242159026668,3.3953172711260065,18.07321055810104,60.69281265672183,1843.118215828153,3.4064377597632953,18.559466465648903,58.54861390478523,44.92892017806939,99.36563226847134,63.92774422600199,1864.7602185575768,69,1,Developed PE
1837.7074721461208,111.18177363944478,111.89833798797365,104.26259487548268,139.34648656293518,134.17277189190577,139.7808479937912,103.01899191913249,105.20058095555389,171.99950165091997,78.15624051958235,116.9826829265985,45.35003541920766,7.1456975862199785,9.688160711931463,178.92164002176753,303.2032538155362,246.91290659218384,0.5775238898796229,26.44415272060024,91.34116484094386,87.08970130933308,89.58483480142293,52.33342350307816,0.17095090310004632,1.4046450725806716,6.851630871512856,-1.159559511086906,0.44464890854008826,40.661192509940214,2348.0141338164713,38.66791703317741,0.6548048208152956,35.62589139638352,349.7283708415844,1.7345250423979244,2.2910704461004894,433.45560528647627,4.549756790539523,176.78061651556746,2338.55892853613,2.245251714163873,397.1345734619805,0.9639954903151016,4.506278303376973,170.59869416666575,2159.72329899508,0.954102063929775,17.703561331511317,7.920455688959233,54.5718318440552,0.12324087546622471,29.880479271787543,1.5341899550537743,1371.1057044130687,16.49735913814828,18.084561906883703,0.3673595989742379,27.42701056306115,0.904782747623611,411.55636568059685,2.670253622228042,24.92615145472918,69.25098674988885,2512.7403039236115,2.6771302660835192,24.47238300388114,68.21299181250187,45.772711172906355,99.33300836794783,60.45161236617886,2413.0070917319176,69,2,Developed PE
11435.203292240107,128.7963329788252,125.79153304000488,106.97273571203806,196.52728235476053,142.6585909255859,149.28128261021092,110.60670681610442,118.51439624408235,181.0302807492938,82.5504425350781,86.06609482751236,60.217113943683806,7.919633195380866,14.809026853337661,141.07146799835365,373.5665020577808,281.226934405936,3.2292922462750964,512.2177532173214,62.161156959904616,91.08884762584637,61.573462552934544,66.24728205721793,0.1677508923075749,1.3723656883247297,22.48310070129105,22.99896188157215,0.5309157519134229,211.66863323347064,3020.7833352047774,55.41501012314927,0.7053232885994326,37.41414988823486,459.40399386519846,2.067418957962618,2.6584424195009033,332.3623265631036,5.642291863114659,115.06734376064837,2083.990700864773,2.3214828547654665,263.48789829966967,0.786484857207878,4.780264446753549,112.43161473997489,1314.934909463881,0.6519269104774967,19.446229610721474,6.846348654342931,75.276559798543,0.2289884161139361,29.33345275704735,11.661476188618638,931.4664584499019,17.599228706135055,35.946697933934246,0.3535094113940763,30.53140290286828,5.652516571345023,565.0043688686523,2.42414541096778,29.03720881751526,72.22403901240511,2912.285650062337,2.0603160279442214,30.24786469449643,72.02839709566774,87.01112581518804,97.97799203881088,105.83243624262357,3029.6776405210317,69,3,Developed PE
235.5014540785408,0.03445031815406879,94.43120367245642,95.56620489160305,91.64540452061358,94.99079254351363,95.79931684190322,88.89133918647246,89.27134051967951,93.50356502391286,78.6566835915322,144.6742292694925,45.72035370870834,19.33509323060606,11.242779688664031,179.4267779237183,271.51918936101157,194.3600130968504,0.4272116626976299,9.758909193214173,54.10920312336518,64.19693514163484,85.10614366446951,38.341115729719306,0.1447577824705969,1.0,12.70078894751935,16.6399307147202,0.29520691326101506,-15.496654856247833,2431.7472837023156,26.279572437179127,0.8231402037359618,29.604467266714146,332.89380466100846,1.5938102213236531,3.2349657840345047,294.31760295370964,6.641343133283877,89.10017154667243,1892.9473754613675,2.4884302466624506,104.31278688276447,0.3402166890436342,5.215622138055766,38.567817200394686,531.5995073764799,0.2915842193725718,15.782319041391688,4.648257923881825,74.44893781845755,0.24808706336343378,25.05151423484992,8.969059868154858,1005.4012037557845,17.674079098410918,29.502704953756634,0.3428266100886892,27.279528154486467,3.4466028801338746,433.63870076805927,3.821907962098374,27.578120700149483,55.780202847693,2743.4289163692765,3.8618545498243697,20.437072107514823,52.194085985994946,7.435329693021345,100.12424946796753,11.25108791468758,2044.2236083384162,70,1,Developed PE
158.23837013272055,46.71609809881026,104.71910702646504,97.31121689034958,68.14159108625435,132.28132943080024,107.75142160874725,98.47835814065849,105.39424231083626,128.29966351135917,82.16716186926742,111.55646035049773,45.04849636800394,12.846875383581597,10.334370318167652,159.91927098867325,340.4111130640637,211.3878617008021,1.6848763642431746,18.369569554814397,63.720829616325666,78.49161780860487,99.09327400261563,47.76981236242257,0.14015240228115508,0.9440038353642279,12.898129322077503,8.839730203473513,0.39617347388335183,31.42453887430493,2458.8941225941207,58.76303209619793,0.5989664677382163,30.696305208693005,438.5290192996009,1.887836808973759,3.1434431240643876,343.64750173041534,6.699098728118084,82.75965254250755,2426.2210558361885,2.8545622647838784,219.46226509297975,0.6284414809057376,5.553018786445297,75.42965438272122,1220.9308245213408,0.4995041397880967,18.121536706953346,5.456938444157267,73.043283798345,0.21339416929602695,28.85609814963915,14.13645909886635,864.0822617406479,17.358827619958305,31.275073953152823,0.4122468551644267,28.36279800648146,3.994482276626951,481.8927985512517,2.8888350762812713,29.163174640152597,66.09307296904814,2960.7188810874372,2.957963944022877,26.812355761068616,64.05136108047381,22.13449361528902,99.67642079702513,29.443586948916643,2633.252067103495,70,2,Developed PE
5156.1437629680795,137.29220598563901,127.60324874430907,112.39758073618222,196.8107021535368,206.48335967792232,149.38234707200073,122.60297904514717,86.74518922478114,154.67704388259503,90.99385290827634,127.99288907694793,55.32112589820846,10.99942727829708,20.87310092114683,162.99857882968004,444.43232252917977,231.4202376592503,4.688463532194,667.2641136867612,79.18413767750485,163.93497410311042,50.51608386598602,69.35854573263671,0.15940526897875804,1.079620348424082,35.02383603587531,8.959521906973311,0.17703960328253715,912.1819716813952,3561.9703874941333,40.46614796141538,1.2324432682563258,30.35525473687474,605.6595788746456,3.0386521412295844,3.4901818961932385,361.672168582812,6.5757803592989745,116.01384456248675,2359.670322900997,3.2941468187582252,235.33533379354844,0.6396993128596571,5.572623131167152,104.55376391922405,1194.7073023436033,0.479093815791267,21.342687371260805,5.827030443096476,1.8397123624897205,0.009256759159948752,30.9635533879191,-3.4006422131298333,526.2090088878655,19.40837922383233,-6.669470075016065,0.5978226831688491,29.374775318596193,-1.8867804932111074,-39.02319546131014,5.066056506015114,28.112275667655478,55.18737320174129,2817.3607953621517,5.0107484774775966,30.27601398213043,59.744957643884625,56.287030012031884,99.98401791928539,77.79472845953073,3040.582795262938,70,3,Developed PE
248.66140268266219,0.31292791498074113,79.9029279944482,72.4215481758602,80.42913309872031,86.92073298637716,71.04604316394727,75.25739349301266,71.55066664704525,90.4416449644644,81.91101214019882,115.09180100649009,41.91841066636647,11.85910852167909,6.227349065351035,172.01229392230937,208.10489442080092,125.87838648630402,3.0966078829391477,13.891421624878358,52.824693299294786,70.37126116590824,66.9536414452566,37.974103475065434,0.17062475187977869,1.0,14.062803894724052,0.9244281224982949,0.23034501155166492,38.367240066189254,3239.032068311274,20.839955880889285,0.8850651255188935,32.84177830299355,540.2244690513196,1.868702671454769,2.2306664663611517,288.26149474831266,4.77838826968364,110.60441170456875,1586.0955446997316,1.978978957852525,172.08606599747935,0.6089857014315431,4.37886040446714,72.3052564943784,832.0620446450384,0.5473651867736542,21.996407192749448,9.99742233745679,32.53480191151846,0.1076833839264955,31.09164356281498,4.122715318359163,464.2276576305635,21.701080941734418,14.661520860721856,0.43561240904115095,30.562808159648625,1.8088612993861377,229.83041298565377,4.3332680300260815,17.729672432128773,50.26572598559237,1771.4579149313156,4.219302897519602,17.957548263405272,50.604278521514274,59.81834732640243,100.3873852743247,87.37508062865095,1807.9012947076917,71,1,Developed PE
78.17099342286383,36.342552828218274,93.79330207050661,78.27272368102476,75.86770323425598,100.91858208537052,92.24090294572594,83.41527720791832,74.09013057684345,102.8395481430803,82.80454178406568,119.15016548280816,51.36244574109238,7.466562038222836,5.237113341482787,169.16612244090243,310.6286271990719,167.46255875873948,1.035881955071651,23.600262544268183,64.76560389772094,100.8901932992838,74.29839669803108,57.94700330001607,0.18373277418277995,1.0509672521324154,17.01577660718809,4.159783965120493,0.2761617501428323,46.47078402697576,2856.013465668812,43.981865067254894,0.5400004587550125,36.68873419072295,497.9950146035087,1.950967956546117,2.276482443596577,371.4811989177413,5.00449270712896,140.9516059587913,2161.2737060905315,2.1196232610839822,291.0447786580703,0.758010601809833,4.4505038810306425,127.25575863726378,1482.3905947024884,0.6897391310345,19.816621295491743,8.61594113623169,122.76154999783068,0.3524155730007018,27.318412814051214,31.088242536815315,809.097336890697,21.400944777738033,36.75360155700957,0.27824159644590096,30.47947125530575,4.633631540096783,540.0558342757063,4.420996224556752,24.932838603726267,60.679023311200645,2495.217289422198,4.349441871055963,21.440722233154254,58.20585489152374,37.76303306656686,99.8183394506485,53.89103995183914,2146.095005875968,71,2,Developed PE
8345.89584680186,153.62554993831824,116.8736282346185,103.56532333464988,170.51869453293656,185.6112321555311,113.39728181290188,105.33972348438976,77.57029609999947,143.82763733209023,96.9036989399533,113.59436503887987,62.159550155939016,4.934130191688572,4.516220190280247,141.2819982092536,487.36697888548144,189.8898894286585,4.704868587791726,648.1512388810806,68.57292131145105,184.31093626920625,50.1517943439062,83.31459765248614,0.1750903156218852,0.9552296360209673,49.25347335090063,7.884263593321978,0.2158762246766609,266.8252471014097,4023.0671491531994,43.60153123075444,0.9952318774674787,37.30364128665927,644.1517395233684,2.9969107431487387,2.9975987309600973,373.3009078654951,5.557320456651248,148.13832589171787,2275.748647050076,2.7641648696822507,312.7160785465969,0.8158224141948068,5.137618307865573,136.39279415098224,1647.3949592812987,0.7214540430983225,23.638548800585905,8.348083951725082,23.96670226640377,0.05989549494412669,32.21342815183696,1.8425357527893027,534.532676702918,26.884836052199354,5.421194985751988,0.45450177541454745,34.47764642455765,-0.43725343438100506,163.67487081921172,4.500514976512474,32.485242553111156,60.51801904533691,3239.6672723696056,4.6157349873592715,30.491386096153356,61.880481636879274,48.81677969266728,99.42335576105789,71.65370908600887,3053.7125805256974,71,3,Developed PE
-118.19312919058822,-0.07369759906098677,106.05393219285008,98.92380245427663,106.20449108393072,81.84891190361631,103.41116951384039,91.21649220446923,115.13827960918057,117.9206399271508,101.06476591919775,142.00954133892762,55.6905992479741,14.741638638554699,4.988330206649682,238.16171595262293,271.84682361227914,175.16293464598414,2.627473428631043,6.96540604049538,69.41598573383803,117.75807341714686,75.15657705343183,45.66203798671046,0.16955329901373106,1.0,12.996219096908733,-8.945610668148746,0.4460742776213988,28.826571931261505,2746.020089934701,28.9172695547021,0.9030108047999312,35.02783077012955,417.92961890867423,1.8562966690376435,2.5812445171761453,309.84248205042485,5.217066219217765,114.38655966018833,1714.2766392235671,2.267046825821689,199.72673203488733,0.6710453267991373,4.7444845455109474,81.68794987994508,918.4353005237863,0.5801310189495781,28.91933951601055,11.07374950234291,37.88131522188482,0.12087430878026705,36.82798335669072,5.2891289897825065,434.31153699570297,33.15809844094383,9.137037664237438,0.1825324158145246,42.474932968349606,1.1454329755380699,119.59762678343019,5.039926672654181,21.592332175584126,52.68014206302165,2183.2327029423063,4.777100322728146,20.955033505521097,47.61085297677933,64.9637886608876,99.50692004212665,97.05973220786376,2071.1079512989572,72,1,Developed PE
1602.5874194801772,81.01138975684364,104.67008050506529,83.16750610090146,78.35582505131546,114.23736032695501,106.29817177263031,90.8176859607281,112.82950412096203,162.98838005106194,88.63396899289468,118.26408597483464,52.45124252960629,7.690565123404493,4.442079740824074,193.34554646172225,292.7563989296898,198.80217085460157,0.7618689663866021,21.11823023898917,95.23469411992389,122.80154831128668,66.87372057974653,55.50062336870001,0.18577010229962543,1.0976266171494153,15.51130387232512,17.922024397540262,0.19124691494901255,42.947879768610676,2588.3422242757288,44.29282562924737,0.45518846606188207,32.83549196448345,390.7269098892001,1.9884887784721827,2.2840125180249293,423.3678228996371,4.817752999297261,163.76673590224388,2487.168483925937,2.315864995429029,304.05907804105027,0.720123402519363,4.591758858444319,132.26217079947025,1559.836642871245,0.6506447003076461,15.435269167074985,6.985072197175954,109.91756402261952,0.285893845343544,22.91323329031754,23.060562786221794,1063.4615944620691,16.033137617989055,46.60226131365842,0.47156577161501506,22.962384085125578,6.236068793108515,660.4528638089421,4.735709712150499,23.285644925087347,60.00410889061903,2347.725876112011,4.619238286351655,22.492009298838024,59.716436433043604,63.837380992672486,99.94489774017352,84.60930439913442,2291.9696545902175,72,2,Developed PE
14831.045515708298,163.15350000106122,127.32479416981697,101.13333425461536,172.45592057842714,172.77642985434278,146.5159737976488,102.94054113864243,96.81656809410167,177.0525921776246,103.55119666921112,109.29934414513319,66.30226989192236,6.540413658975932,11.028791323465105,154.72420979895708,483.96804759675643,266.1160894568783,4.835425409372483,663.8100876446167,84.80539036107453,197.7291871888512,47.690431506414036,91.00788645894676,0.1880535360798858,1.1007105777565966,50.849097264213164,11.258380109640289,0.3248597529050248,272.5592294173652,3366.88017649761,50.200864794761486,0.6752610103789444,35.61226774114967,536.9717814657145,2.728340803835966,2.945291329289808,399.5008825249813,5.627555426702612,153.20791869743888,2449.234764276201,2.6715677183412567,307.18007788123896,0.7409759584137466,5.172905854606587,127.27626827254511,1651.4706659703181,0.6626330651806706,17.19147637482935,5.969896583597012,100.31861951336475,0.24645612129706307,24.422854177916854,17.74099145883838,1280.6147396240679,17.99087496348131,65.85712320182876,0.6967013690321404,24.81486449764997,11.377102722925855,797.2351587793188,4.387187621617037,30.838015436249748,61.95026777430431,3084.3989800273143,4.405465284348858,32.52946944238441,64.53024492391263,97.08843206972739,98.96301460923482,136.70505961701605,3261.276950642064,72,3,Developed PE
-70.60057359706119,-0.11723736925873929,102.99557147597454,95.15920616159873,141.23702327245866,106.4056030848876,126.82616664270529,102.63076386784073,170.74627110417322,129.9576945489172,89.46805754794208,131.36782580761525,58.92712082111461,11.462126788092265,5.014494718270506,192.6236487740688,295.18047545241404,229.97801956823776,1.9490265449787716,-5.231013734915592,21.39596650811316,74.84459429274578,49.37930376504525,43.27009386658791,0.1487779392789308,1.0,11.000859854578852,3.1719620940326916,0.9760293299875884,40.18809684822567,3178.6155407019783,14.277205868969375,1.1241715332890703,42.880519258353246,649.7938113074614,1.407291373784944,2.820911413447573,225.36190517640642,6.734993582724941,51.773301686061956,1520.1836104834147,2.415907710053182,110.4267610290536,0.49212016483352206,5.20304548797393,35.94051402921174,594.799051915491,0.378221596207163,18.03991007850565,6.175305833772915,1.5173598411788092,0.02775928725939275,29.513455451625735,-1.8514345447322382,346.14426221736306,16.315367259865457,0.19465775988695633,0.49716436447052564,25.741985114002482,-0.33313115361950096,45.265842767821,4.497977061756368,21.033971232548996,47.082006930504356,2155.656632551347,4.399156258296324,22.160432854286817,52.40645982250575,29.616098991217907,99.29214009849711,36.229189349543034,2197.323866349795,73,1,Developed PE
-564.4561984694474,28.487353042571833,101.83322555770981,84.64892702595509,136.55676274869188,136.07353548866425,151.46939563156218,112.69968432355893,148.89817959962014,153.1491319352465,79.31834367652948,112.54152951612161,43.96450878432241,8.16465392712943,11.565762297812151,260.28161483999224,388.13832493860696,309.91172582880006,1.2172243845378585,99.7805356034065,25.8998070131111,96.19144460132232,73.53499649624897,63.549985024303616,0.16573712716397826,1.0992798343571903,12.855299531266802,13.61428791271188,0.5421974819032664,24.262306765175246,2861.2251391325517,31.175166456878497,0.9601370622373842,50.483002009006384,648.1276022447926,1.7695949445306056,2.8174692506652774,439.0979132025946,5.682381380048244,165.94595748871325,2431.062052941466,3.153252043288157,411.60146707560057,0.9747445995763967,5.598808482322847,172.5965194735409,2233.1375972786036,0.9054210820700128,16.072083701805923,5.392722245702968,84.63292081704921,0.19783792367104752,28.921079454148074,7.438301621479919,1625.1422840651835,17.2474237843955,9.863597769492934,0.07743006626627591,30.099934002564805,-0.976886538529214,326.46702619086784,4.434043864356712,30.99698266767235,65.4315344928826,3093.8655434297393,4.441591291062842,28.280285321013345,64.61281204807888,40.06034861054623,99.82085725511885,55.70607347904373,2810.619909405474,73,2,Developed PE
3756.2534867130516,125.68782564002709,103.28359002138946,68.25210577713406,187.77748784027148,120.93909628203232,156.618396761989,108.65531759723613,103.78234281147469,172.8558626259899,63.511000531577125,80.93931582147742,36.402794756441565,8.259774079884263,12.539980552852343,198.56387712519503,388.4576576666777,249.781109696361,5.3695716491158665,1046.5157714624706,2.0550682454694993,108.35559489414268,50.53727299616468,68.58086402222804,0.17386626326309096,1.199353466049393,50.648057934435236,0.6720685819495085,1.0243419366804585,621.9365140251061,3838.7540396038207,41.6695420093331,0.9878663806360217,47.16418611860003,694.0140209493534,2.2392041048880404,2.3760225005088147,387.82521068203135,5.450205171767289,127.88541156763921,2312.697633647059,2.3537003324495798,305.1936867067911,0.7917271795915313,4.9023254647267125,115.81952734047404,1621.6914676856804,0.7039377531039,27.495913892651963,11.293279802076054,8.964213605259808,0.010647597282990834,40.47345904908853,0.13778486504020115,312.1871390083703,28.703353481179036,-7.995319793208267,0.03983019989749198,42.619718152443824,-1.6369232782375356,-72.7795674989062,3.8313387826125886,29.4566963397154,63.382057886361224,2942.3373220618055,4.082707780821581,26.53230200632693,62.438174492537726,81.64992990580873,99.5609314458093,109.07292842015606,2738.5755388703433,73,3,Developed PE
-289.9022901032888,-0.08920953503097417,103.62235016798991,103.36873117425706,130.86308257033784,99.14693034751596,126.55024007934925,76.61467264524362,183.7402749690936,149.6874679349455,99.09854445015122,142.7358415712976,37.74687241443871,14.722150570309035,6.4164159296353285,224.77948685995693,250.6025753597831,188.87204470015328,-1.3785874030293528,1.1428676567194898,72.63802435546734,138.20612924496487,24.608999667055308,48.877248384591965,0.19597804913877678,1.0,10.647288908642647,-10.527657311279548,0.09500624737557184,-20.506101099723157,1921.3491298028107,19.426746602060877,0.8406862999873745,25.41573932062542,133.6815790477728,1.5538287916637,2.815712544610099,303.12257611451184,5.67110136650475,106.75608006145609,1624.2029306214263,2.3088011794347088,225.81279105868086,0.7881139876889326,5.081928599964121,85.2257472726857,1017.9572724305408,0.6683564389150366,24.09443446859262,8.105758138771648,35.8031382999626,0.1233195299003006,32.78124887192932,4.299229820874262,558.3522379523371,27.448066847180137,7.9419851855491785,0.2209865544194692,37.213494535797494,0.7544953473110383,125.69442284508835,3.900717227107064,22.133781740978982,52.42461014156938,2236.6994865819524,3.442315814782944,17.96793269703865,40.84539867388635,10.38850021620819,98.82591771651654,25.2280596923726,1745.2087504345543,74,1,Developed PE
178.0240597014904,63.03376918930607,95.72841729689603,86.99390094228946,88.06624658770004,146.76390626679805,136.22305076786168,87.16167492155957,163.8468877971552,210.5472921104438,94.87712312984108,104.23102947898377,30.428860487225986,9.93702763234414,12.483846524342761,198.55569265258669,264.842103381806,204.2271896262237,0.9057343526205563,51.79373716111539,106.7307247107565,109.1658440990573,44.58696545416343,46.32963758293324,0.16976233188472717,0.77388915202535,13.182618859110098,33.62696345963838,-0.2563136167808118,3.727775588959986,1980.8296495657846,35.532711492404054,0.5330190676573644,17.227673013859036,241.10945221675533,1.980840483455995,2.3475437635745653,379.63920455332766,5.405006070575661,116.41181333488171,2177.430043950255,2.4749679203984316,267.9976311446544,0.7363662397226954,4.911633746228427,100.58349868070474,1435.2022025340652,0.6659335536886296,11.718218133311918,4.966706362522771,75.083428021617,0.19569323054151094,22.755887098581965,11.868877038759036,1201.406573553114,7.775931562967019,29.343783326494886,0.41938562644370136,17.68359786226224,3.236470211434819,549.2036817991598,3.5165804423320237,18.949650680285743,54.62478536365139,1993.1173093094994,3.737063200902158,17.430023360368825,56.042634872614386,48.623436678324666,100.24921797328957,68.00418768018648,1779.9054972460233,74,2,Developed PE
9529.447019395559,124.5572021091499,116.32982533717161,97.7053912071926,214.5081415692673,224.84009029805057,190.35330640596564,99.8499927282777,138.68251367183262,229.7437042786121,96.23916189107604,104.05003307526742,28.749760500876523,7.480399819312987,20.265670900182958,151.40316440971048,390.9613249426748,270.3809952880844,4.964831138073123,773.2052547162473,102.08439903065641,186.90359494505654,34.79770931859331,80.65990653582456,0.2009418174661023,0.9989578716970552,42.77021705819807,7.429514545650047,0.24477830840355896,407.8487453235349,2412.0939042471346,53.16256910825936,0.45630213238543593,15.5106036641271,314.8678658514915,2.677447254745458,2.487646215845169,411.6537700375546,4.963661788747199,165.66488418847575,2222.475488878642,2.1054296461768374,327.3237658751706,0.7783815620330984,4.57445555825455,131.49764503137308,1644.5440221635572,0.7070709857002127,12.89300056389955,5.198195439804103,54.72135199588024,0.12039364660803571,22.777575962115137,6.715812451329636,1085.6303070156105,8.451286942104439,33.62648526843216,0.6526005439059355,18.857720102022277,6.1595026681617435,330.446072072436,3.6782941795659463,20.906525477680738,56.549410441365175,2089.9633737713466,3.549052266473857,27.318463220409427,60.447904414014516,122.38155949736054,98.74330438517282,178.1579031321229,2795.985642502578,74,3,Developed PE
310.4511134981203,-0.08774219517742804,94.44569187178763,97.30400353665902,84.40095948543026,126.81542916624917,109.54831196708561,93.5101367209022,102.62487020404333,132.96894545258934,86.67471223008286,117.04520664556176,38.901075023743445,16.639979256753712,11.564390447858491,189.57091080742134,253.58115087195125,193.34570818900045,1.50622032714191,-0.6508587479571997,60.90903592522677,80.06973668543837,85.70711848586123,34.714067821566026,0.13322418830226007,1.0,11.390953547029207,26.27433752130976,0.560336720353916,3.130534330781206,2520.5387051521575,24.358601869301584,0.7237683870692824,35.450651857956004,476.9629731044468,1.8692986486367391,3.1204339756135795,258.0326833745269,6.486453988831169,77.3099376090221,1627.7057841369895,2.8180908943134915,105.27102275393753,0.41242066678098166,5.381627842896281,42.69670125342954,507.35836946233417,0.33855485862195145,11.689056793895402,3.9140839042402202,81.80111795212927,0.3130704304378431,20.06190858161527,10.457480746843437,1067.548821176657,11.780797598358795,36.98211974940788,0.5099534221651316,20.295252022155644,4.680938993313383,528.5461507399457,4.6821800151660105,22.010535704584097,51.76972048878939,2193.478114612427,4.623150158851065,18.596623817393453,49.90843406881814,31.187406473480156,99.83337220104607,49.483183774511815,1863.9067170805542,75,1,Developed PE
1454.814709628828,31.966059674948898,94.0514925218405,89.54712620220388,81.88682444065904,144.47824223133702,121.60969605864408,94.74894060012168,112.86241462521228,164.33929883465564,83.81649938236865,105.14124805944873,35.48051150442374,11.821884344137622,16.185897795645264,172.37863454725445,337.6251818518935,169.23200342996117,1.3862416313215131,48.218013665360516,79.02935659948035,84.51463805759398,80.59415417099497,50.19610858097001,0.14974423079474294,1.107833949013419,13.603378523500083,17.953010818265376,0.5323546064074388,40.3599379924151,2494.3088677480205,65.26025505825523,0.5221469451192176,32.01952668742465,463.7125760513522,1.8579317075890398,3.176336661787448,295.9372561344709,6.673721048620913,76.61702592869942,2162.543962646139,2.7236235381710094,117.71797692539235,0.4380651599250188,5.482263246723632,34.88742603202158,709.542442023793,0.34859214027154506,19.507977923867397,6.16780755903857,18.972768559556357,0.07895855662875952,30.205291100299178,-0.7607981245546895,522.178974870265,22.554104663982717,11.742037723775164,0.37114372651200056,32.51497424065557,1.6272283739737332,176.18922009671616,4.249273907770764,26.1615053487991,55.200477388821575,2631.300311369827,4.278810913628647,24.366635799617622,55.289213461822,40.41674750599495,100.02585772507197,55.099652396199026,2478.0294256384454,75,2,Developed PE
10038.740855974724,143.3813829903832,109.20386467537264,112.55763267506387,176.60771519399717,265.10670651639714,153.41836103519262,118.7976671612802,111.81087392441006,235.90591821811694,94.91646394893336,103.91053040110823,47.71303150558628,8.895509421420115,33.82782053066748,152.08258252983586,434.41419928243835,256.06318490679456,4.574304955309019,549.5413458588471,80.37072462857849,149.3053160427442,61.424893957399235,60.483143340690795,0.14160570241571316,1.0446939630930383,37.92859532670499,13.264560082856015,0.6220010864374872,785.1817545826511,3339.825788099267,35.81280594308069,0.8560057431715232,36.742715950345385,627.9522624755541,2.687321676091309,3.259504828922468,361.64947922695694,6.275126984295568,122.17566870466204,2234.81697012063,3.2202854893205988,229.29479893876564,0.6331343797909647,5.498565208979528,103.56516975247709,1139.8106313052408,0.4964523178238103,13.762315747936132,3.537735582975521,82.78485737599291,0.22538851044983008,22.32092735693911,11.485235463813154,1214.6693523619729,13.127587066571854,54.130579593224496,0.7016017112054953,21.610802092991285,7.605257613513884,748.2464044118328,4.256315247138491,28.035753594909178,62.00752406218431,2815.07006389445,4.064114147929211,30.32319733006647,64.55004880955322,92.1985022376393,100.28540557579252,128.053393720236,3066.9392137875348,75,3,Developed PE
55.12194236858154,0.5772579744496313,90.03259965058385,85.358113701516,91.4713840555138,153.05113192618398,125.49895874385899,91.91873118328311,108.78782266752208,164.0732459841114,98.79115059926663,109.49271817438094,49.19123309918992,13.1752654646894,12.442116149512577,166.28859881432302,269.392747173011,184.2585319304661,1.9422354598514515,10.786464835775327,58.58524649789423,120.07301059133047,71.89369767012352,42.32080874230759,0.1601598668597988,1.0,15.987726096888963,28.163649457861446,0.4504958336017098,43.0929759525966,3183.18297182435,24.003629989989612,0.8545000747262808,28.00001824252143,499.5478954079441,1.6472385137230239,2.920960243647202,293.6339669811083,5.722789368770425,110.67220606066078,1689.1584392098694,2.6570541862133705,133.64067355577757,0.4349206196381404,4.8729646290557325,63.987820702707225,556.5459615211981,0.36580058373681745,20.14529603477632,8.043752458347859,90.12355417572473,0.3223616895350528,24.943055914661297,13.001448629988676,1029.5009223605712,26.15653368925267,37.40912311113232,0.349974256046771,31.358477885410228,5.116264197947636,501.0582616293217,4.3715002144474875,18.101099985427243,56.59399610277742,1782.1939293566854,4.216041240025962,18.916105968789157,53.959919866251425,41.93198509097108,100.09560840836463,60.43560393953878,1949.6347289411783,76,1,Developed PE
2653.7089072616845,-25.088264212646102,100.79877117026435,67.75498969934351,93.89354999490867,117.02374282696451,122.39226222528269,96.14999587201393,100.14001935726766,177.7679543387076,87.58645870210853,116.58525386902441,42.70453014206385,6.595398707565944,11.058179452798605,137.6475676407812,291.08862604237146,228.81393456163,1.1655428603577256,4.930951321929086,48.50240846722585,148.47670850498875,67.25492973898957,53.72327797720111,0.1860272238740597,1.1829182063509687,20.140335197132192,12.437129790806122,0.5094161454477296,51.10333387732949,2719.248775996399,64.12825829127799,0.4602852756939264,30.549794825606927,418.9119403308601,1.3280253653120888,2.6725160569069004,378.1777650296789,5.257468334964304,163.49190563082456,2313.646889643649,2.15649216553638,248.24931820502167,0.612075349057006,4.549773013949396,112.14862704657094,1263.2927391090273,0.5609183478422778,17.02440673538255,6.225950576680593,158.62369963013413,0.4186827387631631,21.181573486943766,39.14854282177777,1213.6690050402115,19.957655748472884,68.55842813295433,0.44639382639701514,26.145957967119067,10.764224082193719,908.6350979391452,3.9016055304588084,23.320777567689476,63.89968143334332,2265.178807986407,3.7069964730692693,20.658867434023843,62.47356883125156,38.755465756916756,99.90668873122793,48.97619306043662,2008.2559402328197,76,2,Developed PE
12287.862894441356,63.591159763695885,124.17051685439937,83.66744654083668,198.52188474817692,204.76467426490473,131.48530001101574,114.82623184583817,92.29682709846149,162.32927293482925,101.31177893817184,93.56174251479487,53.50947476154181,2.350092049476169,15.84274155428161,120.96317552153376,477.5494280165516,259.625753351658,6.876809631608917,222.75155102368052,69.05450069575777,236.97166294706355,31.312080555880318,69.52086894180808,0.15244210816204856,0.916260415787862,61.0355195103313,7.1980649364907325,0.6254282900662562,216.23622635692016,4021.2472465595147,45.86107595431554,1.1292639453804623,33.13121093475483,541.1147975818823,2.4944104399114,2.9548155197924104,440.2045371051164,4.80930660186933,207.36694642762575,2300.3038323621445,3.034736705754357,440.9898149022332,1.051471057252419,4.857015444535123,220.66222107494804,2174.388423869586,0.9677320942471703,23.53559937406032,8.615994449017498,59.83939767597565,0.13340094697484509,30.168780885490136,9.312983406879493,1023.112517061565,31.09660720170359,11.88120616492633,0.3106454799492075,37.0350684495808,1.327626922850114,260.225857345097,3.869686937340088,30.52830405602154,71.31763456675274,3075.1760371212035,3.8060985498010633,28.800945620259952,70.24107173581646,24.115778598803765,99.16262275542859,36.59811285220588,2865.4288221394527,76,3,Developed PE
112.77718919969548,-0.11742432080822585,93.69508958487833,90.98365391884164,109.51247858119692,93.31686112219221,96.13104118770647,84.95242237668847,108.15711788471795,115.82794946410128,82.35624446836178,116.37831866081419,46.288418181296315,13.44273433086881,7.270317628740393,207.16766128891538,277.33665434944953,181.91791058847957,1.8237273113625303,-2.5779318005895595,22.285918000675192,87.58181463222904,71.57930156856537,36.393948505302504,0.12929492312578228,1.0,11.771817590947961,14.201904271655614,0.5424407588973832,21.65066068962621,2878.178394378826,27.987123402172365,0.9976581660901032,38.8602372784684,594.2553553640225,2.1673780310129627,2.657050635816814,263.9397446274773,5.867739842566676,83.27953843615715,1608.9112921325013,2.4955892123284946,142.983200223513,0.5461892641371912,5.002199219125745,55.452502308357616,717.3227001609816,0.453262457425621,13.891103749123209,4.9693930649255815,35.65814534832058,0.13965606638964315,23.427249212309817,3.914193731213361,570.447316818191,12.96621834434874,15.745646522701499,0.5361635945989967,22.151478642553656,1.7751473282232135,224.05751824768913,4.9914301674504955,22.022145186685655,51.53999059073704,2259.944219822773,4.830511653701961,21.45896887033176,52.05907398883618,48.65470959165379,99.39932398802426,69.7615318098728,2135.6158309840725,77,1,Developed PE
1838.8591126469782,43.85694612009459,91.47260733146035,80.00552550462542,100.26478377066633,130.46923074276418,108.30176688328761,86.70784460023462,97.5834120487461,152.53750762749698,70.12453585774482,98.8544410135745,41.38728578559709,8.095004998594067,13.547522668239067,209.91571293617176,338.13747290320407,216.1136933050431,0.9420617977362361,46.72821011216274,37.796868948865416,103.46159410253276,78.17390657936198,54.05577219065423,0.15796030768919425,1.2240893999888498,14.073565727906546,4.405847614955199,0.40420511429636186,41.100105509168195,2713.22511747074,28.891198274607298,0.8188006886325149,40.14682481698128,557.965222346302,2.4125118439460604,2.5933781229308286,410.5069748247116,5.32529589927326,150.52439653660906,2518.6203372702134,2.713497057806261,315.8111228152863,0.7836232769411221,5.120926527487241,132.78845305942383,1742.298151036901,0.7043935520296638,18.472124599011785,7.2031561740562555,58.20708721907394,0.14883180758226877,29.185172638827826,5.7339078249747235,1040.8459862319232,22.606780887820143,15.413003360961655,0.282885824597453,32.47725783651558,0.5982875718255483,316.1323553669404,4.427008003625217,27.588763868292283,60.864912362264946,2771.0768320494703,4.414275516628694,25.752857198151613,61.016126602602036,50.625797710542074,99.81147774809203,68.85281354517161,2588.446478667788,77,2,Developed PE
9616.682596519195,165.85319558595805,92.55035367027426,87.64382910189458,139.22764233148337,177.78007953590972,110.35092699097927,90.22614823237315,82.67684148589957,188.85045750028266,72.00620412360071,76.36849735027835,52.25679461167502,9.111527963976616,27.89737376184619,166.22388247439957,430.31309962069577,225.16354213026312,6.885022125695337,652.952757867909,23.21398704854777,139.50084300375752,61.886409693878605,70.30652382382785,0.15652336008966847,1.2511006653083607,44.94513197755124,11.660532025094007,0.8318610201146164,536.6515745271973,3707.0670341008467,50.10433984493331,1.1773520987475785,40.997589439231966,696.214602950387,3.0525140743102903,2.786823135069534,368.6198924364189,5.8952168587311995,121.95990669645934,2447.2894232679982,2.6910428232751347,273.1054785129878,0.729848463723011,5.213809560522496,108.85574233527667,1524.6062572312555,0.6078546054015959,17.946514914187066,6.322737385312996,82.70378323809315,0.22528719850966,26.64895315945435,12.2743123848254,1154.2630886059742,19.237504952774042,47.12344483667929,0.4305260785945292,29.194600720498872,7.119951588507185,634.6343616037781,4.175923632478047,30.855547879780822,63.85425886666047,3069.206733274479,4.18848953173932,32.089285478762015,64.99969950282843,127.98681478240923,100.13951549355909,172.74461825220496,3249.6036930887058,77,3,Developed PE
-98.5969495146658,-0.094301712215478,103.13088213408264,103.80784691760616,124.9417837574447,94.39052389882745,121.68037915579995,100.45332115464687,152.29454193347664,83.57584657093877,101.1335956933029,145.3883264553869,56.18873700628808,14.596909829083573,5.489888951754086,245.30407812068358,252.0774895529635,240.98324076519162,3.703342721322766,-4.226026066729119,56.98033079017089,118.08658362017502,84.9863276519278,34.08508469480216,0.13763193336117874,1.0,10.166304764333558,3.047938771251827,0.8265906899534707,45.2130804565563,1963.3249955769486,37.57395684018274,0.532945321878254,36.042221848940954,502.9541321773036,1.5169685504114248,2.707650734487523,270.3622162552382,5.775975325155652,89.97985596926809,1469.4846626868812,2.354179887012182,157.9904063571602,0.5741758442991812,4.774428348855762,65.73917411285724,710.411792407074,0.49141303116900825,28.67051300682171,10.651256217852383,38.37947668817263,0.14633811339639166,37.76602506332128,4.680138333358535,464.1967640108492,30.53224987810959,10.672959362128115,0.23602479865234985,40.17973930671308,1.270226811907724,140.99152401513004,4.687559637822694,19.655863289311476,55.56024507580912,2012.0940572024497,4.4992702438852525,19.367504796631238,51.940463125338745,54.60598802076311,99.06034204276862,79.4241001147111,1956.6862396774902,78,1,Developed PE
1600.5395205078948,73.98357366311456,95.23792317161671,83.21963822314697,79.24572333518296,140.44806617830747,126.02948876110375,95.37174375598829,131.9203640381341,138.64052108733057,83.2298930861157,114.96219599233285,47.602055528132084,8.302573960802304,11.657509538254134,195.41753369558793,305.69461945778585,235.61064487006556,0.6870094087275339,39.23814944677047,91.77250413634064,110.53366570487553,74.51986942491888,47.86697783330943,0.15708086614630667,1.1808149595237103,9.149571975417848,16.172480655760932,0.42568475012712664,41.78519375413636,2053.488497526658,59.82960227634018,0.5232157416493459,31.583189377653408,460.46804420955925,1.7605799427058701,2.3372740578320657,426.0694272195472,4.684909162228734,174.58782289372547,2216.463741893601,2.4384344701447946,308.092296923592,0.7082161421560704,4.554630934565354,143.21153001066656,1556.8963819519827,0.6870628932017555,16.544288166103254,7.505999342741629,23.293609199652202,0.030896432854192912,27.298116326154666,-8.181438605040661,1050.267176862353,17.533269974206377,10.179539214243071,0.4248487545336928,26.494868022806198,0.041371284857197654,207.03027931476362,4.792495283825002,24.165518973993038,62.47905804632686,2463.679403500594,4.63060168259623,23.544784409114996,62.0525616183828,63.45974336686294,99.63983485760023,86.77162804019517,2418.1810850433662,78,2,Developed PE
15755.748097584576,192.2477400038917,96.13726345344625,79.65082407283724,118.86891425020696,196.80679471208438,150.03524973875273,91.53064204982567,111.83164350628272,143.9027661560469,89.33725575645737,95.39182176104197,55.79001257041859,6.941054680920542,23.340368776566276,152.0939854651582,414.9577894445863,286.382389320961,4.530380823449899,817.7383204648627,64.6028938085662,114.07940477847852,41.4995438026895,65.31604302428077,0.1530850938671213,1.1462943313072786,36.25221392643933,16.635762495650212,0.6261307601404998,366.6638484126634,2628.9609621857526,67.76574276008589,0.8091898967263293,35.279863467900086,619.3900242265372,2.5343521465389274,2.7013501680956313,344.854835096161,5.5685448597562575,123.5105747639709,2048.136510333489,2.4470120613854287,218.3862537967832,0.6314862844013891,5.040505325711737,79.47787219643473,1035.4108123887586,0.5173258455008057,19.34582865697208,7.319051177171058,98.58990987278824,0.2714799556137627,27.69404919086587,17.765496576752625,986.0117553398961,19.915624574016658,83.37763446900087,0.6823796576553603,27.7397586469726,15.015621730290547,879.782203152477,4.362006773735371,27.370826241929837,61.984238821448116,2753.184608202577,4.2715727990907375,29.36795671000657,64.05729070255377,108.17391937136648,98.90725432890659,151.3077295953775,2956.1725036007233,78,3,Developed PE
30.027276992422713,0.3263341997903899,89.8013571201376,70.78179854064258,85.09745809783594,70.77490075897734,81.7868698995832,75.68388862515671,73.85927148209235,124.96686267989071,79.47760641816484,110.3795756742077,51.07311632471284,12.657200635062003,4.416331104516351,159.12462158454184,249.15029081321399,120.45829826843621,1.5039334827182804,9.098358936640189,34.733126062302595,86.22675743604142,71.90737694088568,39.699538096318584,0.16265451248096324,1.0,13.53401526627234,9.6671661740346,0.36663134736125325,29.77601339198186,2804.0493262296454,25.48227448874607,0.7889468110801133,28.54728690450693,455.99338650758705,1.8717888092315835,2.5524873597742617,304.83721490806795,5.423565604788346,106.15488962818156,1772.9015642111324,2.397648050938965,178.08664616815147,0.6008653232583987,4.846217550554877,73.44890534351977,872.7325971768851,0.5255791964909586,20.09934228301327,8.245671666552902,62.92034030351245,0.213100380294262,27.666100303069737,8.437154971103261,773.9108302044986,24.10202272851944,23.437949770762692,0.3495147477992742,32.46356360910919,2.898924718139911,311.31603848503084,4.555467794729699,21.31992785841628,54.42896524196051,2142.7073968983136,4.518890358652276,18.720507882711008,50.4475436361323,40.15676535384985,99.87989101892471,61.28135479091458,1876.0777597785075,79,1,Developed PE
2229.001907486927,72.21544939674794,97.94211505621575,71.74134351381775,82.8848170989028,100.16549789215223,95.96138955412682,86.26532439864003,78.1805630006061,169.7226239027231,80.67095941151327,108.39059188583298,49.88200545855296,7.422258697112604,8.851505027299947,157.62713337589466,304.4696989320667,173.71020181750592,0.9449164289641909,15.130911990930418,40.52103899589102,116.9627828268909,73.82341515156158,57.359178761297606,0.18445845156316648,1.1504192435394425,15.062019480344864,6.853482539343183,0.3933842430948209,56.750082344411595,2562.6658050652345,44.161930518038034,0.5378173781055214,32.43424959239002,467.70719613534834,2.1257444745949585,2.5469411606732675,397.7050991266829,5.298376551012413,149.67965246164317,2514.6967246336953,2.48175942172933,318.1439420832874,0.7954525675507423,4.85067294223703,135.88644967668836,1709.4657918526611,0.7002050189944474,19.24670674716964,7.561100400370089,90.40465101643613,0.23465816454216248,28.016966363513475,17.43570356879258,992.0535642411166,20.627534840988805,41.31866453028687,0.45856319935916273,28.912210437596183,5.465978518687363,595.2894763291163,4.053017871050778,24.10548822941531,61.85830003774312,2418.8581059538046,3.98825224398276,21.999994206766317,60.8308687039796,39.424464188973154,99.79575357287194,53.72720321076245,2184.288917808882,79,2,Developed PE
9083.735655436842,140.10063930676463,114.96098567426998,92.7192966131013,175.87313252934638,138.44022531237528,119.02662274782955,104.58659364732144,76.893364675837,183.7549585624491,91.52133173195597,105.79315442029987,60.919502251350075,7.151070650801154,7.643848971066637,149.55522589688664,463.3621193368106,202.63938962735284,5.638382229631774,412.3241881326855,50.459671147129626,195.84110867823432,51.12712979495257,87.98112090742606,0.19259034095351235,1.2005310099882982,46.73667997840853,11.096151438926146,0.4929419151044456,504.9084156866062,3697.868817591103,47.02830568383983,0.9149723129859622,32.50775414001693,605.4228405169041,3.2464063480466656,3.029195436874797,386.53153449743263,5.857560945676326,141.7352599415594,2541.840402256188,2.8288591754962407,313.9457492928136,0.7921298513731583,5.252709741389099,133.40045772016083,1778.6147710937285,0.6930337553287822,21.026747810800305,7.161960654742325,26.32583763968347,0.06313645915328636,31.38997548368896,1.2421044978978593,721.5748477972427,24.501538419610362,-7.83388705260068,0.25785795245279913,35.22083041997493,-2.412298195963766,9.074250056219626,4.319969558427308,28.928940529552257,57.65905108986616,2867.8200958111915,4.355721084353906,30.555783704758618,60.898904687526816,81.27390258597548,99.37512234030643,112.09845660090393,3045.570062342014,79,3,Developed PE
-125.74705462715391,0.8708186081453198,90.88786664803725,93.58826430743632,102.25359246143783,49.53287090071436,120.16248673901968,84.97747018221168,118.83776007616125,81.59187427160376,92.50839494385926,103.99912884837215,54.55203165783167,8.319798275840977,-0.8926937197678484,131.48590690221923,251.17646768084285,184.13647314304038,2.4887096924790746,8.343516267367843,59.1291866135989,89.51008766026098,56.667065859743985,44.15353471734393,0.1795420335325803,1.0,10.431499257609536,13.089866517868497,0.5875823807893518,71.35160177381549,2640.662162725951,26.04657801143037,0.7084378514770807,31.95604022854022,602.398491487662,1.0911595415765607,2.5692002307070743,206.37023722481007,6.262357290866534,57.492819527698366,1281.9506857299705,2.2706172925901553,105.24889008671845,0.4879450099092908,4.820456301644777,41.694694137184904,529.2810164453969,0.38755063901596476,27.690761557187024,10.778077502197773,24.77341379803665,0.12812409345318299,37.39225813368163,2.6299944911263564,394.4519790517421,28.22755749397625,10.669010562181473,0.35217586898544956,36.46516019344014,1.2985891909614047,146.04306019574204,3.9677249086380164,21.34485339915788,57.235799526329316,2127.1285706145254,4.397208177087226,19.24804381429888,56.87176806050962,39.54583743106841,100.36789166245488,52.90569253975022,1993.863664090911,80,1,Developed PE
2715.7635349432903,45.386458490742115,106.76216813944617,82.57322423002292,122.61551697859746,37.86199862433587,141.84292425121203,114.05053821624043,97.33628939622568,112.32394470701676,87.29854225353247,115.87975877596435,40.451242953965775,3.5215172780753514,4.965382567682344,124.61118117428374,336.3251322221302,278.84492246682873,0.45679264407879094,63.73273648483499,65.76476699278454,107.05580687469993,65.14017713866556,61.149702374277894,0.18513850632168405,1.0385596761036193,11.388694047507734,14.066022702307526,0.37890209137552305,56.831229819001194,2596.8033267183223,32.120627161478524,0.601280396914451,39.462430347561394,562.6076630592484,1.2484828015470264,2.42621450752369,377.05453829195665,4.955439323809074,158.51947383767512,2041.5985539382655,2.496822136327415,400.4556642320888,1.0577270496906284,4.749721650112765,178.65925536315564,2107.3228241069405,0.977479149592613,21.552727226160155,8.92485176937669,30.698313133996336,0.06147108249979236,33.951408479584224,-1.4088825137165877,846.958211284412,20.359011662423914,4.743586831493641,0.386076289914248,32.021527552810355,-1.4598448623452769,220.77570687674884,3.7642133229131627,28.818460488975415,68.36307729577494,2861.1483202311288,3.724237269953297,25.565668529069967,66.32318715922074,32.72226972292948,99.80840389135896,43.226373909955825,2543.829970120364,80,2,Developed PE
8799.033309594248,61.535840058459755,115.07021743912154,72.08876502675784,150.46726601059112,33.27802248991708,153.3752153894593,110.46444353308983,84.00950880314498,108.8958947282702,76.88811119823414,88.34515161499796,36.43044157220427,5.032835884676826,-0.9847966111493953,127.13080776122553,375.4641166464838,235.10479053884387,5.207988271864593,464.886829212742,63.95945971561746,105.63506489800844,46.15595860665532,72.26234453849068,0.192933382679443,1.0650481705425703,42.51276960813082,5.507519858448709,0.567360922747782,491.921924081724,3183.2444532288177,48.19097026226193,0.7514040593343032,35.85056269698404,654.9140369032291,1.9920476518855195,2.3086989135540343,312.52751047815815,5.021587799129389,117.43481165984423,1831.6124366583135,2.2539518659278786,292.0190349174585,0.9129245839644372,4.60626419381701,124.20830012566762,1494.4820172656468,0.8122434528300725,31.462175236963155,13.205016928585838,-22.953942188383024,-0.044878037449826935,43.95984098001274,-5.882863377625876,29.51161595236283,37.075374743211654,-49.76854372664248,-0.11907968944161473,49.05279567271587,-9.224316899404043,-458.2006918756564,3.1353564146997965,30.538178173251094,67.67830329692131,3079.9672405500833,3.1406968626256466,29.8797028601372,67.45507130513653,45.27456656388067,98.90978658694333,57.65530753769138,2968.467760780366,80,3,Developed PE
169.94956417745516,0.025323004009170813,93.10739796970998,81.28869249732455,94.73587416059434,118.70367416026302,105.39723485798443,98.19492495163308,86.45013416762013,52.92186745717859,88.05646641391256,155.91966195023696,54.78410705848463,16.89640487875173,15.070504971300979,238.05261450960978,276.404301885282,228.53539810786646,5.465815366098436,12.037146760262047,46.350433570897096,58.563319806436326,93.16714173550625,38.503264249676526,0.1441713531648172,1.0,11.490401471074682,14.81009926086847,0.6327947027523985,34.73708938728089,2566.4450519524935,30.94591595981007,0.8316119410624759,34.76664774299337,610.750070953722,1.8482674480243588,2.5909980745420076,323.05322332556085,5.176021361337852,120.25249732884174,1815.6617496959063,1.9619477064937996,140.79527431661896,0.41990377916932076,4.249339958458926,63.50724366411181,652.6988097145143,0.38049154071590563,26.699119974468456,10.823788069505229,26.79667480647434,0.05222092546849545,36.90598565671386,2.8602051397211596,342.8947162715997,28.55327932137488,8.088723698159239,0.27138467971912417,38.538118482975925,0.7600813667275428,129.13399675549306,4.767469970750135,25.67087507988296,54.490478208004866,2585.5687889741675,4.787695165567152,23.310745484160293,53.307318788872166,72.34088847671828,99.75431204119278,100.4650180513816,2342.2320757776765,81,1,Developed PE
549.7833522407116,31.21287331555773,106.04031294714021,81.87746571098899,59.16241990067711,140.39961639279767,113.39887713967975,94.67361977574657,94.1295866503048,65.5884652776729,79.59030943556057,132.3510995347909,56.6780117817067,8.322276326784694,12.096496778615743,173.80344308724983,373.13723013336664,252.31360398614706,0.9458232411454597,-0.667810575818244,58.84685921874013,82.25472021627358,97.93273763957373,58.054770422791606,0.15473491089932603,1.079615592010484,11.580396129615014,-4.242288194580457,0.535751115568802,40.767259634470655,2406.2272229861583,50.26834961540146,0.6205088280689964,35.972001243579186,558.9708157270225,1.7784175508675197,2.4525806853629613,445.93627421583545,4.859061442932497,182.085316773037,2512.879964288855,2.321188475189699,321.71667289011157,0.6956791664588676,4.512729950769227,147.36829866864232,1561.084892170321,0.6171377340684066,21.54916971682922,9.051439282942598,108.28270339171965,0.27895925420791295,28.677867932999888,23.20641000605556,959.0815878238423,24.67065552704928,44.60235903140479,0.3859331771107454,32.90630374802267,6.565704041206645,574.7800814285316,3.735104232159473,31.897539879109704,72.24017294275288,3215.578325845594,3.62983183247429,29.906069951857276,70.54295313582206,46.911380971054925,99.68812113600873,61.784922592771224,2978.085354273697,81,2,Developed PE
11854.786366963173,174.16687084100067,112.75360368837443,90.32012507714222,116.97335610403996,220.63194821982822,135.10888365898492,103.34639556695787,65.23832451107262,75.34470889415117,91.60782561314636,123.13345513489872,72.1886016264117,7.376972930085494,28.39567215916397,158.77415055110617,490.21886888943004,243.63017918366268,5.516453473857823,743.4494087577177,60.13974018832635,123.11083193508603,37.51445688115512,71.87538476827818,0.14506441654589863,1.015667864097502,35.941336561518774,9.02924404287421,0.47655636169251514,487.48274906166944,3553.032695885693,53.4728391591702,1.3417039130088295,35.74451398291983,693.0961119486648,2.6403968642476325,3.344828588143127,338.47279919183944,6.342573565953723,116.8346209602225,2155.744873954474,3.1287007513754084,203.37530299762435,0.5859544572727272,5.514494509969749,89.37320657617877,940.0910045546489,0.43574960395007806,29.850997900520447,9.744816073479825,-8.558792024821315,-0.01186946601592348,38.070029584274224,-2.2655366895380684,32.997709085959286,33.897335200469925,2.5478064921554946,0.5621262089306889,40.832429677483866,1.0945135205470224,-69.67549705331737,5.3744636141142506,32.96298857466774,58.322930248611,3302.2818612091687,5.537441330144848,33.042368678543696,61.79110880173222,80.74828135849414,99.9211277039289,109.87536672777057,3276.365487939099,81,3,Developed PE
144.31941138767957,0.9327935482421541,97.70495983553683,92.5638828287113,127.48713674435686,66.50903047306332,110.97674650431779,87.44988375605617,86.58943894519155,78.34852156998258,86.01436774261366,165.1312569973621,44.28028980587514,20.061815935558734,7.753687149290145,200.34893104358432,306.6000607399599,206.10106006756774,0.6845276424220175,12.073900876727789,48.72940074055836,89.4965139785044,76.65822693527346,42.76425939362049,0.14588053975050622,1.0,7.369567700259024,28.508829883450666,0.033591853476007294,-40.885617068330816,1634.4257033081508,35.439334308342076,0.7484826755509033,33.479663322641166,177.7891554565801,1.8919334670855066,3.0773495312786094,312.44796865409495,6.2566387815158055,104.90488829622302,1829.0086131753922,2.4201279115857126,94.18501917240454,0.2655114407185781,4.709848150134566,41.81085259190823,363.13739082706013,0.19317957616388554,14.72094177329578,3.714830525632851,72.58732784582013,0.24014235725197225,23.457380440340103,8.922609693791475,866.781144925943,16.227586312599776,31.46139336400323,0.44608408372000463,24.85984633778214,3.5329401142987438,415.56255074269677,5.123821531149928,29.21091916456079,61.467719991608746,2933.8192422438156,5.079472773715032,21.683725540008574,54.77166928098356,11.01255010790867,99.69962876488553,24.896325822353802,2204.184056497821,82,1,Developed PE
4824.104990396838,-20.252122608688346,121.94518550009128,82.30827954090833,141.00787550756775,158.15263482584186,143.20195394861574,103.53222836660694,92.54090466734988,146.27887911027912,79.77806648617106,146.12709011281785,29.497636452659414,9.036654466885242,12.153693226523167,95.0760766032797,370.9429964680505,265.63847044027887,1.1878917619333678,-7.900844252813478,62.51418889276758,87.40866862455844,94.71637194399011,54.67751199401566,0.14249451340781782,1.0227262333266012,10.984592961572417,4.070473866393086,-0.002085114967514179,10.013232065910852,1971.0571256439634,16.009353678838146,0.7682578399162212,27.155572762683914,224.66845018450383,2.1671549662911955,2.6075343042941497,460.4598247204357,5.374955780844857,155.8814662531674,2943.207822074827,2.5694193473213933,297.83377108713734,0.6689377283967652,4.7733191928972625,130.7979328332606,1621.2276691496875,0.5521675932455211,24.829428239106555,9.365746090163203,26.234291689907167,0.048976754285127586,34.74180370409234,2.73879431935673,574.27313563143,23.62988303079713,13.057211670629247,0.43657592536865825,34.04810985512692,1.1154566496125167,261.19905731825327,3.417706737704795,30.961509249495368,62.53425959898194,3132.939550342252,3.622220919325702,26.600574358719552,60.51864726063788,27.84357606981385,99.64945603209034,34.50056808512914,2606.4025308309933,82,2,Developed PE
9525.413483067083,60.82294139979879,111.1795897458358,88.58261740606153,200.51984880760028,198.0394234649511,153.76524540315233,117.74966236101764,72.98087728389089,130.12199236617565,84.44900359287728,135.38741522242293,44.32725607039667,10.394818988889003,28.750296363102567,128.57484828621207,421.04642767508733,274.99512902419826,6.986235595979149,128.98438642220998,91.25723405459527,130.88958949935363,54.1839415420312,67.2437703112675,0.15956649511341559,1.163818413351386,13.068128971350724,11.091738020466288,0.33864283097546244,561.9838898376314,2191.764573282445,63.06552722105428,1.7598930889539393,25.871125669061882,385.85557705904785,3.2954887677901024,3.118945615266889,404.6789653469841,5.333222737483481,178.30742896828536,2268.802792705051,2.8782758660479177,303.2448304315471,0.7428294306432153,4.849493451099884,153.00315603634664,1414.375339143812,0.6066970214146872,19.985440981244647,5.644003936837451,67.54256388367332,0.18654271944749506,24.495754533572175,7.656156358664903,1244.3647311670595,20.69435723125174,22.694646511867216,0.4526059565679778,28.320427379492184,3.1530191755702566,328.79830443547803,5.0575234017003075,27.766883985024815,62.32086175210421,2790.8487677257067,4.645620694042941,32.088059396077924,64.67429097017903,64.10287926547173,100.01541852982531,87.06703457201854,3204.0325186004875,82,3,Developed PE
475.8568035740003,0.3047993798746783,85.33540682727426,81.50081966719523,98.0084755048463,103.25175094091284,77.28054090985005,103.77812857599076,45.53645802844108,123.50707022439781,80.67706811464521,133.92900629242973,54.031737690837616,14.919427332964394,15.020731865106466,178.13760783009863,306.8072939037598,161.72519625137357,-0.8704440479802009,0.584071933860117,29.238544529683377,52.13770905861899,76.12169424272372,37.31840678708309,0.11630874219037396,1.0,5.454557200932244,4.28053679666708,0.5103106856674278,3.484177782080973,3140.3746908793782,24.612102774812584,0.9603028419818074,39.203228138750674,641.267154795734,2.3625379297858897,2.923111614975316,267.25103719051094,6.3053496154439586,75.90825088715275,1730.5580263668887,2.715152742303458,104.19487880664373,0.4099038104230932,5.186765404692564,42.63023820802931,561.9980868306069,0.31409448201399504,20.326442699253064,6.873382401685929,0.0930672567338533,0.00024003333802308235,30.365983368748523,-1.2152467674220837,193.91370308947864,22.10688196245014,3.441363585366961,0.5056742348456409,31.989574221990875,0.03241502801438356,79.72562927670978,5.693548833407078,28.09409887591407,49.937775905953856,2820.9176255749694,5.954350277124859,22.628404745860262,55.78255565790754,7.367506504976795,99.9020939350883,9.297285639730646,2225.666771784442,83,1,Developed PE
3211.084896508324,52.81199224999315,110.34612495957222,92.60818784767342,156.2467887678854,164.7558546233281,129.33810269398288,123.34025836573106,74.41150807595903,148.79412991882674,88.99566244872784,135.63072252542634,44.99170137496807,11.150031637322698,20.2727895620606,173.38951114090264,466.06709551633276,231.53666211703026,0.6105567124150071,58.29028898886166,45.80216007247333,66.46842147792611,75.66750965978092,68.63632834892195,0.14257077450978475,1.1809614623261495,10.985131963383287,1.2700593587646303,0.389009149096089,31.638005249398937,3124.63813594348,15.75005773635727,0.8820584945851504,38.84635545971649,575.260423070825,2.507835185502825,3.2353569929744475,376.06131894691515,6.190510747165688,138.05546321642072,2502.1415194322135,3.083473906263374,237.12804330945994,0.6479494280423822,5.656746774950632,94.48840509708089,1266.2966801440355,0.5037021854007304,22.93074735725936,6.726931929689668,29.86271444075009,0.09374998761599708,33.046413847278004,0.6324725824774635,730.6073474062293,25.45158799775289,20.10170718897918,0.3890416532889235,35.431557344341996,3.5490833988067743,270.9852297483696,4.663142534562774,36.05041594118636,60.918540697588526,3619.6890125747764,4.818171834119308,32.211498214630225,60.594422495478554,24.769602002855258,100.31397532424786,34.499314862847115,3258.098941313778,83,2,Developed PE
10213.337928531551,163.00599830564323,112.53314841582583,105.6059437283163,223.83709965514132,204.23097012512042,132.10010407718624,142.34817595393494,45.63230801332681,223.1503346964434,81.17348234600917,122.4307178149723,53.68271329152186,12.864417411344323,43.919181553601874,173.28900558915308,432.09150835704617,249.29118082102778,3.9295198497936,560.7249854692312,52.01871973333645,98.30518043951852,79.45022790298762,71.26666506860106,0.16368433147037367,1.3537307078195997,26.467499207417355,0.400500147123676,0.7511605693924807,662.6213162552871,3513.7047585935916,27.993882510993124,0.7678894137437576,38.87984807198215,651.6835861891727,2.7103483320006596,2.589736696881187,413.76542599650327,5.41459757092108,151.51256993236228,2369.663044614166,2.663314219028608,285.04285015686474,0.6906503787551848,4.857738952559581,130.7843634571737,1457.2292080273505,0.600001697375081,17.404768100016724,6.344622080552587,61.30031393287108,0.15643151396677582,27.2851131103874,5.5458448110249705,1162.8376838913048,18.175954852955584,30.67828833696899,0.407048115221626,29.64916323808345,2.641855786296351,591.644521323883,3.948016770761977,34.92108514134873,67.18072266810235,3464.117014864698,3.965619752931553,35.52602681057285,69.40841575615542,58.49462489488866,100.49702294043486,71.52979707024902,3567.6102940302258,83,3,Developed PE
10.019416881735822,0.05836025839482817,105.69564622397125,98.0877045764409,109.83072128616112,166.2549838270071,131.95042081888178,106.38886758695585,113.86595755070148,162.82809869867475,105.05762575780666,139.0242839510564,57.70797209887001,17.286267212982594,17.89081368083056,234.01726882247473,316.6601690052373,241.56054880936495,1.6633831311135745,1.8492457508426825,51.90809548957481,109.85837774448028,74.32001654625135,44.798812723321696,0.14260543569154194,1.0,10.06541942775141,27.04116384715866,0.5672189220045082,9.269548793574366,2587.6523769892897,25.49303686766721,1.0161597510619784,34.342668263164924,456.11199927803307,1.9456855270802478,2.997687987879513,311.34474284599565,5.914986830614551,109.58206023366806,1793.5744319255934,2.7102901105337165,142.4594630275093,0.4466131837954728,4.948929348410568,65.73700100728635,596.1709297863711,0.3513823510248827,21.165919998472194,7.381509005608907,47.812902594736535,0.15507447996605195,27.914128457327823,6.502579048484346,568.9028956168423,26.527223313742688,17.96990937132765,0.3357443186470822,34.0185611017899,2.2589730872979743,229.69947871049868,5.843685932748179,24.14711846550062,52.152756762014896,2418.4248802960647,5.669704253619104,22.608762770819194,49.21530764179793,47.51717392251486,99.27571159074006,71.10971432658418,2266.8841983414013,84,1,Developed PE
3724.151682135913,-0.2737667952598031,109.02653982486697,76.50851693517416,109.38821484903738,168.3757228660177,132.47382606765606,106.13179899428123,108.49234835195523,187.54454965129068,85.57915570091589,119.56476622603319,41.71951700120469,8.000889899763786,18.429018727924955,159.31476683300653,332.47664782266446,262.50667585072773,0.7892250292295807,22.626628164223295,58.96934993037436,112.65960438902576,67.99049499464337,53.99250333753319,0.16472364542664333,1.1531203852864282,14.769562855350085,13.841740670438316,0.3892428558940761,28.497625790070813,2452.102655266046,31.355542182627417,0.6623941320542226,29.425107689951297,373.8899850277047,1.7229688949404236,2.705733472963125,442.11595899909827,5.151514489214661,185.20100268064854,2737.5242937326284,2.4633390048011545,276.6279280621384,0.6150290938094984,4.887236992240445,118.02307529795942,1453.908648102537,0.5328650188378034,17.36637197148499,6.28307203488744,107.4505093144821,0.26303865607323484,23.1156198481223,22.03083094723465,1168.8439898824824,21.94999888872966,57.506454641582565,0.47356641732198684,28.091782569694367,9.69057178975134,726.2387544953821,4.235656353246358,27.15379267378644,61.47411869453888,2684.198916827724,4.224918511914859,25.66848507566472,62.22378966759836,53.515302910042024,100.12619622219668,66.44220220369111,2567.4411467429045,84,2,Developed PE
16151.322922846473,99.30070789023966,116.55679614506927,86.14262951987591,176.11364177771864,246.55183023526266,147.90891168490336,117.51911987531265,74.49270989207487,207.09270650026255,94.00229060590783,101.22279423048256,58.021283700165,7.237951192750417,45.2406485139497,143.43759157393455,437.1226076574602,312.07583575365624,6.758734011393421,392.02114688291016,71.30512758523447,159.09793589040197,44.93801761724879,65.45344716912676,0.14922936547096927,1.0642976713970376,40.96902206283574,4.28666685329877,0.9630789815976956,307.1354675633329,3158.9581016632774,44.25404356690678,1.1113335163937128,33.00519606001896,449.7803637751973,2.203987507552502,2.8856512870042836,439.46955092702984,5.275699832849149,185.79459175103423,2427.492118343075,2.90407675728609,355.3206073885113,0.8115824341623475,4.980942035761353,170.96360375094955,1757.1614012563898,0.7189395279018778,18.08813068724238,6.2222908192532085,100.25908706340479,0.2398967441596516,23.806144408803107,16.24540382830942,1473.4015294908904,22.59619242294524,51.22510059806359,0.49889805150408373,29.35558010761238,8.390585519912733,669.5507466847988,4.3151537952414,30.465273576687352,68.11631765486693,3062.897763853088,4.258082815479517,32.46739618149124,69.06563709663108,89.97830883187643,99.76676239325604,121.25600100204527,3257.4614741475334,84,3,Developed PE
270.8438789406516,-0.5053436024331341,90.73250545426065,53.606970808740094,81.44857710462156,128.81831971383582,69.87006838743785,100.40032253118048,79.83358623137232,145.91597139103504,79.49762570501322,127.23777755124166,52.75530090466869,14.718118492420295,16.421812821808736,227.23797658365072,267.34491583852423,153.8306260043232,4.126885433491955,-2.3874654145143444,10.564520169325988,18.463136837612595,70.92446038713025,21.120587059560304,0.07180174077961185,1.0,7.6246154444714325,-5.815714044456296,0.7367655249402418,51.23011004876234,2825.616789362312,18.996444518240196,0.8771956583437355,28.665565095129608,716.8672071006456,2.1776353839072864,2.1609383260435835,328.6399068060196,4.826641337026432,113.94552784168303,1953.9041177274617,2.101843830539159,188.15854161089538,0.6076105478026421,4.434749776951099,81.36397159482377,972.7874619662839,0.5219698547682123,25.736704446274754,11.856415104628034,-7.430555717045301,-0.054834001754039574,35.240753636651604,-1.6415559975950487,67.31960096219353,29.128379798984483,-5.366583135642868,0.39930250229866215,38.93487621059064,-0.945100823547186,-44.98489018850441,6.170655556410404,23.01505266762741,45.247551847047696,2307.8016492878332,6.178688221837133,22.227592388328375,49.97881717920218,75.24407018707271,99.72745356426957,106.78948259855166,2193.5134327051132,85,1,Developed PE
-412.2539414847952,35.35603298930123,93.0895065065015,70.28940103536101,75.34201618302035,144.2305066711251,103.20545085971833,97.41291974082846,90.159814953409,172.96955934187213,83.85122364041152,128.20928353041015,58.76155530614054,9.823663591588861,17.96739219000993,210.04841914846432,394.3197948224075,163.28616472311919,0.671296149588178,63.67554943021235,35.31516719248438,39.93732083742894,74.8061892617529,44.778599513867896,0.10324738276384633,1.224306487588597,7.334073539740391,1.3460021868028242,0.4930155169603282,46.23960608746165,2438.1029916816565,31.446210631594095,0.6266665372897094,31.56388808804364,575.8319974785971,2.268351723296618,2.518896286265597,444.7187271189045,5.133120501589698,189.1571312614273,2714.313458648963,2.4892070026089383,364.2732173381222,0.8264536589769883,5.012435095652651,151.1615672964623,1924.2839272997758,0.727148633156433,19.377584339143322,7.926762677274445,76.01546858321092,0.19225664397216732,28.4754191765902,10.26095764312676,1099.918334919949,23.668086894968106,38.55394862694998,0.3289684525432655,32.39846887449254,6.531043591771718,475.53210981341766,4.890508737287336,30.35659494903128,62.938421520013996,3043.1194320293052,4.860748720712686,27.097505655841026,63.32560266117657,46.43353531377852,100.10485399451504,65.7330981396644,2813.3015175529285,85,2,Developed PE
9824.090847693626,170.6163147742398,95.15328743338344,82.22691268137086,144.44191427038388,208.72504685165308,111.3442507394393,108.5152159323694,63.88407904702545,257.8423782078825,91.12473294319095,130.97602265862616,65.65855709285843,8.563642761783736,25.591758671116054,189.4264301409687,425.5817481718694,189.218568201849,1.149395582520862,939.3194377150317,29.84077031554171,76.38375217920135,58.228626389136274,49.017224767940206,0.11246783191107347,1.3184669464704402,31.343331318479414,3.041542917204424,0.5611570279946455,628.2739671970141,3093.3712765409946,33.45523561330177,0.361545325727644,29.7421667133373,600.3788527948384,2.773409382330787,2.594638258580505,408.06668081743754,5.613535497578364,142.31215964168229,2504.61837985893,2.4256602924358326,250.27653319794504,0.5578914223167271,5.08107440310971,91.04446632179679,1406.872218523738,0.5118477211826037,18.871048254935996,7.676698050415232,16.515631523899174,0.031564949979075524,29.84507612845642,-2.125240425433109,648.2642918022498,24.453109086360318,8.405888464267655,0.37419328091276155,33.17475388176634,-0.0974628309137584,165.18497338980632,4.292449680584349,30.242271075704963,56.66231555989587,2975.912780436362,4.651176854074093,29.323900369282903,59.01869257018964,54.602558677482186,100.38079760469023,77.2646710826581,2934.0036759119007,85,3,Developed PE
352.08681367353455,-0.09799993774241422,85.06248548053438,115.24072775855946,88.80047854756943,99.89687209601905,70.39362205332404,83.37075049578168,47.82917698496032,88.74921918094553,92.79387011591335,110.76388328497382,54.48692677986567,14.046107368268505,12.47122454591185,154.13217438373547,217.29694886725002,156.81537343576403,-0.4124976970436949,7.557623385238827,69.09923410457156,67.56210353659557,77.99253669483241,36.80727875795327,0.16203270436737313,1.0,10.759381810190451,-0.6736520855191763,0.234725927302614,-1.4915172898072022,3550.7489506671955,25.313019421941902,1.033771402076089,37.856583779929416,445.15590825475283,2.052731076026675,2.3827499146884374,208.74717198555095,5.704435671634168,62.75654035352305,1302.8496731731323,2.2153820929404895,116.29209351326007,0.5459731816000278,4.740590050876815,44.783808987116345,626.9189082362332,0.4654675024579844,19.275366585992213,7.552902297226256,-3.795775252903617,0.026472362667586707,28.935596537925512,-0.9062563554181118,141.38446316486585,20.10901639954145,0.36630494765668686,0.44321506748085693,29.98710963916058,0.0755990060246825,44.82205439979444,4.664463945137069,19.678135648347773,46.49217720250174,1975.1576559100172,4.700941363046426,17.72561727531215,48.6304943202435,38.43323485110652,99.93707341328903,56.21484899975363,1737.5516186816494,86,1,Developed PE
1498.2168738050832,112.08011087554216,96.21429182329626,111.65783284115072,97.2126359901717,110.18449490126866,80.21120181762711,94.96958920041764,50.7304688369241,114.21008112530434,81.38050390107418,80.69690385078707,52.566955370236485,9.560765338400842,12.851486790611032,163.73539875207194,281.519133946913,175.91151548523658,0.5066378220215292,42.825410266495275,86.91156457451123,73.8565080711455,73.5918168144439,55.559336070979136,0.19301715635939545,1.1907668250646788,14.609114203614066,2.9008599756089746,0.34519557729077216,41.66853963270735,3459.253901081317,8.598517961593888,0.5966302559944744,35.36948153031712,435.09699216683816,2.141590311667508,2.3631257098120813,297.97608280467045,5.04477684048545,102.58602018311389,1829.8391289439749,2.159241287358022,241.81357745545608,0.8172157904398183,4.759938797383272,86.46687375109053,1293.3869970869175,0.7197393542112117,14.503182795766616,6.155185904799836,124.8409376223289,0.3898505800003594,22.164214237887478,29.159703659766663,1132.1881545368294,17.21193867247239,54.97675588645273,0.4722318068080281,25.245022239871034,8.095731909493415,784.5004329286812,3.5232647655936584,24.81960661305763,59.797153840851095,2496.7412491225673,3.6471407442653527,23.926629417189492,58.50762049272758,38.327727618868316,99.91760714159989,51.47278854454368,2405.3304251829773,86,2,Developed PE
11962.50130705509,194.78562868620577,130.22892691575515,139.99753096492157,169.2935755608038,182.12219751868471,108.98793130955961,120.48022501953523,57.42969972279754,194.06011671165584,87.0942733347318,88.33478576623953,79.70539848619714,11.71669971473538,34.08038707295344,136.0317877566224,380.3140363828446,238.3005152356163,4.249691163662947,553.127734456328,79.71294638384789,125.82204828675897,78.91875930331925,79.50415764165875,0.19732484304018738,1.2219371572480353,34.48271634747611,12.70574760662659,0.5223673569656282,298.8576173755547,4029.3528917058525,25.115220085978045,0.7456741315857105,39.65373949840341,570.7191400222667,1.9677472803626914,2.6253570626821756,312.70661687459676,5.82340736451864,96.00429137089449,2122.632802165685,2.530011426454592,239.33972132094928,0.7599564270541295,4.902758204763636,108.5487842564668,1297.832350970231,0.6237233403106446,11.083418294255564,3.7937325832928517,125.85155825293221,0.3567497517528416,18.027727055625174,20.307298022654713,1639.8249180743492,7.95363593089195,84.62287127821293,0.8266925161666415,16.948590207840294,12.472261582455928,1261.1556663216472,3.368331881411687,32.45336666173549,68.92033917177248,3241.6625070352475,3.2863444038135556,33.66737145836927,71.057047055434,93.07182270305356,99.3349321007294,115.37899510332404,3382.023788474802,86,3,Developed PE
306.61446289711705,0.46389053392290336,81.98243492577312,67.09562126379127,86.39180558051515,167.2691474690855,110.49442637817859,101.68257896181325,101.8285238158166,189.44748784228028,90.47687181052079,97.3269187614512,52.041246188423905,12.796559723188757,18.63261079586705,163.82785032299438,302.4282658751696,185.71126703556368,-0.3308008655860346,-4.224883451200041,14.23245307300354,99.49374601796563,72.1229230883968,30.20531438635895,0.09736592730925794,1.0,11.303819708545184,24.90793553893974,0.787044388843108,47.84763712388374,2930.81707280008,32.456253219576155,0.637860792972782,25.64613617819788,678.2897811559882,1.8978782019160414,3.0083777566070733,284.70480843688557,5.95480997442575,97.96866230534428,1644.3841395880597,3.045948535807998,128.5605858469028,0.4388055341048469,5.191748012435519,63.681717727819795,563.1145193969154,0.35450188862564597,22.917333865920853,8.696737004425103,65.43827285530625,0.23327315684523126,28.077309023276367,9.014914036121194,767.7621144713858,31.310127824080784,27.00421912062898,0.39562908397620367,36.83927943535685,3.5230425224224233,337.1179315697758,5.718571854685871,21.03037560437228,52.13393388865001,2096.7561011285648,5.738270425412928,19.008823797634168,54.63791121911269,9.691276208218909,99.56907075927364,12.69946877897241,1947.513854135518,87,1,Developed PE
3382.405421928382,-23.36798108497066,89.28474183767435,60.33673844198216,107.03209226698766,142.55042435371192,123.50542105074155,108.73338311524948,100.89488191049688,212.81095268295792,88.5471531182019,109.04855692561601,41.77216025480584,9.683487324150821,24.57191502278114,152.5455328939982,361.9593528298881,217.71077540550425,0.8812925181960232,48.29295637511351,7.218801334809179,119.62668314514602,59.94898289610582,47.21978879379141,0.1329814225538449,1.3204363192637452,13.773001253412167,12.452527669399327,0.7357210619142698,54.55687139515879,2675.0743912872053,55.882750346011164,0.5716031876739915,27.8520062268022,553.2893669975241,1.8147190165930813,3.1504512118959838,360.0686292632425,5.85795328959442,160.76085346399228,2293.8096630136456,2.779461411962657,216.37671513625736,0.5645047343851383,5.277521442851002,95.71866826256779,1126.9996394546295,0.47840193400359,17.465876139897436,4.937186068157165,69.97388866420278,0.16880221621683097,24.033659135168516,6.51558729040731,1258.2728064902644,22.12093130498832,48.90789206585742,0.5258129227170522,28.798223014587336,8.480205823521477,604.0292028069089,4.966931081268893,27.084282362576136,60.668319649504944,2666.987846391643,4.811300192977543,23.743236431790745,60.61545995056837,31.915654915028185,100.1220462889644,44.05621447572035,2397.432663431424,87,2,Developed PE
12046.879033597028,108.40044792013047,87.89711101468346,60.59545356590171,175.8720489820337,199.8947274053073,112.2606565241609,116.95945458498728,71.22926167122142,221.21532067954348,85.37552781935868,94.30769251618943,44.730390466831096,7.186548852819882,36.052400130706644,150.13850626133544,387.1851867041226,241.83189948516358,5.203721967835802,326.94747368914307,23.0287556757201,154.66605158454982,41.37491227111839,43.62026447508168,0.12362310685823913,1.2785474845042353,47.55297341109049,4.768479838180296,1.0464430228936474,618.5739261226752,3383.412192135614,42.63927096028935,0.7779626231257105,29.313497297982675,639.9174048368449,2.718191553683412,2.335539354366332,445.3523009024128,4.45949023916687,194.84063881795495,2290.522140952302,2.6270980193803277,382.85847254467075,0.8997453764475045,4.563761551474163,181.6476107544905,1910.4508448164638,0.8390696024971467,16.986375612103906,7.648302368465367,90.3194916684254,0.22159990218276404,25.501749330901777,12.271331441920935,1412.3291439807613,24.938713240564955,48.63319556858018,0.305947837868059,32.391212170906584,6.978677096354161,686.138698321005,3.8490644488184733,26.24048631983525,68.4209203945385,2613.6378811903787,3.881886682441661,25.838269529168727,68.44248124099974,23.798101359883603,100.12760424139465,35.44430914212553,2578.2680865342422,87,3,Developed PE
274.49279568667345,1.1253701732169872,76.45313063816839,76.71659395699487,97.47799024118962,95.90812796195847,118.66650820573231,87.74856986550418,72.00757988981758,124.0526677187366,86.4796525843792,102.00946111716337,49.182361202767716,11.429498987680379,12.417814059520062,94.81394026095899,253.4973152435445,143.69055011073397,-1.0430242887660224,4.013112087234459,48.806472547494536,71.46119345120758,64.48387308499909,32.084001909578056,0.14023324938606366,1.0,4.2860603384798175,22.254391049768074,0.5545123931058324,8.71970176519612,2237.5293090129335,30.95780138356078,0.26774162999240014,24.610614999303145,436.59407312162625,1.8458993319121622,2.755474919145292,222.00513019036384,6.239720370690077,62.781266110782,1340.5892400540185,2.6782390757676566,85.29138726267381,0.4021850778787711,4.883733147413249,42.05430677738955,402.6725195765657,0.31177556102222603,20.105637970507203,7.833525519196231,49.77886513781063,0.2256837668747684,27.727114323810383,6.560037033397966,681.388938462843,26.785223892071325,23.618859510100584,0.4379333846399778,34.086692011781764,3.033180405687862,324.58428377139,4.5628825465465725,23.268313411273287,58.87996974673842,2312.6848113109736,4.9635294977589215,16.052144513800094,55.3128407245167,-9.064930766528342,99.40760662177665,-5.508354265234871,1621.6347522260965,88,1,Developed PE
5432.133830465249,53.10552558969913,106.24398133089127,82.93814977557845,158.28816982874383,131.53419386247788,164.87945705596002,115.52361883463361,86.17150134905532,196.54578376226783,97.42441384248922,121.14104836205331,30.908855807062803,8.578988110068194,28.38183276967117,82.65569334474648,398.56812615432807,205.12937454865028,0.15062723465210692,41.818252912582665,58.1634944827036,72.06338080366433,62.28231521855804,65.35426168851895,0.16631332776822239,1.276765654508501,6.674741871092483,8.09041391076488,0.4958001271423953,46.48333986021579,2415.227124995613,29.949994736789918,0.46522406854322895,19.77755074003231,398.8521740219647,1.8332405387818012,2.829855039372858,296.34499039749124,5.443980380468179,127.06226715664422,1795.7131219804028,2.3976889665153225,187.41325967860928,0.6596557281925277,4.756769036401043,81.45786293848987,956.2212370025583,0.5597792074671468,23.733898099820504,8.345241521623096,-4.786744350740385,-0.0020231276589128544,33.77191447939408,-11.184577352501655,812.1379418681252,23.04736025592375,28.848118543467546,0.6878260811380739,31.985937085199737,5.482963068294253,407.42942041396583,3.1573851407899953,28.292478074324308,61.153801657170824,2872.9859015142065,3.3908625113598365,24.964405978968813,61.441146349338,16.417006169011454,100.2713175592172,24.531170985558024,2521.6074248712375,88,2,Developed PE
11250.285540554709,87.57666512551808,102.83002203356449,95.81374641448117,205.60616951716827,175.62889063461228,170.30716448432486,136.65122861867275,93.49205219862692,220.0079211521891,86.07502043025266,107.56581013556415,40.063162212494255,10.227603416148437,38.76671586178273,117.33163496935643,322.40581959698085,254.45686186746929,3.594545876294654,-98.743799597914,76.7931925201403,79.56338645530417,62.60518145879886,59.416698664561835,0.18367690858217606,1.4077062607291966,11.433324891120687,16.184131087244076,0.8388378735756679,693.5449735254715,2211.3916547736126,38.412482430005994,0.34114840631009036,18.010309160650444,460.5761955479599,2.0815430547118634,2.1158292234886473,333.1309641781911,4.537104921352626,141.8568118757122,1637.059061303355,2.2104710121205184,250.98625128376392,0.7764615304863429,4.071907131146721,136.01500537670938,1079.9146525682236,0.6733506349119232,14.905756588300083,6.500948143098194,44.35247365992453,0.15309041992614203,26.136210836175835,1.5493510530088201,964.585266238146,17.206602625361842,12.567946817406085,0.24311229656814123,29.702773202629942,0.20918118402858976,356.28364142058206,2.2053187182734577,23.06392328293162,70.05508984421996,2289.451270645409,1.777782304262724,28.426973178725245,72.78330775330143,58.39769106870869,99.50035209848139,70.5504999585895,2794.40190070128,88,3,Developed PE
216.679210969109,1.0418554248588567,78.00182737798369,68.58900521385505,98.22653453807118,53.3074794126434,105.65370608176143,79.14549089747577,105.88924456685336,101.55275057440085,81.2754820418429,104.20658210716431,32.006036003089264,8.475598234764286,2.5732176031979854,147.9446779635366,266.8221002842643,127.09415586352745,1.8737315951428253,6.707929576015777,40.11784039976604,79.43927694617419,49.5866143555525,37.08635380386402,0.14357966318526594,1.0,9.251804005178432,5.72372416865441,0.4530706125962203,51.00744231284114,2726.676171350062,29.58677486258227,0.5837563230809408,31.870272346715808,657.2273491945349,1.8867800043821836,2.529174879846757,236.9746135646995,5.62778714001328,79.21201230733617,1400.188908283569,2.358796948378248,118.57370539437753,0.49957721075874684,4.739715888846058,50.2403345162498,569.6456660993257,0.40205487948084345,23.834168580100027,9.601277848103209,33.5821506537592,0.14816089820837067,33.05201523991498,3.9972590004679076,488.49317090873257,25.10186371379192,17.080306898309956,0.4898704899028479,32.776018719396035,2.0572953301200942,238.7920370611942,4.763712881659739,22.075310838686015,55.55442822916841,2221.6930887181784,4.9939876802245395,19.047191819097137,56.000955410164536,32.10998793112237,100.11671943289195,48.2238187073252,1941.7851780920935,89,1,Developed PE
2396.2116762254036,-9.167651120001452,99.2357775852622,69.63497826744103,134.4387902962836,69.9470665278352,149.05708566514474,101.94242585882695,105.66795806587834,140.54044692646454,90.9473068067623,134.78680651337876,29.026482314040614,6.250860799203805,11.549972436473688,143.2905367530852,407.89564806579926,206.32295403371378,0.604575991425421,60.04071451679185,52.0481290592171,93.14140386197047,60.33707515887254,62.450619415397654,0.15176947024642728,1.1204125348190066,11.7810204530741,10.733868237289917,0.25303589371508406,48.09184686427247,2646.369080696492,35.619585476361806,0.5873455114066469,35.976409465795456,563.092468710397,2.0021502641419118,2.6356749911171677,342.9300860593354,5.500739913383808,133.06770884078898,2035.2571398872512,2.592715417658369,263.28541307494913,0.752376740038594,4.862991830429776,121.39448233081451,1372.152523508222,0.6604578330241857,25.618280519760017,9.859153415659916,-1.0022091123556152,0.0016410939767332045,37.184039732175236,-6.808228899866895,458.76585702083935,24.919045344878697,-7.42524778065037,0.3425906706410952,36.32545109651633,-2.647882987537438,30.52648998735583,4.759621415284912,30.1939475239381,59.792545645726044,3033.892812224342,4.7954203495632886,24.866900415335163,58.928076709060804,30.029186690322685,100.16444322728898,45.28432654597022,2535.087310690358,89,2,Developed PE
6698.3224623755805,72.23373456619028,92.14528758427305,71.24406967184315,178.30094526595778,105.87067339519808,144.1303126514548,106.27941157350011,99.88656688277682,153.4963738946361,81.0048163398443,104.1484464653537,22.0927928500044,5.773757504041633,4.792746065571301,140.5416963384376,398.9857369792654,191.1924637703853,4.364354757272438,316.8972534032316,52.65658435838923,117.38789408382138,51.17725610488815,62.52766977591381,0.16266364170103895,1.198715085738954,39.14093778724244,9.47285863836851,0.4064948358989559,645.3159653298299,2930.9151949470765,47.34603642066902,0.5768742325846065,30.790420077107775,675.0175304487007,2.9397087750043838,2.2236804414651865,356.1618698537096,4.512511074845609,152.15397586958676,1858.0188472699763,2.2227507941451634,302.54871968799506,0.850612566279319,4.410081807774415,135.52072639316307,1491.841673657549,0.7824060522586171,23.05610942406107,10.048986020538823,22.07444656980332,0.07378911290265523,33.61624060978396,-0.09230694458676147,571.4547724824204,28.053224652683316,-0.05700732450171131,0.15622081189001957,37.16305123968743,-1.420593063243735,127.64654666759736,3.1770621171977815,27.642710038636245,67.52494552185067,2756.296320457395,3.071172936008159,27.95659019721562,67.41334441383054,41.13188288646588,100.00695680936128,60.29427862452224,2779.1525442486723,89,3,Developed PE
198.59977521700347,0.2738953640883538,99.49747644238273,116.18015999865506,108.55513405376749,50.72393215668609,109.56275988564849,91.51350431483203,97.05500362086168,111.36179368669364,88.33827869546617,118.51047793948472,63.34956608811474,17.18602022107866,5.06735950195334,130.60390302472163,302.131860992512,177.15191641178583,-0.948935088866435,4.679813429192676,56.4565039519408,56.855022672707065,84.12902989053595,34.15252405307672,0.11297982590974809,1.0,9.660055493751088,6.784077610004014,0.4469629398691435,-18.80712179247912,2860.0628994697513,30.841567915211087,0.8313424831542233,32.530516518518255,303.854820237122,1.5952142596073748,2.8618312580327605,203.20964746488852,6.897050355838536,45.29442603332796,1451.3968280421602,2.474932213884114,58.25337246820335,0.3321404773906145,5.10622082046445,18.852917908701166,330.5809189746489,0.2416150812413303,10.817816975359552,2.960048175226242,63.02528729229723,0.28005577504478857,19.91829554051486,7.418009128696532,958.3376216605784,12.686709946400338,27.838275056394544,0.48454115347676696,21.28944058794569,3.378123283376314,397.7163167509775,4.394269087682414,27.047288626313744,57.40836349128635,2698.8463259546365,4.55216546945377,21.16042523076445,57.29436181620595,7.05287469511428,99.87959959622239,11.436141808881708,2104.288856308199,90,1,Developed PE
3215.0801905128255,59.449090148575536,113.40133297240936,109.0673826906249,135.80807070397904,95.33247121930965,136.65645670793884,112.97658933112123,105.27556109576567,199.22039680907864,81.54935087750056,96.48654948689617,43.71816722419762,10.923839567161593,10.586159370611005,143.77252679851014,350.67621183575193,238.31980405533903,1.24308135535464,64.57783241810085,68.2882355714404,63.34899606329108,97.8887136972292,49.23703833436892,0.14077115191667802,1.2470441963306282,11.236262101183815,13.629025677625926,0.42768872585632534,40.522430417879775,2949.265580381715,17.981036775449223,0.5640337409883982,33.408160292307656,364.64424771313674,1.926917483173714,2.70340361409312,326.4486369321724,5.8632576836063555,94.30260633811884,2263.8341757866265,2.606239464720251,296.83241671301323,0.9245458027673638,5.2769418046433625,106.59182804421481,1704.9120669225342,0.7822713728182359,14.136363771348993,5.048692844586798,84.53179422642562,0.2525501201808926,25.79180061976948,12.248310746226876,1432.180260236788,12.156971974844689,43.09064137296679,0.5592421278404548,23.111088006848007,5.051326275978247,751.9958435509901,2.6209898651642494,30.241192813712253,66.16000327607613,3037.0159347580557,2.7962247304104215,28.000687444106813,64.25401451489643,24.017333955858213,99.68645059562883,29.422014254575604,2783.055220433598,90,2,Developed PE
6214.732128572486,84.5105819758775,128.70833682874726,116.0260751364977,196.89858212766063,93.97770518286033,159.7680748649725,129.90439818560986,99.41130540845869,217.50545687912387,76.03956349759207,100.15520027090035,63.04838201375886,14.440058992250107,13.748519093228886,156.33579792456092,342.98214873967976,256.58335944176713,3.9011485559302264,369.455448552484,70.4304959496323,112.39571701537663,85.28578745182166,60.0667612460987,0.16789309809245057,1.4768302641381217,25.751558311394568,16.838653828364894,0.40550331995302175,1037.4918727451104,2951.858168099685,30.225566709666214,0.9147807371166701,31.554167797850454,504.38645159653413,2.0962052507050077,2.477811598609223,329.2798428600756,5.472495258650179,108.70270093851002,2073.7725157925383,2.5192324580793253,239.3318921754903,0.734647631317229,4.578369636894955,121.66341142805251,1234.826830934362,0.6093383094685159,11.138234352308176,4.097471480091963,106.43042928641688,0.31308614774528803,19.228403492150054,14.876330063870483,1698.8580521094714,8.091196706514818,50.22169966623083,0.5183223996767509,18.253392373509097,6.8056089906478485,867.3697646056378,3.0490696950123133,28.077833196296726,70.5228642036931,2805.933746194739,2.747255535535176,30.0252549668264,71.49246101660188,48.25244540679285,99.91873292315958,54.28092850187889,3016.989334379843,90,3,Developed PE
415.5239860436153,0.3107260644692188,91.29388619552925,88.13197950370707,66.5417578032374,140.36010098359736,104.75163748907488,87.27641020856218,84.05309020066171,95.32311535599338,104.01994997493301,122.13340431965169,45.56954346284803,17.11189648073222,15.589679932037843,239.29202353498218,271.4402303267048,208.9740275305741,4.570149131264633,16.00020689336047,77.25704968610624,80.76178910673202,80.36936044486325,46.22555243306662,0.16514150567142405,1.0,13.633232777422748,19.499885961296414,0.2396573345236891,9.611542310152952,2994.1146780617273,30.383552927100865,1.0168094098122895,37.43834510489036,492.39437161928413,1.9908906008559384,2.2034286924042843,306.68600906053246,4.027347237660807,140.32699766445504,1413.3504583815254,1.9755564070820533,163.15443125739438,0.5281195419590148,3.955720079642565,80.51138391865115,609.700889093497,0.4668263228963181,21.88825200814821,9.94167194259149,47.68062923357087,0.1424036887633304,30.159904631321147,6.344235352915076,457.62420325396704,21.844978290920004,22.482866282552784,0.46212097110684447,29.549248851599206,2.743343105482541,284.52121929983514,6.568020010018461,21.27145840345248,45.769798726835134,2109.6393099132333,6.259827640304399,21.254801241733915,45.07882595650881,92.55452566935892,100.11228361985934,140.0814421737969,2155.988275500758,91,1,Developed PE
2324.539062557879,-61.454743080643,100.34800036718698,75.0200784703461,61.04885352316603,113.22556959550431,104.83552277933818,85.88973223713836,88.84868576317302,97.76103492609032,83.83819884225397,117.15057642801005,45.926532290569476,7.75015012724799,8.329773087764327,133.57277847636445,302.3707929254359,199.62940802320068,1.2136067494318559,26.43014870388855,85.53836956481548,89.83995412266965,77.92044184109947,50.85463260464459,0.16890466759728393,1.005901926815639,19.63706187978828,17.92187440567563,0.2635021424566341,32.407805229023595,2810.3334314641734,26.047667346015267,0.396946311526325,33.366231820821035,361.82793702821715,1.6195974048962882,2.0573330538427674,370.7434873670902,4.6649931796388655,142.36281427323038,2295.7617358702205,1.7900129833144214,202.98367300883984,0.5407969162594667,4.131431179456683,90.06180464360573,982.8783409885123,0.4452099701544893,18.482110600942733,8.91109843633049,148.7468075082905,0.43241920819127877,21.637280464464794,41.84271954934469,683.1909799342106,23.863699328792226,59.310395752867194,0.40544327862819957,29.628646314073883,9.368764051333084,739.5101616897496,5.311214739382732,26.390498528576185,54.96590542515274,2601.413384551037,5.258319270213255,23.026662133490554,52.97216821576186,58.24633488288903,100.04283787506021,75.10091913974964,2361.1851392058984,91,2,Developed PE
14768.850009832215,107.32396714050444,111.09859586862775,99.95346777550338,105.97221136669003,249.98863649841738,133.5119914853385,104.81440266401448,71.1420807284705,138.85193523526334,104.11034644539208,119.58643352328606,72.86626980577572,6.0508409851894305,26.327878073339143,125.09157659209869,467.30442370630425,261.41598802599856,6.462232702609219,447.79436805039705,103.82215815461815,166.48551724985188,51.74106075536415,64.5693363296177,0.13855447991748862,0.7943558189005016,44.731990605739796,7.74429652591801,0.45544595599161813,366.8177146460754,3177.961398184222,40.041355461240585,1.4655288712463312,37.74547191634815,539.9117634851746,2.294816007049964,3.065423912395815,371.2016491064486,5.294045590106759,165.58282902514128,2075.974756972884,3.0646958940987803,275.9251360639379,0.7170941010812363,5.088360420824036,143.3501764427499,1296.5466775402724,0.6204859180819906,16.137009602232865,5.237655031744554,144.47354830873473,0.37918658653400084,16.573478802210218,25.925426422721408,1742.015569279018,21.1885641950992,102.95366243069401,0.9618574570482107,19.78635958159528,16.90986048295286,1269.3096587208124,5.5794107688456585,32.02366510296131,64.90294165666846,3236.3006126923237,5.58512997779164,31.075247897064752,65.1718019684199,59.742682755909925,100.72417928387893,89.88156452677835,3114.162140358489,91,3,Developed PE
151.02477550189678,0.3785380128642828,97.29541620959525,86.20752100383592,129.66403560393545,123.78551248506108,121.09273133916838,100.66373045580303,137.19774204535378,144.20635953851257,98.7766807762883,159.84905254010218,38.46099619277133,15.678666637102902,13.380264257668951,238.8665048346388,310.3297668725029,191.53328593056293,0.3130046951871279,3.6131482702671915,53.08541412710473,111.00688565646719,52.10579638197929,44.33969377097053,0.14872304775721498,1.0,9.09682405361133,-5.423545108555032,0.45357920219056447,-2.5181684983425257,2568.9701803586618,27.8752456251457,0.8073103537093458,35.21011198182222,414.7981540571495,2.0827206083216105,3.0102113143008875,309.91099707955703,5.7331560418977965,109.8164033955646,1761.331533674181,2.538203177859892,153.55132661334136,0.5041252753470273,4.943787499959441,64.81521049969848,657.2057162484298,0.4053955259335538,27.825183976797216,9.481605584644171,26.119167983927372,0.07277022328316875,35.874660875141025,3.1747839428067994,366.0776522524292,33.93932262906816,7.111436977556015,0.2775601084982118,42.25022054880944,0.7196326754066209,105.43460449783898,5.64764571802937,23.96564227455118,49.84441805137604,2426.0396062566274,5.3436821291451775,20.629247691644142,47.023785597825025,18.545375550834798,99.0970516115956,33.412497978666366,2030.7491439991459,92,1,Developed PE
1140.5177155214953,-10.155022666976372,107.36286421814097,76.24625361953298,125.2553496042,169.3733710614606,147.56038033560105,104.10670765974984,143.9917522171383,181.37832711587953,99.11089548827567,144.19087316833344,33.41859348612825,10.951482152397572,16.322200006563214,197.2803785361603,390.2951866577946,221.69664608942225,0.9423493667746377,37.051243890922336,70.89227357854212,101.24215967540452,56.779766957567944,58.74168406848152,0.14944220744406675,1.0395130637818226,13.37236389243807,18.590427379028352,0.10411748667854437,10.377810625623614,2532.1865634181086,39.477977085923456,0.61057713425938,29.557291537740117,371.3063590834025,2.173536681023455,2.843813379734116,399.92886448911037,5.763014715976596,144.13837923387527,2418.031472174977,2.766231344910937,193.36481992195473,0.4676930397345582,5.109350085394921,83.58342041182016,960.7190862366817,0.3832133675027457,19.392303120001234,6.541420354408313,68.1237709283017,0.17775502274606134,26.98771706753847,11.87535557346095,924.0815821136213,18.839099605003394,29.29193476589205,0.37352110950416906,27.215106316992916,4.611654839853858,422.79866157375426,5.156585158988913,27.559584678529298,55.0478549420512,2799.2387832960717,5.23059628913548,23.88448721303413,55.425617154893,44.37900089396717,100.32422454381263,62.80626601447317,2438.452734826785,92,2,Developed PE
10414.835777542665,117.0266335260798,108.9578725532109,83.8729888426341,235.81715921407186,237.5783510602834,167.56748883254167,118.17402074223898,107.15327360845376,191.2934603443838,98.33041912927294,128.80311511872753,33.20096067093613,7.803057090132516,27.20263258706539,166.6597959971234,426.68871550646537,268.17541025240115,4.049620664426414,545.8116440202755,72.81084434766939,162.51395701404968,38.07445949838417,67.93557841876657,0.16282842791132696,1.161652182771038,39.15721210721631,5.756321233370828,0.43669632976321116,432.1854351121338,2796.7646796716735,46.99258429980331,0.6298701788081227,28.689376004824243,466.1221306211147,2.9466488303657536,2.5632667049605216,456.0821941365562,4.600964313964756,201.92725122811098,2249.930697370116,2.459186982667674,349.98086214806824,0.7656842652743054,4.592736836685931,158.57839697489942,1656.6179679345364,0.7146665455395309,14.905582895339268,5.818292674175288,102.93410822775542,0.24520661196910765,21.461565027062235,16.046651205282565,1421.8620342376303,15.152469746240504,81.0544597816043,0.7320449103219595,21.478432343759696,13.820421907959094,936.3707739131103,4.280992230946524,24.832382068057335,63.45177962065742,2479.498177329192,4.186900403709486,26.912333420888487,65.11570510944854,58.42909323267441,99.72793600603046,89.02218794849807,2718.998623576658,92,3,Developed PE
213.0553970250808,-0.11102345933586438,89.62060304545497,83.28490833669912,71.98356374575555,59.8800126372349,70.24477633494712,83.50289668309155,94.23213635034159,126.97934724041522,84.57992215810296,81.98231014797722,73.23313457811238,11.645279000278311,3.821860536294916,161.9700077681213,287.22617783104533,154.26009999208068,0.18905553855892276,-1.7499337032338405,20.772412554212714,63.05327786585439,69.97233223010883,37.08517657501039,0.12083104445405768,1.0,12.604474769148716,-9.797959959881883,0.5968942309193912,44.538940314128396,3470.8644108727754,28.677937865082836,1.05917616382958,32.58077746216228,660.4601862369049,1.6404753953301323,2.099206801356619,244.03107500077846,5.058999403439136,85.01284094934951,1296.15547609536,2.250159078831531,184.4561887537547,0.7357565738664105,4.760250157717744,74.23041613570402,909.8274120629612,0.6295613711144084,20.721395941035635,8.949731441484113,18.05797367756156,0.07661521293155513,30.6601123564604,0.9681812322717622,359.48363095076013,19.790202836062292,7.4366878352372705,0.49712328216017304,29.25221012391656,0.49482379511649244,84.76327167478205,5.602465897643216,23.318457122350047,47.15508828769757,2344.8402837147196,5.638297394968932,22.146128988509968,53.430723680313704,41.39452730522507,100.03809054987381,54.74222660918446,2205.68939648421,93,1,Developed PE
2340.4257354430356,65.71833656739514,89.67218877146945,84.69098882790121,93.22045677707433,70.21190795570739,93.7962737465443,104.94065514766906,90.19585786911684,171.43353562445537,75.81091277217087,79.60087498694237,61.87602029230764,8.379763971576967,7.160586195930766,196.17889712232386,331.5427156052741,226.93482571453697,0.9992039720672337,108.59894615250789,33.51509670550075,90.5329564630842,76.33112636546844,48.37563036101645,0.14711010219947862,1.1653087256519499,15.270637049343403,20.235388339053223,0.4803454396614173,60.022935030504186,3229.6969172701397,11.771929393923347,0.6543900407842647,41.142956939363025,624.426148318865,2.120617042667965,2.329440310128989,377.91394074267055,5.085246709918648,145.88134583246978,2304.9638143204957,2.6769667749480783,410.4586761686691,1.110541276111194,5.194593002553255,167.15806830756094,2228.451512973938,0.9696563486644596,10.44872324835131,4.662185127938997,112.73069954149081,0.3085452508639714,21.20342650482236,16.03938156187785,1616.47674251722,12.901790758242207,44.578112356070605,0.4428252248233415,22.514958100827645,4.678796927976873,727.840322513875,4.955610263639219,29.16097237948227,62.798668342735624,2895.5022756636895,4.882316726716548,26.598971545580408,60.816219968806365,41.8330084723236,99.84791037226088,56.2101365724381,2723.8435792673527,93,2,Developed PE
8763.755557491075,168.21310091582768,100.4057608409129,84.2222502172337,111.52598818929101,59.10727553718044,109.21717408362125,105.11717879112601,58.31902028988938,216.33812484665447,68.73547179337477,83.88093263061731,73.66005268832197,12.10149102720268,6.904523285914902,179.38844256736544,391.85350213531194,211.91372483026123,5.028478351463319,926.8461357551591,24.492537579656847,129.38317270614618,82.12867143155873,69.671332987023,0.16886894451061035,1.3522863586211222,52.12889625547562,2.9924857451288265,0.7251900957754056,891.8950767073493,3612.87737555778,33.49654318047715,0.9165079258823087,40.142107963906,744.7551176806292,2.3966030100572238,2.086513795218867,358.0461295364149,5.238436010818034,112.6181701141213,2381.135977105051,2.2078314077492682,268.1390198825323,0.7393115282685148,4.714941810726123,105.42692900599282,1608.559282470309,0.6751166561323719,15.82303268968991,7.753657197378805,94.8711057040327,0.25109826055182677,25.65210798405558,13.993982494971798,1463.5137312733243,18.510535820995017,44.82835608521582,0.3260054321220278,27.629775923181924,5.721059061208942,727.7456356428937,4.228807420225236,33.43775855831061,63.305035992236235,3317.2870958554586,4.5555234819883985,31.24829126371513,63.86541776265116,61.29035749955957,100.3641886081665,81.24504540312148,3173.571143365522,93,3,Developed PE
-82.57144749135574,-0.04884954738786079,92.49251836897291,94.91589251497116,130.97584069773117,114.3246736689521,103.19759075785413,89.28755732850229,124.47228015667143,95.05811584368774,91.784802997884,150.3603527284379,51.30782072463697,13.850028623048825,9.690614708339341,221.60304757184974,235.79916788893863,202.09476394172603,1.1310630061729063,1.7498910382207638,44.47879595980409,128.25022591943895,70.3781932053893,40.38661430587932,0.17486452436208064,1.0,12.313473008869346,0.6233438572616841,0.5111376064735442,20.889983310387358,2508.869432374498,29.95172276798278,0.7450686984732583,33.995796975612386,431.3282315505126,1.856524153275269,2.831534290120962,302.54744459282693,5.709289618052982,103.69816994049683,1683.6444376575575,2.3696411202885383,183.51141054617418,0.6233975537688846,4.879220035410516,73.34762486144481,865.9762736080494,0.5528464322999561,26.14060580198546,9.287536663248515,29.18185842983671,0.08912209130810944,34.79400630117789,3.605934245002909,422.3604539852587,29.777991561951485,6.047991899988263,0.21990530347519197,39.58372609865233,0.6709626726111524,103.2492804096809,3.7158968063248548,19.11788741930716,55.14072819276116,1971.1100126719307,3.3881244608902774,18.314024893540594,50.06192265492783,25.985490971519823,98.9115602437533,37.84122652361276,1810.9869055625807,94,1,Developed PE
716.8659195349976,100.50724963243547,93.37408766759708,83.76196638045113,83.82344575862626,176.34917014261342,107.17582452306613,86.4603412904248,111.0847522582414,131.22814263463033,82.06995273192746,111.49394265352477,49.46383604020499,9.0027621436988,14.825721934414757,212.6655539687102,297.0719385737424,228.53979246008996,0.7090993852497632,1.659244228785255,66.39313618709689,134.7556042034421,69.22067979126832,58.496081046951616,0.19167189545680866,1.122566045204834,13.420192281943844,3.796377788102885,0.31582357987805265,30.77327543360954,2389.2960009525077,56.38575885079318,0.6925557517889127,30.42636457454804,465.6582221242204,2.155374579159685,2.476537867213434,431.6709198878804,4.809510057520372,173.97136566905164,2235.556328146736,2.4967106435265918,296.29621535584494,0.6680493402811015,4.61197037004352,135.5920467519075,1458.6460810338092,0.6460790563962054,15.824716920509642,6.3166562861131155,95.9031857746246,0.23509137202985037,24.150876259871808,14.897057232253088,1317.4825734098424,16.672321427855746,37.113091793854764,0.3867925720731263,24.714115571506703,4.69775782951312,553.1027365859791,3.928225767404145,22.578483064277346,64.33287397438505,2326.2212308984035,3.8428231652177356,22.078887500945562,63.96021339839158,49.97761230516908,99.7118101803925,70.08429509765776,2183.00158790617,94,2,Developed PE
13159.626266111027,226.10193951204897,108.53742727464704,93.6769101045809,178.11809847014098,240.03578539699097,129.8456913341895,95.73209200321557,92.98640159256662,128.13819396194486,89.5088110707992,92.27186950222992,58.16597652001843,6.906745555320827,30.69919229978484,153.96275354150853,464.5688579992953,262.8415586853866,6.3015062878203265,765.1959457000519,50.725759203122564,183.332780153709,33.14938950516722,89.20310771721415,0.19132604926476085,1.111887556638263,45.132827667085735,12.599236313444433,0.6226127171220983,96.02364159053963,3699.785312421276,65.84336904896124,1.0150801016956408,33.24770181779019,602.4800808635893,3.0326879435844383,2.9346048999376264,389.8764012614122,5.687205374974206,146.15685190306507,2332.136282223556,2.6106225665076916,301.4791997959867,0.7663823110507348,5.113230472183883,121.19155044097732,1501.7497650926969,0.6382849650282009,21.911471738586165,7.497829417173854,52.02625890409921,0.13055263204203493,31.567565579245,8.420334369523943,633.7623658741566,20.885126882794772,45.583193503763134,0.6125164725113096,31.848464542485715,8.510238975051799,437.3230680944811,4.410398382566492,28.40078843371024,59.86542945749194,2830.6547696849316,4.397713781057417,30.897344636279346,63.440013875426864,121.23282709342585,98.46298136764572,167.13638839644022,3113.4750328044524,94,3,Developed PE
138.6436099081497,0.859568850574778,76.6897380123335,71.24747269727543,98.5549554828428,92.10957247833093,90.61291281346558,81.69417733638795,95.7527231637506,96.09791397813845,91.47558103936433,98.6552257392979,66.80927902982928,8.786957373812108,3.118422791799609,117.09844404522167,190.89877071468712,158.91964145606826,1.8056237938442732,8.469672315521283,46.55636365363388,88.2553817214857,61.173617608939914,39.66016051515896,0.18990287241583878,1.0,11.44239739506807,6.71373029082659,0.5465108102666133,51.53380728512191,3021.9901963362718,21.788015138656526,0.6343981452370269,32.02196952296071,504.0963053080967,1.2082307346190915,2.0522402171103296,242.54770791945788,4.883557667738355,90.96509247020182,1127.4061147947773,2.049960086430173,162.69648935229196,0.6453820426092198,4.24361700237867,73.28381228336042,720.6775724067829,0.5672911892808394,23.260703959232664,10.87537886575642,31.232574659004744,0.13071813287064168,32.1455370214014,3.4567874875378264,451.5046430582286,22.819652727689874,15.452159597739515,0.480311465292779,30.729230964344268,1.8575403466235072,215.8902307605998,4.206963399499955,13.303821918010806,51.81835173549117,1324.411292269747,4.145449601009142,15.01751269025573,53.983326726861215,29.59408441422285,99.94796784198572,43.88966788667234,1551.4759899342123,95,1,Developed PE
2878.908107198349,44.27141266100469,96.33277799492257,73.87505062132637,127.71924271690196,123.29800412998281,126.12265871025706,104.34807703388726,81.08528731834853,129.75193495039372,85.77301576206287,115.57658323709286,54.98373117480243,5.550534377267175,10.630555707541536,139.1978830521824,304.32609446452835,246.02317161853983,0.7662819716588908,54.71475154245641,50.675576803919085,120.06713279122755,66.27049758825466,66.1648038087915,0.21357947943358366,1.138943705213614,15.352734031826406,12.042373168604884,0.4678911919634743,46.11423632435539,2727.0154807309596,34.90847311370513,0.5766838652506845,35.5561528783407,469.62971918229744,1.4161015119195386,2.0248514197285106,398.74768500552494,4.113555052087916,188.826945191123,1883.8265039348137,2.0274561191411937,378.5420881873363,0.9483545212363184,4.05788953013681,179.67332984566184,1881.7115223974376,0.9153348844227496,16.88800158844613,7.852811961876265,121.6310009135791,0.3187119960458874,24.731034381381658,22.219304417045503,1419.4481097630155,17.436655284359873,41.765316436480205,0.35138665559773,26.525772078230425,5.291377201983558,637.3662073596886,4.57991703310647,23.638553288201315,61.80828570146432,2346.747104491867,4.500547682669486,19.929752358944064,58.03147169232664,29.34101171114007,99.65220269354023,42.4156142166287,1975.7210417911222,95,2,Developed PE
10610.711983514177,141.78630457018863,106.5570973846151,81.15772120332954,167.59540720253779,147.22833676367244,134.78424851930168,118.28435627139687,77.93143639909752,137.71181697660722,85.48915203696961,98.49004628250464,64.47548921293127,4.99766979916235,6.174177052826174,124.0790278800328,415.6591097496831,247.00700043863745,5.417702155546472,562.5788389808517,56.6886922318453,149.88822389817227,52.62093243846613,82.88882064713022,0.20210533005168094,1.0147488511574316,40.975788081469105,6.200089379656874,0.7993885995450228,129.34639476831342,3385.5560549159727,52.60325002113788,1.1374176555703126,37.31124147333273,573.4294315318999,2.1684329781329166,2.2518679271260793,372.4817611986974,4.426810919745657,167.76680663264173,1947.2369274235737,2.18893851682178,343.4020053507478,0.9329601186824235,4.328639277673245,160.80838711756226,1666.171756916162,0.8596786358455396,25.937379072871785,10.982754296596207,38.4021647814873,0.10224387146609279,35.784840180242256,4.532562418073854,578.3367739400858,30.889314493746703,3.063901882592937,0.10128828275663498,41.345375080780826,-0.9538371799207184,151.48133982048114,3.9489925208584538,30.658372619403824,65.22227935570339,3065.677626808203,3.990308740441225,27.293389142393156,64.65073603899465,25.650685858750485,98.54847965881294,34.79970311518732,2751.450633253951,95,3,Developed PE
286.9015883726288,0.2880095419924902,85.79763075156646,93.86729900372879,118.12203297842596,117.91960462139346,82.26524775832144,99.17363726704642,71.62137712491113,98.73208169924293,85.5163491508897,157.27470640702234,38.219888247393634,15.506673181781755,14.50492744959688,214.43057987368766,258.6924473749592,195.00553218035677,-0.6731878023017257,0.9538609310964139,47.64628180660847,96.88548406407183,68.15259279938152,38.60638760185105,0.14648100404722691,1.0,6.283212410894396,9.139724726965268,0.2388663225495939,2.0997023135509423,2445.412293357456,26.118645270142213,0.8655670438425156,37.971536146775065,513.5366094477579,2.1852248520473716,3.193487234468956,287.9153241782661,6.5143618036271524,85.89004996884725,1801.0694167176625,2.713440054514051,120.80457836104836,0.4252646188216266,5.269129214750747,47.65156861688398,607.7234442013774,0.33910762030800323,24.739604641431935,7.632012398793163,1.7195237092685787,-0.004520877245971305,34.4049746867239,-0.5499633528906989,154.47759722171236,25.81785752790679,1.9802502902841734,0.3868896927253412,36.081143969518564,-0.050278920738705324,67.72984742624669,4.70450818376636,24.81512204234591,53.042105057116565,2501.650354731728,4.7947224405942,19.97367047761481,53.5835692257554,3.5958486178110185,99.83945737796537,5.2982140272042955,1992.5192375388008,96,1,Developed PE
2032.8855479868098,55.68543436803501,104.16046531311754,92.58087865424787,131.83578827537687,184.10848918749156,117.30219210444619,111.33739650732537,78.84116293386475,107.94332507047449,88.63275259803825,140.08586916258153,36.45929735690016,10.563988897046348,17.973300192254804,166.36270996819025,396.1236652730621,229.95117407206894,0.5264243073171564,21.813523147322904,75.7969276102171,92.53480138534547,66.01427801522176,60.79631832710506,0.1517336111639579,1.007662179037482,10.78727893309159,0.38478602476795665,0.10155946489526041,16.77421946267017,2574.5114926955976,33.31088844194285,0.9131111486410801,32.57687049159429,483.01601225810435,2.371521164953413,3.132290791620238,397.3948270081599,5.985103970719146,141.78098218384798,2424.0596326141967,2.9405360729802674,217.75570322446447,0.5397249742665318,5.3597612162824,91.7854618259631,1125.4853234069178,0.4553343547172307,23.990565644389207,7.482788142977299,-1.7676940512644208,-0.006835301324489285,34.496259064147104,-5.707931139737418,365.6866487329123,25.382651793957795,-2.479358020103003,0.29878490565512555,35.82204306468265,-0.2901093556577208,-23.29835440278231,4.461735985738058,30.77937839886885,59.54375676547529,3123.5583711143445,4.57756974974156,27.428773022376912,59.253628954879886,30.114923092477476,100.13766750246651,42.94636089179396,2752.2764853573603,96,2,Developed PE
12570.323003715503,179.13964524163924,111.18211492058269,103.75527091222504,226.5146002439029,268.6155488385641,126.22390048737938,127.00778936009766,54.20405270872986,169.37939023757664,88.72558823666098,120.84621457051888,39.15054421970893,9.066513266937703,48.78399319125608,146.9108701596275,449.70348555343594,264.03514873594344,4.836596510827365,647.6464224884201,78.18387077714983,120.56846392810614,53.315625488536504,73.32759376386915,0.16340019219848473,1.0711979870034476,27.288938356770764,0.659100966631522,0.5061908786793459,207.3507500176279,3406.409925170651,49.107157964325204,0.9354796319083653,35.08069414952734,589.2543727186812,3.086847184635615,2.910790052053825,423.3100473462216,5.481663365973556,166.89081247373326,2339.6683856845743,2.7107843803457663,318.1748627553792,0.7604152298752851,5.043312114848403,135.26633166934172,1542.7368738285738,0.6431714794061473,21.19982666354618,6.997267019112393,43.391252283697746,0.10153402509633527,30.283268698055096,3.5922320155719953,823.2310866141263,20.665299108534345,27.218723492750165,0.5294983633167064,31.691758498836357,3.091676091360493,411.14755690701224,4.37644125011043,33.35013562891553,64.21200807670631,3335.705247171506,4.283865758810207,35.48123527197814,67.05219534164857,76.75600758774071,99.51312472482516,103.30203575496775,3568.581103981379,96,3,Developed PE
3.5627200343687946,0.48026332905582747,100.08561617361694,104.37723716469189,98.42807968265842,62.240550161862934,145.76007969328728,99.03811344176422,114.63985259375822,87.67753511123868,95.0814478267242,126.6598415800421,56.421296085542146,13.795797112050177,4.409285087017094,191.5110413230783,300.3311845969559,209.2379477225933,3.548753894209816,3.785366495162271,85.01735503436149,75.82372446651331,79.43016091647664,42.845713258878945,0.14121875477648807,1.0,4.970172250278273,16.33393463131357,0.6080539977191167,26.102569126952446,2127.4619061750823,26.20209302260566,0.6608406784671763,34.9854402660524,557.903868952339,1.7622149362175168,2.7289627032344512,240.0304049933155,6.123271220869995,74.9816186655096,1439.031742880362,2.362441224887718,109.58754218418211,0.4665968799268254,4.8085326602934355,46.81232713477275,505.0010268205061,0.3611381117680743,17.975084101603226,6.998753823039103,52.34959077343701,0.2281916744566963,28.525556922061767,6.1424958094414945,743.3802480766947,15.450401161090362,25.930830575513642,0.47447790139075463,25.275764412064596,3.0956315346562198,384.48078153615234,4.109095059330615,29.41700919060598,64.95077530734997,2927.182404047796,4.4895527820231935,24.61527454661583,61.14440212607822,54.175050273610424,99.92627420115163,78.64756406934623,2462.1251359425937,97,1,Developed PE
5208.688212441424,53.15792118889365,120.73755366162861,98.23892771682848,148.33056246629974,114.9875645377201,192.79836796740605,121.32040847426941,127.30380261298318,154.79097681902311,92.09588635135972,143.60069089957238,34.914345144690074,6.258680521505353,13.398426099094449,128.12338758389512,448.11715844974873,277.00165075201926,0.4009293561189675,61.531060397767305,124.09490625676278,71.60126650114807,83.13145743818279,69.47401195942386,0.1531438090986766,1.0872639399768218,9.053764952624311,18.381813868671728,0.2547830892692111,44.1606554224367,2256.2601638939564,36.839634439106575,0.5572181997159174,30.70304139235461,480.9327459969494,1.5774022791190214,2.564758729505566,368.6484338666182,5.243531642282773,146.44937929846554,2211.6736430471706,2.3163640423811773,273.1397142142699,0.766031733213283,4.656869549516713,120.4635860052852,1402.7525306493021,0.6636152003751791,23.350092018842943,9.504397980239448,-6.4581154477836336,-0.012424701377035052,36.156992330370095,-8.193928551433558,484.66985355572234,22.453002282301718,6.207262551333169,0.5236328104512389,33.505216687631886,0.17198458392727378,190.61378327858358,3.104181979011022,35.23237761147863,68.0312768088117,3553.495180598478,3.26314521744932,32.8411973835636,68.71268098320341,44.26549483872396,100.33554813804325,55.14933117990651,3349.4669779438987,97,2,Developed PE
15105.71121572311,83.44910702463528,121.86570784893486,108.09718934725312,160.16194924011947,188.33520954841063,216.79334931018803,129.25052816755837,121.06545531428226,198.22737115498188,89.70946288131073,104.04318956862905,46.28155633364617,8.436887389266913,30.18299387321419,133.8742532040947,463.48946164558464,313.71692911677053,4.959591592570993,406.95397263438696,118.36041868615885,87.8797470965027,76.65798927174619,72.45286127796032,0.15441522897673482,1.0742100343804937,24.44099420549329,11.869772654423443,0.5235595060655166,788.9054409384812,2269.4805977501355,42.688474714918684,0.6179699735612186,29.02848195939981,568.283760989958,1.6530570930566466,2.6280637548057744,316.65760849252695,5.4170130057118016,120.75842709258109,1669.729182970037,2.612973736800054,197.9944978261254,0.642673892773052,4.680406743806617,107.27251487694333,781.804396969368,0.5242253111133272,22.57470090909553,8.350773504324236,12.396127354151496,0.05993706643415361,33.521699467050155,-1.4797096004299561,509.23488815930455,24.14118020415036,-14.819820570159344,0.2848049612548216,34.65714753783787,-3.899699689073346,-11.64622059262274,2.6569806628483175,36.262485160462944,74.68682949232779,3643.636448051913,2.34432090224654,39.892469173873934,76.05556124627003,101.37697051413664,100.02428337863392,129.9015764543724,3970.312436180816,97,3,Developed PE
92.86001774634592,0.03710897416854081,93.62270683697612,107.49357918542098,96.86683484281643,120.48605172476256,109.07626882344103,100.8828231162949,111.60515254774076,120.40290851353352,103.0091721820352,124.23856398490646,52.5069013238884,11.668763180017567,9.105834337466884,203.6741640031418,242.16044982461523,196.66522573419883,0.8843041199989399,0.24249567721315213,81.81123329750427,127.4498273683875,74.88689060304735,45.7984542994744,0.1824136034288289,1.0,11.40508899325172,-1.5546158467761995,0.6577120451358676,46.34646208460731,3045.476038064516,25.627026843407016,0.7776794840844161,38.67889434214882,607.4791279054101,1.7164570538496222,2.9438220036581453,247.47437641181014,6.036788460543374,80.44983685528804,1414.039340849983,2.7081653828981147,157.24499730740698,0.625722928894137,5.295747111781704,63.6936840548674,743.4209118129959,0.5315391302098655,30.032572976851394,11.03711747272253,24.45323334711235,0.10554728590048555,38.49386334913306,3.1749577783758705,345.9703179356993,32.335390574039,8.276843775265952,0.2551930005029204,41.65232091939341,1.1556891406345677,136.59450287163372,4.36511088576455,19.133375640565905,50.866310052437115,1918.7918102639778,4.360212883349963,18.433877781055255,50.42756285889469,33.45607628910597,99.75085464217696,47.00273436899171,1832.6962026706992,98,1,Developed PE
1622.3106390990763,99.01727595243699,96.9131183563515,94.12018955115809,97.48783218837463,131.5861429482393,120.11979358453671,108.43384359627397,112.19024693933545,130.8802635757117,96.9483739451607,113.49892938096829,47.10858365829218,8.984927720282219,11.780002240953737,195.01134211064021,330.93070945690556,212.7870400672523,0.5307385029834221,51.95049594121894,108.24621487847837,128.0452143217834,53.37603892078359,64.52328980932856,0.19889982516363294,1.0659081305474536,15.56680338661688,21.91572857352983,0.40743152501620883,46.454257297017186,2940.635765275932,63.6205105582974,0.517331889218171,35.897109707364656,548.8391887352772,1.682975336375866,2.902110133572129,319.9797788404357,5.70469507492117,123.28466764645287,1818.6767425670482,2.6286744391337464,174.18142624482562,0.5398887533570682,5.0756378763561125,74.75183544481419,827.7812717953539,0.4867835925519256,16.665474026319774,5.632659206618207,53.42945345300177,0.15759160416327234,25.510653706755797,6.9295713522388604,756.8664758401856,18.30208502421487,23.958640836183573,0.4283092000516084,26.369706477534596,3.4450131641812103,325.0406524181365,5.072429849740266,24.9096614611342,57.670289035099415,2505.63753891423,4.956647207987559,24.11744119830149,57.69208647317166,51.7714815993544,100.25824383100651,70.87346308345388,2472.98241105257,98,2,Developed PE
16309.63507989762,198.5905792413036,124.7355024736365,110.37207739552653,192.17163892022447,225.03311240637427,156.8875934709362,123.45273302839337,97.33345653455159,184.3346710905344,101.79611803735483,93.98189820621675,52.910230420946434,6.222749277479034,29.950103577212804,145.8658666317146,469.60587991568343,292.70436230776727,4.431978098075281,760.705803555289,91.73615344122098,175.16105766843867,51.02482984275476,87.44275440078754,0.19074362103249615,0.9600252578337154,53.51091912797334,6.166700364771168,0.6352055599514033,241.17825354117178,3829.6411770040595,40.389849744485424,0.3873765944479062,41.93521038793316,682.9467892917228,2.155022794343801,2.7551259660468292,379.22241635851196,5.48899972133749,141.43741103325786,2114.0635251048307,2.707449575239331,294.34739821377775,0.7855499410364968,5.0905960381059865,124.68688592902171,1444.5324122069244,0.690324003311721,18.922441322038626,7.149359368014067,86.8423015007252,0.21481902677852865,28.913762070330698,15.237498304783324,1004.1692598789074,18.848889893484987,65.28928688891837,0.6752046009185662,28.1703428081504,10.335784601507864,850.2240820755192,3.706954676884224,33.29868907866013,67.74648663195056,3348.7061241699266,3.7069087047645803,33.80328001723991,69.77598562541891,88.24566157544174,98.86648534568147,121.3067223404355,3405.548182365247,98,3,Developed PE
-184.48288554946467,-0.5182213670191982,106.02312348661225,97.39035765609283,102.5297407543107,121.92946520146818,112.61155752326259,97.23423623001224,119.71746541017518,149.74575903083547,90.16176115735959,128.06890106572536,52.742091978793646,13.56632520824087,10.919191773694843,229.30441150322534,298.94379314563105,202.14863381546195,2.0443631771607524,-1.8621299846856232,38.49017807402884,101.34936706783137,69.3233156463354,43.44264817600832,0.1463313632691506,1.0,12.767725227182446,10.391215806426123,0.6819657913103748,46.2643991329719,2943.0399652574424,20.404286174635423,1.1277717254553354,34.14037550377961,643.7381359926807,1.9511896023603357,3.0252922587388262,297.421201392172,6.3654173060887445,89.59976358842745,1944.5230077602646,2.681768894115029,169.21834502813732,0.5830904563304461,5.417989439671924,63.98054637819835,883.845571189661,0.48302363482882843,23.379440702622016,8.141656507276974,27.477839583213964,0.08823866227279867,31.917705951997444,3.411742458976284,457.49307899220327,27.016505050154343,6.188018919400413,0.25916470598719943,36.507879824005386,0.7348733238146452,102.23686433674389,4.490249562931823,24.911485834613238,52.57947769773733,2521.152639770392,4.50079088750758,23.59446981374706,50.405502143230564,54.89618762113639,99.52250254572057,73.5177621503977,2331.293450317299,99,1,Developed PE
729.0882337714932,88.22594669941532,98.31965933745217,83.32840219703044,74.37980500221333,119.22557764381905,107.23393548169568,96.98136184926713,111.55016854092523,163.962860085943,80.38134475612131,102.30538230230334,48.285221512248754,7.604528843230648,11.997006800087004,224.66321090948975,332.6616768449518,233.7385690231656,0.6971811123624372,37.198565534121855,53.24852403204665,117.72048306669205,67.18559301988238,55.1402358715577,0.16692191108324606,1.1058774101417639,13.990760241956902,9.153160539034218,0.45537999212753516,49.69576337284629,2646.4871093016022,48.7564685171782,0.7421106023778332,37.62695680909298,612.4089460072771,2.0118222963350236,2.9362216629605147,421.8758292544157,5.746215298304162,160.6696047487316,2656.233902105006,2.8979009185687072,332.8223823430951,0.787809040915225,5.483905399612503,133.62244089542546,1804.1083775648465,0.6993710170505316,16.72619781798745,5.615835642576878,81.85395958769469,0.19447710513090885,26.79183330710224,12.7102327530873,1118.3592252820163,20.401856170494355,35.220246945617326,0.3689050102443757,29.026843316116565,4.633081066907709,512.1885023102147,3.834087214394627,27.61547076488279,66.98447262678802,2761.1042149105897,3.738067971883825,27.57886474320251,68.66062958294694,56.22624696230045,100.08846755177646,72.9649461381691,2759.2414345325346,99,2,Developed PE
12002.958145322513,160.3876942802863,120.03167026689543,91.05032464523178,164.65671238943514,174.18966003268454,131.74086247167847,100.98098107337395,80.87452789646494,201.32162867292152,85.70054036101736,81.79401677576647,52.19712716696486,7.034224347103675,29.02889866079945,175.94497684216984,473.44632804418046,248.48466717045682,6.077859201212259,808.6870953201678,39.764447869888265,171.37633686148766,44.1040058219027,80.92395613832906,0.16852191753721452,1.1277882524078775,58.142357125237424,3.7083567869937886,0.7693175569550477,483.3812633500565,4173.371768815546,41.06556893930539,0.6582210607065931,38.140346720826734,687.772131194673,2.6327175379151404,3.062173216796359,394.7786759367766,6.388288499080566,122.01277631060391,2646.4438314810236,2.9295774301059843,305.26884417621795,0.7531615518661662,5.589177123399262,114.9262206951502,1747.3179224572996,0.6409528154556182,24.178031833817503,8.50219374294304,6.681677386573085,-0.004827469452861832,36.500032899529444,-0.40104278606321664,451.9671679776718,26.910514214845325,-12.990439452384635,0.2810501899213915,39.09949089783892,-2.3363210248277912,-116.55166800867073,3.9050572548705373,32.963450942411704,61.98866629773997,3288.3902844979175,4.132468332526593,34.85057729181406,64.85799817050638,130.04545923274267,99.50025344663673,174.74666791472092,3500.3488774658854,99,3,Developed PE
-4.849794590304754,0.3210383693794983,101.08134566978242,88.71901031344677,103.5804683196915,167.59452810067938,156.89872893459008,104.63565347269795,153.3975867383816,138.00437597201832,107.93699688703244,144.03608141656707,44.834097994963855,14.442203947563012,18.04907801015462,248.42026055648603,311.935163337982,257.26664088517003,2.1851363979014096,3.624581123414798,71.08691002572768,120.11306797380873,52.20689611359501,55.4437625938004,0.19127352160505454,1.0,9.01095590632915,19.28020753352733,0.7067484008868099,21.81012864965025,2190.8960512314443,24.575028071828076,0.7804498375999059,33.69098659122062,543.6418139051978,1.6857075905301553,3.0751106810215134,309.67745854815263,5.627668399828925,116.5523523625036,1607.076452215153,2.607740058589673,167.85487880879623,0.5476889090661057,4.954802410512051,75.60801511689668,669.7533248371896,0.4497108409562009,31.37875304070738,11.410199293343823,30.57430128964509,0.07796406862569702,39.9699425335295,3.6413403163726397,340.8953109866311,36.50229118385705,8.894060711990914,0.2129020451988243,44.960474601195976,0.9286125866577076,111.47093887909634,5.5745392819647535,25.662229875209423,49.73699406993066,2569.845884989254,5.504313231386472,21.70932433768736,44.013186588729155,38.5506009361346,99.05469703096118,60.0235291208481,2166.290493865412,100,1,Developed PE
2125.3392836468634,-8.764162710594988,106.19715116135337,72.632047442028,93.65052032205786,157.27583485267942,163.96390453761202,110.62626947158968,154.06026084170318,142.3888859477271,101.60341753326912,132.95412502393384,32.36249314858322,8.475670268378812,20.838288040470474,171.08593271062222,383.0620197470201,270.02595428577297,0.6577959851539306,46.609534947062805,83.30310716763088,108.18789789144029,49.26019749635248,64.83981326816635,0.17419262614304948,0.859496692658088,13.303654775171145,28.309379859589566,0.31670100536185514,19.70167746150234,2218.1786808682486,51.21607199921904,0.5375858739351816,27.64298060375365,475.3722285679951,1.4204948241325714,2.926802642876165,378.5306933300026,5.730084355951646,149.29440237432507,2201.6633707422593,2.7057329584149112,173.45721095557917,0.4360139103652353,5.068320105020258,77.93994986948627,788.3998981411034,0.349687889950158,20.538014094318104,7.04045070066234,46.41910949985928,0.10812439578797595,28.035642746425193,6.135288039025001,703.6646412115172,22.684719691723082,30.31745035762942,0.4521873539166096,30.203871443259594,5.592290649429561,359.1206424715772,4.853757511888724,28.442350566421492,58.22808457399929,2871.778680074194,4.900349953235341,26.32972024422577,59.9106836042139,53.61605659327776,100.59751082799947,71.06224836406582,2693.30870862425,100,2,Developed PE
14862.87631391134,107.97682708569536,108.2528945301017,75.8355057348852,168.39935940611625,264.2919373919456,201.2537029866394,118.11070043153164,103.84565790409646,162.31850000384927,99.97065420574243,114.33861497613883,31.360934598451987,5.676660024099083,44.41182631211815,150.15205236276245,433.60056501650075,313.73354179177863,6.035703594671878,572.3954301189433,92.10237067047184,142.359485787202,24.252464265981192,70.73531797039152,0.1711132084109594,0.8469191391396111,43.8100660467962,0.2705473287519382,0.8922744013356104,504.0357157105413,2687.931378866562,44.706434016883584,0.6709142207679197,28.209634842707356,534.7790940650461,2.0162873450743883,2.776240823337175,398.24923113278135,5.200218662601904,166.04729334727398,1965.2407945786922,2.7908785119972985,278.6015053169956,0.6913647029573812,4.954401681467139,128.13177968607386,1205.2352094478294,0.603359681938393,23.262793800356366,8.814520759674494,32.35222259488623,0.06147358254306057,32.160525545530035,5.046036771361597,578.224130214875,26.958647880345875,28.980781496481832,0.5546468431581195,34.14409043427856,5.768268642751122,220.74375571602104,4.529392848040265,26.152382859948595,61.19519570741187,2644.67322229115,4.563458275459759,29.882193240851514,64.35162101196389,103.44243560454166,99.93279575329582,148.96025719610103,2999.603211642043,100,3,Developed PE
