Estradiol,Progesterone,II,V,VII,VIII,IX,X,XI,XII,AT,PC,TFPI Total,TFPI Free,vWF,C1estInh,Fbgn,Plgn,PAI1,PAI2,α2-AP,TAFI,FXIII,γ',γ':γA,γ':γA Fold,TAFIa/ai,F-mono,tPA PAI1,CD138,TM,NE-α1PI,TNFα,sIL-6R,TNFα R1,TNFα R2
-156.42855185243752,9.357396107963346,93.8909785750215,75.16360335273458,123.90378483333343,57.52954808489174,104.39323403339718,106.16748768626105,113.5829746289653,87.46625107190144,90.30201649336794,145.38316784995874,32.88274400968883,13.871673909885605,-1.8683345626220582,217.4931103747059,327.2645373938016,220.8425302484753,2.947250895063524,581.7526870786282,45.103893209856366,66.1996319887912,61.69053701427165,34.983419245338574,0.10627700740915288,1.1435461760411039,19.38585068040012,-4.448650384762281,0.7354954204683051,237.84307683344883,2542.002210404128,16.23435761620983,0.8198657030806128,34.35456679916297,460.5931910907657,1.025291564403353
3077.37289846173,12.359798240578009,97.61478473611804,101.35238645975281,131.62149561802877,153.34144477289877,117.50483391848302,108.04638173488718,111.89502066315741,210.99063134687407,86.30418933327846,116.91767616446784,65.33175670715374,13.930891085468946,7.491189426954067,177.0468914958849,210.66190061544734,198.49183053283275,2.814461425468593,-127.83111045568256,50.04655199589017,65.55966086281887,70.3511325615345,24.587500572633395,0.12604375694113534,1.0770380000800164,16.149841432873835,34.26058429664102,0.6190915423025461,-43.92018630936556,3622.0105907958755,42.46950568654958,1.1561057441952494,38.16649225050302,601.5449582400857,2.553578136008066
-402.0445558423489,12.6785282070596,112.0967730642359,87.79210113187537,121.70892379622188,3.2322540979030805,142.69046094149695,93.56191854838094,87.64300940699232,113.35889613695713,76.83060038398362,117.05738315346413,19.02226214247132,8.78948187822383,23.581547821949876,220.33187731525658,405.77537173367574,233.51688552203012,3.4267204114687697,-145.91271128141733,62.656186016533994,108.52500583143807,81.32865379282518,57.507090471962286,0.13758540469897473,1.031740535285035,6.020136212164099,-11.550680778817867,0.65156354025715,32.94082211060643,1734.8876374455651,-7.742991688825818,0.6514423203371164,33.34009723169159,407.3672524828587,1.4036643731431775
4266.7853161824805,74.37020552805058,86.03255005935398,96.78711554194035,102.35073605315435,154.45901286490886,107.04816183564246,92.83194854539124,90.20158270250344,190.68098042707143,94.66101861323381,103.69744483954118,46.95586266333327,9.644376832438839,15.090513134363784,162.79358997347595,321.12524825139536,125.82084420970864,2.1481977284977836,-31.36410376211495,94.57770346099261,134.34498176013344,65.77178271823435,50.45334285684885,0.15755586485989168,1.084307274027444,21.79733233858459,9.398287449272665,0.35737759013760984,-20.54293924776431,3576.055151106944,66.42231164519501,0.5302575250160331,30.753892920470022,665.8600418948565,3.0614604843533746
2966.03523813715,52.4960058182466,99.74801252279453,88.94393222729055,94.97693300147105,100.45815600076534,104.2314937090695,92.69892779542224,70.35328123233923,211.90102227830937,91.817464158956,115.62954586127542,31.397913263276326,9.176417932788482,14.998590916688668,219.2970907366073,425.83735398818243,164.12760443847185,2.2604332949149577,185.68635402057768,44.52315025937359,101.74761834999549,63.34757425310043,52.02078697426163,0.11738750121426432,1.0939537340551881,14.684084164549176,14.406852098372433,0.6281545032224123,368.4907333883758,2086.1705109816276,33.87768879304633,0.5921251852814909,44.26018910195184,614.3901185024803,2.451794039019943
6990.241029399709,69.7909008158002,103.789010944114,108.2901858759088,200.3383740473846,40.92566430000063,132.09731402721027,103.87627837071669,70.21609337827739,176.20756081373457,79.00543031788875,125.30310939125418,32.78265161354652,6.7839943680125145,12.189730525940497,143.2458175496146,359.3291001140226,199.2802305632626,2.8885786464219136,173.82828708339625,63.41684778819883,93.16074585247443,68.77569100624987,43.9094464613214,0.11980130555541578,1.195904885576562,23.426317346164957,-0.6744728569575162,0.521659509566787,307.69225603913907,2701.1231338050925,42.06846370488123,-0.029624707396677552,27.366752304140437,416.8902953509581,1.9968430224845521
5116.327317553797,58.99968936697062,112.46280552857377,87.34293003300347,145.29398869934943,130.89274956904438,130.59610478835464,126.64544107430129,101.68578171669785,188.5228017417902,87.72883783509536,111.28546093668061,39.439582260594975,10.334243127367703,5.086495940994704,191.71153010157843,374.9059624293002,252.28700770772187,2.471524954158333,312.0595349186587,60.90353208060744,108.99321240964329,79.52642723962386,60.2341711494082,0.15382368430596832,1.5207609917759792,26.268991884685068,4.793198022723913,0.5173714461055312,396.50472108312135,3842.541479209231,32.697092874129794,1.0697923242337424,43.597388730814465,635.7998685076356,2.8447655702180588
3476.89056855797,20.056722423530587,104.152262345516,117.30107653249063,127.83764319174196,95.39767271261152,106.59931257876161,102.99869362617365,67.53700966606411,150.46374626010527,80.99776812282522,108.05649933608993,51.74458619054427,9.108467863750741,4.719306301823357,109.87870733448656,287.3772267450244,216.204325131529,0.07431400666539334,-56.21559111623125,53.55970324230539,87.40302111683148,93.83598513719441,50.33480803942887,0.16741941870260674,0.9918772955705497,7.56337436870751,16.042107055794904,0.3049480948803472,67.18399523075907,2808.9561930305613,45.26970873893528,0.8831773898495296,34.51408116422669,401.68607664188414,1.9205957041530175
3339.947805906157,-13.446130903661881,104.88240132494036,115.66709234235,138.86694627619292,84.71644703815772,95.58188424402883,88.36568038100225,77.97919473377516,154.43806828357134,94.17423744966439,162.20244345796306,49.649091726921526,12.563617988258663,4.785687369528741,154.04859447609195,275.2049501022193,193.77918030673192,0.238003591745108,-78.40087395086715,43.75264000229151,97.4366042726691,61.82515065718648,44.29605493969057,0.1601256574582275,0.9984937820116264,8.310866627914432,11.130609329533057,0.40241230500085945,-30.359142513828743,2580.472479476651,47.827520111468644,0.571931365288925,51.32174611459745,264.1989268626712,1.7776165206505774
1609.8985496295295,23.435528259041348,108.52092394257414,77.73025185904663,117.33051504336515,106.67525234899313,133.41068810982384,103.01052214796242,121.38047106130696,129.185681639059,82.69666513869619,133.0725918714073,50.37661501705437,9.535700932201518,6.455694526961798,203.44273323442192,370.41135618375074,241.5009742567177,2.6458101030215797,108.52597179027048,38.209158401743025,88.24766557440505,74.16569340848181,55.20448906622895,0.14941463619043596,0.9752545482554782,14.955898692029498,25.703907100691854,0.6137484699409644,36.94146933271824,2157.21688823987,42.19003406743694,0.7387615140231494,37.593199332873816,500.3980985494539,1.4187806849916207
4844.5374801566895,0.17370507925576817,116.90034650602155,61.33426313937702,120.42449567308041,148.94048956554875,62.70892093583506,126.18292374775096,65.39518241906379,143.1650550684114,75.52857380293887,136.57800885104666,17.66737967013395,12.719379218357991,26.72147745080678,183.98325617913204,224.8709379590078,285.8561492946019,4.454893567596243,213.8673983441862,71.02260840702075,91.7282971413579,55.83862334016107,33.58443211741193,0.14332796267578699,1.0804207853540464,28.923060534588597,10.825060183752809,0.44765001911401026,-611.7230343641592,4812.793113805146,7.578299925603666,1.219958136934751,46.9396444690314,268.0266407257013,1.7058106712152838
8598.645251460875,70.7931223459962,99.0693788899662,118.77416194677224,165.65421889372783,98.48588932085025,100.84819194602579,114.16095733044038,37.280476580139606,132.91738138481128,79.77135695867808,123.11563581147351,49.361101928934104,10.049019821729186,15.381615719074121,129.95063083717324,291.3255193177981,263.10590380734436,0.9525752287180125,211.9895775133171,97.10689766512307,89.33218966714966,59.38492182208824,40.00417914162496,0.1304165259774367,1.4277258513628037,23.878866988262924,14.805621597305308,0.17880866266489748,-0.6988460640823746,3196.1431673497805,47.35075680121358,0.4360758325164585,26.071482582408983,310.87796991573657,1.9071024833529227
8733.267525584079,119.10814753547996,121.30938687658892,85.39714767971087,137.76473626583785,150.20327693586194,137.01098656798186,116.09839894853144,80.92371756586043,209.21615208486116,69.02667544438518,74.42991360739023,38.125278401544705,2.81384188900339,27.041603184813685,153.54491295967645,488.1488175117372,260.7883342845057,4.945154382404573,246.18386617335142,44.54039141292632,131.06422431825737,85.3949528262198,87.34965338847833,0.18653336401586995,1.0857468527325251,26.695408252657064,4.9087423934471195,0.687671143706837,239.0328582253769,3109.405122443976,41.04969954113472,0.9445313408451418,36.24692918319772,585.5091830898594,2.3121710706417917
-4439.937327971977,-50.13368738237165,77.3631735334676,108.58571234458088,86.85048361450447,138.5060801740267,126.28327986955556,106.71909184236229,81.50478039818633,76.42132459970327,102.00209972888248,115.24423715665685,42.252760728246166,18.60518821790965,15.178278862782705,149.83201836221738,105.63672216176286,157.24080418576264,-2.13479420331015,-469.1684782195636,38.30070030057401,25.711221000757604,114.81261759340015,26.456945310814863,0.18454888331740954,1.390283941792489,-15.664510910849167,17.089953373621707,0.8365007865000396,224.1471432360496,2475.2169778640414,33.84051246702998,0.4111300948257207,23.486476212835903,558.1931502792858,2.53005719944169
1763.1409447065334,-18.818328514520573,108.86002986643106,101.70177361152201,104.7481068112458,93.53443409306061,135.48066820898313,109.92758545188329,52.089487567321555,19.01749495651127,101.94926310362752,150.95315678871816,36.90977589863496,6.398520015708289,11.220804347168063,179.91015084546245,431.26772604463224,304.43377089155865,-1.6098467628709057,-112.03805888872427,63.442678055518435,151.32625725639195,82.20860546848952,53.7796568509847,0.11586551957137335,0.9797822860925584,15.862427695975281,9.886916702177873,0.288014639818543,165.16671922396557,3024.9770560389697,42.0135710900538,0.4543191089850004,47.04122651281726,673.4313366174774,2.456821607128847
5470.72820948068,55.593760028838986,107.60351297872081,79.98967993489107,112.27645843743664,163.22895423105356,124.14184127539886,111.76353922000041,132.25128059436437,153.45525253213498,91.09709092315562,119.29006354063714,58.31801873632142,11.343415481700632,13.917479187387249,133.52366701686665,325.0014490872105,259.39031462698136,1.7331036839524834,422.8979830722551,74.94401072008154,88.72197514677714,90.03388016786747,52.73217927274173,0.1630956887289836,1.0066048114730632,18.86256205159023,-2.28141285620155,0.3604339943972247,192.25846456498607,3130.5800007069647,41.72344672648643,0.7198738601396606,30.734917592655094,335.628441594728,1.3123849828297474
5207.515098146401,46.90233931480536,99.38849370301827,91.84379881041546,117.70757656030467,171.70291943538248,129.30286347999518,108.60128760871264,58.36864364747903,27.61224835134044,110.05406630352759,131.2674642330624,48.36430280743028,5.505263690482891,18.1696911308876,132.72163555050616,418.03849400532624,283.1003327196591,-0.05882322240489479,201.3632349459723,56.01915923051705,162.02159054990835,34.66391888779013,84.965826642789,0.21049841003872344,1.1134400270829137,21.810764800129675,-15.263911354172787,0.5416131030058166,239.40865327768168,3529.2656121323416,31.900532635685757,0.9314814179208308,40.63300754041867,615.0377299058184,2.362013568467713
7471.079058857678,43.74701412653155,119.08974851957629,75.81105863688876,165.10759619327055,56.03679192126795,151.9467271986548,102.86706262331951,110.63708845334568,138.53838381126204,89.01161741636861,136.0106264896836,41.08215654011941,10.428547705099728,3.9473549232026457,159.47004663598824,277.83387419240495,245.9378041901289,4.9116070950610276,95.18084794419973,93.43425333775218,170.3220833976867,67.34796573369398,45.65172678397411,0.16531486209129456,1.1661393087932463,39.950377269157144,23.370447192495867,0.23532747669992649,323.03185001369945,3348.9780955178417,25.280533205286687,0.6634156848087118,48.56330195691517,466.9737906513035,2.4552128301342226
5470.688214841538,48.579154302748044,108.858833265317,88.36898465398316,114.01402336503534,205.12420047676545,151.50499889838048,113.39719307672351,145.42529842246503,163.15213402818975,95.35428649751958,127.32483674663443,51.915143832718854,8.437423807155675,18.321108893509813,211.36170360122657,387.404474259367,266.72657140208014,2.4667192899478962,10.86776834068715,66.71818139106765,154.182875324429,67.14672108464744,55.682153126850245,0.14627424834538932,1.181563238956961,30.399210926930035,29.6142160583291,0.5942967771126915,-70.24875089430375,3242.8292701167384,71.88576457920985,0.20924468326769308,37.84723442906539,606.0798251583524,2.1743682841792222
7907.835492874143,108.36744284210411,110.19895992912227,108.46395129905073,128.13320127510278,146.4900188603501,128.49304294857436,110.23030504670906,61.53870346047597,208.37584657054407,91.61998768718145,72.89978875543352,5.1310909058612,6.563734237697924,23.970220156290384,143.0794091351133,431.8729483757923,201.8219350397069,4.837998041219742,603.0809796230153,91.11927009617474,124.92792944493272,67.72517154703542,50.55908619069969,0.11594345551430021,0.7193305745591577,34.364112642374536,29.300661004241157,0.36220186646855257,782.771018890125,2562.204736284866,15.271634550904338,0.8734911521757894,35.4045588789362,685.5281168489184,2.6473158225948272
2580.0224451416607,54.059363342367945,102.59531828714779,90.33530429425517,125.55256929527363,149.15251456508986,130.1125509101834,96.26893928096973,101.16126548766167,210.1612392570539,81.51265321783038,103.77661193946167,51.57314391705778,9.625925740362401,21.37213982037284,165.42517496096926,278.63533342872785,156.23140365017485,1.5864863653367234,-215.33096837517996,53.474987116516616,41.04150797483874,87.02667610297989,57.46522516792387,0.20003855439035959,1.0781118058337023,5.767531486297427,19.216955284809778,0.4504590444172873,89.3771498191784,3177.8474429566713,46.22396950418972,0.35833409764921303,37.5820688187286,560.9232500320784,2.7554834071506735
7282.625894385881,40.00996455050634,121.80526635103708,71.66883373800277,177.99792170885746,115.25222175426336,153.15680959328427,127.03071439168339,99.67290680924393,51.24349363201057,90.87739207695577,155.1017312983501,52.27047793225444,11.758221294855627,10.37794880968383,152.188477825892,311.47974525953776,331.2664735790807,3.4318289598321914,500.8275047808239,43.700125688469534,86.54558821639797,93.64688268764232,37.342149822406185,0.12873322702505635,0.9821356001136448,36.11764081733852,27.559314985067115,0.461985979791655,625.2335295125966,3376.2247970086482,31.415949166134318,0.2944565568933784,42.50595984187894,523.2634416737917,1.7860687171209522
3531.9949728964557,52.772818559386394,91.4564659704903,82.74338930979627,12.560318701571603,187.08379589492571,74.49919773373213,90.57307759912264,92.51430992025458,213.7331490661354,105.40032468087246,69.5581447454341,67.82966987188618,12.608325228208496,28.267532943505163,171.11314029225852,266.72841241553755,193.92174237871853,0.3051907287970508,-0.2157662025996956,56.771428414653386,165.2374058550921,71.7769423419555,35.78948788379982,0.1437028409452603,1.0857234639664404,18.331394017825716,12.600621527299534,0.3702066552520103,52.2889311891457,2828.622991266282,12.05825814504167,0.47363895939540823,24.61326633936218,415.2986608345515,1.7350434517457987
7925.526565378976,98.24342510163831,101.34774473477108,79.3935953002499,130.25640381798058,188.44791357167838,95.28025347010704,130.12195488521783,59.322579172247124,101.44243032341663,89.42393955321108,95.92383308636697,57.72625293158862,9.507946264657075,11.281550917376068,98.43114903288144,275.7285878734531,269.7575855566797,2.0324156224111314,627.1212762135024,55.08821648781705,88.43981536926798,67.73251509881008,50.040132307653664,0.17529662359896186,1.0928723396659652,33.04761704489128,34.34110831728735,0.351300807399454,315.42090845776465,3441.7679404740775,36.247895249029106,0.7011018475916925,19.07871205458805,481.6286548481505,1.6003316851322211
1151.0672016088624,50.41881288404304,77.16865262633328,47.989256469190416,88.9949063555282,69.75114529970926,127.8577020067471,63.481945201295275,124.1804473294245,135.44482952474948,80.59883643830338,127.09113495913874,25.25449760130573,13.061508136028348,21.570362283876875,233.11400220841784,341.4121552824323,103.86109863694668,6.310256376544785,128.03913567711254,53.17922573712937,112.85616619314082,59.03876792374874,45.31425190363561,0.14080814546878614,1.1080004861541604,16.680391232760492,2.2545599212286636,0.942457888141977,214.95562661468807,1347.907983817522,46.7341001200048,0.5670448354910236,31.977011805031122,544.812838790963,2.01834282412576
6178.929490275977,34.005099272872016,86.40738558621078,82.19003957225333,108.42564733624125,-27.009840569944288,72.05865589889893,63.32112160058272,58.29641501582743,124.4433380116835,63.76721807165265,107.44244018279413,46.40250964983157,12.61787762135599,9.925985257819907,192.3780396866943,211.16480969686785,175.71163573882308,6.945810252032079,141.41876533064084,23.962330253922723,152.1700413915697,60.235243351458266,27.835755336895037,0.13605405949967309,1.353954192469471,34.7274991401045,-5.2975338591934165,0.9241762729038749,62.508110720016916,2898.6283997849573,21.62039191258392,0.733212088514782,51.334146093938585,356.17113464413876,1.5527798640909514
1647.591594906647,9.195414573279507,114.1519458665688,95.49289479872107,93.37828719854369,165.06577393911073,98.47045493037083,117.06295258301179,76.73831679934551,169.34643818136203,95.94375435547889,128.54689639357173,64.91831770294252,12.77002799235516,18.34043960154161,196.1608398441958,269.5748345124259,244.5500087989743,-0.2938421414397565,-200.14807414471971,58.61897912764954,60.81821855049728,81.93700667785785,47.0808078875434,0.16719003973159474,1.0700911379819336,7.460946798236565,23.34025642864787,0.32616018564690297,-200.96963834383817,3909.3663764574167,25.062537951229732,0.6807827944598019,47.61141436652481,516.1295598908143,2.3869161943129433
10507.478836544326,105.28031571755054,95.88296765439343,88.31219177553554,162.1333303307456,147.23118237560385,161.71910244272655,77.20892323232053,102.94859811672771,175.06803417843685,88.1795217923934,95.61268722188464,52.13149881762229,5.392156696273791,31.0768071971046,108.03293859754861,332.73525553080793,194.53048618974145,5.862454295363682,274.4124596090459,53.32098927157787,113.94756245005478,40.95002465639861,54.71504838399038,0.17347177927827198,0.7650847084478942,33.508037888474846,-1.2602230968849284,0.7115755458798867,681.3799928575557,3112.358302044978,30.463856258920835,0.5801386530103366,39.673782408298855,608.2187051224427,2.5565815737578106
3424.6364545372717,11.156343750552836,117.0387098968293,74.37175670937661,134.7042520317799,99.30175290950729,96.32579597304147,103.55361054341382,99.47128422323568,169.25002469592994,81.560615623309,145.2589754045871,43.64786406067375,14.609612656536694,1.3409705587528826,193.48385891974908,245.5055688564762,238.07950269459297,2.06258720810539,217.7341847264141,36.49695779189287,75.48367378909546,61.280269276349614,48.95502649005559,0.18614187571996463,1.3359903383998035,18.83455181589281,36.04866678543422,0.2525065454795411,128.59187552193734,2676.5770470210637,21.10139474911184,0.9865907596526853,52.70023317293658,249.57496019232582,1.7299709025257988
1256.8257883505748,32.35783431561708,106.21912555804039,114.74443365959952,136.03675587197884,151.3094263527907,101.70201626228017,106.71416195006343,77.39231458966256,202.34673369513933,90.44259828902575,132.1178683559599,58.76573535294236,16.85218644384582,18.50568684576697,223.0230325648008,346.76443818867756,184.97549039011432,2.0128658021604537,-53.91891747124697,11.243085899929696,56.76309538438668,75.13732048901676,48.53412601878209,0.13641044771841906,1.0743333038818443,2.4856312518768107,26.039563514633244,0.698315319695674,177.75036303792024,2385.882205664873,31.081173764058995,1.1324960462557665,39.043040275192,544.6668503164698,2.525963588878433
9653.550385166734,77.19828128176383,106.69126556988948,91.99417004179209,138.68046998991153,162.366294909837,148.34486863451227,100.62424273812641,96.3641196339907,184.49420593973124,83.45623157225651,110.52661147346747,54.87659324233987,9.307697213899319,29.341801775056688,180.40756520867876,294.3217131265438,263.42475874598085,5.955908191128104,132.38374730651907,71.75000290132488,96.07345363569107,38.67613416170339,47.51324294641158,0.1613358754702794,1.139633094507927,32.23340463956217,30.61568921363057,0.7999576303600171,177.5909803241902,3103.132599544154,31.689061261857066,0.7818533600233144,47.80124854443194,538.4784475008581,2.201012114151187
3121.285331884518,5.283459041462308,98.7587199522093,79.41026355043326,170.7460980476546,55.632334622821375,140.39759855363536,102.485173109897,43.977791140093075,86.7829181440029,88.54743955542438,156.4444122154478,42.330351294013106,6.8518760531019005,11.022292174151605,116.27202944974832,364.2602351374002,235.82019310557564,-1.1069358521414188,-112.15818691535583,49.65892935469202,66.70036388026132,68.4437697381206,52.599459653888104,0.13840518583683822,1.1388364569227971,0.5572984622933852,-5.632131515186007,0.3488398173639553,332.0237951619233,2303.1813696431464,35.367480379594134,0.719213408969689,29.408654055208398,460.9143136334066,2.4696723979748567
9830.265907172774,89.48437886159002,80.2865934713536,84.38832010380729,71.38572803110745,150.67302883786095,49.03848217006738,80.660749838377,4.609036897279765,143.99938150310547,80.6729595831903,45.39571152279649,38.904405246635825,7.1625430045548235,24.392555451031946,71.71504681850091,275.6041993146843,187.90302409134264,3.434068218437005,421.6884731700427,-7.491929508053815,193.30875706577376,51.65060596808414,55.94012001566708,0.1928617912371433,1.2211803167678084,34.12978595647127,3.4827659008681646,0.7516400615870198,550.548719355087,3030.8124333651676,22.30801287972431,1.2690938162503858,33.25690565195887,463.41394420760776,2.323946803931274
11625.789737380856,51.601061775346174,95.3834946329925,111.17089853350761,168.55224949542384,194.64649374776144,109.78658569118015,91.22631891456143,76.08985920460903,218.7652341606768,84.08289743443501,144.52446160995015,38.93452715529638,12.012409600725519,29.790080663064053,136.0792007315027,319.19315450569184,237.34040607932783,3.1950004897447677,245.75648037596676,72.99111355835899,114.06140035705157,29.75931067180943,27.959985836109748,0.09111209768487706,1.1179166879833242,28.30932696759693,24.23630904035601,0.3206098058406655,157.58330588836344,2902.339307198416,66.89679002858949,1.0576224441091768,40.76220099894998,306.6307565358693,2.614788781017945
-3.2186626462234926,80.44980400542626,114.21834226227983,124.13740241483922,170.72300434086176,111.28720594784495,143.49745224467188,109.8033830886681,148.88758880140927,137.79795462747708,101.00408200900914,128.26858248387958,48.0968306614138,16.736456661461624,6.184196924964128,215.57474690633111,313.7036130034716,160.11400559845964,4.303347410694969,303.5445184691618,78.46762112259952,70.9376999516769,67.75035748686885,63.09866113746951,0.2052181159127473,0.8303117468937926,17.762609284340737,26.04566446542254,0.4685484653162511,228.64453231412304,2129.9906104440697,15.577156532146248,0.30619653258051555,26.276725485795406,451.6237778630776,1.2305665257121787
7003.590457701541,30.46577139015177,102.31100925201429,107.42577127267002,71.20899725351,291.9385469580957,95.24030852956209,125.93498185603676,128.52973373864162,190.8287566055652,94.49253628120046,68.70226019015422,36.750084893695345,2.8787639113001573,13.4735245092807,124.00640479551365,466.05466669882816,353.08583471605334,-3.0123834851790803,555.1817163883627,-0.6817428395463168,197.72681040253758,69.35370900072873,71.39273342029854,0.14675289179835568,1.5186881984529166,28.888258350237457,-13.334582418384251,0.5211807148971881,229.4050799301931,3974.84182058655,61.23430399291725,0.9958196843987213,31.973201696410232,421.8334605584446,1.5909709785952226
3885.9250202848693,80.88629915845951,94.01091893576327,65.76323532036511,123.21265833503246,96.26021266354086,99.06601544234614,92.33726169030383,45.029470819501206,94.05062438119049,87.7638180865785,124.32213786953139,62.48797711874964,13.52026423053827,18.086984320309757,163.6726297132539,338.5103926895935,180.51028923266816,1.8219323031323607,146.99244566788408,30.24184365962056,107.63231008336955,78.33689227168367,55.163669897319,0.16376057748938988,1.1744703234207425,15.771398960933833,14.157029434102483,0.3035220812264491,469.61781021460376,2266.8679857657144,31.915935865013708,0.672502237026741,24.687177337741204,526.5217164112964,2.583161079733988
4916.699211425274,67.48834557625115,107.16046240219869,74.57309982753006,83.59182022721014,134.54733253683375,100.32033059875906,112.41688393187471,72.53594255943308,66.0635464612457,89.83852912285903,118.36892085283866,46.276450539045825,16.335085492372503,22.272102142755735,186.28898198074367,312.53631134522277,244.75929295811636,4.482923328310998,496.288117782735,39.487378615654954,112.60878865631516,116.59760988368146,42.65459261607927,0.14695985848654636,0.97960764877598,28.275642775431,29.242776926694983,0.7080549241876003,463.47231921406706,2484.100434347211,38.17714209397949,0.3081208472245643,36.99795269764522,516.1061081528561,1.5768189334928626
7096.084674606598,98.79981742032015,93.98298800385248,113.03303472325905,137.9783735611269,109.63972743783614,118.98794038170543,94.84782988288447,102.44696951228134,249.0339075101433,85.99521905804636,83.95048609848726,19.998982581662712,11.680090352740896,6.666422709445548,179.04865547029013,334.67355095888615,140.38999984813296,4.547217412381339,655.2151771099503,78.64395393644499,95.63483446127832,76.26159258093404,30.120254955377067,0.09888560853917731,1.203392882042266,36.437985944424256,26.093540393318584,0.40878637224113745,898.2228400651333,2770.8649069331263,42.721406798818784,0.48475217372409085,40.685688213998354,658.9087782101203,2.8216864153185472
5446.572440735019,72.27291961070905,113.14928398682395,101.7261383457465,105.32171569742401,132.57670040261738,124.2245800869455,95.06427611881517,136.78721608882717,221.37721941874264,75.6456843697351,67.92608811159869,43.257561525287684,5.472011342075378,17.498140588137563,167.53994217110795,321.12737565198154,256.55084761832984,2.6111531574445057,412.7244951299738,68.67485689220447,70.46149341079665,63.99828971863448,53.157681000654016,0.16935195431955893,0.985673441971996,26.844423276600477,11.962492522618243,0.2600773775238299,200.0526776072675,3166.865774738234,7.37559808872324,0.40800794126361006,40.72406403630856,357.21785045887543,1.0123876031519827
9925.86009640321,91.93458151585848,100.00556845029723,99.6375200119691,112.64558532810848,149.44072124801363,136.06852294156118,104.92627188827059,105.8766767516757,233.9252957746737,86.7259020375125,83.09357115424847,46.42691974181837,10.315202217377749,22.07188770017131,152.26235549127503,332.60279691249855,217.9913384904882,6.477629385210573,376.44944994032653,52.19719140439262,134.05823467478533,75.55132540152196,44.44799418405071,0.13783425648259276,1.176417843784537,30.53273519732035,18.016546137336658,1.1897213141809275,487.28408810107805,2141.149136408897,46.10147237103099,0.6743560101512777,34.94851064495117,498.02949543028404,1.6631729616125392
-1090.1474106959104,-13.4789177036416,87.64994069118184,114.90421459474516,104.46374486758629,118.47996402992787,105.17644232112315,85.07956469918317,101.0892001096484,130.873109266836,84.48124661920592,116.62314590562075,46.317682029164104,10.50601426730573,20.188844999825548,224.6600591954124,304.254062304328,207.53576812563134,0.642494108917496,-317.19206685005827,31.473503867413484,104.07437218846457,45.56103681445203,38.663664544980676,0.12491035054293784,1.122348740891527,8.128305084649929,5.877320538377697,0.633919349139553,-377.91189876168175,2892.7231569325704,29.097832018661855,0.6457982566819314,31.69295813273571,492.1080647283516,1.7798318514463147
6522.739385404838,88.65135936542183,117.59861200900959,80.0138817383926,138.9135402299122,219.68096592439701,124.87074102932104,136.86690870287578,91.48383223781543,159.44769058006258,98.1820914712296,104.69226789449047,44.458629461332656,9.679065151943117,25.257098113046585,156.94538779153237,329.54191741485977,278.9230131418079,1.8961226808240528,313.8736821774197,66.18750692785626,105.23257038580007,61.14356270210996,65.77817805944382,0.19911948136796237,1.2590104022561244,28.09238705547946,23.459326134585304,0.3939610782464754,180.61125512572,3727.1725489285295,19.59451504353866,0.47189855786212614,26.897651714478798,481.31516569407637,2.122571858836364
787.8284916840498,-30.045632592564374,96.50717267708099,80.51668296750488,136.5682735397676,132.62319767950453,134.06136447181504,98.07260760368419,130.45264809825827,199.98424645646475,87.80537779429658,96.69745122321315,30.388328699293435,5.940647625281397,8.169944848651818,136.7000240423862,261.98820700619325,195.47537274039527,0.436478858811125,-319.15790349448946,-11.87043993245915,145.50195015469706,67.37580751541464,33.68253225062753,0.13782905968897913,1.1128584206394914,15.591463538503474,15.80460095714757,0.7032096330558377,154.08748733007016,2981.444479308062,28.260631299787725,0.5516385001586199,24.46088400044254,520.1209050461129,2.2741796525338307
-1017.3763224545355,-31.6251404925965,99.51463592509336,76.72197629629379,135.31366679971086,114.40830167412003,123.59089551135646,110.9573749730477,102.03189894940273,13.216276729447515,96.00995763641136,188.66438589976238,32.99876638921633,18.439242423110734,17.403821534179905,245.34187858381537,356.8107744740784,276.75568577896126,1.6956052395971117,-9.254507954587439,28.948305539604046,130.95470927079487,59.83530731168484,48.34319581853767,0.12949969364267921,1.384505221107656,8.253263147343278,6.643286867529408,0.7869053717641443,-120.02136119014338,1800.1424869199273,35.34709844717281,0.980411653646466,29.276123961359957,344.96268513170406,1.5174424406784384
3738.0642719122698,87.67555054262965,113.79585518512816,94.96714003721846,154.24972604179146,116.1492582201151,80.7985412069398,112.72531636423267,73.85782635907168,136.52014853827524,91.324603613662,129.1824635083519,66.64825312732589,15.032236216729718,15.050079126938444,218.67326275072037,286.1857427547224,211.8283509904241,2.6618963389531225,142.9953655477367,77.65372164604884,111.06106405834213,52.06625262860254,52.38702352773845,0.1738151731062349,1.1702562662595346,31.709037712866007,16.811337332787147,-0.05294211754747902,-179.14934515525854,4413.325729167257,9.152979809680279,0.5171883180366557,33.89143845407144,470.3670864007743,2.3809879775770884
474.88366031038095,7.834393657176534,93.73856002372862,108.70490523292372,108.9365826345497,156.23672054610674,122.03552976596163,102.32011531310837,109.2563752874709,95.0560576909952,93.80346952142123,109.5108849923744,34.647818473270256,12.933079831533929,7.674439682551792,128.8974526627204,228.7026800552412,201.2026759264664,-0.027581947527532957,146.02500577292386,65.59788569860599,72.50361742548665,87.76769752134612,39.53867768071868,0.17236259734961168,0.9205338320322297,10.837389213380899,31.11868158998036,0.2520560243488273,265.36986446908594,2603.087528775935,40.50251704773698,0.658389335540935,27.963562143477517,470.98060156568795,1.83465721936807
4231.400330914222,26.546358173545137,78.32485007455091,83.99153706077209,115.46306667734407,164.87133621772685,105.9350749430746,93.11433471097646,107.44989555307653,189.16323439567174,98.3970762470353,111.34225158540588,46.16607808208018,8.929976714518924,4.924554778762666,71.47811313983264,221.87375591343257,138.0514677589974,-0.04616071934390309,244.7432145699014,58.990790878339354,69.99291166879675,66.89153873817627,33.179016133810535,0.15520114060794116,0.9412358018725102,12.259167262807484,-0.8003843947771649,0.4614045864056381,308.564985854763,3250.6995902089648,58.927006078920556,0.6175939110628655,25.610334400227288,459.1720001291412,2.1666313602322824
10036.687061202832,139.5337448530753,113.36535281651062,81.30864185952427,132.1530724088916,189.93178612091512,137.06778472571105,123.27240149578066,45.53093759844164,131.83650487032943,93.94381504554933,99.44668907063988,60.106623007843865,13.492554409206214,38.64239912243436,135.59245416170955,360.3077061944672,277.53243205030503,4.08796813228385,590.4942234076722,58.37464954131105,54.18038150788065,83.19768838498267,70.17677117306569,0.20040103021103597,1.1898712451023832,20.03592062619642,16.837865030030812,0.6731659763929786,893.4264759838043,2351.115496969577,10.713364617189871,0.801231572050171,32.177272897086446,500.4313978017864,2.2054836952411634
4299.904511049073,46.110690326236366,104.36887039334925,81.73852291562464,103.39282423040471,138.78440006159482,121.5930956866125,97.60310684758566,82.7202658237039,215.74724828336383,95.60993666700965,105.11427341207302,60.12488554772205,6.986890655999977,27.5015332979038,146.29896943781782,425.28023711053754,209.3479324048687,-0.7134349109139286,-286.7667985306626,20.193080158886374,161.33887150578292,87.70063184167418,63.24454348569491,0.1477185132788907,1.1762830455109594,5.031276147017586,-13.905569815854548,0.5290100364339574,209.25047492070118,2392.2371553356284,37.455029398795375,0.3841272908992682,22.768328041585164,437.2521420599846,2.416121791887808
2244.0017015760404,77.99646776009267,116.4293030310661,116.76553543139542,218.405434826909,221.59600544667495,128.89019947400786,115.81349047381897,137.39650120663424,168.019574736317,84.43736914665119,129.54641543484647,44.759417181023615,11.571995579799259,18.089027180911078,197.29176786290503,431.0935291327875,231.5658633171567,1.3216414360181683,355.8441694989607,14.917088692479716,54.975035538270966,46.148691160653854,78.93850494258359,0.18834601067537837,1.0107223976591064,17.53559586336425,8.081107189271513,0.13588813269645517,205.49265127083189,3711.5661856128745,31.262815399752654,1.061680731785983,28.68101034199846,501.491681291625,2.4536563522181236
8353.211599254384,104.96529632405941,117.78962277619698,91.89185895813989,212.80854283370394,274.4213853992374,140.9238554909937,138.84722489928754,89.39504758302331,140.48656043238452,97.72061205800824,132.40934413678758,37.74880448265583,7.409383697660665,32.45836792758984,152.5795601885618,484.0011645398072,320.7743339482673,2.768995849940745,687.2520717481693,24.54046943184941,80.01273169565448,13.196657490013806,73.59665360975761,0.1507817847933832,0.8954373421048591,29.657493267006096,21.80673936385015,0.5070689499990656,423.85320488088803,3098.6889243873807,19.479730882833323,1.1266334196624919,20.109202538220718,521.371686136863,1.9991614450901574
3294.367937208686,16.183896267094497,107.90134598679515,74.44010507771728,127.96292890191586,117.80334450453728,136.73675382484097,107.34231886848744,92.41252976694186,126.57142440294112,91.28237008882373,135.19532841476337,40.56502640246056,6.205673179935879,5.7055621085678965,117.83216846870448,323.6120542022125,227.7189059724713,-0.7317892625743028,-73.48352428679442,79.93312473039035,97.68507954345122,81.85179381851147,63.53981992731285,0.19429656876040552,1.0949299438330438,10.543801172972119,9.01450737437624,0.14042842273653638,88.61325045139168,3194.885935896371,51.86754120561939,0.581127927668561,38.79971077417957,466.89093561309625,2.432830361459268
98.30647569392204,16.73230762217753,93.7868940128688,90.49664875750234,122.04748594456288,73.19846661040555,105.05497122281848,96.59959570763691,114.29108951533642,180.69645927049098,89.22600324373245,123.1801717366549,46.045715073362324,10.682438604442158,1.1327780570766386,185.8221185066,287.40330273616826,160.7962055690059,1.7223188418749302,105.53620967504791,67.05934578071394,68.0623454844976,63.39970601328278,31.33246971663085,0.11475070910724111,0.9343048539765993,13.492328724246235,5.127225070721647,0.4246828342774411,-46.80756942281505,3012.967645181882,26.576818238159966,0.6174625646935131,29.986106692049756,495.48081074056176,1.6784246635134172
1704.3378339200622,44.08946974576387,120.63417268238443,80.5175768757948,112.05476391651146,80.93538943836782,126.16708724302791,110.91183133556189,112.67223516765176,154.25324645780643,87.44534461306863,133.3615554944244,33.45969319797561,7.187928181197368,1.9313707297870657,211.1435596035808,385.02242975264005,211.58707749385746,5.003823189942463,110.61953655993365,107.76842905976778,112.19084867035934,49.87622612420926,68.64791177672606,0.18138518543048218,0.6879826280743082,21.677038890492383,33.64804309891808,0.47079132691721537,-416.46478799537044,2446.676834515152,29.248971520861936,0.9492429574760765,43.22517702576138,493.7637589637879,1.2057920735897112
5066.906067162409,33.72671482690343,115.40601624059904,88.00242807957835,166.2101482183709,78.30462927063111,125.48084617289302,106.22973048397407,115.4625312246537,194.7955062751564,84.10005951334242,132.68341340337952,39.927803165746965,7.017952840597098,-1.9433275298963846,153.4499885772778,353.51779418414264,226.10529122707052,2.036969184002605,242.33250691505575,46.174435425688806,106.29524676624486,66.42176869196621,57.37820419172487,0.16181723165254702,1.1489202506094522,22.992584187386566,3.822402731402878,0.4116748807682109,209.18008963597595,3088.576235683274,37.90994470405465,0.5894668606387612,43.83759252598498,377.0913555861574,1.7684088887935843
3159.507586690377,41.018797839766975,99.6368552764076,89.1871756787508,89.43824953729168,107.65074344117484,146.37117535616906,94.93410931838751,132.9529924655895,198.10537472840647,90.97088528910248,101.95759956036304,53.361763152458096,7.321867013780643,-0.15809174660341085,139.77653207253178,304.30887960051587,199.97287253719972,0.35531480853106556,270.5569156322781,80.95763284308305,36.22086025746056,86.28919831319593,52.65612363076965,0.17628259731086557,1.071710293881896,7.818847790895363,13.821491804854544,0.442542314916081,472.81659101898674,2136.9434183298445,42.80483149314351,0.4177719975762777,41.45986252954849,474.4629279582625,1.4920125894216607
6390.069602672011,50.82808505801759,91.58980482108984,70.18609056839631,112.86065256686655,132.85214003077627,111.99512367958437,89.19813984171952,100.412900784956,154.07878723199875,78.37659437804746,123.69966230503243,40.79821096245749,8.076332463898254,15.393221617003753,133.63494682517387,353.67563594482976,210.34633305060783,2.3500045367875066,357.0469930317474,47.32053931275662,98.11384277330157,74.96728512872023,43.03686179172853,0.12500489864777678,1.0010991436725705,20.365246781254204,11.900731407209143,0.49668645669884104,228.40067347052445,2189.302814494365,69.43202134284294,0.49796387428100447,30.032302041684552,378.0548807490808,1.5900521774701732
8391.650338624246,127.80544707891299,111.25591884131124,74.14914235007458,140.2606147976304,83.46745065678691,106.95933177608853,110.25568422467218,87.78828503446707,224.32093308661018,68.32668126684231,75.50497156399862,43.273346984564746,6.778098133136685,12.506514242797293,160.81961920395645,332.82397952495916,237.25405174898205,3.8848415287755556,434.9252303472775,89.63253650257874,111.80570610224684,54.15797567735355,60.00985718995065,0.1753772707729136,1.4930822712942198,34.16234681495712,21.116473674139684,0.13766630011579312,112.27731407099681,2691.4988063912338,15.108326515566631,0.5133357572905844,20.789305585147996,272.6129053643746,1.376668435269601
4833.112085271201,67.74966892719488,112.25841388576637,78.28970476632814,110.60002029704404,193.82079978207162,135.46689437412468,104.59677612871957,104.7398209373263,130.6523980073211,88.67242588449052,108.71163137606598,46.23932108851757,4.893142900411977,29.82133063144765,155.85894365340602,446.7240432853823,257.0904625093672,1.4929818854922845,69.89500968378215,42.65388310056002,135.89670175440992,78.02821347811562,76.96285381805045,0.18305501738768673,0.8300228971308448,19.469793652637698,5.281509900381163,0.4044287985244429,77.57929046556677,3095.98078012117,47.8718028856701,0.44107496593686685,31.99120240880682,544.2294293866585,2.093177353933412
5520.109376155479,56.30819085677803,98.36519696428317,112.76747922394117,117.61161297552219,80.89543123273874,134.7311230876213,75.46022735330736,84.2976129791858,36.33303612505159,80.11242909660312,102.97892529411894,48.227151647447464,9.4606250824315,9.59971126312219,142.1684217792524,243.8213634749132,217.29503016339743,4.882578429787589,161.35063678839344,83.73718722649708,120.34982409155367,61.95630200430586,64.519277673588,0.23554661167213126,0.9088745350548748,31.347643163527366,18.77504956196021,0.41676682134156395,257.7144050684025,3341.3971094690523,35.590654243352326,0.940190501033668,58.36219499944758,589.464192591841,2.1608561043708345
4346.039891689202,77.85275602387864,103.31676172290169,105.85492131343548,106.21452460653613,142.22723320481543,125.16274178137895,112.80624691473727,104.2742137807684,190.55395624438034,83.4273798003506,92.01952986108657,46.036516055775216,8.627352145665995,17.666731324386046,192.15374265668873,362.01837662928716,232.94829007069973,1.6397571585451964,155.941784444443,93.57263111668642,85.46818916279891,77.20992870695696,57.04802758229163,0.1546615095945836,1.3187692313061872,18.001255007857537,13.640921915922814,0.42377646749083936,-14.657018594758682,2953.7480479795254,43.74985060427492,0.3663762167271364,28.952662245574018,497.011047044786,1.8158564286195003
3583.41763289977,112.73065958033742,106.23213970616678,82.80802567044736,90.6680388833249,80.65773597267906,138.68172257369648,94.47258567736267,102.85026037901989,79.66912964998943,88.1394082181547,73.91202643815492,89.47525756797829,9.082719033636373,12.380928474077292,177.36629245122762,323.5065790489579,241.84245072366426,1.8695862364230003,135.002977403359,59.90333128917061,122.27182587281851,93.84666265611024,70.94367065635483,0.21886839325272545,1.188594425514899,25.97411100906314,10.259363635394104,0.22803151870850025,449.10374042352487,2909.723475044156,10.09509592178522,0.07817649096175439,27.711913263235946,602.2350812414194,1.6778822510436984
5050.286906019576,71.26398077536433,102.4653743595685,76.55884459784873,106.95814761054282,186.8523481107807,171.1793447963748,106.46380550839498,142.86119705452745,160.50312248264837,95.27729411749026,101.89864073853235,35.79312985303608,8.934413911490324,19.638831559808025,196.13946732057747,416.965694190578,271.2948344104842,1.7465361606913712,411.7249423734039,77.93336475424499,112.32280071986457,64.60262291760044,54.83801145626086,0.13294024018188466,1.294202316201371,25.735979794717622,25.23781463307418,0.34020331456558706,695.0320067676863,2140.031268675524,34.54587509229757,0.6446566747574198,30.79129530309449,616.1756812064125,2.27996056668589
-598.3195915022952,20.709896781021115,105.4605368172439,74.78232779027402,163.34175371206527,128.42429968929073,140.24950481331396,102.0293202745308,146.87976413194247,187.74781770112637,93.6045061806572,123.70097045164695,35.45230017541673,11.317338147710947,13.351243503973995,169.88331111175916,299.0401359453754,147.49622188403384,2.922249754032009,-175.51793268585436,28.455356813951305,116.06700353131501,63.98786594103675,49.68917591156523,0.1710007320468275,0.8399751451982151,11.68054992590779,14.61880023722756,0.5581924749025561,31.552257603904252,2460.5741385860447,19.40250268384138,0.5931136258239555,15.985528144937764,450.5960508479035,1.9819080833698435
-46.10957661369321,27.931840456817227,104.46730342223226,80.57575312124257,84.17593966839598,126.8376733814695,136.4075882683113,89.81578774750118,130.81147321686717,72.1949969759214,88.4942886710278,99.80503343168797,47.75448124151632,11.457772505954972,19.443307042715052,208.12539644917706,252.5850223881883,226.80701670859108,3.2955990498683763,-38.16684188842419,59.41289699467911,111.92121607674537,73.80094206557398,50.74641307934479,0.19686514507467281,0.8694513967413847,23.57787135904954,27.52182653477775,0.39557050276740613,41.58278557950925,3110.142757872642,9.232463577240125,0.45014088962139376,39.3049677542117,583.0360565516792,1.7323597283019272
2246.2757575169903,43.20115918486703,95.92143675343938,51.92395057043685,125.22053249929148,66.69311375149739,184.40621515458764,75.04082398513015,208.28408113881602,254.40331314848936,74.41092281744868,64.98037526350811,78.51332234915276,9.458864938392303,12.295318609565514,203.50550057303792,203.46335641860733,238.01993365686832,1.800967703787825,-127.3605265062285,41.2486541552293,74.87134164336919,56.35823436165536,30.29016931938355,0.15151339501927116,1.709584462074739,18.854748037579505,0.052510766536345344,0.28896478768518996,546.6258898067704,2505.3122203734874,-24.83989381779761,0.4457925520735145,20.29871402626016,372.68486413299377,1.642728166340842
6406.1610888945825,83.65732631875471,87.69439762845144,93.57609491337145,143.88205256767444,169.37921125033745,123.57516723795864,102.94529608572694,48.635674866835004,40.47712852402428,85.88607193442287,111.16405860925072,60.57905220542756,13.615095114093457,32.5153293779191,173.23379727430884,273.86576797897123,261.11759141158194,3.8098497398017543,368.6167446735907,25.302302505164946,45.38977598870073,48.10801089969703,58.33460516301804,0.19638163615318294,1.4018367801639418,22.693959736148962,0.7261985520599747,0.9233674363254325,529.4684674786606,3606.9788965110556,18.7250195163417,0.9449429904517294,40.40027883060106,656.0089539635005,2.563762950983917
8112.55502822595,143.77325908674567,101.15087934173452,86.78883089634957,104.36350390631968,159.73470824499125,91.40364094050568,119.68883260359883,47.75958599129359,198.5982300404798,81.07647187738625,75.37801750608068,47.453597095193786,5.381363533222963,16.35611526354234,141.1702389765052,473.4885702099176,194.8758419281375,3.9486614003314258,633.4265241487257,59.916007353164794,98.87277528912018,89.11309158080752,69.71945131247494,0.14189736876068487,0.9399565323042914,27.43258861284779,7.940451917325225,0.64337446446062,362.63116447111145,3201.0311258019706,58.68299695691506,0.8420713494312488,27.623051676358465,718.2523977665398,2.3180023713900537
6900.3290486672495,89.10064892242167,108.50604585950217,92.70171156049321,181.32245924150004,92.83240434597423,164.50510803059254,108.64665800645669,89.80389336654899,193.33896222908726,93.67254082070211,129.88496234716584,59.123923272061006,8.806272451041204,21.020383066221758,163.11143378545592,431.61647513374584,220.27764077378816,2.858313410532038,1.7972900797441582,70.19909244068415,112.50934328149678,64.69911357175702,65.51957682314877,0.1473047321905165,1.263748073212943,14.12538573313989,-11.370464879255646,0.6333680488116085,426.7518508754863,2372.358788333507,32.079863504278286,0.5997889044176449,25.92776222900406,518.1654262763694,2.5380725884102375
2278.8196301873745,34.89307328388695,109.67408228100362,76.88749302517387,152.1786908171093,77.413517387834,147.90211342124348,98.8274743544567,111.58654407151549,126.7773240376996,86.6071676115038,156.09292736099866,59.98868285058476,6.810695290521931,4.204847026513697,194.97657177601826,399.68725934054993,241.12510359911946,1.7448287116732435,36.52448200581688,58.90028780958093,62.719096711366255,39.594377714820894,71.19139677658403,0.178451536916418,1.0373285379543618,9.06624257736625,9.822378406367264,0.49285118307219583,-44.91081837982412,2125.817347947065,34.401422895440604,0.7687511626255058,39.633201151795,443.45744346852985,1.4472206987201504
3149.342548690164,37.05814746579789,104.21871684353701,87.85172087461689,149.11277583854724,48.176815839818246,147.36666367167933,90.11196797010936,124.126399952106,177.12311961912877,86.65084340454219,127.7585852595093,39.489231312637116,9.074880676211865,11.451791226058809,163.77232251831532,313.88265448424283,181.1583021345968,3.5880502725386085,22.783176462782592,94.16082640964781,92.45518733629665,66.61640361126956,38.129306495925775,0.12845738206434038,0.818318787131094,17.018864837861315,5.390185195792789,0.3776244266528447,108.09389062953002,2322.670630145138,23.410021448892884,0.3875450788234828,29.57417116053564,403.65866018340057,1.5942895209223273
5713.181758354683,44.60348029135047,117.56049069705028,80.11481238996012,187.97409665350966,85.61314783814406,131.20985325024043,111.27235158615741,51.98867210450026,216.54304403443328,77.55167473042336,129.9471577067181,44.9640407222164,2.950377201191791,24.60733362658027,150.50254098628,418.3327076294883,263.9908635718731,0.23181131582270353,-20.49033492623937,33.12277066669421,26.892403334578518,50.80751584665743,64.6555174871981,0.14583869473006697,1.2015958583983288,4.672523086654515,-20.6981789101003,0.44238910563537387,195.74820814222008,3407.643467506665,5.165439130949306,0.7054396459676864,40.094764589526214,420.1319608276618,2.4265445323259374
4215.38196413045,32.39852352596799,96.291989336083,102.71030243431878,68.84227011306146,129.35319261024364,107.41399370939492,96.32449406086155,87.11416019522711,148.48203477303062,90.23240552673238,99.92797301460374,42.53944350936373,11.867705677892486,20.175781082551275,188.22383147264227,320.9817359174164,228.37490473082278,1.6675762603412985,132.14061629575684,60.94100755219872,128.51019196051269,94.94467122017971,38.62144457652694,0.12438713746747612,1.221995540889809,20.686064193165922,7.729141603135405,0.5816500835927064,260.6083638731985,2989.615864761785,42.41832094696981,0.44015232349150585,43.1317812280971,538.3789771792525,2.1486029102724373
3159.238121621961,29.5884405725005,96.64535778940737,65.42568744009571,92.09829099690829,90.45789655472672,106.75802244154339,93.56160610716874,84.89993867685826,165.4384245305226,91.47956120763698,110.1359791540791,64.55004881957134,8.617118928765759,6.213956429460593,161.68942218645822,303.20312194245605,198.02202765664265,0.505106021874917,-28.274505983825065,34.90912052298097,124.28010407340743,82.63976099234078,34.56499302931748,0.1205411346038878,1.082959130264314,20.157298006707567,15.706969861618472,0.32849037834865574,292.64285438803955,3058.620079531493,33.112304977770364,0.421355339366013,33.64153719655563,594.0722819733771,2.3991235049928177
13854.548268018032,129.76384464741545,112.8357386494533,76.63808125989884,114.44302682477517,239.8144478006824,102.21868205567213,107.69832413585746,84.9811136176184,305.5573457779136,86.93813192534753,93.14757447286024,64.75247900859436,3.8406565059113422,42.53505328668006,123.9699498072184,399.900847756803,241.19543696772806,4.871758968404338,305.8999797252222,63.80896061670025,120.51281621859792,43.31525570176466,63.99298959717374,0.1626013144603283,0.8736807295503071,31.75457775990848,-2.8532551731916183,0.7317884305037254,-94.64635117404137,3946.7421939250567,48.686277911673905,0.5673108807499072,39.37817705939723,387.6417832604063,1.961884392880414
3656.783607082679,45.50383301276034,102.69309287583019,80.47477375980344,122.89177884079126,92.56453933175794,106.79752755500147,112.94632815084331,80.6762234463393,160.56474441159094,100.97685656656319,122.84352357146192,43.42041048981536,11.308469058758323,2.2744797141054587,160.2744592662813,304.5424505035047,193.7963332055121,1.4450610751789057,255.06033826965563,48.35257270940913,118.48216682133739,68.85630507465271,51.31191283666115,0.16800073011581176,1.319022577427099,19.519657334597962,10.557268576728857,0.6102274241886533,363.73083778278817,2553.2694010366827,25.25377891214447,0.4093218769852093,32.23434702041646,443.9437473408606,1.8508409253884903
3316.052312853897,59.78808871418193,118.19602102597948,104.06716024504432,75.08286914984558,63.685394537104244,149.4362556447786,111.30900965975296,117.36781570645667,201.14330112684698,93.51708876499322,97.98423748113419,60.41285011366496,11.791755266241543,8.322063909030865,163.10604024686566,354.83239742776266,208.12880711665153,5.7119948826029665,149.57244309428066,93.5943550326551,85.32831512213498,110.01552375142384,64.99642538715202,0.18576525532523452,0.7170280469709499,3.6455026717019727,10.679351360365873,1.1330010269907236,181.37652768709114,1088.3635902899944,19.909518256344388,1.0264668176955414,38.290342216311764,418.28158816451503,0.5385248126854973
6784.338656381355,56.26794885296868,100.70153801235845,97.4786997247119,150.18476224561917,152.5228409994133,131.74275306893523,111.38983121780711,86.0917317009617,120.54812406460381,86.99991878388957,110.44620251064889,14.965905894843537,11.35150581271745,24.148258594023805,144.8906355353667,277.2889602238034,219.56855557459346,5.834755432912992,202.84717014245678,83.85716506005016,149.3585752252992,60.87877919530549,36.27313532978923,0.14021125185627475,0.941145283271476,35.57056414327277,37.54465249173006,0.6293404056807617,126.03887006223307,2842.331849236754,40.68462563042017,0.6918837640952124,26.230640909114534,512.2992398878056,2.156675216976155
3611.4289182118,78.54125378867187,94.0168768621551,92.18288939040148,96.16941878595364,156.79677681180686,110.9513760741508,89.62450723658804,96.82047834784431,145.4506529610976,85.67344800366816,83.91052142139957,72.09691704123733,12.56125415102391,20.2022586318868,159.4871438090096,331.76923058615677,193.38744490131637,1.320764946222251,189.7302906762127,29.78724854929848,98.20662607334668,107.86460637647227,44.49284958892991,0.13852114735599474,0.9502791231564284,19.329945353963417,9.49871297057264,0.22367376212470153,576.1243221747741,3328.4734098660765,38.87825454259044,0.6794236505218815,29.359083044837345,675.911142623588,2.7544816593283623
6867.480578460256,81.50091910257586,104.12068823539921,111.1388199737876,112.3578565115708,142.08922229335846,133.3972684958374,95.34268445818529,79.88092614971298,77.60200454822586,87.56866589967768,92.43794637556863,45.76819955311165,11.833383420624141,34.1801825231532,154.51620827611578,359.7474488979721,272.662102987522,3.2521466896035904,411.0211855908716,45.59952495669759,120.26823940362924,96.10831419342756,49.70859146528865,0.14586622555019857,0.9410408604014484,26.964995734258338,8.908090361624986,0.5264520483454651,696.1903386224735,2443.4431533935726,23.48939370699322,0.306362653864023,34.00881856031496,495.3050429100603,1.729362688219401
9568.415465752416,34.43091205064658,95.16978725303062,67.0432926191028,111.64069076096058,-3.4937344947735767,141.85480351816938,67.87308567834106,71.80958549598495,137.5472729006589,84.54052420661957,105.6324590927739,56.81804082876901,2.8858283976283694,6.982242567865766,66.53615427828322,226.04865453183498,215.387449534387,3.1207808398618626,-65.55269856533403,84.53145696807726,161.43127983096454,60.995718458932444,41.00198975591359,0.17560574501368542,1.064085761807174,28.48708656016654,-6.9753280481897555,0.46048883198576884,394.1188847916626,2692.6000354896937,26.144305675718428,0.3757608961316017,46.58752152879853,361.7674942070783,1.8282682614967496
-1583.5809239595965,25.36062865310505,103.67026278059915,80.10574375252779,91.65179901974022,85.34710403141179,118.1066662779664,101.17366134010447,109.83417143657623,126.02886720678889,95.32303575518812,121.01328624159358,47.89563229460532,14.621940616502057,9.870826479731784,222.7185164074753,335.1889899174662,169.76109096033008,2.0159834251503184,-116.01408198761521,51.61617658581869,129.49849836764548,103.00432218186793,51.47173104123664,0.155974346055778,1.0803668191377043,11.373420461134163,9.453561507184686,0.49075187915494023,124.43543046194239,2628.6933552817563,27.203845840870564,0.5455238822934181,31.87236957552345,602.2147239810249,2.295233567071005
1675.1168265209185,2.2505987165134655,105.32063849189902,96.8285132143095,114.15118286800586,183.40185530641998,120.01591620925961,92.93349220237053,124.32256680497538,143.8548765413386,100.4895261229536,142.91780527426934,46.747675106205214,11.945239297770629,21.652487584737194,197.61349968981534,324.0258336762089,237.31393675108217,-0.4959791087952401,87.48768595867317,44.941519129112756,79.30114189557756,58.78509988564264,40.33835985359614,0.1339382153340921,0.8660425953122812,14.63870644436917,15.778195487056564,0.15982648869681726,164.73661767509742,3212.8874262231902,29.962768139171512,0.37655882551843006,44.83331700858823,458.23996012991313,2.1002174159594302
4773.593356290284,32.364423116286176,100.39491264245741,83.28017922226952,108.09100443297254,164.70536138485306,147.9265255402272,97.63773090796779,145.37196935284322,155.44533982106304,95.08783579983277,117.16785032738915,52.88272503216986,8.05227300314424,15.460215259282592,176.4285161387501,303.90948494235295,247.9386252692453,2.640416315996536,136.2385465552902,61.74626874483929,114.08876204237086,53.54138336687316,41.518264217290145,0.14524642670061816,0.982148957223455,27.136966907805334,22.160319712781746,0.6153559173628255,121.158266447931,2927.975842182018,41.64976483562305,0.31116666634300894,37.55377550942982,520.2096862567596,1.5728240158057016
4150.565052027118,31.529203661995595,117.24509740530537,63.35958931141815,164.11806301124736,33.73716390286684,141.8380589030244,110.00622698343562,51.636752762134755,136.5414966262384,75.0212840235881,161.45192769408345,43.6390084979878,4.297945365581992,6.83446321754014,167.81999943903102,424.9305302842437,254.7188629247872,0.8302694981727743,-111.00731503635512,78.45520271241544,50.31308645532791,67.53472650816403,71.90114225318742,0.16366128129800378,1.2192305131484915,4.721757840047559,5.6784947990976224,0.27623560725446894,-14.842901377171387,2581.4522283407396,42.474161181428855,0.8315627843349028,45.508204588736284,471.5595492336466,2.4225029985232407
1733.477250807272,41.12421259616232,85.73649898378618,92.50925193651554,111.0818279146248,53.39535786724734,114.65641893588267,94.9709920373902,61.80991728132638,96.15184196949932,83.88818912149733,114.58741628680303,70.08965754017294,9.03000699125538,5.056730501777221,190.15746703478885,317.0733856603865,202.893448272698,1.1241616382979813,-53.3975907912569,36.3205375203773,77.14560133289459,69.95339172922452,45.68854504365625,0.1381293255696599,1.294036163630791,11.936860368431285,9.220937177245256,0.7358472417955465,122.9940364586742,2553.033668072915,40.202813400608946,0.41842533639505963,29.923667689588594,646.1993066716466,1.9515800751513457
6916.4741560648035,82.297849034534,106.08954848288519,103.38535282970986,79.3043954592556,184.49443834207696,161.2389128295605,108.6977781209521,138.71764267232857,238.46905951617288,95.04484486738438,64.01236017893103,62.32627758784437,9.415223011613165,25.926485912571163,136.38367329379818,277.04786328124464,259.75265214388116,2.2786317338778277,240.54824291446917,89.19597959153671,59.09725063330108,77.3141585557492,63.596485752017706,0.21769781616091563,1.3330860601440397,10.316838535182848,2.497650093898419,0.8313860030504117,440.98319778432756,2320.380189075888,13.301757255791497,0.593351237087152,34.67923416198919,357.32790228031536,1.1724686505412936
3496.4250002580347,51.96021209570699,101.740538649386,73.5645082133234,134.20085989566428,197.30600693253723,88.14322110908743,114.68654200879335,89.08793772834464,221.75183885851442,89.61504267494477,127.95107408168826,46.667413610131725,11.270027582072323,20.508441815723415,172.19541847672846,378.79400759623996,196.11272646496565,0.19276587615520357,60.31889751710169,11.501749392096166,104.39341054983859,57.52613364936428,64.26805348939261,0.1672822882412245,1.3684049590981306,7.506465042272044,7.3650400444599455,0.5449313980445398,-71.21319539250209,2627.5638568110267,48.89744873267198,0.7975311970333374,19.893798057570713,332.2336687900295,2.1527312702822217
5256.441046243916,64.0041527509826,108.31867633400246,89.99961017030094,143.12069099246673,106.92924348521285,151.9514112382671,97.643333387767,29.888176972383917,76.16905305734984,92.90767028308215,123.47359158026599,69.05357067865441,5.080700760714291,23.098447174139746,120.65629351168974,426.286017750073,282.7811376982813,-2.223409657785235,-29.278881355286558,53.9833810346766,65.63717516565836,71.16547236439689,72.9817013558844,0.1733614876160151,1.042378755549006,5.005216732917919,2.0133427266377666,-0.04188869904886705,701.7638200397828,2648.5387048742805,16.751635231829304,0.7217452221157857,37.256183897816555,616.0461500240276,2.9826680747763814
1636.8051638840125,65.99753212065198,104.6010889514536,94.3779380983487,119.47103555889551,21.82014387655957,127.81266691167487,93.69406842657887,96.51611124939501,178.01843410079908,76.51041684324606,109.6430226360458,53.66341195785491,11.485476861516668,10.429500161894836,210.1700150171743,340.9691923444196,178.205605231832,3.251958860090513,-21.07047138301502,85.31142636192227,66.79982684341728,84.92314083698348,55.796936643808245,0.16010288474058684,1.2109817190446488,7.312778249923454,6.278815976610376,0.48412178149506646,44.43488213933591,1858.5539982347266,21.77589550898037,0.520665130310109,30.399396061334556,415.02586447779686,1.532401534648062
6661.509179679835,77.66034020871909,94.23450706263907,104.00503209275966,110.87359138719609,60.637216421272385,133.79423918621436,100.52820344272124,80.57177516863068,132.02222048740396,85.65726687851316,74.92668810021502,40.32534743096118,10.663754706052266,8.455371522447617,137.74893542947112,244.2900077424282,222.2078498423962,4.280887586559503,420.53932881427784,78.85840028671228,108.78550520915782,77.02816792390834,38.71014771629896,0.16010416039569456,1.3215634955137037,28.998071048478806,23.91593167060626,0.7386893953718987,646.594530962624,1896.9293951937746,15.98417233880734,0.4179522801351372,29.360101441490716,459.9213190273077,1.3192494670087929
559.1909342573363,1.5634756755032697,100.78737009167774,80.7054207074539,71.26522194794936,228.2770717168807,87.3921940992474,116.921109089649,100.55157111270167,178.47847154504552,120.50652896413568,112.31514582470312,58.691312279263485,18.836967205261136,13.743242299697824,119.53041056038496,173.47180566070156,184.77093213408926,-2.0824299990187245,259.9785924164534,16.471299206591972,53.73247628464545,105.18984761888748,33.32274145581514,0.18331497822894036,1.002560655281787,2.7604861234795877,15.11960631790156,0.40022611495152727,693.7543269829113,3322.3697703256494,8.280359482251754,0.7152844387809413,35.054012272485686,448.36341742777364,2.3325290330597794
8203.057654304306,88.50461556862103,107.60379233506558,102.07826943376095,149.6142974576379,179.9966541039684,135.63740435584782,142.49835821708265,62.30027513388591,111.84351146440625,101.93455071915396,116.06663119627167,32.54216414451335,8.657178934903058,16.723609464712585,127.93113125188248,356.3306972709345,268.6635065731783,3.04581272043609,586.9290463743689,80.28617010239547,82.20412599848137,74.81226187990592,62.34970152735269,0.1758199646260367,1.2004041157053538,28.245890678303084,10.558065304694011,0.896064164405568,469.3525332472216,3498.711741013507,45.13571489343435,0.39679017923562304,34.69747187046608,624.6806153708047,2.065157071869207
1790.4140010119813,30.73787889978755,108.49912913374104,93.81155630628066,104.2188508022906,112.10437723448025,85.21694648090019,119.08979202967184,25.71467750319573,71.22686502806597,92.56313453562618,122.17910389032204,39.429055463239436,12.38299393083871,11.738554222202612,163.34044776246415,352.12765923764,237.5631527644206,0.13541503767379526,130.78117286645556,8.99088345564435,115.6918387840911,94.40422012425265,65.24092895954223,0.1853105521059664,1.212191551060076,9.099868881979452,25.634454798494986,0.616165835194391,272.8879898203839,2044.3326946839234,30.143360883891035,0.6339439908424157,32.53789813927261,453.3800103930127,1.8150738607585484
2558.6605541163667,20.312285822226123,116.33706177699648,96.24805367962117,141.18436812535722,117.39027288266395,77.66007768996081,116.88799345698878,29.835149797072077,152.5145351211614,98.9314884812293,133.69957266300923,23.81703524517481,8.974275050421475,13.970911215907922,156.8743032472824,480.1886256499832,212.5414953163383,0.0486879051263589,-145.3605667823923,27.952580982973057,226.94717473088497,65.27593519034285,74.98222168361822,0.14798393247508684,1.049161559284814,14.740588831885898,-8.475208695651453,0.22806602159812878,-54.87395866979594,3244.847859075052,24.752476295338205,1.4742199283979613,31.250366578738515,482.06882485623186,3.0704344078591443
2191.660466832621,20.46626321597227,107.51905774716212,74.73751741594987,134.66211005240024,111.4233617152665,113.11600198381296,102.29899038802048,111.26491697710566,164.0463226136698,86.59932203598352,121.82295967160647,20.139595923317287,6.146634643669756,3.893417413751079,143.09126907200124,346.4967990146217,206.6787145632212,0.7274446883239154,183.07644605666587,49.08561634020414,114.78661095886646,51.90028044962975,70.53048082291832,0.20402632641543234,1.167539279286322,14.855321232666867,-0.8420008188486463,0.33220320097797246,24.98195080328952,2806.4505715754485,28.534441751738925,0.8042599597191,35.62349771666099,314.0390033354268,1.6558775323091588
239.42491654846344,-39.16663348632741,86.4440850442103,80.95008085235786,126.41191548818952,95.67803449111986,139.89396117310525,68.26323578970295,154.10598002757058,148.83980954812438,93.77479580912252,139.53648376411772,65.2333955175387,8.732621429068553,16.558590715020582,154.79055862196626,273.10807696678,180.95227863920076,0.8121271321482444,-304.9822498289408,9.394774453365748,102.74626081250987,72.00592259852712,15.059173958486056,0.08234692005982529,0.5819979731135076,9.854611041119949,-18.687734281746888,0.6393957022836315,65.63281425477041,3164.5380742853404,35.79170970159711,0.19362780316383765,30.860028453021812,505.2215897784559,1.792843371876087
5778.555473974867,25.189723785473873,109.38143041678877,106.52595585531085,125.07532957414257,193.89949641599742,118.71456556810456,111.69847552767466,80.94901956816939,142.35137236035104,74.99650233735929,100.0732733922463,19.901018658636143,6.622131674620395,31.562993913066606,143.97869352870237,354.4846139697012,319.3556169034213,1.4106669984775824,179.92867833466838,50.18618264105331,92.56825342289929,47.80260204739207,60.801069235265814,0.16755200897372408,1.147638594242883,15.4258181470686,17.222519746708087,0.4860471639452037,-94.50463569968551,2722.504902542067,24.933036349783258,1.1637086188557855,34.499418832916405,279.1786294299377,1.400533588497546
1632.0781400127107,3.007085598401517,106.16885718225937,85.8150044091562,157.0371933012953,60.7244271555701,111.64818436095467,98.62362402851745,78.22037360677024,119.43477144479289,89.20075251941026,161.69895074209404,41.044933720727244,12.390485903863244,11.957325098351877,206.3550083659431,310.8242148281559,202.1633652522514,3.931328852228968,-80.61624441371373,52.85838911871558,96.7029807381029,41.52434674609647,47.31844919200184,0.1472936414763013,0.953091852445102,14.99024770967425,2.9325491412118163,0.6609456907191423,-193.6086064341513,3073.252224190088,15.48767439473696,1.0535506250348854,45.049914434524766,462.49414721424614,2.0454407782777486
1682.732516032997,30.53236433693547,103.12932909027413,91.66894624864717,152.9649380081385,101.7041737621864,129.59982034700664,98.42510767903951,131.62389246161652,142.7757082279778,93.45816176240167,147.18128797502214,56.59395757980775,10.942129797242634,2.867965879458186,205.21385458257484,358.7079099104206,220.26603633138157,1.406573731646874,214.34469673920538,59.64017402148954,80.22279732363351,46.46903870003042,52.22300477796675,0.14228671922945355,1.080357433401746,17.782554519127522,-1.8724456799979556,0.3183933404069878,111.18149453002547,3163.5513078522577,28.117802907414756,0.781138271806925,38.698187805542325,491.907423931487,1.868804903099274
1574.6121083095254,17.386000341344428,94.97609120513206,101.02127938067278,94.73965693016703,150.47603465322032,131.4995425411772,94.04463150830438,131.47579366330217,213.70431871202612,94.20674778205667,106.91100713194913,52.92108032670513,6.960520862961313,1.4939170864610443,182.24472096448935,316.6529506546037,182.6233666230759,0.7818930009418958,-72.71751664309596,87.68436813117914,87.40317922896661,52.9849449147419,43.988999767300015,0.1385165291122354,0.9258356918295039,16.003989315629664,21.570155385254473,0.2955104572206582,-36.87946111915326,3580.8569564508443,47.35694987703594,1.0050530212275073,44.880892148105026,711.9425234466951,2.639753786600429
3764.4972304990765,43.41771441773452,82.45346608017522,106.36046823488223,83.00139497854848,193.65746581985738,98.01093516472517,87.36662559872006,86.89627764771947,134.45293301753992,66.18717521504385,71.28829957965236,33.86162554397797,11.579886541807404,34.230785545185554,129.12464237397083,242.14489889924292,224.53322761378303,-0.034111279820902674,104.69920760206774,65.30597692418841,55.18900998851585,95.04917109626832,38.189064029092656,0.15596961120325112,1.2460506633272403,9.284726529584576,13.052305842323516,0.12922480578069245,60.998937465970116,3060.2248154996805,51.48046696825365,0.7322022987751791,22.692241934467667,355.29123918406594,2.103240729557361
3024.119357642292,3.372824322752706,96.21366462737225,94.11149506634135,96.30139283677673,121.68164846506056,119.61075124959113,94.86222740250577,112.0173194465483,164.92495579883547,91.10402858464406,120.35562409489982,57.61673400013784,9.43899884598775,10.972665744376817,169.14215392903094,320.27676011780744,248.85126606759013,0.5370192999437453,114.36365800615422,38.031266003615485,83.85276047290762,62.03983004436282,41.391446599690106,0.12852906560228422,1.118069893367181,9.924978095380274,0.4368170552707493,0.683523092572651,135.0066107312621,2490.9264025836906,30.816008997785406,0.7954269014504098,38.93211503747596,404.1822798768769,1.3354280128088
9788.183696531822,94.03211400628498,108.34295801220422,102.06076873491092,164.3065179594272,110.66425412225298,147.07292646231403,104.94042548049852,72.58623533473062,139.24863139187303,87.60821058128252,125.3776235328884,65.3469317551808,6.999392631256841,19.72322940647872,159.93196214433934,403.56899440589797,281.51564035551,3.2416037857100934,270.47893554798804,73.04128016158508,109.14241327053846,52.80153816000895,57.08881520172302,0.1362709436795257,1.15168661256837,30.215055136555215,7.031519517235342,0.49095185482549913,392.651870777995,3050.4855688881885,39.316973546161805,0.5229408348607683,40.13922375271166,551.7812357252668,2.201335763411401
3108.827476095792,36.010400717854836,97.32903989961048,92.48849688361332,101.24701708414808,131.93347266275944,97.0953730787301,110.8190503618121,84.92517744289995,174.55317788581053,95.57102150132378,100.07427867442198,43.28623349712145,10.015751825906243,7.4602428354653885,131.4679290061766,265.97026169768304,213.24481899346432,-0.07915288009264065,197.53375706291533,91.43134491893912,98.8663920521004,61.76870388591215,36.64765702457947,0.13921087865817253,1.0761947608900406,16.99872590474225,18.404367693338415,0.10009520346038853,54.30646453925631,3036.1463002683386,18.873422234454623,0.8175740713130611,22.310858700425655,397.9679274767715,1.7537990692594378
3681.050733615508,40.03220894006844,114.47442745777556,93.36822293991733,100.60026426162719,96.98757916926934,142.94019095075225,103.28805574069905,45.60348765488097,126.28944879126664,81.21387668033934,88.8489634943967,34.47451342617955,4.32945061863112,15.105026290461604,132.5867264949635,299.34274835726313,221.437179987414,2.1354976381252593,-239.63551880471385,100.74716776970185,79.67107420239881,88.54182099771089,67.9389189249843,0.2178368349591934,0.8587762245391638,14.109882803443424,31.707459289867714,0.22399191187215683,163.7621213909255,3601.996067915044,23.928235034291824,0.999846308736028,55.74983169395783,748.0431091848873,3.193869617430753
6551.097590054214,74.28362690221792,102.15887456103023,105.1815981007517,195.24338265074087,233.78942589007676,181.03797901559852,113.47900260172752,112.81199149838898,51.21466457477182,99.3741822477562,149.301532988802,28.930538751771792,7.776588481572535,23.922554261049555,144.67700933071384,458.8182705487002,280.00692790464507,2.8758294968030054,484.7428870801815,63.803344735987245,91.84120873449243,26.557137130433816,84.36700645870653,0.19596171028410073,0.9521264583434541,23.112485571115577,9.811238156791848,0.6207981702558427,494.4531818716141,2703.130354077715,57.35952336794823,1.1235138739490371,34.871248766708156,634.4876636256544,2.4414033360085314
-1041.6607836264666,-5.678134552137195,100.18685579760142,88.38945454331943,138.27612941499814,144.25994144365347,106.0050979118464,117.5557020538668,136.46960976717176,211.477522419364,86.22977336644935,131.5335618321846,19.945364652046564,11.291056295174188,-2.3950642324262557,208.63183601011437,317.83874023136593,173.89736071910085,0.688155326629269,133.06179303265833,30.84790652662386,64.34660686018682,71.00603106601041,48.333539775353785,0.1489422310569785,1.368703598835725,9.965070854076146,12.083198186084523,0.6551172600132269,-83.95276017708866,3217.6442395586027,52.69336355663827,0.7145427905249451,35.3042479381611,486.885558858966,2.087024948260327
4153.155072548134,39.13204075637903,104.95355438370413,108.37710621420773,120.44509141720653,108.74407795325466,112.97536804936445,113.46668642530159,106.22635843957049,159.43993275290933,92.01706469925053,124.0785836054138,73.450275702486,14.26362108824117,3.3578522411973477,172.7087795202545,249.77430895582026,207.90493828682685,3.7873821124493237,103.69386351965203,65.32565789301984,83.21842566870438,95.90896982520502,43.611170546668106,0.16444147504656598,1.0586651478582843,19.476103131949863,4.73674471336257,0.8428196054634929,-12.92130618297449,3869.3118491182568,47.413058566688655,0.7465655082190092,46.26694333141651,559.6108504535821,1.8886709936163235
3173.0080725338494,47.952606453697314,117.06422482906355,110.11327770193921,130.22645307206975,118.75754013700121,142.57620071016515,115.15364125703158,118.93927248987734,154.32558716169692,102.22794024892906,114.97391429628757,56.82902122399244,9.871500199185306,12.765983302416766,187.31923123809273,368.7443705822347,247.60453211499131,3.2411004851854845,14.007989896144494,67.50445732504845,146.97619272684364,60.46561340060173,65.45343962168013,0.17807168329543557,0.946936252277194,20.196050403233947,5.1401581316928,0.7144335011517536,-1.2962110859840834,2820.605236830813,11.779753090949562,0.7343229182359644,33.835723607535634,492.75042432938534,1.4325288748410356
4906.219828201348,20.392796807801318,97.07231579419854,79.75842405623646,126.99936169250168,137.41871789414327,111.79436693844,97.95313582914554,79.42664254868188,99.01866692085855,91.4479921882676,134.69658445428868,28.458090490552507,8.872547893709928,19.916658398105465,171.32729509276547,316.0305733252245,234.5700772936564,3.4080192142149315,255.15640023593434,43.73004074486998,112.14625802446875,42.4634456274796,48.27501948968623,0.15351336844398408,1.0355415308520035,27.509029435289783,-1.417831408902444,0.7422989944936029,133.77125943187247,3736.817509095394,30.53699439977132,0.7955225747782126,49.8829048243218,558.6838971966508,2.2622304233536017
6275.2865913749865,78.89421078402519,90.30874366888705,42.761286964135365,106.54003045179017,63.48579079574961,125.95685239638772,94.21798952979056,109.36063954175788,198.0718238611646,84.72542006059658,100.50721817233241,62.03602332103843,13.728018752894293,15.853115234872414,178.4379422791412,250.1818406440597,166.72468826859804,7.787060331347423,317.91288350900277,54.93536858059608,108.39857449395215,81.45758867409417,10.21029597124177,0.07696603976314588,0.9479408285900531,32.93463695441342,20.680931107829963,0.954463487461717,494.10265835617133,2256.478715605479,17.507685073043508,0.6096724262270328,22.071773260715517,593.96425693849,1.769959888468583
5448.328418917829,56.934179398326854,118.5374242405045,75.52708089579423,120.06714233711689,152.6731779296386,78.73526499217408,120.85054898417557,70.04087590916816,231.61067669639985,79.86954039954968,105.59620584039025,29.78873917250214,8.919648171103852,19.350058415289634,141.5160185714915,397.3722177046761,237.5342439861882,0.298320358715793,206.54999529360788,44.56046936627696,132.44393954495564,93.60473392087897,54.779540711053265,0.13386104687088735,1.151309104246781,17.151719098074377,15.685526319382717,0.049735864865271096,33.44526886601125,2860.098602849709,36.23476619086297,0.7356162749224037,22.988635038357938,261.41952919051886,1.9978770656995148
5658.193229010121,73.94258209331593,109.86777247744574,147.8703281667844,145.49808907238912,248.9835906874987,183.9080195673817,125.52146441305246,138.60394202085416,290.6791498651187,100.22843179145659,71.25474936646673,33.231389160126454,11.681676349440604,46.86274622632135,176.5279143783306,330.11024873856627,219.6985384759276,4.753655677520378,-57.77426017743045,93.785568761306,53.47333679334585,73.94470612663234,48.595317608881984,0.15026265040227224,0.960845327412978,9.449564038214476,6.6756038787426535,1.13505002155221,276.19934711147874,3152.1311170433687,15.82484751310535,0.7209482130325552,29.200391960344323,631.6312809265535,2.4709086920570913
2654.5858373488827,44.15969081879528,108.47106426560948,85.83931987015747,119.21875919541633,108.31820771024047,89.76823774341226,99.56705146661643,76.62187118934898,129.01089092737854,96.34316698689298,130.6931198602671,48.3559217215824,8.90571316465398,7.480857585332618,183.82857159386273,363.89357564145564,208.30815181503328,0.6651040160235042,129.40125995746757,47.501539718049386,142.91267879305718,51.06485283328148,60.31176477442758,0.16777807971224537,0.9940495603907078,23.81622701842305,14.039179588394088,0.13733725122527246,4.683173764238177,3178.415348144806,25.747880640094884,0.48671208639187047,37.98768071814401,465.15697187756695,2.0008887208250066
9177.965272791036,67.42128563291698,105.862109914197,76.33112656161242,162.24005496564178,146.56627607338137,152.5057659879507,115.66371640408397,62.70784115549813,120.70818103699888,106.34575804676004,161.089781834455,39.1371881794326,8.145050339882303,18.329571959028065,112.92259616968073,364.470580763809,238.96457475528544,2.2374512717706407,158.1244989791447,107.84712265782375,128.27444499362113,43.268371678408,64.68278841284534,0.18092319474492582,1.1471245846803522,21.815438432280835,15.010425346764839,0.4714835640466889,287.7020241696204,2488.514768293249,56.607524138308236,0.5587801461067887,34.96699798914597,453.1330253041862,2.5259376664031628
1870.8271269315728,-2.1026919406009412,101.84690842418789,87.07532893493313,71.23212454443421,125.76863510268265,81.01535520963763,124.22683830327493,31.881135695852244,95.54807858277573,93.05654503681293,126.13052056522419,58.71118371194705,10.93132676111745,0.7058355645359651,130.2841730518179,266.74687056368066,243.0167019190514,-2.8748383989298616,-166.3770539726841,53.51538453877713,96.6971067425322,112.08152810099429,57.82702814324911,0.1942606245035397,1.4432933074193968,2.364365114348143,19.06507651165554,0.3581745526482307,-101.29013362177605,3369.0159149594324,61.77456684477541,0.7028136351882237,39.66467203375425,484.4489762113775,2.3915998723197394
6850.91498706325,67.7679683997235,117.07042996633129,86.36746789790867,163.5916638059828,157.42493486562918,160.7007884702611,116.05548288110342,124.46683602995178,126.69673131478454,96.21060254839539,122.87928668251577,54.30170281483949,6.996193304004832,9.436623971367993,153.0707115321021,428.2696133106425,307.1239355689281,2.2830220262701877,550.8484545957695,45.95443179531401,108.77436165830605,60.47596291652595,65.31576524364482,0.15317754861327482,0.9950839636170875,31.566226748303926,2.972224923234135,0.38991935198825006,699.8414691088752,3430.36779879028,22.430101520207813,0.9648758819389956,42.578460099382085,614.5560706465869,2.1361303729828878
4160.467208234849,43.42977371422602,90.01580386283264,74.4289856873798,127.33423507145687,150.30765281561352,108.0864906751745,105.32564079361039,78.90838037603382,129.12092955574795,83.9078585355509,110.87051730167063,40.79920250883771,9.595333460099287,23.915795679313636,152.50017415739075,288.84985244815937,235.9803816247107,1.1638415620015863,194.48327969275667,53.37561792825291,73.51478445934154,54.66643616723829,41.29596169036575,0.14072626276255165,1.2774441785578552,17.85319759046967,-0.456931458954541,0.4409053238181325,98.59169387667077,3446.660692830468,25.51793694637314,0.6984022525368625,23.84672203967466,457.82664207208575,2.1216970466861014
6477.528592091972,68.72376872848021,112.46624332656081,111.52243863365186,137.924404674934,154.70208281544163,121.75865654700078,122.76499367109773,60.26835205262377,107.36370412455562,78.64455735094089,97.24767897329787,36.18110366836354,10.050507945512814,34.80489460897277,171.83191749655666,380.05572728299575,313.0370494903666,2.6844661133653163,284.6739900843497,71.09999077715226,96.64898319700805,93.37994671559579,43.36350343861686,0.10619482485327301,1.0390609869515692,27.39104585406374,9.450636864796172,0.3336383080652935,224.06363094408616,3820.6778085138667,21.844966190839074,0.6666752180123731,31.291765762517496,565.0468730150809,2.2643440016409166
3438.0059799023957,24.08293177968737,99.15096288143349,111.9762283178529,113.8817595557365,116.3867571338678,149.3971649979554,112.76134256356735,124.24351893871913,66.08095250731068,99.30528761321388,101.58699040327541,29.86444880743097,5.89872424939692,2.7369484522290843,139.63536952178433,340.3095476769506,263.81296996722864,1.9112081489155208,182.94233676267925,90.01572156704013,183.1538680594973,69.50879444242912,62.47415165107232,0.18154926257415463,1.1558873466591955,29.940707720083317,-8.21979321371851,0.6724011914855988,70.166095506733,3499.8335439063108,41.77225319444889,0.5681971882141743,33.47259927192943,574.7286051901458,1.566291718283165
5921.672258328567,77.22326882562407,92.908082215198,70.88272928902364,-30.2400589524365,321.2301910829593,146.9343313184672,78.82138435555973,225.1490365369737,171.87399115476057,72.21980794012315,32.60318972458357,62.75854817344161,11.340081803079794,33.50959458424526,191.97381311504967,364.9424699316894,308.3939814864581,4.068996373301844,438.1129986017705,55.63649713377399,172.36095768883882,106.08017784095765,64.6016727920795,0.1871630531284238,1.1335166611545684,30.215741030400103,31.2463270832582,0.5205615175699859,226.78707491377804,2300.0048898339883,73.27508909618132,1.4749717764031254,36.2912805510423,497.5606876902047,1.2504327973940903
-1931.6598730020496,-15.668384549979407,126.2477341561317,119.22827767933374,175.64434713969877,161.4007398871294,114.51686565879352,126.73591752003172,150.26347057264346,227.8591354570582,65.60985676205105,112.18031817363475,33.95466408112098,12.940144180061306,20.17993101453523,202.65699970395534,323.8623380954554,260.4953365868446,0.40423140395139123,-202.22919223883582,19.84542086045736,34.148444361698594,108.62891181684193,46.86326701668752,0.136577721541128,1.024047848229399,-0.3897043817063164,2.442260070497781,0.259353868175348,-435.4813528914601,3955.2148051436807,18.897517438740056,1.036889699754476,26.046570312780474,289.14753796190917,1.7078369216677367
7687.393264230763,89.43021132259108,111.69054332195708,87.43275210157235,106.75593550325804,116.91318400308955,114.15760243993222,110.53996850966588,79.98323798424482,178.5376054443165,86.74304524611699,128.0366470759392,70.24289751292778,11.463311053507281,27.008127203762555,184.67784134615465,430.94135747162534,265.41488049062815,3.7048695866416272,75.44634808656029,89.18826632768292,150.8925120611753,73.56568410279044,60.529356004467225,0.13058904831210105,1.1249569496103906,17.12849245644084,4.63255397807841,0.5750686099858839,-227.38205623928636,1921.3276053909992,45.037463094011144,0.7744630902615351,22.900604262601174,279.82207993592954,1.2025315575875468
7651.107969029856,95.9227821541393,125.26106872567134,73.08429614323515,110.79865992731388,113.91525755191967,117.58913297723309,121.46131014927906,112.2582531655024,224.37213522713256,84.86161835754106,100.17501852793305,44.76542638196297,10.08842046624142,17.064684496262366,165.8606534847558,365.6664661009464,248.55878107486245,5.715151464451013,514.4164081099265,110.07652344173562,107.25409488120015,92.51123634968516,56.97375991414493,0.15553724376911698,0.9205849490762438,30.72177552244346,-1.7486728029665137,0.42350717866609633,135.04189170867767,3637.116081532266,14.601794097262296,0.933675308927396,41.93637288719935,413.74175244475197,1.5763455747593274
1460.2405209374433,22.61552791103646,99.1237331668296,75.61567436991086,91.77309111949755,162.77814978967362,121.21228128473489,125.72004416076246,109.71259834268035,186.40388325739647,119.07718076831597,137.939539486768,45.13642733291117,12.011611014694566,3.2573261594096365,168.01061435951115,345.91177684518317,168.09995683134102,2.2606842861771232,127.74502274600485,85.52804840275132,120.61936490321804,66.68394255082086,52.94361878050568,0.1515706220378599,0.9347919280282135,11.269631620210959,1.027808587893535,0.899217553235206,40.47700704300047,3097.0121175294976,40.68514834631144,1.116441387623858,33.64583903823897,661.8646648397845,2.2961943983918207
7028.6730381150355,58.88072049244909,101.40531250969643,96.27676745361012,133.52677357625086,205.13506446168714,139.53077979862366,103.18032299861653,121.8353457260985,143.83372425545025,91.4807691829475,115.70866631144825,25.824264625820874,9.740825559888203,31.115162086897335,165.6408561215983,404.6382831171688,269.1978056953165,3.074048296086819,419.39440762774063,65.34573942586967,137.7908721038736,56.06309403827742,53.0867280316384,0.13036588811455244,1.0704304048838034,29.14037838400806,-0.754062882179575,0.5008484628541381,341.4244891947195,3085.461171801912,42.01614594239066,0.8259933300561203,33.947978307457866,472.9282119959338,2.136916974969273
-835.8591539605022,11.616976190964785,96.38509193972901,81.52615368064,86.01816926492924,112.5142303496607,88.96546558684642,92.48844359494642,77.49800786605307,97.66936826318215,87.34924494765083,97.0373252363291,22.942022713242984,10.661861235101838,18.478563101054963,156.48975970990773,282.0881835393994,180.33974780501921,-0.6141639441168194,-165.50809090257906,53.19498632730045,154.24942297108197,88.38225317448226,50.76481655031346,0.17819745021098354,1.1131370775687937,13.424160520154643,6.836456501118683,0.0006818797634249307,-37.11517163140863,3147.745618503486,21.01561397131374,0.492566727148908,23.309899785565655,427.3261458129409,2.368993798861881
2662.6350254307845,38.18480234766959,115.69956427922946,97.56766995232591,135.2748786145209,182.2961796409777,130.7443166191298,109.43624322986346,143.60191080483963,191.4513986247766,92.16606462815591,121.51346279192519,40.98731367969536,9.342746272248847,15.266856663283745,193.10433132398882,420.2738063166637,243.51644229756272,1.9723246945587314,289.8820964628479,38.00889356551396,99.07971562262935,67.19449914222024,58.83146960485676,0.14012506979258318,0.8070155519992142,19.070890001245417,10.313481467652103,0.41606570386031355,175.51740947730394,3064.747629154318,31.67351581457714,0.8650419044514719,37.94264532887181,504.49298932299916,1.806650330664623
4960.495105505624,110.18572780765876,119.43330193118264,66.8397140216621,154.34165925125555,50.61366530246194,109.5983613875034,132.7158048736876,33.100691779172045,123.01356840439226,96.90596242961375,137.56121134074445,64.92124279925835,14.125876830148222,6.62492993582341,172.9299667796578,359.50311013100355,216.4100694314339,4.1412385099147855,442.6945899017148,54.171179448259,61.725765092040696,76.400341212979,75.71653794993287,0.20890736071943788,1.256575353426731,13.853904709986901,11.059124682879258,0.7732195481127931,468.73083960425697,2009.2334037072562,0.4050034731585015,0.771387421750582,29.953272071196302,443.9673552978576,1.571488403484239
-2935.3517637240557,-12.81435562368219,86.28492071536668,100.87748576838133,120.81306696824105,59.05182800515095,113.6267953672512,91.7263136149053,99.69972025077469,23.429233399058617,75.00275075852787,105.11269291802387,44.33427843780472,11.857651315045858,2.904731950369431,166.0864193562609,248.81390768016507,239.20768520517208,-0.35070969152299236,-137.08410334565156,64.21882795764056,106.73661393211185,66.37775005827824,41.726655720123816,0.15265225070416186,1.2003248364143546,9.16428730816287,6.2912497941304215,0.02268532491341313,-197.14447709572394,2831.2104830520384,11.25711676875045,1.314744513441184,14.792662442730457,423.14364126944986,1.5995697120399472
7790.167178531316,117.43705844411339,106.65160659380886,74.68810849916025,127.16805311210878,131.39477274600551,131.87513014488655,113.95653373939113,87.79332113582909,242.70866387504003,88.62358323329337,92.10242202869,62.21436400881336,11.834004037111047,21.376218620407254,172.577931518048,354.7049152448592,186.27527908081169,5.057915511777198,111.87420063246607,79.20183629496984,123.35666986079228,85.26286571939238,62.97242313620753,0.1735000865626654,1.396189981592474,23.29981081285847,-1.3405071360948693,0.6967837932989054,372.86287287150355,3390.328350470465,32.01437909734304,1.0005718253217686,33.031639680468714,629.0278870925471,3.081034725888973
5248.498472917785,100.54148387949587,103.12074717575413,91.18639134014465,134.33073556088655,104.92260780901755,161.28809707883696,98.73562980328752,88.79902194767898,104.92079038011774,73.4595358935134,84.05534632893873,44.46393502864817,4.881501523699068,19.574390604791006,184.92098910003864,409.91866906182264,247.27524976902595,3.8148255144297707,137.3425494904554,67.48233464686282,107.36735171214272,70.38672522183921,68.65768604119958,0.17064802548489794,1.1533782837149076,27.584997220153063,25.798728137275305,0.45285016423576824,378.63814611883174,2545.131367571753,36.78948650504104,0.516966236239704,30.864951748605176,720.8420212354129,2.357837878675025
3092.7069747311198,23.941115907864976,123.12538121649321,92.98193928589845,140.55465011715341,89.57154953329467,114.4748920587424,129.6028724280464,45.925945778593515,185.89194065431138,89.51419452421867,127.41422513500542,79.5398661773493,13.520079323899804,30.197963167373246,221.0571457835099,384.64384348703743,295.1973050084978,3.8093618707573658,-228.5284278113681,19.327027099913074,84.36968226490362,83.84873502309793,27.896904714917177,0.050944907217451735,0.7700403148013815,9.26259608586068,10.089542682721792,0.865065549260372,-28.31858336632908,3081.863710512157,-19.865973353666618,1.3092747842537107,29.382476584544907,604.1919083841583,2.0394584577496135
3049.82067787132,35.88805663673364,90.26072772960417,84.40683947868601,115.34273469580306,117.81607681205176,99.04095573725438,100.64749871076229,47.99999681461877,84.71749581508928,94.66078535303153,111.20797192401703,44.815359590477314,6.895202935890277,14.909250553986247,156.1014148037151,279.44794872578996,234.7117937974696,-0.5870213503042581,56.40592519872388,61.42667584385788,110.8013821457847,31.760474860705457,38.58975788195269,0.14013634788918003,1.1524534690983,23.98949711143967,24.558020554898853,0.13171713062949747,51.57518810415996,3207.841604779328,14.086320019203733,0.3155624653490522,23.927965497403427,530.6514750274173,2.0819425204357995
8376.922931765112,76.99528369284651,87.05247391140028,99.4392599702658,116.10670656066198,148.13136119559326,90.16630950400219,94.8640159344662,48.96505751281459,165.17902444837512,89.32166280009818,115.70796218469857,43.21570342217683,9.791966124814365,14.949161885124818,146.32048746155223,381.23040315079675,203.9114638960245,1.4356017418541236,430.54435426931286,50.291590135997865,126.74559502350704,56.23340503070398,51.02835160093351,0.12885935542717172,1.3616327845378815,24.983160192962043,6.148998073723835,0.4891114385336621,455.28801923878405,2772.4071284755323,64.38369485561344,0.8103469213853729,38.57547673441923,512.8862975473162,2.618531185390395
1686.1291624862206,44.27440614700858,106.39600770213417,114.90995780581284,98.92193370227963,121.35233005181509,127.61838794652306,106.72873483577825,106.71624977043624,109.69417276266384,74.20113117112236,78.67490467845359,26.262464656296206,10.71505942702087,15.862293148834938,188.30233127889824,340.45719535936735,230.56876808431318,4.071921905296458,94.74284080249807,80.21847306385725,124.58454845149757,107.83841533845444,56.503508881231944,0.16381564399719808,0.9737168939575377,22.841524872852588,16.429048587673357,0.46736104681396407,29.552643162345788,3418.827380895716,36.91916454172373,1.0723622042367311,38.140756892668975,652.4071355319355,2.222790602625545
1537.8096747200075,53.7523374493959,84.02242997125035,87.25965769359036,73.16505504642663,57.271101418113716,104.42969237219046,96.53137172602689,67.56931474583344,79.76390843251257,86.1868615723915,80.53798748713507,50.600633607733066,7.798657843199845,2.3935691574771845,153.33693022510928,247.36996533783343,188.5102551958497,1.8205086632918026,144.37148835683865,90.67373708593237,89.33218994331564,67.13213777877765,61.77855528318667,0.21500840338432273,1.3541921758258615,16.962527917077814,-12.135236637609257,0.6037408273878567,30.383933542602364,3601.654321647192,18.622429109844752,0.7949129845871963,36.393368152037006,614.0096477022037,1.8753298096947981
6901.140962717977,65.30757772095019,106.79168036686102,97.0977557036958,146.6252877434532,205.6179546899913,120.48428855696646,119.4329489168838,82.00193100510812,127.5336241861624,96.88128663573882,147.4398435718923,53.924102396395384,11.74532714906207,26.962481446191,193.19525851125266,428.94318573297625,298.3432439689624,0.7187458360689591,392.6968949633407,67.04118843530895,92.53558754599754,58.655357092783234,48.47261281117774,0.09961961133171224,1.1492338468494474,25.047362095239347,8.59863939205133,0.22465674416716291,263.07241554922734,3646.439868060849,47.487868482466,0.7162104659792515,36.352140339750605,557.3238540828848,2.578774833937973
1494.1094926842275,6.321406519990276,96.2399379398292,104.4702585504536,108.23858404406546,118.44814008901992,108.4808812963197,105.77538818787532,94.30900060086158,141.5059972641619,90.08534263178322,126.7386141218344,38.694476126292486,14.34188559824046,10.36191988894287,205.2245542468735,248.2101421857082,201.18237144139653,2.3123481343311,20.068528722773493,68.2055439313833,79.17007859827524,74.54893826357647,33.43000616009444,0.13807857216956437,1.2091815503520673,15.763597142865724,21.772524272876975,0.6447547476440529,-36.763421906145936,3189.4410760810683,39.6299558223898,0.6752293925630501,42.695275683500924,539.2155422591776,2.148063550473477
3316.430397131311,49.31022846440156,113.30583141995125,57.280663001396526,152.10450363949587,127.98610833936615,129.83070453023944,105.63532508658255,91.53740923526894,191.46168584177116,87.48206924221026,136.46092829630987,26.803902013516126,10.961617271077257,26.75611119952449,163.5339897990356,320.63301858301884,184.6710805137551,2.5076344212502533,41.46542355157567,72.88171526488178,58.653990500346715,71.60696620005713,45.92730317108014,0.1517512173186194,0.8747517946935559,11.89445001443837,23.340028896138463,0.15229501595605893,210.20944358431717,2545.656361232437,17.976436605625963,0.46623616278240965,28.29099819587733,401.44179632806805,2.446103765270036
2428.124622493593,36.05138753072056,90.02595437757054,85.09074475461234,126.74202291438337,152.4781184407497,146.40747395944098,84.95417676012622,115.05890414019794,97.81029069398275,88.00057183468168,112.69615794866185,37.38434398410726,10.844457899232514,25.00936036350021,173.73470785564527,312.2028130874919,186.9047614247361,3.7937793564610196,-52.10819808209865,28.94311904342597,121.08445695441222,59.97649154813004,61.88564921554067,0.19809485171834765,1.0906831952074474,16.575612732401943,2.3033803918647493,0.8562222955403813,258.63837315221247,2749.3371332393203,38.61329624169096,0.8370443245914743,35.58858797059805,609.6270714034345,2.51209839270301
1923.2656289353831,18.978993176420182,93.24696846176428,85.66643327195118,85.89752060760091,108.88223624486427,116.986230517376,103.52888575323763,77.5892697557083,36.78634893167245,86.33855702775158,97.43829609828941,52.44423416595539,9.53622056966426,6.801974970409631,112.74962272932186,294.2358075425846,249.58802218960057,-0.2636120905598829,50.90799464466309,60.13518711696223,136.5950452417106,113.41395643931176,44.81952101913724,0.15061518417176384,1.0062254664955477,17.526306394897247,9.660445591271992,0.17680963320200205,252.80727038108506,3250.5170536619535,43.88904073684944,0.8518436063934998,24.69988443893883,597.665429378095,2.1998420713155067
1543.7928388579471,28.417017300446677,112.6629006389311,83.72595392233221,94.53237330480607,110.6589632791449,147.8298324177451,114.86623686023731,111.18970269411167,80.46534638674119,97.7835750759119,112.7670459754934,48.92029504131783,7.840826105891822,3.634471945991118,194.5412474468293,392.2001887846473,277.66120001981807,1.8697666047524661,83.85575934074124,63.771263017833384,151.87824464644754,77.06810054140425,71.18185702080376,0.18328371117112013,1.1131567989539155,22.23906757855847,11.221034535056393,0.5619100884986373,191.2001713790127,3032.9390651099566,22.760255283702698,0.9484512469325337,42.5949816495372,679.7228456370631,1.9803339257869423
7380.33216781482,55.953374943651525,104.93318903990713,98.82558213107272,125.24658153887594,146.82086464812917,102.18086614759653,111.23907646905649,60.96865111005583,176.44220506906606,94.38662111932538,117.84019490933561,37.111942451530915,8.130405769403696,13.463647339226714,107.58343465443568,304.63680312720635,215.44201922922983,1.0568783164199747,318.50594080078434,70.5851398408806,88.00822304885008,69.27951623548871,55.47032989172819,0.18107035708142205,1.0996473720451667,18.866319636542585,10.466577956536968,0.46509350645922093,254.44278375215006,3134.643327121441,46.51017372906636,0.44512521494183815,41.42574823393271,383.1765900882926,1.982073629229915
4331.242359002173,69.37000348751243,96.249504117729,98.86621382357168,114.32611469327847,35.26706123003456,120.49807377511395,91.69792862784311,48.5713901946529,104.38855281670489,80.06606823865278,104.76505730145828,74.18700412800925,8.92624175402831,12.752430328472924,201.08753273676749,391.8442106676344,211.9250007112207,4.483707725315756,-52.65063387921893,40.50955709137058,128.9026466243221,83.26655732217193,51.122905214854725,0.11933756194428657,1.0231454687471746,22.52526300540584,0.7336438724037091,0.8280065834566467,224.7110473175475,3035.2661728243943,33.655370579370626,0.8772975533084525,40.454656003229495,800.0825805771894,2.5303860840722345
1615.5843512638894,43.89374896619357,113.33529300572391,84.08268308090028,82.30562941979159,82.35774939798085,120.5027448830532,100.2543172856226,96.78748549051012,158.14849728036307,91.94230956134007,118.74031304325167,62.0908425575882,13.17403998512852,7.767795563697682,182.3697794816903,397.9515080842179,207.29318059279697,1.3313913247086162,77.8969879174107,44.15774339490068,110.3591143369656,116.72010009337377,68.66016537853837,0.17635914784447257,1.0636221623927231,3.376037815334616,3.2003947065420704,0.4956199983715858,405.5138282695833,1812.268724428594,32.30644916804685,0.9140780811065708,40.558899022662246,462.80623316877956,1.8755879274587683
3411.4231515513807,59.17864706204806,97.7061582922474,96.2034568428664,115.09230696349535,126.17946608732177,110.51170406226834,97.74001718152238,79.29403224064356,150.41481914920234,82.59228831737082,79.96831035617072,51.08200769072093,6.8697577602268876,11.253553853519602,166.13651332814786,309.5387240722722,197.19964264374673,2.4553353912691813,-7.204181600536373,35.08323515678485,123.32433444591331,61.98996264487901,60.178558791531216,0.1873477789602936,1.1456045471284675,24.83905844691054,13.923188418167664,0.5254675709388115,131.60081860425302,3788.253168725628,27.621507468618738,0.8571756883335001,38.21048369633684,694.5658959960731,2.6538921132400657
5680.121631426646,45.69976919993782,101.55023019108127,87.11914217643947,96.28398387182564,215.95914348655634,135.94705310413605,130.2492930350154,80.02617755330374,153.2794145903279,94.67931374425713,113.16800223847848,39.07169619762932,6.360227859392115,24.632916889341985,167.2592994570709,430.12006364555765,296.64181109703276,0.7118546662760568,245.28955274015183,68.41852108096946,81.40151703386817,71.59412304431093,61.7748943605442,0.13471122193965399,1.2686709758552857,13.720599414943539,3.252430792640987,0.8182043567394109,154.08881565004498,3326.090960998855,54.02392307036787,0.9370316795978602,37.12215238227721,663.228916241313,2.3757221408482563
1418.978330365739,40.432675979169716,95.93685455716913,89.13220316746205,136.44025340883786,110.44667897737162,128.40711281007475,92.61285725094322,122.76686471536902,111.2563305763377,98.86805362845652,150.24718026359122,51.61268073872603,17.07789425722018,15.775462783943683,191.39123791848465,254.05040869955673,157.27033799653432,4.0595393959625845,125.4874240344374,71.38314867813722,75.83854415434858,64.11042893518861,39.28839300521979,0.16232860342581654,0.8371792506099983,14.242902699082757,18.553347980732617,0.6120233793949427,104.58695484069258,2090.397182001278,33.0210778618115,0.37536855598853514,28.24288688718872,411.9322875385569,1.4993347756295723
6593.290558169012,57.38122183949176,99.29537176102937,83.99116604703431,100.39137128198806,157.66087585576756,114.19774564802638,109.30631218975786,83.58719181160579,181.3907134142243,88.076796366167,89.70318169931336,34.90687463544418,6.15886781138461,23.407506907892213,181.66216985456663,369.7035697476828,253.4268209501454,1.9384531096910178,-25.10936113019983,61.91226984473429,194.6489056394759,53.229862223627066,56.4601239717442,0.1475747352023852,1.5488962506439024,31.382023806613738,4.738821391680281,0.5694651106820715,-50.9516482052573,3551.130339456889,39.7157610719438,0.5697445264030856,30.889165321246406,533.2725811011717,2.519170893745959
7768.721303344914,56.43387031633772,118.11866248777211,72.43869376551304,152.16075792152938,190.29390044052508,147.7114808332927,122.58202597792504,101.28143104419131,150.7364593169676,78.67482879399897,143.1677814004971,35.511420446656956,8.147749632320068,24.319335330548128,121.43520339817742,401.0886116743136,266.503606462482,2.1752394918446876,87.5037143194116,80.5879815892956,95.24873868103224,109.68061859142232,73.65170261656702,0.1880789974734905,1.1150356830712815,15.082296379865085,4.7975254368497575,0.3830698200374346,41.54567967329683,3517.791690228645,87.2157043090622,0.7474111573089222,40.193142957803396,445.19344971651617,2.724054994758574
5998.317452401621,77.58833104061887,126.36278571183217,90.72485730115295,121.20594121092927,169.19722329832214,124.12213078164567,144.81502582793627,114.23627787295244,185.68349514194836,98.6019842390938,121.99659184684312,40.51827819135725,10.498953979502502,12.764435071757147,188.1500008296842,402.27767397036837,269.00833190467,3.032098270076678,377.05734134420135,73.30953892993693,129.67708854566084,97.21689219360009,73.64491466633362,0.18867326493548497,1.3079029980245371,25.24704391778848,9.704441909654207,0.8123487830127915,23.227448598821695,3186.933239258729,49.842780210849014,0.18325377749140104,36.149382442002235,421.9853669228477,1.3885094265626563
5565.512461758032,67.39249176393486,111.64567397350243,64.55624133753834,77.50978168959068,103.41012823150228,78.66821825948651,108.79340993240996,13.466732969858029,226.89437848921403,90.8965724299801,118.29820319417485,24.893736324449808,8.24919352907228,25.36771315625833,184.32690710282796,426.476105813859,172.1133177769761,2.3464611191654026,-181.98935860506663,76.84047465512418,175.76168707759552,67.55832925106104,72.25304705363519,0.17028643167985666,1.2985273170348637,12.139856906909323,16.447157343468405,0.5017069277809834,-169.81512256321483,2118.1756712538354,38.39200106573954,0.7774117457393734,37.05233034054908,419.1630072261446,2.7305629707585286
8086.787889306388,66.04921299626051,106.93609500274134,91.7178511159279,188.99691799347187,132.90469078461206,163.3124170091141,103.52625029157629,100.91061999398447,115.09809597223733,75.40452461286301,130.63605538612876,62.173093579221884,9.642617216328022,35.978034819174425,177.45569031035663,365.1677958459521,317.75292006354107,4.377000105381352,6.171626768690231,46.956906271725586,99.37086610059394,41.730800464095296,60.86127013389954,0.15861990718151567,1.3471978606813821,21.312649328406916,-9.960440835537291,0.7618892109538156,63.3871556091716,3011.7486852306342,22.926894872989138,0.9493199546126095,30.397513242210252,384.67472645123087,1.8842171160441012
-99.17966979262746,-18.863053822942263,105.9058104587491,107.76526987603609,141.5427887750555,165.42591221339558,65.12889075358525,126.34042606757366,35.61553400246892,233.33287428021265,86.24227008002791,138.8002359958629,47.40723010486715,8.26396077636271,11.050717276877908,172.7645541078966,297.22513571987054,196.19440311101425,-2.892367306354448,-513.9783606882115,26.677563229688474,44.589942488048436,51.03019064093514,44.90764695649244,0.13881811839080224,1.162775471914558,-5.809696742450541,34.01631566428186,0.32359689286826965,-721.8939257635824,3569.727949276153,47.27998155778305,0.795704091823241,28.623654330679383,428.4987889339958,2.5335942219283676
4885.139310210064,32.53992464780001,102.94792995845911,70.99216842692053,105.99844569633771,130.33796340071527,106.6733549355193,109.61156547273703,84.81574526661747,184.83694387457717,95.58258071651672,121.79981092484734,54.44498087896212,11.815268676523788,16.855897777655958,156.68346592231683,284.80842708353816,209.68688136013904,1.5050971820029042,-1.3369389685553301,51.79394815765142,119.56194124916173,90.79712118495024,40.381033783045005,0.1436263442787187,1.2411791100153566,18.12516438229084,-0.33829787820777213,0.5590585758874219,175.4693006396443,3621.868740389112,36.98061425630828,0.4955236053066281,37.38199104048629,494.8365779780903,2.5379954518676153
4387.41380044674,72.75060065148463,108.73782769451864,81.27178166076028,114.91038246924407,112.65328416461946,121.21690869422439,125.09250537637742,41.55622825599806,166.5012247846257,93.27570210365253,95.36856217940073,57.64305470824664,10.00514921081359,24.598215563615906,161.9221181442334,327.94804977729706,221.10320284495504,2.972651514652441,55.74812394343516,84.29978036702008,64.58044802036328,102.20375531124182,32.57225722466338,0.09954690597446766,0.7967458571507683,19.1696625889782,13.356992410093989,0.43372822152040297,349.851289057763,4022.6573075251004,5.697398767131361,0.7253130654418191,30.779427098957918,818.6010501117764,3.056933871488635
5695.950305160528,35.3494706120009,100.3645127856682,78.55440613029666,144.14343434341845,193.31081917831887,122.60344954711753,113.99392447436753,150.42136199557876,154.03556779048236,91.36997158003786,140.30564626387476,30.561468880689496,14.183451306468228,20.30999357532591,211.20618138902327,299.9808442663011,248.0275513457057,5.51594563328943,462.18595430661463,58.807078824493594,120.43524230496865,50.71752262733384,32.244954506152396,0.11505396124669329,1.1616213612933288,38.0584925638869,7.942767287574603,0.8182763687124379,2.055793486691698,3912.5925235096997,45.89609966062355,0.7052159879020996,38.411256045178206,481.5508698952622,1.8393581267360302
4137.62731944452,66.32900616069004,116.47007154746635,80.2860339646884,130.5843451322423,104.6748911129726,103.40793506458651,107.21990559618743,48.341941352627515,169.20271994479072,82.87399359005126,119.24060655994751,52.93885002230513,7.4955960537060555,25.335151722506943,174.99945886497073,428.8423284046788,228.14328833158203,1.368020790675834,-66.14018492895747,27.17471141686014,105.99652079424426,76.73803358139644,72.89727595164996,0.17098435906353016,1.0584955871241835,9.259624231005056,0.7848713297978058,0.45318414080610747,33.15150822047215,2680.445057022869,22.844337662862518,0.5870150711785648,32.74321467135291,435.51539363531066,2.1355340013035766
781.7591215295142,19.61517955825957,91.64360884078445,75.66857695426033,67.25707008685842,181.65156316481185,120.74119744111208,87.99471353984161,122.02982725260586,107.98155611710217,89.06236732316145,99.36372152830198,27.23613828389177,10.069913384123938,24.320799669761364,213.71591781289513,315.64375675684204,212.4516228454131,2.3696080185610953,38.46219779484227,46.73535505979518,129.24123823607758,58.40158887536142,59.13827117068162,0.18810526504721256,1.191146544099151,21.041036998899088,7.019207783813766,0.6020538575254598,44.49567866174593,3447.8358481134032,31.727228213147548,0.8485410862356374,44.916498928680106,636.7447776657186,2.47775148552299
1782.0723800799706,34.660060479717934,100.98346636182613,101.57500758442421,102.66624561344102,198.61266295241222,107.61690190932097,91.83324667601298,96.12079157358741,150.96573532313406,76.32313063843057,108.32924513623387,40.18894624028366,11.594765190921626,30.43203709789787,206.72111893754783,371.25644248815433,237.13161203232627,-0.37232703669726064,66.01068226726126,43.03714875985817,52.71600105855602,82.37789660727262,55.77869343014705,0.14884655135849495,1.1372681378215204,8.837623262217768,10.369664286726529,0.04077801611667148,148.42152161849327,3584.166348783634,41.8351764884675,0.9618181206215715,44.57772503809187,557.4048872370918,2.937185282287278
4906.364582136643,48.214385998885994,113.7431913948438,86.11656887213513,129.0426905925707,91.4389194605432,99.31205128364894,107.34564373265216,45.177872137531814,144.9569990476232,81.50870327495413,120.18063919037102,33.16591928288458,7.981639274225999,20.321062728694585,169.3012198154695,385.59215946067314,232.05394034629356,2.636608287188028,191.85752562663515,47.97912018174982,94.01060648306388,83.34310287666274,55.27910771553525,0.1406828474175821,0.9426192310450122,20.168791645087403,0.8545888004326834,0.4376898989624727,197.014157467549,3542.3470186687405,23.5464108869787,0.7064413305333492,47.40373282637409,545.3994580930464,2.4325832119372937
5676.720035271428,68.85932277673344,100.85080767214475,94.55094575236333,118.20648655956272,113.23534957700572,136.18157412404855,88.96518329060926,99.72301200058116,81.39308583927046,74.8429758264514,116.80634959513844,58.67428803030312,4.9981026916697635,17.41068782379326,156.15823823314457,434.604978537468,281.31068038379965,1.7813260412736511,347.26627986314156,49.190699921455334,84.77838959398106,70.55491166095347,67.43516961308391,0.15588668478606071,0.9282354938567468,18.249298427988137,3.0860759731946867,0.4609423220127197,187.17626883857713,2140.5894439108524,55.37756054512286,0.4674168452046748,34.45614757672194,432.98669000436666,1.041982120367778
4612.719324222991,16.481959980249073,92.5685928378053,95.06832584955622,143.42424596343548,138.56042714991585,120.77917845158686,112.95309502231561,53.8913315907875,117.19832822837361,96.45900387089605,122.8826174696124,40.291512365697216,14.715524561278054,31.359991912456586,151.58529619149655,178.16761917877037,236.20482281243525,2.8065443793271974,-62.82864924952577,70.21038997855675,71.53624815090991,49.95865288550572,24.378654667368412,0.14089379049923653,1.2578876793501246,15.879155069984371,7.949959327074696,0.7561976475998042,122.36789902733523,3546.6718994617904,1.3886918156530044,0.8234129839575,30.27297488875903,477.9887845727364,2.4498668518055178
7716.305901681813,71.70346264151843,106.7523763102785,115.8542741582743,176.3293624085933,133.27286224526188,141.4604176298389,101.6935800493105,81.36747133609389,63.50185201340042,82.17487644735746,125.10056919515834,31.860289260936447,12.169171856701158,34.946943799347075,192.3579857159811,410.01908576577114,303.39567213130726,5.044536976456902,304.09143163026624,48.57945670467415,160.41181011150556,47.404570987276074,63.41164737330158,0.15104547992947628,1.2739735713309919,32.486786668616105,-4.918328318734577,0.6776231416422849,306.8610474992996,2807.683169760679,22.66637254439334,0.9577756629301123,35.544962414400764,428.38247352683504,2.0086917897029672
4984.275877605851,77.04273067979636,85.26966543762025,36.96706854325273,43.42213422496823,59.040925819282876,154.9341002011813,99.4234259691554,47.03551121868746,102.54226803716921,93.31086159807518,77.69513475076789,43.270313450634674,-2.4225620898474745,7.713954613738581,91.4492323150331,393.88036198880206,191.34537813441491,3.7333250455079487,215.86766272507631,103.19366028148505,92.6224561050881,69.83072702626167,69.51101280121974,0.1805126872765483,0.7612423449883651,14.083975798776763,-2.067624232116273,1.0411738822264924,422.29252335790716,2092.538651033586,32.82224976379137,0.8893233834231115,32.86562009172953,863.0726197725377,1.9431287452588024
5559.344772033365,32.169247287551826,109.83590675683573,95.32719748216844,84.72071107390386,143.07682506383205,122.16420360658871,95.85844747943415,90.54931443117287,153.0843100133972,83.80302651261725,90.05754224797559,47.82815700532288,8.084388442876033,23.577167598195274,154.00268059536177,322.13526769978307,284.6065089473957,1.491739721511607,49.9927524377396,40.759871951280374,130.18701098612274,73.50745344921731,56.38973124828494,0.17543900884162172,1.1401746290566508,18.67725027332491,17.40260356536024,0.48336171347958,213.43324185522064,2543.2735349491804,19.439706968009443,0.7774874539639614,42.78611470537364,373.3876958698975,1.5969600431217097
3008.472287757896,36.53407046214147,105.63392264509368,84.9569412770972,85.55029494164873,122.47356832627605,161.38715372258378,96.81487787915745,109.49466133471425,91.48639716110213,72.93796946914509,97.34751761934089,55.12855584522252,6.532712759585253,28.8692320987009,245.75866020820897,356.46866387288645,322.7406867865901,1.7904404277917187,-210.86483502151793,72.60609715272773,92.17293870636804,70.89558220704834,59.082832282927974,0.1617820631879229,1.4520130953723582,20.15120031870249,16.132837832874248,0.46617755838318414,-61.71404296965636,3319.0711378634287,26.620515199129514,0.43694586040841304,46.497542018298276,649.8665291477646,2.205184896664095
1912.712329687913,27.396783898638997,81.45128399412233,104.14116990842398,97.91308597306626,124.56425431897479,88.63612494662605,89.04027694415268,121.60056652242706,157.42536517589582,103.29524797343973,122.43694174286446,48.41196235114719,19.532681872920925,-0.6323596007574341,175.65919042757847,231.08731829781314,131.1764412124956,2.4570382915385633,296.4829674285155,64.69745715861376,146.63314822435368,70.32155189397808,29.32542813989751,0.1368415780396571,1.2194224742540691,21.53662159329354,9.79453321301962,0.4758426073637962,301.8754834175753,2642.6221223607345,44.8541886636756,1.0502183247501977,30.93489647627034,446.62687178523277,2.12993634809752
3916.866195758756,77.5551387926905,120.18214982829465,78.83738918765438,186.4503233137943,145.66327597204332,130.23495223539334,123.50756202660702,118.581149097994,90.51262924991849,80.03277234743902,142.66561886205278,46.62123403039167,10.884901149418697,14.908591514156285,201.78209539470166,384.20530136479937,279.0394630874209,2.8757456105947155,433.6718328998477,47.23898155983237,67.79905502777909,69.91217838550162,70.42235404156136,0.185755022090134,1.1586127431735216,27.643158127498115,9.480363181101904,0.26689324438043704,88.0229011667922,3737.456932517305,33.6590492137415,0.4434416607004738,33.18223623140973,456.0946925626,1.771699617808433
2786.6137374873542,35.189737660821194,109.75296656659539,107.92099585266553,92.63591234205785,209.1853833114294,138.36763939014102,112.49432775538531,147.66215942214512,213.96306618933005,88.75728759862886,92.48882354830326,35.41737628159872,7.607786868684862,16.70011846609195,177.82532006345835,391.2388325210384,267.0070306367639,0.6383688266735936,244.65922313831658,63.39678599310538,77.4986344126657,65.12106634518246,70.35771256716849,0.18258091555728304,1.1522538320348117,8.778634331170437,10.980740329926498,0.5678548314530631,53.8914847028706,2508.3746867984632,35.86257728564063,1.0208409752409144,37.220839833267554,401.6843115852513,1.3303650086845433
10165.186325337298,144.09408487987923,114.51832302420117,114.96066295575258,227.18802740854156,38.175203881609136,107.3682907142531,113.76143807459697,22.18394733126013,219.17010356031227,77.98895225771129,138.1167959895208,56.65743724571478,11.349844276721303,17.244075149040967,187.3373249567935,431.8875855388077,173.54156128006534,5.71712509885481,282.93751079729384,77.44664155590166,82.90430341289203,65.60878893831116,63.65084197425042,0.135131010766077,1.3026111948752395,27.32926748445053,-9.908435856410932,0.5313474705752336,312.3944690139849,3583.354242859372,39.949565938179354,0.6085620125276777,40.33489407814442,556.1622194531335,3.1181238590983495
1920.8521660531178,24.60475244538369,96.40715161974953,83.89892708528266,109.79379848930324,75.24385280131166,135.34884368737335,93.30069895262665,96.52100416354197,175.2735020700025,88.83434467096511,106.65350933768411,56.85801832984156,9.784737988426437,21.981558514895337,200.07744828902727,330.16611038412213,209.32553041319204,2.665666877850381,-160.69892792311555,21.713973842717536,95.05784849534777,69.66030476831898,39.995284472607835,0.12165855177567902,1.149898852658669,8.506796085133974,-2.587859566116471,0.9956325889094568,223.33991486086546,2119.8661603487203,8.850674354645008,0.46314099790744867,29.07796111658203,529.1062377231963,1.7191488340141299
554.4500731207145,-14.503919861913573,103.57442336869396,112.00958156094177,172.67988433733532,99.2907227591522,134.03644933245653,97.0505840938792,109.5267527995674,161.67842388808978,89.50652060414241,130.59208930895954,28.429154186690525,13.152436713167463,5.03693907665885,196.84310762148135,281.75752451011306,191.4586536892843,1.5812408408351153,-146.3626759303731,5.020096004198855,107.22956516264006,57.6640047454033,52.192689593347545,0.17759961804453073,1.413159902920765,12.093114967164528,10.674105996315735,0.6902705465610288,364.6139573304778,2885.6161643052537,20.774991728389104,0.9967389082776863,47.19800093765352,517.2663311907037,2.786657370566177
692.4890152713897,37.25698615421701,93.09908925118606,83.27644669956467,79.32392773087523,156.99662215783272,110.31400249097966,101.81509601872328,124.98194722716386,84.51490186843003,82.13039905708888,82.77015689101715,27.918844621618984,10.43801548141668,5.228210412209487,172.1156440657593,246.46074277724475,206.1287933508362,2.7312519859370883,253.28357794098605,59.408807728909295,120.59666504546696,72.94924756513171,62.0645264771474,0.22594788793669296,1.2363800873665896,25.75864156427561,25.150387848127203,0.5010255224669503,-6.164960587387384,3298.496129194116,39.38962603470515,0.8675168787775637,34.444847877297384,548.9108272659822,1.7395974723395555
1807.5569948496582,25.518288069001688,94.09173240726525,84.96367144052732,144.3301095954698,96.94947523580568,107.14275897094265,99.0457616683969,87.17979012816876,126.74094035326512,92.30633221613662,144.68581000987228,39.33537230937447,12.83517468731014,15.917873925134556,153.14140901268814,290.17469506750876,182.3766648855753,1.3478978658689413,35.047249646599624,69.08986489046727,87.72647915420309,51.42695430841845,49.457756356969,0.16512418562179015,1.121224676003792,6.26369207975875,-6.005660802388707,0.4475339760891696,-111.89975456139862,2354.166160858076,26.912577830815493,0.7044869893701636,20.588519065629647,260.3061935532102,1.5488275346524845
8250.320180221383,120.28823374497073,113.60893177889142,115.2718536726277,139.3824402131671,148.30318585151025,108.20822451173676,125.52381302865997,48.26193229975458,160.17560379939118,85.88224939199313,102.42074306321953,55.436726724655266,11.956768261679287,21.386126508076426,164.84588980416302,374.7315975926848,248.45911188875425,3.639537757810701,348.5269156237597,91.26888106133657,99.24132464100109,78.77531141759985,67.90262450751804,0.1773553005475359,1.2298900255728136,24.96998497290495,18.555053944770275,0.4261553369738602,178.75299058995256,3251.236970282451,37.88897459291676,0.8762556005826283,34.05688305770239,511.58343684388814,2.2723524781108613
7978.44214798182,94.79704170732083,100.26930545732827,72.13724408107413,129.29360200433592,206.32114630852215,130.0771116108921,102.2545655637275,96.63496204240536,166.86887432126525,88.35937879788791,104.69383677490258,48.78737292199226,8.978640743818364,26.7700205667784,133.08012009281362,288.34647688440793,232.1348016668519,3.217978088556701,389.52303817005725,72.06622379437769,67.3008146043227,39.58894056975363,52.73010069425711,0.18487360823508586,1.0051957902870665,26.4564439193536,36.451509647156755,0.3317668038512137,330.5186063725507,2723.949195386366,32.24855931070255,0.6697070141893287,29.4989709538347,446.94520819348736,1.9860916746196509
777.374979019492,18.416080612431188,102.91913782812908,86.51745496924114,95.89637733925122,135.82879216725112,116.37997246830535,109.34071846971214,124.13823637017984,113.85815933246826,82.85657200638785,111.24935695229068,40.458825260221005,11.701548154460045,15.348168901375654,193.31128595432722,299.262013906338,257.6549827218889,2.3926365852814415,233.05996552120206,44.976642279939114,72.70620427589844,75.23012237605745,48.14968288279495,0.16029296814555752,1.0646778622220514,13.1671824395982,16.861308120614584,0.7107630031848436,-95.4636731095126,2333.243502119675,23.648120177916205,0.6580591776779946,28.16771834841419,355.55669045103457,0.6924412077838804
7278.649456218126,77.87337223477272,106.64776797270838,78.61753773893761,114.12275149865877,144.9272415239602,108.9597151223118,109.35340082806216,70.2495506278922,160.58473537041925,78.53540257714032,116.5843929611725,55.073825322634534,7.848182521177922,18.522528139982814,120.89149583612019,366.14887948890475,238.01112071702363,2.0077855207470963,309.497494254912,65.43450589197697,65.22073686002456,93.75664963837315,60.69646666086755,0.16602164440822376,0.9736899519380721,14.596158790777405,10.698639031557356,0.4314296874457418,133.43773074210335,2825.2361791687717,61.432599231219044,0.6476138816544912,34.63692905150087,411.64581316437085,1.779062527323332
8961.375820186517,90.44012731716913,99.9445070960526,75.96599751387497,140.62024237350653,135.11387358302275,110.11193030400466,108.72688483612227,88.68566244270392,202.80508273379925,88.58498124341739,99.85751654479719,48.87907003672177,8.158871435896563,-0.5130565327396273,111.55672142498511,349.1365789997721,183.55173928300127,4.434453955989603,431.3986843611333,34.06643823144508,170.07521865088927,70.84128318650797,58.055488555951754,0.1662642155624123,1.1856351272961867,36.08611252249264,16.39483694059306,0.6986681188037538,509.6448688394129,3067.2156231706153,60.41669464207026,1.0476922052709918,33.444752385911826,580.0736990168041,2.51638368242173
4547.544273792675,-5.715134630763245,88.48707345062276,84.40785753010968,145.3803158133991,113.63173388433138,145.0940721620467,90.94089057917698,125.94597026709232,-26.235090078853233,65.43046797238024,124.79188325935127,31.170073672307343,13.415027079339634,17.412800706245445,81.49224055289714,109.35924616990079,267.3297500994011,4.073047246119479,241.39734946076643,76.17733559262018,59.26602073412812,109.99950603778947,24.11691357861434,0.1798721998143249,0.9133925172409905,25.18151227521342,10.034355998313927,0.44073066994697374,117.24763436519751,3653.499922179628,58.590575270497325,0.6061228188945729,33.6735156991626,336.8052458634497,1.391814678087155
6297.340160204725,56.5734718689391,114.2231074464679,115.65164597168297,151.61142005818039,178.9908173379553,94.31254425711947,130.1275807818096,56.05682163868103,210.99631918683667,98.77929338956869,98.15413191416818,31.975064059751137,14.551007983409106,26.356713279336375,166.4868974800536,218.27996924340974,225.61870066042906,2.0042354558398197,162.22616934047957,59.350455182812155,94.58070104595106,72.90855150053633,35.589493885664695,0.16019998724795292,1.3633603707082995,28.683131951691962,20.08441087801568,0.40439565089809665,328.1535512065207,4623.00875323316,2.2915807992730706,0.40707598672710776,41.207694891864335,510.4831984796625,3.020337320864251
5349.923630680067,99.61126296221923,100.10350736255425,103.92774921386454,159.8804663264403,120.07771246385245,142.6047135613271,112.30317038700876,103.61546020587033,79.95331032779589,96.4133196473639,146.93562077167212,54.907409701138654,14.108820746141681,11.1524492293266,220.81800837421025,473.08255334520084,246.83645965033614,4.844331366554326,540.1355137823753,95.13181183056147,136.0957728795981,52.778942130573796,56.33935212553021,0.10109126757024553,1.0362157928910036,31.537804145267835,11.700895923354503,0.47860232164635186,324.07375497939074,2335.6817182800405,47.852534050879534,1.096900698096295,25.162537943271182,648.6147392052432,2.0273870083184113
6907.493737385896,91.91311705169382,105.41552254691152,130.98400834154808,138.00337123012793,138.942489856924,117.78948431333131,99.31532526601991,115.76943417734735,230.12538561839148,87.8349696205415,95.98991168959446,47.83349328051162,12.487729971110063,11.288253463219128,191.3944685822638,384.8974952542454,222.68295756676613,1.7410270380767785,567.4687842329803,53.2754450320676,99.35563818709481,76.12063868934399,45.26717196599911,0.11685875004430343,1.312864345571872,27.532965938475925,19.36511507197322,0.2832063950816459,699.4629463294535,2347.205763103605,40.091082802243015,0.3546673370184667,36.808308457643875,426.4366419265668,1.8769866010200515
5965.659818717815,98.57219292601256,92.92652862041164,102.53062855399214,182.39849776481907,161.5293428785786,129.96251383405692,97.47653985247345,124.6920300476547,112.6359771544953,71.3313072102428,114.44526351393125,45.1702208977345,14.360795501359366,12.80908645856453,199.2079220514886,314.0097546744778,222.50346067271911,6.43535385368191,768.2571336879273,47.79829170048748,31.81459699439469,42.73841620102038,53.49227587318329,0.16571748580149526,1.1767018465587804,34.37286563363225,15.789606197029567,0.603683894761442,497.5002954313618,3532.3902683048327,38.86913261059244,1.4014387562622324,42.46919031386755,624.3434292175177,2.25085322233587
3655.1069708168825,17.69807304501854,111.42350783072587,79.29395685295975,100.91975260736623,156.48676302398576,125.13162253608107,121.18404601638711,104.9010636496316,181.92682528770496,110.48592218963152,135.53802484397454,49.380769552152046,11.1268132520975,8.8777596992736,170.1679021618213,318.7646403585892,238.34599008694363,0.9270315579545292,57.75405584563924,74.06668022909706,127.49427225059023,66.0753328004791,47.395819811721346,0.15093103865443952,1.093144014183147,17.248813969979764,21.714192979128235,0.5242161536869292,111.83634359237512,2878.291914382707,29.953112633121123,0.6709008977301288,38.20715522685002,485.0257883960618,2.0097326299481115
10974.312937911254,42.04314152901799,105.81542147166458,77.71156961919834,159.76967762420804,138.41905823219813,155.14157213407168,114.42727257366427,83.50813704736909,128.85204169881277,95.02128432288113,137.12649361049867,48.14851830289208,9.787045208411318,16.775867835096484,112.55275068224248,239.24181319674648,285.60246234930094,3.798371499915096,-8.862582753939478,94.55443639767488,167.25815780041205,49.97040944503267,47.469008396543884,0.18176972121839052,1.4800388712223547,34.819361531156176,16.721088647886326,0.6079953969786352,196.47536484473125,3567.8381901665225,46.73676239003857,0.8246133081251679,42.490585045681364,432.12217579798124,2.665899983988157
13404.597025622545,116.23054925806278,72.76524529997461,99.35498793863795,81.35347625487896,173.28419717475526,194.26507956661106,79.04366417195718,124.37034819561524,-10.186094499322763,104.52115046020013,65.04975706370811,71.1797213325437,14.942589573309247,62.70153309002137,31.86298432009204,79.3254702376887,255.05508325335774,8.567962472957593,332.9803724917161,216.90035877742127,140.36135711312374,114.26448294730773,0.7551598558479498,0.1346021864370394,0.40187566535366226,49.3764545618171,-41.30193080443189,0.513369016089894,594.6288036120009,5380.995826215256,20.558852790210416,0.13394309513485503,23.8005880778682,677.3116861801616,2.373917604921428
2092.640075466833,43.02846973400598,111.92516563088586,66.5432162243745,185.60369438306617,141.9997947999294,117.83207173964584,126.19430483430455,95.25892284172981,167.12304136155768,89.12553453901548,163.24714173918645,11.072191257921936,14.3960008919837,16.568299843967846,206.67297261232733,374.2927718486643,183.2188848595245,3.2549249617783342,279.0360247030361,40.70106973913059,62.49577627491847,68.113256242447,61.409232707793656,0.1653703325380737,1.2950674347468472,12.561461230597985,9.98823955229534,0.6526905134844581,172.01272221346522,2739.5128417096194,39.596762407922384,0.6995938535208696,31.936028371617383,434.922270846844,2.498192344595029
2019.880887911751,51.79115861039792,96.73168127733321,116.43157348730263,127.6117658442077,142.56228917500454,122.96456307282462,106.88346453655669,85.5396659883876,46.62173128577025,94.65732071765109,102.08691044076626,49.91124286403082,8.455724243632858,17.366360526572308,205.57842614959463,358.1242218979262,267.76368051070267,2.642732568313752,202.79767002279675,45.03963248035171,123.20302458549389,30.132242915714393,63.77078568220001,0.17342359674192687,1.0676164860638595,27.739192401845607,3.1340596620521177,0.703542212700704,16.938458312123174,3654.6790178456226,7.6644393314286035,0.8718341142896231,34.05353547817735,687.8097945114641,1.7755929539258597
4228.760097239423,21.085624160044446,116.9081261507583,94.13408404484844,120.29820496502377,141.93993445468226,131.7753861721941,100.29035031888394,116.69982645983652,181.06045129408616,96.24492505672892,110.24140608863448,73.02884046630656,13.75454620784604,24.25027823294574,168.7852449246736,223.10679945522847,257.03967273998575,1.6506471386507326,-200.68711025760018,31.52044740959932,113.38678111244117,79.8776901990318,42.55931397280843,0.18190748934119635,1.1076291502327535,16.9276567998675,13.52856178050586,0.4488947529552274,233.4221695043495,3351.242875754351,-1.1557600083136563,0.5067711869342416,42.08878876820709,373.147581114428,2.0018187044696507
3816.325481174604,56.776534346785425,105.80455350522732,83.89548901509085,95.5364284563699,112.09346380599494,116.35555864051071,106.4015799483972,88.88687199691005,66.30883861880282,90.98202006183269,113.47219644373334,47.22623922922069,10.37863949695029,9.482371453381207,157.8707524680165,369.07023685732753,262.78172958369146,2.794468299055098,439.65173302816333,61.36618886205423,128.495765345985,74.61748205176488,66.89354487051439,0.1832265016492227,0.9896736674471798,22.15895051842044,9.02908362383606,0.516330949506064,258.45501271143223,2340.7184008380145,25.359996513678865,1.0014579049910954,34.65415735935532,448.6175902591322,1.2012974635795644
2648.9023206274533,6.582241625605889,107.59274651938115,105.10865164378257,140.8965406354516,54.99912068096393,125.11829338860367,96.07556312403642,95.58568632496457,155.2878393925356,93.80874778094868,146.10190358079052,51.90075686689914,12.17888571987056,11.279656467811943,191.90380040645283,348.20536442275954,243.01168206580164,2.027546029055785,51.5440957012992,82.96017519991759,93.29926085845068,49.8906764683057,41.76312727163855,0.11177211636299879,0.9810993070615364,11.266498913170722,-13.399386215428233,0.3714363171240612,60.17533246086434,2868.098956780304,1.5340753257250057,1.2515744997997302,43.624860842718626,391.8231523235566,1.795360558161673
-1180.4176039884278,10.273832513098348,88.06470482609828,86.48657991743393,44.32222985783899,102.55872997277768,109.32070072072827,87.8782543553566,164.8383445533259,122.17624409182694,94.56609664051899,105.67923450669373,57.22862814910074,17.195287073203485,12.247494661959921,233.82130614500508,239.74667621728838,230.8328464220065,2.746461002357386,385.1906875709319,89.96219129993185,77.70932745636382,66.89139130677265,23.49960773287137,0.11491216186437904,1.0546547719621586,15.870799623063931,-6.078770225143042,0.5310911905723822,-13.84869463415643,2532.5509670446663,-4.048934766130202,0.8752140774000764,30.36050793907603,349.5466757797386,0.40915750409597007
1887.4355594938138,78.6465395817315,99.003791868802,99.79061618852367,137.63298269044114,84.1161813307594,126.66047688409134,101.32646754537177,94.14062322909915,130.01736020066198,93.28274204403283,126.69915266628263,61.54179036851656,10.679195135398366,4.6680198472052865,217.85406986222895,405.3236929114266,175.2284650387838,3.4050494989673794,217.24939893069336,52.83588703488611,83.10603264860862,58.237910645249876,70.61067348423539,0.1738955422744229,1.1053711446944439,16.016867269480443,-1.1780908651337239,0.7688694671190452,219.93847941213826,2733.4001248577115,35.32278607186757,0.7433391438794065,38.069776813634085,688.5346289104853,2.112652059097692
11856.092685403648,72.03493651935972,108.98352656525596,128.07683435104482,194.04121094181266,165.4449322417977,123.59196149025242,108.39537987252642,93.50617640442383,242.86020365224863,100.71662312143488,105.57819390093891,53.42767857592106,12.092432783352116,23.226972603457952,104.87624501262187,250.85884892472745,230.59269409058197,4.431608702708397,101.93614594764658,51.78690230430658,198.85630237112713,38.82734026485001,31.047222263903034,0.13383297612605108,1.1143183428708419,40.49932311282241,18.112006374701952,0.5702811924496178,330.9829325223167,3361.1492846114215,22.729832122978472,0.6363355164861441,26.670423124116645,310.68557919818244,2.223634702761116
1787.8685494110473,39.34913087149212,103.3891865945689,87.23742175239668,87.34773947278293,122.24197093309108,98.68000432583807,97.28931119893063,108.35325676747888,186.35592156109732,86.24434070466435,84.77805375792144,46.828569058561584,6.939637006796994,16.18639277213435,159.97081284982784,331.415999998851,213.730123890282,0.0884670986811309,64.39380699909616,56.50120617488717,113.38356501298236,76.80138464589584,51.00427493597712,0.1541810879269,0.9909652219369017,15.710519450934026,-5.433436152316052,0.18574458540373495,-43.85227624280856,3404.576486754056,14.40471601421542,0.4741455371966148,27.52407965058127,410.53244640889113,1.606572344659471
